subject_id,timestamp,in_use
pilot2,1740366055690,False
pilot2,1740366106357,False
pilot2,1740366164703,False
pilot2,1740366215487,False
pilot2,1740366276048,False
pilot2,1740366326824,False
pilot2,1740366387226,False
pilot2,1740366437981,False
pilot2,1740366498498,False
pilot2,1740366549265,False
pilot2,1740366609775,False
pilot2,1740366660580,False
pilot2,1740366721125,False
pilot2,1740366772140,False
pilot2,1740366830571,False
pilot2,1740366881585,False
pilot2,1740366942447,False
pilot2,1740366993428,False
pilot2,1740367054317,False
pilot2,1740367105188,False
pilot2,1740367166122,False
pilot2,1740367217124,False
pilot2,1740367277835,False
pilot2,1740367328693,False
pilot2,1740367389259,False
pilot2,1740367440484,False
pilot2,1740367498042,False
pilot2,1740367549276,False
pilot2,1740367610012,False
pilot2,1740367661101,False
pilot2,1740367721879,False
pilot2,1740367772688,False
pilot2,1740367833467,False
pilot2,1740367884380,False
pilot2,1740367945079,False
pilot2,1740367996087,False
pilot2,1740368056696,False
pilot2,1740368107610,False
pilot2,1740368165188,False
pilot2,1740368216196,False
pilot2,1740368276675,False
pilot2,1740368327841,False
pilot2,1740368388593,False
pilot2,1740368439482,False
pilot2,1740368500281,False
pilot2,1740368551232,False
pilot2,1740368611903,False
pilot2,1740368662894,False
pilot2,1740368723665,False
pilot2,1740368774456,False
pilot2,1740368832120,False
pilot2,1740368882891,False
pilot2,1740368943706,False
pilot2,1740368994744,False
pilot2,1740369055510,False
pilot2,1740369106538,False
pilot2,1740369167243,False
pilot2,1740369218060,False
pilot2,1740369278893,False
pilot2,1740369329882,False
pilot2,1740369390666,False
pilot2,1740369441552,False
pilot2,1740369499659,False
pilot2,1740369550618,False
pilot2,1740412818192,False
pilot2,1740412875715,False
pilot2,1740412926543,False
pilot2,1740412987246,False
pilot2,1740413037938,True
pilot2,1740413098694,False
pilot2,1740413149559,False
pilot2,1740413210280,False
pilot2,1740413260951,False
pilot2,1740413321675,False
pilot2,1740413372596,False
pilot2,1740413433203,False
pilot2,1740413484096,False
pilot2,1740413542164,False
pilot2,1740413592971,False
pilot2,1740413653655,False
pilot2,1740413704423,False
pilot2,1740413765095,False
pilot2,1740413815721,False
pilot2,1740413876457,False
pilot2,1740413927375,False
pilot2,1740413988065,False
pilot2,1740414039002,False
pilot2,1740414099609,False
pilot2,1740414150330,False
pilot2,1740414208597,False
pilot2,1740414259394,False
pilot2,1740414320108,False
pilot2,1740414370933,False
pilot2,1740414431613,False
pilot2,1740414482561,False
pilot2,1740414543058,False
pilot2,1740414594025,False
pilot2,1740414654948,False
pilot2,1740414705884,False
pilot2,1740414766715,False
pilot2,1740414817728,False
pilot2,1740414875855,False
pilot2,1740414926859,False
pilot2,1740414987603,False
pilot2,1740415038626,False
pilot2,1740415098919,False
pilot2,1740415159655,False
pilot2,1740415220245,False
pilot2,1740415280897,False
pilot2,1740415341636,False
pilot2,1740415401342,False
pilot2,1740415462032,False
pilot2,1740415512591,False
pilot2,1740415573231,False
pilot2,1740415624169,False
pilot2,1740415684808,False
pilot2,1740415735847,False
pilot2,1740415796562,False
pilot2,1740415847399,False
pilot2,1740415906664,False
pilot2,1740415957548,False
pilot2,1740416018157,False
pilot2,1740416068962,False
pilot2,1740416129675,False
pilot2,1740416180478,False
pilot2,1740416241295,False
pilot2,1740416292209,False
pilot2,1740416352852,False
pilot2,1740369611388,False
pilot2,1740369662356,False
pilot2,1740369723056,False
pilot2,1740369774011,False
pilot2,1740369834823,False
pilot2,1740369885687,False
pilot2,1740369946322,False
pilot2,1740369997272,False
pilot2,1740370057997,False
pilot2,1740370108817,False
pilot2,1740370166604,False
pilot2,1740370217663,False
pilot2,1740370278366,False
pilot2,1740370329291,False
pilot2,1740370389952,False
pilot2,1740370441010,False
pilot2,1740370501725,False
pilot2,1740370552573,False
pilot2,1740370613287,False
pilot2,1740370664259,False
pilot2,1740370724909,False
pilot2,1740370775892,False
pilot2,1740370833649,False
pilot2,1740370884180,False
pilot2,1740370945000,False
pilot2,1740370995579,False
pilot2,1740371056391,False
pilot2,1740371107278,False
pilot2,1740371167929,False
pilot2,1740371218888,False
pilot2,1740371279618,False
pilot2,1740371330275,False
pilot2,1740371391075,False
pilot2,1740371442021,False
pilot2,1740371500671,False
pilot2,1740371551327,False
pilot2,1740371612032,False
pilot2,1740371662992,False
pilot2,1740371723684,False
pilot2,1740371774398,False
pilot2,1740371835125,False
pilot2,1740371886126,False
pilot2,1740371946811,False
pilot2,1740371997736,False
pilot2,1740372058443,False
pilot2,1740372109375,False
pilot2,1740372167469,False
pilot2,1740372218343,False
pilot2,1740372279023,False
pilot2,1740372329851,False
pilot2,1740372390582,False
pilot2,1740372441530,False
pilot2,1740372502307,False
pilot2,1740372553144,False
pilot2,1740372613744,False
pilot2,1740372664691,False
pilot2,1740372725269,False
pilot2,1740372776213,False
pilot2,1740372834746,False
pilot2,1740372885501,False
pilot2,1740372946266,False
pilot2,1740372996985,False
pilot2,1740373057789,False
pilot2,1740373108708,False
pilot2,1740373169291,False
pilot2,1740394843579,False
pilot2,1740394904166,False
pilot2,1740394958500,False
pilot2,1740395012915,False
pilot2,1740395063479,False
pilot2,1740395124351,False
pilot2,1740395175186,False
pilot2,1740395235839,False
pilot2,1740395286650,False
pilot2,1740395347215,False
pilot2,1740395397785,True
pilot2,1740395458303,True
pilot2,1740395509308,False
pilot2,1740395570015,False
pilot2,1740395630647,False
pilot2,1740395691410,False
pilot2,1740395751696,True
pilot2,1740395812107,True
pilot2,1740395872605,True
pilot2,1740395933077,True
pilot2,1740395993681,True
pilot2,1740396054085,True
pilot2,1740396114733,True
pilot2,1740396175169,True
pilot2,1740396235981,False
pilot2,1740396296253,True
pilot2,1740396356698,True
pilot2,1740396407314,True
pilot2,1740396465982,True
pilot2,1740396516745,True
pilot2,1740396577204,True
pilot2,1740396627830,True
pilot2,1740396688379,False
pilot2,1740396739155,False
pilot2,1740396799938,False
pilot2,1740396850470,True
pilot2,1740396911360,False
pilot2,1740396961952,False
pilot2,1740397022537,True
pilot2,1740397073126,True
pilot2,1740397131938,True
pilot2,1740397182476,True
pilot2,1740397243014,True
pilot2,1740397293522,True
pilot2,1740397354245,False
pilot2,1740397414592,True
pilot2,1740397475135,True
pilot2,1740397535589,True
pilot2,1740397589849,True
pilot2,1740397650660,True
pilot2,1740397701207,True
pilot2,1740397761689,True
pilot2,1740397812407,True
pilot2,1740397873118,True
pilot2,1740397933646,True
pilot2,1740397993976,True
pilot2,1740398054449,True
pilot2,1740398110982,True
pilot2,1740398171509,True
pilot2,1740398222096,True
pilot2,1740398281215,True
pilot2,1740398331894,True
pilot2,1740398392468,True
pilot2,1740362434858,False
pilot2,1740362495464,False
pilot2,1740362546234,False
pilot2,1740362606815,False
pilot2,1740362657622,False
pilot2,1740362714663,False
pilot2,1740362765510,False
pilot2,1740362826110,False
pilot2,1740362876931,False
pilot2,1740362937697,False
pilot2,1740362988569,False
pilot2,1740363049240,False
pilot2,1740363109749,False
pilot2,1740363170236,False
pilot2,1740363221135,False
pilot2,1740363281768,False
pilot2,1740363332573,False
pilot2,1740363393219,False
pilot2,1740363444056,False
pilot2,1740363501556,False
pilot2,1740363552277,False
pilot2,1740363613067,False
pilot2,1740363663823,False
pilot2,1740363724624,False
pilot2,1740363775541,False
pilot2,1740363835816,False
pilot2,1740363886677,False
pilot2,1740363947169,False
pilot2,1740363998033,False
pilot2,1740364058609,False
pilot2,1740364109281,False
pilot2,1740364167645,False
pilot2,1740364218370,False
pilot2,1740364279018,False
pilot2,1740364329674,False
pilot2,1740364390245,False
pilot2,1740364441106,False
pilot2,1740364501674,False
pilot2,1740364552499,False
pilot2,1740364613152,False
pilot2,1740364663829,False
pilot2,1740364724456,False
pilot2,1740364775385,False
pilot2,1740364833282,False
pilot2,1740364884074,False
pilot2,1740364944997,False
pilot2,1740364995858,False
pilot2,1740365056462,False
pilot2,1740365107228,False
pilot2,1740365167864,False
pilot2,1740365218525,False
pilot2,1740365279149,False
pilot2,1740365329958,False
pilot2,1740365390527,False
pilot2,1740365441295,False
pilot2,1740365499255,False
pilot2,1740365549964,False
pilot2,1740365610479,False
pilot2,1740365661367,False
pilot2,1740365721896,False
pilot2,1740365772618,False
pilot2,1740365833126,False
pilot2,1740365883929,False
pilot2,1740365944521,False
pilot2,1740365995283,False
pilot2,1740391230149,False
pilot2,1740391291005,False
pilot2,1740391341653,False
pilot2,1740391402424,False
pilot2,1740391453259,False
pilot2,1740391513981,False
pilot2,1740391564665,False
pilot2,1740391622935,False
pilot2,1740391673735,False
pilot2,1740391734479,False
pilot2,1740391785431,False
pilot2,1740391846143,False
pilot2,1740391897033,False
pilot2,1740391957720,False
pilot2,1740392008433,False
pilot2,1740392069184,False
pilot2,1740392119973,False
pilot2,1740392180660,False
pilot2,1740392231480,False
pilot2,1740392289999,False
pilot2,1740392340840,False
pilot2,1740392401407,True
pilot2,1740392452210,False
pilot2,1740392512735,False
pilot2,1740392563355,False
pilot2,1740392623979,False
pilot2,1740392674937,False
pilot2,1740392735598,False
pilot2,1740392786521,False
pilot2,1740392847174,False
pilot2,1740392907678,True
pilot2,1740392968088,True
pilot2,1740393024376,True
pilot2,1740393076519,True
pilot2,1740393137153,True
pilot2,1740393138039,True
pilot2,1740393197611,True
pilot2,1740393257896,True
pilot2,1740393258601,True
pilot2,1740393318397,True
pilot2,1740393374351,True
pilot2,1740393434843,True
pilot2,1740393485424,True
pilot2,1740393545943,True
pilot2,1740393596653,True
pilot2,1740393657214,True
pilot2,1740393707890,False
pilot2,1740393768545,False
pilot2,1740393819445,False
pilot2,1740393880045,False
pilot2,1740393930572,True
pilot2,1740393984265,True
pilot2,1740394036092,False
pilot2,1740394096986,True
pilot2,1740394147798,False
pilot2,1740394208427,False
pilot2,1740394259338,False
pilot2,1740394319709,True
pilot2,1740394380155,True
pilot2,1740394435617,True
pilot2,1740394496358,True
pilot2,1740394546989,True
pilot2,1740394607290,True
pilot2,1740394608105,True
pilot2,1740394668561,True
pilot2,1740394729061,True
pilot2,1740394782859,False
pilot2,1740398453005,True
pilot2,1740398513671,True
pilot2,1740398564466,True
pilot2,1740398625076,True
pilot2,1740398675865,True
pilot2,1740398736478,True
pilot2,1740398787264,True
pilot2,1740398847881,True
pilot2,1740398898301,True
pilot2,1740398958904,True
pilot2,1740399009650,True
pilot2,1740399067574,True
pilot2,1740399118066,True
pilot2,1740399178811,True
pilot2,1740399229557,False
pilot2,1740399290345,False
pilot2,1740399350723,True
pilot2,1740399411219,True
pilot2,1740399471810,True
pilot2,1740399532321,True
pilot2,1740399592857,True
pilot2,1740399653399,True
pilot2,1740399713945,True
pilot2,1740399764753,True
pilot2,1740399825193,True
pilot2,1740399885665,True
pilot2,1740399946240,True
pilot2,1740400006685,True
pilot2,1740400067295,True
pilot2,1740400127698,True
pilot2,1740400188341,True
pilot2,1740400248838,True
pilot2,1740400309525,True
pilot2,1740400359844,True
pilot2,1740400420433,True
pilot2,1740400480933,True
pilot2,1740400541482,False
pilot2,1740400602345,False
pilot2,1740400662891,False
pilot2,1740400723588,False
pilot2,1740400774390,False
pilot2,1740400835135,False
pilot2,1740400885812,False
pilot2,1740400944192,False
pilot2,1740400994681,False
pilot2,1740401055443,False
pilot2,1740401106247,False
pilot2,1740401166891,False
pilot2,1740401217585,False
pilot2,1740401278305,False
pilot2,1740401329210,False
pilot2,1740401389912,False
pilot2,1740401440746,False
pilot2,1740401501439,False
pilot2,1740401551974,False
pilot2,1740401610105,False
pilot2,1740401660820,False
pilot2,1740401721383,False
pilot2,1740401772360,False
pilot2,1740401833015,False
pilot2,1740401883969,False
pilot2,1740401944644,False
pilot2,1740401995195,False
pilot2,1740384001806,True
pilot2,1740384062351,True
pilot2,1740384122793,True
pilot2,1740384180188,True
pilot2,1740384231201,False
pilot2,1740384285574,False
pilot2,1740384346050,False
pilot2,1740384397014,False
pilot2,1740384457798,False
pilot2,1740384508510,False
pilot2,1740384569264,False
pilot2,1740384620140,False
pilot2,1740384680805,False
pilot2,1740384731642,False
pilot2,1740384792337,False
pilot2,1740384843241,False
pilot2,1740384897921,False
pilot2,1740384958482,False
pilot2,1740385019180,False
pilot2,1740385079916,False
pilot2,1740385140595,True
pilot2,1740385141323,True
pilot2,1740385201297,True
pilot2,1740385261746,False
pilot2,1740385312613,False
pilot2,1740385373337,False
pilot2,1740385424177,False
pilot2,1740385484973,False
pilot2,1740385545639,False
pilot2,1740385603747,False
pilot2,1740385664387,False
pilot2,1740385715259,False
pilot2,1740385776020,False
pilot2,1740385836742,True
pilot2,1740385897540,False
pilot2,1740385958223,False
pilot2,1740386018872,False
pilot2,1740386079603,False
pilot2,1740386140127,False
pilot2,1740386200661,True
pilot2,1740386261295,False
pilot2,1740386311924,False
pilot2,1740386372616,False
pilot2,1740386423492,False
pilot2,1740386473784,False
pilot2,1740386528930,True
pilot2,1740386588924,True
pilot2,1740386649557,False
pilot2,1740386710482,False
pilot2,1740386771233,False
pilot2,1740386831937,False
pilot2,1740386882770,False
pilot2,1740386943572,False
pilot2,1740386994698,False
pilot2,1740387055263,False
pilot2,1740387105930,False
pilot2,1740387166488,False
pilot2,1740387227098,False
pilot2,1740387279399,False
pilot2,1740387339859,True
pilot2,1740387400299,True
pilot2,1740387460690,True
pilot2,1740387521157,True
pilot2,1740387581959,False
pilot2,1740416413596,False
pilot2,1740416474270,False
pilot2,1740416534943,False
pilot2,1740416595633,False
pilot2,1740416646465,False
pilot2,1740416707249,False
pilot2,1740416758198,False
pilot2,1740416815941,False
pilot2,1740416866703,True
pilot2,1740416927554,True
pilot2,1740416978520,False
pilot2,1740417039251,False
pilot2,1740417099913,False
pilot2,1740417158322,False
pilot2,1740417219025,False
pilot2,1740417269988,False
pilot2,1740417330444,True
pilot2,1740417381493,False
pilot2,1740417442221,False
pilot2,1740417502871,False
pilot2,1740417563469,False
pilot2,1740417614330,False
pilot2,1740417664485,False
pilot2,1740417719514,False
pilot2,1740417780122,False
pilot2,1740417830755,False
pilot2,1740417891573,False
pilot2,1740417942513,False
pilot2,1740418003226,False
pilot2,1740418053784,False
pilot2,1740418114623,False
pilot2,1740418165524,False
pilot2,1740418226191,False
pilot2,1740418277196,False
pilot2,1740418330853,False
pilot2,1740418391543,False
pilot2,1740418446685,False
pilot2,1740418507358,False
pilot2,1740418558220,False
pilot2,1740418618923,False
pilot2,1740418669571,False
pilot2,1740418730322,False
pilot2,1740418780978,False
pilot2,1740418841541,False
pilot2,1740418892564,False
pilot2,1740418953233,False
pilot2,1740419004177,False
pilot2,1740419058291,False
pilot2,1740419109247,False
pilot2,1740419169755,False
pilot2,1740419220723,False
pilot2,1740419281442,False
pilot2,1740419332422,False
pilot2,1740419393140,False
pilot2,1740419443584,False
pilot2,1740419504348,False
pilot2,1740419554995,False
pilot2,1740419615777,False
pilot2,1740419666666,False
pilot2,1740419724815,False
pilot2,1740419785476,False
pilot2,1740419845930,False
pilot2,1740419906466,False
pilot2,1740419967312,False
pilot2,1740402055936,False
pilot2,1740402116341,True
pilot2,1740402176804,False
pilot2,1740402237607,False
pilot2,1740402288298,False
pilot2,1740402348977,False
pilot2,1740402399839,False
pilot2,1740402458217,False
pilot2,1740402518754,False
pilot2,1740402579469,False
pilot2,1740402630102,False
pilot2,1740402690806,False
pilot2,1740402741812,False
pilot2,1740402802489,False
pilot2,1740402862777,True
pilot2,1740402923619,False
pilot2,1740402974356,False
pilot2,1740403035081,False
pilot2,1740403086033,False
pilot2,1740403146755,False
pilot2,1740403197669,False
pilot2,1740403258274,False
pilot2,1740403309147,False
pilot2,1740403367443,False
pilot2,1740403418274,False
pilot2,1740403479013,False
pilot2,1740403529846,False
pilot2,1740403590569,False
pilot2,1740403641323,False
pilot2,1740403702101,False
pilot2,1740403752887,False
pilot2,1740403813439,True
pilot2,1740403873933,True
pilot2,1740403934301,True
pilot2,1740403985313,False
pilot2,1740404045858,False
pilot2,1740404106587,False
pilot2,1740404167167,False
pilot2,1740404218010,False
pilot2,1740404276793,False
pilot2,1740404327663,False
pilot2,1740404388270,False
pilot2,1740404439015,False
pilot2,1740404499730,False
pilot2,1740404550577,False
pilot2,1740404611114,False
pilot2,1740404662094,False
pilot2,1740404722794,False
pilot2,1740404783462,False
pilot2,1740404843983,False
pilot2,1740404904733,False
pilot2,1740404965277,True
pilot2,1740405026059,False
pilot2,1740405076838,False
pilot2,1740405137557,False
pilot2,1740405198270,False
pilot2,1740405252351,False
pilot2,1740405307724,False
pilot2,1740405358640,False
pilot2,1740405419355,False
pilot2,1740405469809,False
pilot2,1740405530272,True
pilot2,1740405590709,True
pilot2,1740430816895,True
pilot2,1740430867563,True
pilot2,1740430926108,True
pilot2,1740430976791,True
pilot2,1740431037407,True
pilot2,1740431088238,True
pilot2,1740431148889,True
pilot2,1740431199675,True
pilot2,1740431260440,True
pilot2,1740431311203,True
pilot2,1740431371839,True
pilot2,1740431422599,True
pilot2,1740431483033,True
pilot2,1740431534515,False
pilot2,1740431592358,False
pilot2,1740431653252,False
pilot2,1740431713884,False
pilot2,1740431774488,False
pilot2,1740431825237,False
pilot2,1740431886024,False
pilot2,1740431936718,True
pilot2,1740431997354,False
pilot2,1740432047985,True
pilot2,1740432108591,True
pilot2,1740432169172,True
pilot2,1740432229658,True
pilot2,1740432290193,True
pilot2,1740432340883,True
pilot2,1740432401514,True
pilot2,1740432452321,True
pilot2,1740432512768,True
pilot2,1740432563368,True
pilot2,1740432622042,True
pilot2,1740432672745,True
pilot2,1740432733179,True
pilot2,1740432783838,True
pilot2,1740432844357,True
pilot2,1740432904982,True
pilot2,1740432965604,True
pilot2,1740433016739,False
pilot2,1740433077535,False
pilot2,1740433138219,False
pilot2,1740433198764,False
pilot2,1740433249673,False
pilot2,1740433310247,True
pilot2,1740433370737,True
pilot2,1740433429985,True
pilot2,1740433490486,True
pilot2,1740433541182,True
pilot2,1740433601804,True
pilot2,1740433652485,True
pilot2,1740433712173,False
pilot2,1740433762901,True
pilot2,1740433823413,True
pilot2,1740433884169,False
pilot2,1740433935663,True
pilot2,1740433995828,False
pilot2,1740434046450,False
pilot2,1740434107001,True
pilot2,1740434167431,True
pilot2,1740434227886,True
pilot2,1740434288747,False
pilot2,1740434344640,True
pilot2,1740376858459,False
pilot2,1740376909334,False
pilot2,1740376969970,False
pilot2,1740377020866,False
pilot2,1740377078917,False
pilot2,1740377129759,False
pilot2,1740377190581,False
pilot2,1740377241458,False
pilot2,1740377302174,False
pilot2,1740377353005,False
pilot2,1740377413704,False
pilot2,1740377464527,False
pilot2,1740377525243,False
pilot2,1740377576011,False
pilot2,1740377636665,False
pilot2,1740377687582,False
pilot2,1740377745754,False
pilot2,1740377796571,False
pilot2,1740377857342,False
pilot2,1740377908212,False
pilot2,1740377968879,False
pilot2,1740378019819,False
pilot2,1740378080508,False
pilot2,1740378131155,False
pilot2,1740378191871,False
pilot2,1740378242717,False
pilot2,1740378303432,False
pilot2,1740378354267,False
pilot2,1740378412511,False
pilot2,1740378463531,False
pilot2,1740378524254,False
pilot2,1740378575121,False
pilot2,1740378635813,False
pilot2,1740378696444,False
pilot2,1740378747274,False
pilot2,1740378807957,False
pilot2,1740378858804,False
pilot2,1740378919509,False
pilot2,1740378970305,False
pilot2,1740379031040,False
pilot2,1740379081647,False
pilot2,1740379140263,False
pilot2,1740379191275,False
pilot2,1740379252018,False
pilot2,1740379302909,False
pilot2,1740379363594,False
pilot2,1740379414544,False
pilot2,1740379475244,False
pilot2,1740379525988,False
pilot2,1740379586753,False
pilot2,1740379637586,False
pilot2,1740379698210,False
pilot2,1740379748982,False
pilot2,1740379806856,False
pilot2,1740379857810,False
pilot2,1740379918506,False
pilot2,1740379969196,False
pilot2,1740380029850,False
pilot2,1740380080776,False
pilot2,1740380141370,False
pilot2,1740380192198,False
pilot2,1740380252840,False
pilot2,1740380303733,False
pilot2,1740380364423,False
pilot2,1740409251203,False
pilot2,1740409302313,False
pilot2,1740409358011,False
pilot2,1740409408795,False
pilot2,1740409469699,False
pilot2,1740409520839,False
pilot2,1740409581336,False
pilot2,1740409632594,False
pilot2,1740409693349,False
pilot2,1740409754195,False
pilot2,1740409807262,False
pilot2,1740409868021,False
pilot2,1740409919095,False
pilot2,1740409980005,False
pilot2,1740410030943,False
pilot2,1740410086198,False
pilot2,1740410136982,False
pilot2,1740410197777,False
pilot2,1740410248937,False
pilot2,1740410309759,False
pilot2,1740410360835,False
pilot2,1740410421591,False
pilot2,1740410472389,False
pilot2,1740410533152,False
pilot2,1740410583823,False
pilot2,1740410644714,False
pilot2,1740410695677,False
pilot2,1740410753697,False
pilot2,1740410804769,False
pilot2,1740410865534,False
pilot2,1740410916595,False
pilot2,1740410977361,False
pilot2,1740411028243,False
pilot2,1740411089178,False
pilot2,1740411140164,False
pilot2,1740411200950,False
pilot2,1740411252028,False
pilot2,1740411312955,False
pilot2,1740411364033,False
pilot2,1740411421002,False
pilot2,1740411471778,False
pilot2,1740411532514,False
pilot2,1740411583495,False
pilot2,1740411644319,False
pilot2,1740411695393,False
pilot2,1740411756179,False
pilot2,1740411807125,False
pilot2,1740411867961,False
pilot2,1740411918852,False
pilot2,1740411979654,False
pilot2,1740412030523,False
pilot2,1740412088194,False
pilot2,1740412138986,False
pilot2,1740412199728,False
pilot2,1740412250757,False
pilot2,1740412311245,True
pilot2,1740412362386,False
pilot2,1740412423001,False
pilot2,1740412483710,False
pilot2,1740412544351,False
pilot2,1740412595126,False
pilot2,1740412655905,False
pilot2,1740412706806,False
pilot2,1740412767386,False
pilot2,1740358820739,False
pilot2,1740358872013,False
pilot2,1740358932866,False
pilot2,1740358984805,False
pilot2,1740359045052,False
pilot2,1740359096334,False
pilot2,1740359157284,False
pilot2,1740359208642,False
pilot2,1740359269461,False
pilot2,1740359320484,False
pilot2,1740359376970,False
pilot2,1740359428290,False
pilot2,1740359489077,False
pilot2,1740359540345,False
pilot2,1740359601294,False
pilot2,1740359652061,False
pilot2,1740359713022,False
pilot2,1740359764179,False
pilot2,1740359825090,False
pilot2,1740359876356,False
pilot2,1740359937130,False
pilot2,1740359988377,False
pilot2,1740360045023,False
pilot2,1740360096224,False
pilot2,1740360157094,False
pilot2,1740360208326,False
pilot2,1740360269115,False
pilot2,1740360320225,False
pilot2,1740360381002,False
pilot2,1740360432181,False
pilot2,1740360493028,False
pilot2,1740360544299,False
pilot2,1740360604880,False
pilot2,1740360655971,False
pilot2,1740360712977,False
pilot2,1740360764047,False
pilot2,1740360824980,False
pilot2,1740360876112,False
pilot2,1740360937055,False
pilot2,1740360988081,False
pilot2,1740361048945,False
pilot2,1740361100101,False
pilot2,1740361160938,False
pilot2,1740361212142,False
pilot2,1740361272990,False
pilot2,1740361324228,False
pilot2,1740361380831,False
pilot2,1740361431972,False
pilot2,1740361492730,False
pilot2,1740361543843,False
pilot2,1740361604687,False
pilot2,1740361655848,False
pilot2,1740361716514,False
pilot2,1740361767462,False
pilot2,1740361828467,False
pilot2,1740361879526,False
pilot2,1740361940165,False
pilot2,1740361991163,False
pilot2,1740362048751,False
pilot2,1740362099823,False
pilot2,1740362160704,False
pilot2,1740362211774,False
pilot2,1740362272245,False
pilot2,1740362323110,False
pilot2,1740362383761,False
pilot2,1740438037316,False
pilot2,1740438088111,False
pilot2,1740438148932,False
pilot2,1740438199708,False
pilot2,1740438258128,False
pilot2,1740438318738,False
pilot2,1740438379575,False
pilot2,1740438430233,False
pilot2,1740438490743,False
pilot2,1740438541766,False
pilot2,1740438602409,False
pilot2,1740438653409,False
pilot2,1740438714054,False
pilot2,1740438764624,False
pilot2,1740438825421,False
pilot2,1740438876978,False
pilot2,1740438937350,True
pilot2,1740438998102,True
pilot2,1740439057997,True
pilot2,1740439118632,True
pilot2,1740439169574,False
pilot2,1740439228059,False
pilot2,1740439278906,False
pilot2,1740439339650,False
pilot2,1740439390376,False
pilot2,1740439451118,False
pilot2,1740439502051,False
pilot2,1740439562615,False
pilot2,1740439613476,False
pilot2,1740439674206,False
pilot2,1740439724935,False
pilot2,1740439785660,False
pilot2,1740439836476,False
pilot2,1740439894673,False
pilot2,1740439945456,True
pilot2,1740440006002,True
pilot2,1740440056557,True
pilot2,1740440117145,True
pilot2,1740440177877,False
pilot2,1740440238572,False
pilot2,1740440289329,False
pilot2,1740440350075,False
pilot2,1740440400241,False
pilot2,1740440460961,False
pilot2,1740440511862,False
pilot2,1740440572569,False
pilot2,1740440633007,True
pilot2,1740440689751,True
pilot2,1740440741707,True
pilot2,1740440802739,True
pilot2,1740440863116,True
pilot2,1740440923282,True
pilot2,1740440983761,True
pilot2,1740440984623,True
pilot2,1740441036153,True
pilot2,1740441096831,True
pilot2,1740441157427,True
pilot2,1740441218135,True
pilot2,1740441278790,True
pilot2,1740441329363,True
pilot2,1740441389882,True
pilot2,1740441440719,True
pilot2,1740441501091,True
pilot2,1740441551666,True
pilot2,1740405650834,True
pilot2,1740405711445,True
pilot2,1740405762204,True
pilot2,1740405822953,True
pilot2,1740405873975,False
pilot2,1740405934702,False
pilot2,1740405985505,False
pilot2,1740406046175,False
pilot2,1740406097046,False
pilot2,1740406155698,False
pilot2,1740406206615,False
pilot2,1740406267268,False
pilot2,1740406318253,False
pilot2,1740406378968,False
pilot2,1740406429797,False
pilot2,1740406490734,False
pilot2,1740406541678,False
pilot2,1740406602451,False
pilot2,1740406653335,False
pilot2,1740406714189,False
pilot2,1740406765044,False
pilot2,1740406839818,False
pilot2,1740406900331,False
pilot2,1740406961119,False
pilot2,1740407021973,False
pilot2,1740407073486,False
pilot2,1740407134566,False
pilot2,1740407195398,False
pilot2,1740407256182,False
pilot2,1740407317190,False
pilot2,1740407368544,False
pilot2,1740407429319,False
pilot2,1740407490280,False
pilot2,1740407551105,False
pilot2,1740407602526,False
pilot2,1740407659247,False
pilot2,1740407710649,False
pilot2,1740407771426,False
pilot2,1740407822675,False
pilot2,1740407883562,False
pilot2,1740407934709,False
pilot2,1740407995677,False
pilot2,1740408047022,False
pilot2,1740408107094,False
pilot2,1740408167950,False
pilot2,1740408219060,False
pilot2,1740408279986,False
pilot2,1740408331896,False
pilot2,1740408387864,False
pilot2,1740408438813,False
pilot2,1740408499589,False
pilot2,1740408560337,False
pilot2,1740408621189,False
pilot2,1740408672483,False
pilot2,1740408733189,False
pilot2,1740408784304,False
pilot2,1740408845093,False
pilot2,1740408896090,False
pilot2,1740408956920,False
pilot2,1740409017672,False
pilot2,1740409078399,False
pilot2,1740409139292,False
pilot2,1740409190416,False
pilot2,1740380415068,False
pilot2,1740380473698,False
pilot2,1740380524380,False
pilot2,1740380585092,False
pilot2,1740380635908,False
pilot2,1740380696487,False
pilot2,1740380747298,False
pilot2,1740380808002,False
pilot2,1740380858806,False
pilot2,1740380919453,False
pilot2,1740380970358,False
pilot2,1740381031048,False
pilot2,1740381081846,False
pilot2,1740381140593,False
pilot2,1740381191505,False
pilot2,1740381252204,False
pilot2,1740381303094,False
pilot2,1740381363767,False
pilot2,1740381414479,False
pilot2,1740381475272,False
pilot2,1740381526168,False
pilot2,1740381586884,False
pilot2,1740381637802,False
pilot2,1740381698450,False
pilot2,1740381749261,False
pilot2,1740381807521,False
pilot2,1740381858325,False
pilot2,1740381919013,False
pilot2,1740381969924,False
pilot2,1740382030651,False
pilot2,1740382081541,False
pilot2,1740382142291,False
pilot2,1740382193128,False
pilot2,1740382253636,False
pilot2,1740382304439,False
pilot2,1740382365189,False
pilot2,1740382416046,False
pilot2,1740382474361,False
pilot2,1740382525251,False
pilot2,1740382585904,False
pilot2,1740382636661,False
pilot2,1740382697459,False
pilot2,1740382748302,False
pilot2,1740382809018,False
pilot2,1740382859811,False
pilot2,1740382920506,False
pilot2,1740382971413,False
pilot2,1740383032117,False
pilot2,1740383092870,False
pilot2,1740383153523,False
pilot2,1740383214229,False
pilot2,1740383274829,False
pilot2,1740383325394,True
pilot2,1740383383755,False
pilot2,1740383434425,True
pilot2,1740383494990,True
pilot2,1740383545889,False
pilot2,1740383606665,False
pilot2,1740383657630,False
pilot2,1740383718115,True
pilot2,1740383768974,True
pilot2,1740383829640,True
pilot2,1740383880441,True
pilot2,1740383940961,True
pilot2,1740387632617,False
pilot2,1740387685555,False
pilot2,1740387737828,False
pilot2,1740387798566,False
pilot2,1740387859126,False
pilot2,1740387915820,False
pilot2,1740387976483,False
pilot2,1740388027247,False
pilot2,1740388088028,False
pilot2,1740388138760,False
pilot2,1740388199523,False
pilot2,1740388250309,False
pilot2,1740388311041,False
pilot2,1740388361940,False
pilot2,1740388413045,False
pilot2,1740388466925,False
pilot2,1740388527575,False
pilot2,1740388578397,False
pilot2,1740388639095,False
pilot2,1740388689922,False
pilot2,1740388750529,True
pilot2,1740388801396,False
pilot2,1740388861635,True
pilot2,1740388922117,True
pilot2,1740388982786,True
pilot2,1740389033134,True
pilot2,1740389093881,False
pilot2,1740389154173,False
pilot2,1740389214900,True
pilot2,1740389265748,True
pilot2,1740389321000,True
pilot2,1740389371738,True
pilot2,1740389432437,True
pilot2,1740389483347,True
pilot2,1740389544182,False
pilot2,1740389595034,False
pilot2,1740389655779,False
pilot2,1740389706255,True
pilot2,1740389766887,True
pilot2,1740389817708,True
pilot2,1740389878203,False
pilot2,1740389928877,False
pilot2,1740389987322,False
pilot2,1740390037731,False
pilot2,1740390098328,True
pilot2,1740390149246,True
pilot2,1740390210079,True
pilot2,1740390260769,True
pilot2,1740390321285,True
pilot2,1740390381823,True
pilot2,1740390442413,True
pilot2,1740390502927,True
pilot2,1740390563447,True
pilot2,1740390564380,True
pilot2,1740390625009,True
pilot2,1740390675585,True
pilot2,1740390736319,False
pilot2,1740390787229,False
pilot2,1740390847971,False
pilot2,1740390898834,False
pilot2,1740390956053,False
pilot2,1740391006912,False
pilot2,1740391067676,False
pilot2,1740391118827,False
pilot2,1740391179664,False
pilot2,1740420027786,False
pilot2,1740420088517,False
pilot2,1740420149153,False
pilot2,1740420209593,False
pilot2,1740420210498,False
pilot2,1740420261562,False
pilot2,1740420322177,False
pilot2,1740420372897,False
pilot2,1740420433748,False
pilot2,1740420484569,False
pilot2,1740420545225,False
pilot2,1740420596122,False
pilot2,1740420656913,False
pilot2,1740420707706,False
pilot2,1740420768354,False
pilot2,1740420819313,False
pilot2,1740420876465,False
pilot2,1740420927557,False
pilot2,1740420987939,False
pilot2,1740421038739,False
pilot2,1740421099467,False
pilot2,1740421150246,False
pilot2,1740421210836,False
pilot2,1740421261916,False
pilot2,1740421322522,False
pilot2,1740421373158,False
pilot2,1740421433903,False
pilot2,1740421484351,False
pilot2,1740421543069,False
pilot2,1740421593917,False
pilot2,1740421654676,False
pilot2,1740421705605,False
pilot2,1740421766254,False
pilot2,1740421816771,False
pilot2,1740421878570,False
pilot2,1740421939481,False
pilot2,1740422000432,False
pilot2,1740422061422,False
pilot2,1740422122573,False
pilot2,1740422183491,False
pilot2,1740422244609,False
pilot2,1740422305683,False
pilot2,1740422357894,True
pilot2,1740422419140,False
pilot2,1740422470641,False
pilot2,1740422531253,True
pilot2,1740422582426,False
pilot2,1740422643572,False
pilot2,1740422704565,False
pilot2,1740422765431,False
pilot2,1740422826398,False
pilot2,1740422887321,False
pilot2,1740422948176,False
pilot2,1740423007994,False
pilot2,1740423068881,False
pilot2,1740423120300,False
pilot2,1740423181233,False
pilot2,1740423232497,False
pilot2,1740423283319,False
pilot2,1740423337295,False
pilot2,1740423398210,False
pilot2,1740423449610,False
pilot2,1740423510248,False
pilot2,1740423561264,False
pilot2,1740434405600,True
pilot2,1740434456278,False
pilot2,1740434516868,False
pilot2,1740434567724,False
pilot2,1740434621775,False
pilot2,1740434672930,False
pilot2,1740434733712,False
pilot2,1740434784298,False
pilot2,1740434845069,False
pilot2,1740434896014,False
pilot2,1740434956683,False
pilot2,1740435007609,False
pilot2,1740435068638,True
pilot2,1740435128967,False
pilot2,1740435189260,False
pilot2,1740435250013,False
pilot2,1740435300826,False
pilot2,1740435361486,False
pilot2,1740435422284,False
pilot2,1740435482846,False
pilot2,1740435543572,False
pilot2,1740435603977,True
pilot2,1740435654667,False
pilot2,1740435712119,False
pilot2,1740435772900,False
pilot2,1740435826967,False
pilot2,1740435887655,False
pilot2,1740435938686,False
pilot2,1740435999320,False
pilot2,1740436050173,False
pilot2,1740436111108,False
pilot2,1740436171752,False
pilot2,1740436224109,False
pilot2,1740436284768,False
pilot2,1740436345469,False
pilot2,1740436400855,False
pilot2,1740436461627,False
pilot2,1740436512432,False
pilot2,1740436573090,False
pilot2,1740436623181,True
pilot2,1740436683507,False
pilot2,1740436734223,False
pilot2,1740436794804,False
pilot2,1740436845523,True
pilot2,1740436905973,True
pilot2,1740436956801,True
pilot2,1740437017263,True
pilot2,1740437067886,True
pilot2,1740437128311,True
pilot2,1740437179045,True
pilot2,1740437239413,True
pilot2,1740437300067,True
pilot2,1740437360461,True
pilot2,1740437421155,False
pilot2,1740437481950,False
pilot2,1740437532729,False
pilot2,1740437591405,False
pilot2,1740437642393,False
pilot2,1740437703060,False
pilot2,1740437753726,False
pilot2,1740437814632,False
pilot2,1740437865174,False
pilot2,1740437925813,False
pilot2,1740437976574,False
pilot2,1740355235929,True
pilot2,1740355287073,True
pilot2,1740355347636,True
pilot2,1740355398565,True
pilot2,1740355459392,True
pilot2,1740355510550,True
pilot2,1740355570893,True
pilot2,1740355621650,True
pilot2,1740355682273,True
pilot2,1740355734085,True
pilot2,1740355793119,True
pilot2,1740355844229,True
pilot2,1740355905071,True
pilot2,1740355955973,True
pilot2,1740356016700,True
pilot2,1740356067795,True
pilot2,1740356128580,True
pilot2,1740356179723,True
pilot2,1740356240484,True
pilot2,1740356291395,True
pilot2,1740356351729,True
pilot2,1740356402266,True
pilot2,1740356463378,True
pilot2,1740356514021,True
pilot2,1740356574669,True
pilot2,1740356625709,True
pilot2,1740356686556,True
pilot2,1740356737557,True
pilot2,1740356798267,True
pilot2,1740356848949,True
pilot2,1740356909680,True
pilot2,1740356960679,True
pilot2,1740357020977,True
pilot2,1740357071746,False
pilot2,1740357130210,False
pilot2,1740357180770,False
pilot2,1740357241711,False
pilot2,1740357292694,False
pilot2,1740357353103,False
pilot2,1740357404083,False
pilot2,1740357464881,False
pilot2,1740357515553,False
pilot2,1740357576332,False
pilot2,1740357627268,False
pilot2,1740357687959,False
pilot2,1740357738730,False
pilot2,1740357797781,False
pilot2,1740357848590,False
pilot2,1740357909370,False
pilot2,1740357970192,False
pilot2,1740358039716,False
pilot2,1740358091828,False
pilot2,1740358152826,False
pilot2,1740358204123,False
pilot2,1740358265429,False
pilot2,1740358316995,False
pilot2,1740358377967,False
pilot2,1740358429489,False
pilot2,1740358490336,False
pilot2,1740358541840,False
pilot2,1740358602784,False
pilot2,1740358654200,False
pilot2,1740358708459,False
pilot2,1740358759577,False
pilot2,1740373220415,False
pilot2,1740373281142,False
pilot2,1740373331848,False
pilot2,1740373392555,False
pilot2,1740373443496,False
pilot2,1740373501541,False
pilot2,1740373552338,False
pilot2,1740373613094,False
pilot2,1740373663964,False
pilot2,1740373724626,False
pilot2,1740373775515,False
pilot2,1740373835725,False
pilot2,1740373886335,False
pilot2,1740373946777,False
pilot2,1740373997755,False
pilot2,1740374058531,False
pilot2,1740374109229,False
pilot2,1740374168262,False
pilot2,1740374219194,False
pilot2,1740374279926,False
pilot2,1740374330589,False
pilot2,1740374391273,False
pilot2,1740374442189,False
pilot2,1740374502868,False
pilot2,1740374553646,False
pilot2,1740374614390,False
pilot2,1740374665273,False
pilot2,1740374725689,False
pilot2,1740374776943,False
pilot2,1740374835389,False
pilot2,1740374886291,False
pilot2,1740374946948,False
pilot2,1740374997920,False
pilot2,1740375058598,False
pilot2,1740375109454,False
pilot2,1740375170044,False
pilot2,1740375220893,False
pilot2,1740375281652,False
pilot2,1740375332608,False
pilot2,1740375393343,False
pilot2,1740375444238,False
pilot2,1740375502563,False
pilot2,1740375553121,True
pilot2,1740375613769,False
pilot2,1740375674507,False
pilot2,1740375735235,False
pilot2,1740375786205,False
pilot2,1740375846924,False
pilot2,1740375897755,False
pilot2,1740375958491,False
pilot2,1740376009258,False
pilot2,1740376069986,False
pilot2,1740376120946,False
pilot2,1740376181550,False
pilot2,1740376232495,False
pilot2,1740376290833,False
pilot2,1740376341597,False
pilot2,1740376402344,False
pilot2,1740376453319,False
pilot2,1740376513952,False
pilot2,1740376574661,False
pilot2,1740376635351,False
pilot2,1740376686235,False
pilot2,1740376746974,False
pilot2,1740376797800,False
pilot2,1740423622373,False
pilot2,1740423673354,False
pilot2,1740423734283,False
pilot2,1740423785327,False
pilot2,1740423846267,False
pilot2,1740423897486,False
pilot2,1740423951107,False
pilot2,1740424002286,False
pilot2,1740424063096,False
pilot2,1740424114255,False
pilot2,1740424175170,False
pilot2,1740424226142,False
pilot2,1740424286915,False
pilot2,1740424338166,False
pilot2,1740424398951,False
pilot2,1740424450265,False
pilot2,1740424511128,False
pilot2,1740424561547,True
pilot2,1740424619639,False
pilot2,1740424670678,False
pilot2,1740424731555,False
pilot2,1740424782828,False
pilot2,1740424843693,False
pilot2,1740424894938,False
pilot2,1740424955803,False
pilot2,1740425006798,False
pilot2,1740425067604,False
pilot2,1740425118762,False
pilot2,1740425179502,False
pilot2,1740425230543,False
pilot2,1740425287521,False
pilot2,1740425338691,False
pilot2,1740425399589,False
pilot2,1740425450339,False
pilot2,1740425511174,False
pilot2,1740425562091,False
pilot2,1740425623030,False
pilot2,1740425674161,False
pilot2,1740425734980,False
pilot2,1740425786072,False
pilot2,1740425846946,False
pilot2,1740425897896,False
pilot2,1740425954806,False
pilot2,1740426005988,False
pilot2,1740426066532,True
pilot2,1740426117444,True
pilot2,1740426178332,False
pilot2,1740426239059,False
pilot2,1740426299894,False
pilot2,1740426355201,False
pilot2,1740426416004,False
pilot2,1740426467051,False
pilot2,1740426527916,False
pilot2,1740426578863,False
pilot2,1740426639605,False
pilot2,1740426690620,False
pilot2,1740426743656,False
pilot2,1740426795596,False
pilot2,1740426856459,False
pilot2,1740426907439,False
pilot2,1740426968243,False
pilot2,1740427019235,False
pilot2,1740427080036,False
pilot2,1740427131206,False
pilot2,1740427191954,False
pilot2,1740427242696,False
pilot2,1740427303593,False
pilot2,1740427354661,False
pilot2,1740427410950,False
pilot2,1740427471085,True
pilot2,1740427522068,False
pilot2,1740427582862,False
pilot2,1740427643689,True
pilot2,1740427704221,True
pilot2,1740427755440,False
pilot2,1740427816238,False
pilot2,1740427877024,False
pilot2,1740427935547,False
pilot2,1740427996216,False
pilot2,1740428047335,False
pilot2,1740428108154,False
pilot2,1740428159292,False
pilot2,1740428220033,False
pilot2,1740428271065,False
pilot2,1740428321271,True
pilot2,1740428381199,True
pilot2,1740428442180,False
pilot2,1740428502729,False
pilot2,1740428563622,False
pilot2,1740428624342,False
pilot2,1740428675241,False
pilot2,1740428735968,False
pilot2,1740428787092,False
pilot2,1740428847867,False
pilot2,1740428898725,False
pilot2,1740428959606,False
pilot2,1740429010578,False
pilot2,1740429071180,False
pilot2,1740429132003,False
pilot2,1740429192727,False
pilot2,1740429253505,False
pilot2,1740429312909,False
pilot2,1740429373662,False
pilot2,1740429424531,False
pilot2,1740429485309,False
pilot2,1740429536226,False
pilot2,1740429594362,True
pilot2,1740429644880,True
pilot2,1740429705544,True
pilot2,1740429756194,True
pilot2,1740429816710,True
pilot2,1740429867354,True
pilot2,1740429928043,True
pilot2,1740429978880,True
pilot2,1740430039478,True
pilot2,1740430090101,True
pilot2,1740430150737,True
pilot2,1740430201345,True
pilot2,1740430260560,True
pilot2,1740430311442,True
pilot2,1740430372122,True
pilot2,1740430422631,True
pilot2,1740430483217,True
pilot2,1740430533781,True
pilot2,1740430594373,True
pilot2,1740430644987,True
pilot2,1740430705652,True
pilot2,1740430756303,True
pilot2,1740279656926,False
pilot2,1740279707979,False
pilot2,1740279768726,False
pilot2,1740279820054,False
pilot2,1740279880347,False
pilot2,1740279931470,False
pilot2,1740279988596,False
pilot2,1740280039378,False
pilot2,1740280100152,False
pilot2,1740280151062,False
pilot2,1740280211738,False
pilot2,1740280262814,False
pilot2,1740280323459,False
pilot2,1740280374093,False
pilot2,1740280434956,False
pilot2,1740280485940,False
pilot2,1740280546678,False
pilot2,1740280597204,False
pilot2,1740280655921,False
pilot2,1740280707008,False
pilot2,1740280767508,False
pilot2,1740280818321,False
pilot2,1740280879119,False
pilot2,1740280929902,False
pilot2,1740280990509,False
pilot2,1740281041272,False
pilot2,1740281102023,False
pilot2,1740281153039,False
pilot2,1740281213680,False
pilot2,1740281264482,False
pilot2,1740281323022,False
pilot2,1740281373721,False
pilot2,1740281434510,False
pilot2,1740281485548,False
pilot2,1740281546251,False
pilot2,1740281597267,False
pilot2,1740281657952,False
pilot2,1740281708927,False
pilot2,1740281769662,False
pilot2,1740281820635,False
pilot2,1740281881453,False
pilot2,1740281932418,False
pilot2,1740281990045,False
pilot2,1740282040861,False
pilot2,1740282101671,False
pilot2,1740282152602,False
pilot2,1740282213301,False
pilot2,1740282264289,False
pilot2,1740282325000,False
pilot2,1740282375969,False
pilot2,1740282436675,False
pilot2,1740282487596,False
pilot2,1740282548345,False
pilot2,1740282599362,False
pilot2,1740282657229,False
pilot2,1740282707922,False
pilot2,1740282768453,False
pilot2,1740282819405,False
pilot2,1740282880114,False
pilot2,1740282931193,False
pilot2,1740282991973,False
pilot2,1740283042701,False
pilot2,1740283103452,False
pilot2,1740283154500,False
pilot2,1740326420760,False
pilot2,1740326481241,False
pilot2,1740326532131,False
pilot2,1740326588124,False
pilot2,1740326638978,False
pilot2,1740326699631,False
pilot2,1740326750488,False
pilot2,1740326811144,False
pilot2,1740326861903,True
pilot2,1740326922632,False
pilot2,1740326973340,False
pilot2,1740327034046,False
pilot2,1740327084895,False
pilot2,1740327145088,False
pilot2,1740327195974,False
pilot2,1740327254475,True
pilot2,1740327314730,True
pilot2,1740327315548,True
pilot2,1740327375433,True
pilot2,1740327435953,True
pilot2,1740327436707,True
pilot2,1740327437501,True
pilot2,1740327496315,True
pilot2,1740327557011,False
pilot2,1740327616937,False
pilot2,1740327677601,False
pilot2,1740327728367,False
pilot2,1740327789129,False
pilot2,1740327839990,False
pilot2,1740327900463,False
pilot2,1740327951377,False
pilot2,1740328012097,False
pilot2,1740328062924,False
pilot2,1740328123587,False
pilot2,1740328174430,False
pilot2,1740328225360,False
pilot2,1740328279281,False
pilot2,1740328340026,False
pilot2,1740328390886,False
pilot2,1740328451602,False
pilot2,1740328512175,False
pilot2,1740328572893,False
pilot2,1740328623607,False
pilot2,1740328684230,False
pilot2,1740328735090,False
pilot2,1740328795747,False
pilot2,1740328856389,False
pilot2,1740328917078,False
pilot2,1740328967926,False
pilot2,1740329028627,False
pilot2,1740329079400,False
pilot2,1740329134656,False
pilot2,1740329185217,False
pilot2,1740329245948,False
pilot2,1740329296691,False
pilot2,1740329357370,False
pilot2,1740329408201,False
pilot2,1740329468978,False
pilot2,1740329519730,False
pilot2,1740329580486,False
pilot2,1740329631389,False
pilot2,1740329692055,False
pilot2,1740329742881,False
pilot2,1740329801135,False
pilot2,1740329851933,False
pilot2,1740329912562,False
pilot2,1740329963486,False
pilot2,1740283215211,False
pilot2,1740283266121,False
pilot2,1740283324084,False
pilot2,1740283374916,False
pilot2,1740283435623,False
pilot2,1740283486584,False
pilot2,1740283547295,False
pilot2,1740283598243,False
pilot2,1740283658953,False
pilot2,1740283719755,False
pilot2,1740283780456,False
pilot2,1740283831166,False
pilot2,1740283892035,False
pilot2,1740283943012,False
pilot2,1740284003614,False
pilot2,1740284054349,False
pilot2,1740284112215,False
pilot2,1740284163210,False
pilot2,1740284223856,False
pilot2,1740284274817,False
pilot2,1740284335598,False
pilot2,1740284386460,False
pilot2,1740284447225,False
pilot2,1740284498244,False
pilot2,1740284558931,False
pilot2,1740284609723,False
pilot2,1740284670442,False
pilot2,1740284721238,False
pilot2,1740284779473,False
pilot2,1740284830478,False
pilot2,1740284891148,False
pilot2,1740284941734,False
pilot2,1740285002491,False
pilot2,1740285053582,False
pilot2,1740285114304,False
pilot2,1740285164916,False
pilot2,1740285225797,False
pilot2,1740285276613,False
pilot2,1740285337297,False
pilot2,1740285388189,False
pilot2,1740285446747,False
pilot2,1740285497652,False
pilot2,1740285558340,False
pilot2,1740285609281,False
pilot2,1740285670047,False
pilot2,1740285720866,False
pilot2,1740285781633,False
pilot2,1740285832505,False
pilot2,1740285893298,False
pilot2,1740285944267,False
pilot2,1740286004883,False
pilot2,1740286055839,False
pilot2,1740286113800,False
pilot2,1740286164375,False
pilot2,1740286225206,False
pilot2,1740286276159,False
pilot2,1740286336884,False
pilot2,1740286387551,False
pilot2,1740286448322,False
pilot2,1740286499192,False
pilot2,1740286559889,False
pilot2,1740286610798,False
pilot2,1740286671522,False
pilot2,1740286722151,False
pilot2,1740286781016,False
pilot2,1740308440817,True
pilot2,1740308491734,True
pilot2,1740308552292,True
pilot2,1740308603209,True
pilot2,1740308655556,True
pilot2,1740308707909,True
pilot2,1740308768478,True
pilot2,1740308818998,True
pilot2,1740308879602,True
pilot2,1740308930268,True
pilot2,1740308991492,True
pilot2,1740309042454,True
pilot2,1740309102913,True
pilot2,1740309153933,False
pilot2,1740309214633,False
pilot2,1740309274908,True
pilot2,1740309334267,False
pilot2,1740309394923,False
pilot2,1740309455623,False
pilot2,1740309516284,False
pilot2,1740309567128,False
pilot2,1740309624204,True
pilot2,1740309685001,False
pilot2,1740309685758,False
pilot2,1740309740142,False
pilot2,1740309800864,False
pilot2,1740309851857,False
pilot2,1740309912673,True
pilot2,1740309963504,False
pilot2,1740310024218,False
pilot2,1740310084773,False
pilot2,1740310145401,False
pilot2,1740310196229,False
pilot2,1740310256806,False
pilot2,1740310307683,False
pilot2,1740310368344,False
pilot2,1740310419114,False
pilot2,1740310472601,False
pilot2,1740310524137,False
pilot2,1740310584833,False
pilot2,1740310635753,False
pilot2,1740310696306,True
pilot2,1740310756855,True
pilot2,1740310817314,False
pilot2,1740310868026,False
pilot2,1740310928721,False
pilot2,1740310989228,False
pilot2,1740311049882,False
pilot2,1740311100704,False
pilot2,1740311161447,False
pilot2,1740311212031,False
pilot2,1740311272730,False
pilot2,1740311323565,False
pilot2,1740311380681,False
pilot2,1740311431526,False
pilot2,1740311492163,False
pilot2,1740311543014,False
pilot2,1740311603647,False
pilot2,1740311654541,False
pilot2,1740311715127,False
pilot2,1740311765929,False
pilot2,1740311826533,False
pilot2,1740311877387,False
pilot2,1740311938110,False
pilot2,1740311988819,False
pilot2,1740276035633,False
pilot2,1740276096397,False
pilot2,1740276147457,False
pilot2,1740276208318,False
pilot2,1740276259280,False
pilot2,1740276320102,False
pilot2,1740276371064,False
pilot2,1740276431722,False
pilot2,1740276482526,False
pilot2,1740276543411,False
pilot2,1740276594024,False
pilot2,1740276652531,False
pilot2,1740276703661,False
pilot2,1740276764508,False
pilot2,1740276815578,False
pilot2,1740276876457,False
pilot2,1740276927403,False
pilot2,1740276988311,False
pilot2,1740277039246,False
pilot2,1740277100107,False
pilot2,1740277151098,False
pilot2,1740277211884,False
pilot2,1740277263290,False
pilot2,1740277319806,False
pilot2,1740277370591,False
pilot2,1740277431349,False
pilot2,1740277482205,False
pilot2,1740277543121,False
pilot2,1740277594235,False
pilot2,1740277654887,False
pilot2,1740277705874,False
pilot2,1740277766597,False
pilot2,1740277817667,False
pilot2,1740277878469,False
pilot2,1740277929552,False
pilot2,1740277987126,False
pilot2,1740278038201,False
pilot2,1740278099034,False
pilot2,1740278149955,False
pilot2,1740278210743,False
pilot2,1740278261840,False
pilot2,1740278322568,False
pilot2,1740278373462,False
pilot2,1740278434291,False
pilot2,1740278485304,False
pilot2,1740278546007,False
pilot2,1740278597042,False
pilot2,1740278654660,False
pilot2,1740278705788,False
pilot2,1740278766591,False
pilot2,1740278817700,False
pilot2,1740278878470,False
pilot2,1740278929278,False
pilot2,1740278990015,False
pilot2,1740279041052,False
pilot2,1740279101789,False
pilot2,1740279152511,False
pilot2,1740279213322,False
pilot2,1740279264391,False
pilot2,1740279321598,False
pilot2,1740279372750,False
pilot2,1740279433483,False
pilot2,1740279484482,False
pilot2,1740279545243,False
pilot2,1740279596195,False
pilot2,1740304814576,True
pilot2,1740304868174,True
pilot2,1740304928618,True
pilot2,1740304989403,False
pilot2,1740305050085,False
pilot2,1740305110710,False
pilot2,1740305171442,False
pilot2,1740305221973,True
pilot2,1740305282561,False
pilot2,1740305343262,False
pilot2,1740305403871,False
pilot2,1740305454608,False
pilot2,1740305509629,False
pilot2,1740305569607,True
pilot2,1740305570122,True
pilot2,1740305630404,True
pilot2,1740305631206,True
pilot2,1740305681844,True
pilot2,1740305742459,False
pilot2,1740305803012,True
pilot2,1740305863487,True
pilot2,1740305914301,True
pilot2,1740305974619,False
pilot2,1740306035215,True
pilot2,1740306095776,True
pilot2,1740306147232,True
pilot2,1740306207927,False
pilot2,1740306258651,True
pilot2,1740306319197,True
pilot2,1740306379758,True
pilot2,1740306440174,True
pilot2,1740306501363,False
pilot2,1740306551903,False
pilot2,1740306612677,False
pilot2,1740306673232,False
pilot2,1740306728450,True
pilot2,1740306780465,True
pilot2,1740306840737,True
pilot2,1740306841366,True
pilot2,1740306901541,True
pilot2,1740306902326,True
pilot2,1740306961973,True
pilot2,1740307022499,True
pilot2,1740307023035,True
pilot2,1740307073632,True
pilot2,1740307134181,True
pilot2,1740307194588,True
pilot2,1740307255129,True
pilot2,1740307315702,True
pilot2,1740307376402,True
pilot2,1740307427880,True
pilot2,1740307488366,True
pilot2,1740307549291,True
pilot2,1740307609156,True
pilot2,1740307669776,True
pilot2,1740307730078,True
pilot2,1740307790514,True
pilot2,1740307851079,True
pilot2,1740307911571,True
pilot2,1740307972058,True
pilot2,1740308024360,True
pilot2,1740308084829,True
pilot2,1740308145354,True
pilot2,1740308205898,True
pilot2,1740308257303,True
pilot2,1740308317720,True
pilot2,1740308318532,True
pilot2,1740308379015,True
pilot2,1740312047144,False
pilot2,1740312097862,False
pilot2,1740312158545,False
pilot2,1740312209517,False
pilot2,1740312270116,False
pilot2,1740312330770,False
pilot2,1740312391374,False
pilot2,1740312442102,False
pilot2,1740312502817,False
pilot2,1740312553570,False
pilot2,1740312614182,False
pilot2,1740312665080,False
pilot2,1740312725719,False
pilot2,1740312776550,False
pilot2,1740312835041,False
pilot2,1740312885771,False
pilot2,1740312946419,False
pilot2,1740312997407,False
pilot2,1740313058036,False
pilot2,1740313108875,False
pilot2,1740313169496,False
pilot2,1740313220242,False
pilot2,1740313280847,False
pilot2,1740313331609,False
pilot2,1740313392289,False
pilot2,1740313442986,False
pilot2,1740313501334,False
pilot2,1740313551876,False
pilot2,1740313612557,False
pilot2,1740313663271,False
pilot2,1740313723925,False
pilot2,1740313774520,False
pilot2,1740313835131,False
pilot2,1740313895749,False
pilot2,1740313956464,False
pilot2,1740314007331,False
pilot2,1740314068027,False
pilot2,1740314118836,False
pilot2,1740314179494,False
pilot2,1740314230189,False
pilot2,1740314289132,False
pilot2,1740314339905,False
pilot2,1740314400553,False
pilot2,1740314451371,False
pilot2,1740314512041,False
pilot2,1740314572725,False
pilot2,1740314633419,False
pilot2,1740314684164,False
pilot2,1740314744825,False
pilot2,1740314795669,False
pilot2,1740314856322,False
pilot2,1740314907108,False
pilot2,1740314967715,False
pilot2,1740315018478,False
pilot2,1740315076712,False
pilot2,1740315127436,False
pilot2,1740315188175,False
pilot2,1740315238959,False
pilot2,1740315299617,False
pilot2,1740315350511,False
pilot2,1740315411160,False
pilot2,1740315462035,False
pilot2,1740315522729,False
pilot2,1740315573422,False
pilot2,1740297643997,False
pilot2,1740297704531,True
pilot2,1740297755091,True
pilot2,1740297813419,False
pilot2,1740297864054,False
pilot2,1740297924620,False
pilot2,1740297975597,False
pilot2,1740298036291,False
pilot2,1740298087013,False
pilot2,1740298147971,False
pilot2,1740298208614,False
pilot2,1740298266308,False
pilot2,1740298326967,False
pilot2,1740298377473,True
pilot2,1740298438178,True
pilot2,1740298488990,False
pilot2,1740298540828,False
pilot2,1740298601348,False
pilot2,1740298602379,False
pilot2,1740298656519,False
pilot2,1740298717200,False
pilot2,1740298768043,False
pilot2,1740298828671,False
pilot2,1740298879473,False
pilot2,1740298940208,False
pilot2,1740298990837,False
pilot2,1740299051462,False
pilot2,1740299102311,False
pilot2,1740299162983,False
pilot2,1740299213801,False
pilot2,1740299267477,False
pilot2,1740299318993,False
pilot2,1740299379492,True
pilot2,1740299430423,False
pilot2,1740299490800,True
pilot2,1740299551185,True
pilot2,1740299603759,False
pilot2,1740299664587,False
pilot2,1740299725277,False
pilot2,1740299779960,False
pilot2,1740299840580,False
pilot2,1740299891411,False
pilot2,1740299952174,False
pilot2,1740300002756,False
pilot2,1740300055200,False
pilot2,1740300108196,False
pilot2,1740300168919,False
pilot2,1740300219746,False
pilot2,1740300280474,False
pilot2,1740300341520,True
pilot2,1740300402094,False
pilot2,1740300453035,False
pilot2,1740300513634,False
pilot2,1740300574143,True
pilot2,1740300634877,False
pilot2,1740300685206,True
pilot2,1740300746138,False
pilot2,1740300796733,False
pilot2,1740300857471,False
pilot2,1740300908373,False
pilot2,1740300964439,False
pilot2,1740301015339,False
pilot2,1740301076081,False
pilot2,1740301136781,False
pilot2,1740301197512,False
pilot2,1740330024105,False
pilot2,1740330074901,False
pilot2,1740330135589,False
pilot2,1740330196222,False
pilot2,1740330252117,False
pilot2,1740330312720,False
pilot2,1740330363489,False
pilot2,1740330424142,False
pilot2,1740330474928,False
pilot2,1740330528728,False
pilot2,1740330580119,False
pilot2,1740330640797,False
pilot2,1740330691669,False
pilot2,1740330752362,False
pilot2,1740330803183,False
pilot2,1740330863830,False
pilot2,1740330914504,False
pilot2,1740330975093,False
pilot2,1740331025893,False
pilot2,1740331086619,False
pilot2,1740331137423,False
pilot2,1740331195284,False
pilot2,1740331246116,False
pilot2,1740331306752,False
pilot2,1740331357474,False
pilot2,1740331417885,False
pilot2,1740331468712,False
pilot2,1740331529501,False
pilot2,1740331580379,False
pilot2,1740331640877,False
pilot2,1740331691795,False
pilot2,1740331752454,False
pilot2,1740331803444,False
pilot2,1740331862157,False
pilot2,1740331912873,False
pilot2,1740331973511,False
pilot2,1740332023837,False
pilot2,1740332084562,True
pilot2,1740332135305,False
pilot2,1740332196001,False
pilot2,1740332256647,False
pilot2,1740332317233,False
pilot2,1740332367737,False
pilot2,1740332428513,False
pilot2,1740332479265,False
pilot2,1740332539852,False
pilot2,1740332590689,False
pilot2,1740332649647,False
pilot2,1740332700346,False
pilot2,1740332761127,False
pilot2,1740332811874,False
pilot2,1740332872303,False
pilot2,1740332923012,False
pilot2,1740332983520,False
pilot2,1740333034355,False
pilot2,1740333094998,False
pilot2,1740333145737,False
pilot2,1740333206325,False
pilot2,1740333256921,False
pilot2,1740333315684,False
pilot2,1740333366359,False
pilot2,1740333426962,False
pilot2,1740333477794,False
pilot2,1740333538343,False
pilot2,1740333589156,False
pilot2,1740315633842,False
pilot2,1740315684467,False
pilot2,1740315743322,False
pilot2,1740315794099,False
pilot2,1740315854777,False
pilot2,1740315905669,False
pilot2,1740315966353,False
pilot2,1740316017050,False
pilot2,1740316077663,False
pilot2,1740316128503,False
pilot2,1740316189184,False
pilot2,1740316240011,False
pilot2,1740316300682,False
pilot2,1740316351538,False
pilot2,1740316409711,False
pilot2,1740316460575,False
pilot2,1740316521294,False
pilot2,1740316572085,False
pilot2,1740316632699,False
pilot2,1740316693402,False
pilot2,1740316750476,False
pilot2,1740316811107,False
pilot2,1740316861873,False
pilot2,1740316922460,False
pilot2,1740316973274,False
pilot2,1740317033899,False
pilot2,1740317084757,False
pilot2,1740317136442,False
pilot2,1740317189657,False
pilot2,1740317250344,True
pilot2,1740317301177,False
pilot2,1740317361985,False
pilot2,1740317412759,False
pilot2,1740317473383,False
pilot2,1740317524249,False
pilot2,1740317584923,False
pilot2,1740317645368,False
pilot2,1740317704281,False
pilot2,1740317764857,False
pilot2,1740317825620,False
pilot2,1740317886267,False
pilot2,1740317937028,False
pilot2,1740317997675,False
pilot2,1740318058345,False
pilot2,1740318111209,False
pilot2,1740318166342,False
pilot2,1740318217204,False
pilot2,1740318277901,False
pilot2,1740318338462,False
pilot2,1740318399155,False
pilot2,1740318459722,False
pilot2,1740318520409,False
pilot2,1740318571290,False
pilot2,1740318631921,False
pilot2,1740318682809,False
pilot2,1740318743392,False
pilot2,1740318804045,False
pilot2,1740318864774,False
pilot2,1740318915551,False
pilot2,1740318976157,False
pilot2,1740319027038,False
pilot2,1740319087728,False
pilot2,1740319138449,False
pilot2,1740319196192,False
pilot2,1740344432795,False
pilot2,1740344483689,False
pilot2,1740344544311,False
pilot2,1740344595260,False
pilot2,1740344655986,False
pilot2,1740344706833,False
pilot2,1740344764914,False
pilot2,1740344815973,False
pilot2,1740344876666,False
pilot2,1740344927372,False
pilot2,1740344988177,False
pilot2,1740345038913,False
pilot2,1740345099684,False
pilot2,1740345150437,False
pilot2,1740345211095,False
pilot2,1740345261975,False
pilot2,1740345322902,False
pilot2,1740345383516,False
pilot2,1740345434889,False
pilot2,1740345492367,False
pilot2,1740345543197,False
pilot2,1740345603914,False
pilot2,1740345654912,False
pilot2,1740345715617,False
pilot2,1740345766403,False
pilot2,1740345827217,False
pilot2,1740345878085,False
pilot2,1740345938599,False
pilot2,1740345989452,False
pilot2,1740346049664,True
pilot2,1740346100625,False
pilot2,1740346159120,False
pilot2,1740346219747,False
pilot2,1740346279863,True
pilot2,1740346280966,True
pilot2,1740346340322,True
pilot2,1740346400893,True
pilot2,1740346401687,True
pilot2,1740346461194,True
pilot2,1740346522035,True
pilot2,1740346582862,False
pilot2,1740346643206,True
pilot2,1740346693738,True
pilot2,1740346754374,False
pilot2,1740346805072,False
pilot2,1740346865842,False
pilot2,1740346926573,False
pilot2,1740346987286,False
pilot2,1740347047950,False
pilot2,1740347108459,False
pilot2,1740347159054,False
pilot2,1740347219831,False
pilot2,1740347280463,False
pilot2,1740347341206,False
pilot2,1740347392034,False
pilot2,1740347452762,False
pilot2,1740347503537,False
pilot2,1740347564260,False
pilot2,1740347625024,False
pilot2,1740347685760,False
pilot2,1740347736008,True
pilot2,1740347794678,False
pilot2,1740347854752,True
pilot2,1740347915114,True
pilot2,1740347916006,True
pilot2,1740347975506,True
pilot2,1740290450845,False
pilot2,1740290501869,False
pilot2,1740290562430,False
pilot2,1740290613384,False
pilot2,1740290674033,False
pilot2,1740290724912,False
pilot2,1740290783085,False
pilot2,1740290833978,False
pilot2,1740290894655,False
pilot2,1740290945521,False
pilot2,1740291006180,False
pilot2,1740291057134,False
pilot2,1740291117863,False
pilot2,1740291168786,False
pilot2,1740291229508,False
pilot2,1740291280229,False
pilot2,1740291340993,False
pilot2,1740291391823,False
pilot2,1740291450179,False
pilot2,1740291501208,False
pilot2,1740291561845,False
pilot2,1740291612435,False
pilot2,1740291673204,False
pilot2,1740291724002,False
pilot2,1740291784619,False
pilot2,1740291835192,False
pilot2,1740291895963,False
pilot2,1740291946825,False
pilot2,1740292007552,False
pilot2,1740292058485,False
pilot2,1740292117327,False
pilot2,1740292168261,False
pilot2,1740292228814,False
pilot2,1740292279771,False
pilot2,1740292340432,False
pilot2,1740292391265,False
pilot2,1740292451966,False
pilot2,1740292502705,False
pilot2,1740292563481,False
pilot2,1740292614290,False
pilot2,1740292674959,False
pilot2,1740292725916,False
pilot2,1740292784212,False
pilot2,1740292835149,False
pilot2,1740292895861,False
pilot2,1740292946789,False
pilot2,1740293007467,False
pilot2,1740293058378,False
pilot2,1740293119062,False
pilot2,1740293169958,False
pilot2,1740293230685,False
pilot2,1740293281483,False
pilot2,1740293342121,False
pilot2,1740293392989,False
pilot2,1740293450875,False
pilot2,1740293501669,False
pilot2,1740293562292,False
pilot2,1740293613241,False
pilot2,1740293673898,False
pilot2,1740293724643,True
pilot2,1740293784818,True
pilot2,1740293785376,True
pilot2,1740293846196,True
pilot2,1740293906544,True
pilot2,1740293964210,False
pilot2,1740322853111,False
pilot2,1740322913765,False
pilot2,1740322964645,False
pilot2,1740323025285,False
pilot2,1740323075662,True
pilot2,1740323134524,False
pilot2,1740323185236,False
pilot2,1740323245791,False
pilot2,1740323296780,False
pilot2,1740323357442,False
pilot2,1740323408141,False
pilot2,1740323468903,False
pilot2,1740323519702,False
pilot2,1740323580468,False
pilot2,1740323631340,False
pilot2,1740323692075,False
pilot2,1740323752756,False
pilot2,1740323813104,True
pilot2,1740323864051,False
pilot2,1740323922526,False
pilot2,1740323982739,False
pilot2,1740323983737,False
pilot2,1740324043597,False
pilot2,1740324104445,False
pilot2,1740324164855,False
pilot2,1740324165671,False
pilot2,1740324216358,False
pilot2,1740324277133,False
pilot2,1740324327762,False
pilot2,1740324388505,False
pilot2,1740324439265,False
pilot2,1740324500106,False
pilot2,1740324550951,False
pilot2,1740324611644,False
pilot2,1740324672407,False
pilot2,1740324731375,True
pilot2,1740324792122,True
pilot2,1740324842676,False
pilot2,1740324903324,False
pilot2,1740324954103,False
pilot2,1740325013702,False
pilot2,1740325074025,False
pilot2,1740325134213,True
pilot2,1740325135089,True
pilot2,1740325196518,True
pilot2,1740325247262,False
pilot2,1740325307863,False
pilot2,1740325368452,False
pilot2,1740325428940,False
pilot2,1740325489690,False
pilot2,1740325550755,True
pilot2,1740325611337,True
pilot2,1740325662268,False
pilot2,1740325723040,False
pilot2,1740325783350,True
pilot2,1740325844120,False
pilot2,1740325904880,False
pilot2,1740325965416,False
pilot2,1740326026136,False
pilot2,1740326086698,False
pilot2,1740326137553,False
pilot2,1740326198057,False
pilot2,1740326248734,False
pilot2,1740326309321,False
pilot2,1740326360115,False
pilot2,1740272424414,False
pilot2,1740272475974,False
pilot2,1740272536906,False
pilot2,1740272588571,False
pilot2,1740272643229,False
pilot2,1740272695435,False
pilot2,1740272756203,False
pilot2,1740272807450,False
pilot2,1740272868574,False
pilot2,1740272920481,False
pilot2,1740272982043,False
pilot2,1740273033524,False
pilot2,1740273094521,False
pilot2,1740273145941,False
pilot2,1740273206926,False
pilot2,1740273258384,False
pilot2,1740273312126,False
pilot2,1740273363403,False
pilot2,1740273424327,False
pilot2,1740273475416,False
pilot2,1740273536595,False
pilot2,1740273587949,False
pilot2,1740273648937,False
pilot2,1740273700335,False
pilot2,1740273761372,False
pilot2,1740273812699,False
pilot2,1740273873752,False
pilot2,1740273925089,False
pilot2,1740273981322,False
pilot2,1740274032738,False
pilot2,1740274093704,False
pilot2,1740274144699,False
pilot2,1740274205778,False
pilot2,1740274256943,False
pilot2,1740274317829,False
pilot2,1740274369047,False
pilot2,1740274429930,False
pilot2,1740274481137,False
pilot2,1740274542086,False
pilot2,1740274593330,False
pilot2,1740274649408,False
pilot2,1740274700497,False
pilot2,1740274761395,False
pilot2,1740274812552,False
pilot2,1740274873447,False
pilot2,1740274924562,False
pilot2,1740274985440,False
pilot2,1740275036624,False
pilot2,1740275097494,False
pilot2,1740275148591,False
pilot2,1740275209411,False
pilot2,1740275260597,False
pilot2,1740275316973,False
pilot2,1740275368152,False
pilot2,1740275429001,False
pilot2,1740275480025,False
pilot2,1740275540844,False
pilot2,1740275591850,False
pilot2,1740275652622,False
pilot2,1740275703916,False
pilot2,1740275764753,False
pilot2,1740275815986,False
pilot2,1740275876557,False
pilot2,1740275927366,False
pilot2,1740275984736,False
pilot2,1740351612554,False
pilot2,1740351671467,False
pilot2,1740351722361,False
pilot2,1740351783147,False
pilot2,1740351834092,False
pilot2,1740351894957,False
pilot2,1740351945770,False
pilot2,1740352006584,False
pilot2,1740352057166,False
pilot2,1740352117647,True
pilot2,1740352178093,True
pilot2,1740352238496,True
pilot2,1740352299110,True
pilot2,1740352359570,True
pilot2,1740352419990,True
pilot2,1740352480337,True
pilot2,1740352542383,True
pilot2,1740352602373,True
pilot2,1740352662998,False
pilot2,1740352723813,False
pilot2,1740352774581,False
pilot2,1740352835166,False
pilot2,1740352886107,False
pilot2,1740352942384,True
pilot2,1740353002630,True
pilot2,1740353063471,True
pilot2,1740353118364,True
pilot2,1740353178901,True
pilot2,1740353239785,True
pilot2,1740353300334,True
pilot2,1740353361355,False
pilot2,1740353421755,True
pilot2,1740353477694,True
pilot2,1740353538326,True
pilot2,1740353598998,True
pilot2,1740353659709,True
pilot2,1740353720427,True
pilot2,1740353774407,True
pilot2,1740353835091,True
pilot2,1740353895543,True
pilot2,1740353955991,True
pilot2,1740354016687,True
pilot2,1740354067522,True
pilot2,1740354128120,True
pilot2,1740354178802,True
pilot2,1740354239522,True
pilot2,1740354290216,True
pilot2,1740354351252,True
pilot2,1740354402323,True
pilot2,1740354457114,True
pilot2,1740354507749,True
pilot2,1740354568689,True
pilot2,1740354619724,True
pilot2,1740354680549,True
pilot2,1740354731657,True
pilot2,1740354792406,True
pilot2,1740354843061,True
pilot2,1740354903843,True
pilot2,1740354954698,True
pilot2,1740355015425,True
pilot2,1740355066095,True
pilot2,1740355123990,True
pilot2,1740355175054,True
pilot2,1740319256560,False
pilot2,1740319317433,False
pilot2,1740319377857,False
pilot2,1740319378787,False
pilot2,1740319438547,False
pilot2,1740319489413,False
pilot2,1740319550031,False
pilot2,1740319600684,False
pilot2,1740319661411,False
pilot2,1740319712003,False
pilot2,1740319772567,False
pilot2,1740319823308,False
pilot2,1740319883946,False
pilot2,1740319934772,False
pilot2,1740319995487,False
pilot2,1740320046788,False
pilot2,1740320105550,False
pilot2,1740320165830,False
pilot2,1740320226762,False
pilot2,1740320287249,False
pilot2,1740320347726,False
pilot2,1740320398633,False
pilot2,1740320459116,False
pilot2,1740320519482,True
pilot2,1740320580040,True
pilot2,1740320640518,True
pilot2,1740320701097,True
pilot2,1740320761641,True
pilot2,1740320822120,True
pilot2,1740320880715,True
pilot2,1740320941572,True
pilot2,1740321002291,False
pilot2,1740321058501,False
pilot2,1740321119260,False
pilot2,1740321169967,False
pilot2,1740321230627,False
pilot2,1740321281501,False
pilot2,1740321342185,False
pilot2,1740321392905,False
pilot2,1740321453675,False
pilot2,1740321504428,False
pilot2,1740321558353,False
pilot2,1740321609432,False
pilot2,1740321670170,False
pilot2,1740321722075,True
pilot2,1740321782083,True
pilot2,1740321833056,False
pilot2,1740321893702,False
pilot2,1740321944577,False
pilot2,1740322005251,False
pilot2,1740322055799,False
pilot2,1740322116555,False
pilot2,1740322167395,False
pilot2,1740322225051,False
pilot2,1740322285732,False
pilot2,1740322346407,False
pilot2,1740322396859,False
pilot2,1740322457585,False
pilot2,1740322508548,False
pilot2,1740322569237,False
pilot2,1740322620158,False
pilot2,1740322680789,False
pilot2,1740322731575,False
pilot2,1740322792387,False
pilot2,1740294024875,False
pilot2,1740294075539,False
pilot2,1740294136161,False
pilot2,1740294186959,False
pilot2,1740294238474,False
pilot2,1740294292017,False
pilot2,1740294352650,False
pilot2,1740294403296,False
pilot2,1740294463943,False
pilot2,1740294514728,False
pilot2,1740294575357,False
pilot2,1740294626165,False
pilot2,1740294686766,False
pilot2,1740294747442,False
pilot2,1740294808114,False
pilot2,1740294858845,False
pilot2,1740294919489,False
pilot2,1740294970319,False
pilot2,1740295026344,True
pilot2,1740295076883,True
pilot2,1740295137540,True
pilot2,1740295188167,True
pilot2,1740295248608,True
pilot2,1740295299381,True
pilot2,1740295359944,True
pilot2,1740295410608,True
pilot2,1740295471057,False
pilot2,1740295521966,False
pilot2,1740295582585,False
pilot2,1740295643373,True
pilot2,1740295703765,True
pilot2,1740295764309,True
pilot2,1740295825001,True
pilot2,1740295885608,False
pilot2,1740295946239,False
pilot2,1740295997033,False
pilot2,1740296055494,False
pilot2,1740296106476,False
pilot2,1740296166959,False
pilot2,1740296217853,False
pilot2,1740296278609,False
pilot2,1740296329447,False
pilot2,1740296390142,False
pilot2,1740296441019,False
pilot2,1740296501761,False
pilot2,1740296562454,False
pilot2,1740296619787,False
pilot2,1740296680471,False
pilot2,1740296741155,False
pilot2,1740296801530,True
pilot2,1740296852561,False
pilot2,1740296904664,False
pilot2,1740296965297,False
pilot2,1740297025841,False
pilot2,1740297076974,False
pilot2,1740297137429,False
pilot2,1740297188390,False
pilot2,1740297249127,False
pilot2,1740297299812,False
pilot2,1740297360363,False
pilot2,1740297411334,False
pilot2,1740297471991,False
pilot2,1740297522731,False
pilot2,1740297583561,False
pilot2,1740301258193,False
pilot2,1740301318883,False
pilot2,1740301379488,False
pilot2,1740301440258,False
pilot2,1740301490967,False
pilot2,1740301551712,False
pilot2,1740301602565,False
pilot2,1740301663352,False
pilot2,1740301714249,False
pilot2,1740301774806,False
pilot2,1740301825254,True
pilot2,1740301885829,True
pilot2,1740301946485,True
pilot2,1740302007113,True
pilot2,1740302067503,True
pilot2,1740302128073,True
pilot2,1740302188897,False
pilot2,1740302239571,False
pilot2,1740302297862,False
pilot2,1740302348805,False
pilot2,1740302409452,False
pilot2,1740302460320,False
pilot2,1740302520957,False
pilot2,1740302571559,False
pilot2,1740302632316,False
pilot2,1740302683201,False
pilot2,1740302743673,True
pilot2,1740302794438,True
pilot2,1740302854984,True
pilot2,1740302915472,True
pilot2,1740302968939,True
pilot2,1740303025202,False
pilot2,1740303086183,False
pilot2,1740303146570,False
pilot2,1740303197461,False
pilot2,1740303258164,False
pilot2,1740303309096,False
pilot2,1740303369779,False
pilot2,1740303420533,False
pilot2,1740303481310,False
pilot2,1740303531792,False
pilot2,1740303592500,False
pilot2,1740303643359,False
pilot2,1740303703994,False
pilot2,1740303764597,False
pilot2,1740303817010,False
pilot2,1740303873957,False
pilot2,1740303934285,False
pilot2,1740303995005,False
pilot2,1740304055267,False
pilot2,1740304116201,False
pilot2,1740304167067,False
pilot2,1740304227760,False
pilot2,1740304278560,False
pilot2,1740304339464,False
pilot2,1740304400041,False
pilot2,1740304460584,False
pilot2,1740304521251,True
pilot2,1740304581799,True
pilot2,1740304632865,False
pilot2,1740304693601,False
pilot2,1740304754208,False
pilot2,1740333649698,False
pilot2,1740333700345,False
pilot2,1740333760998,False
pilot2,1740333811723,False
pilot2,1740333872312,False
pilot2,1740333932956,False
pilot2,1740333993502,False
pilot2,1740334044016,False
pilot2,1740334102461,False
pilot2,1740334153184,False
pilot2,1740334213754,False
pilot2,1740334264504,False
pilot2,1740334325157,False
pilot2,1740334375664,False
pilot2,1740334436041,False
pilot2,1740334486571,False
pilot2,1740334547226,False
pilot2,1740334597981,False
pilot2,1740334658487,False
pilot2,1740334709201,False
pilot2,1740334768229,False
pilot2,1740334818894,False
pilot2,1740334879481,False
pilot2,1740334930234,False
pilot2,1740334990910,False
pilot2,1740335041485,False
pilot2,1740335102113,False
pilot2,1740335152941,False
pilot2,1740335213492,False
pilot2,1740335264316,False
pilot2,1740335324883,False
pilot2,1740335375366,False
pilot2,1740335433631,False
pilot2,1740335484252,False
pilot2,1740335544831,False
pilot2,1740335595611,False
pilot2,1740335656097,False
pilot2,1740335706931,False
pilot2,1740335767579,False
pilot2,1740335818010,False
pilot2,1740335878577,False
pilot2,1740335939221,False
pilot2,1740335999834,False
pilot2,1740336050549,False
pilot2,1740336111123,False
pilot2,1740336161849,False
pilot2,1740336220476,False
pilot2,1740336271218,False
pilot2,1740336331816,False
pilot2,1740336382675,False
pilot2,1740336443167,True
pilot2,1740336494173,False
pilot2,1740336554767,True
pilot2,1740336605846,False
pilot2,1740336666540,False
pilot2,1740336727240,False
pilot2,1740336787603,True
pilot2,1740336838677,False
pilot2,1740336898987,False
pilot2,1740336949802,False
pilot2,1740337008052,False
pilot2,1740337058922,False
pilot2,1740337119480,False
pilot2,1740337170390,False
pilot2,1740348036271,True
pilot2,1740348096739,True
pilot2,1740348157016,True
pilot2,1740348157864,True
pilot2,1740348217416,True
pilot2,1740348271978,True
pilot2,1740348332774,False
pilot2,1740348383447,False
pilot2,1740348443920,True
pilot2,1740348504405,True
pilot2,1740348564979,True
pilot2,1740348625436,True
pilot2,1740348686061,True
pilot2,1740348746548,True
pilot2,1740348802300,False
pilot2,1740348862991,False
pilot2,1740348913768,False
pilot2,1740348974575,False
pilot2,1740349025515,False
pilot2,1740349086291,False
pilot2,1740349137070,False
pilot2,1740349197845,False
pilot2,1740349248672,False
pilot2,1740349307748,True
pilot2,1740349359312,True
pilot2,1740349419720,True
pilot2,1740349470658,True
pilot2,1740349531297,True
pilot2,1740349582101,True
pilot2,1740349642611,True
pilot2,1740349693491,True
pilot2,1740349754011,True
pilot2,1740349804649,True
pilot2,1740349865380,True
pilot2,1740349916137,True
pilot2,1740349974183,True
pilot2,1740350025190,True
pilot2,1740350085661,True
pilot2,1740350136503,True
pilot2,1740350196894,True
pilot2,1740350247596,True
pilot2,1740350308278,True
pilot2,1740350358854,False
pilot2,1740350419514,False
pilot2,1740350480410,False
pilot2,1740350540887,False
pilot2,1740350593468,True
pilot2,1740350654006,False
pilot2,1740350704847,False
pilot2,1740350762127,False
pilot2,1740350812830,False
pilot2,1740350873564,False
pilot2,1740350924405,True
pilot2,1740350984929,False
pilot2,1740351045707,False
pilot2,1740351106299,False
pilot2,1740351157090,False
pilot2,1740351217858,False
pilot2,1740351268694,False
pilot2,1740351329356,False
pilot2,1740351379956,False
pilot2,1740351440826,False
pilot2,1740351501536,False
pilot2,1740351561974,False
pilot2,1740268809715,False
pilot2,1740268860449,False
pilot2,1740268920901,False
pilot2,1740268981514,False
pilot2,1740269038703,False
pilot2,1740269099479,False
pilot2,1740269150405,False
pilot2,1740269211230,False
pilot2,1740269261994,False
pilot2,1740269322685,False
pilot2,1740269373681,False
pilot2,1740269426236,False
pilot2,1740269478589,False
pilot2,1740269539463,False
pilot2,1740269590371,False
pilot2,1740269650969,False
pilot2,1740269701748,False
pilot2,1740269762556,False
pilot2,1740269813497,False
pilot2,1740269874236,False
pilot2,1740269925207,False
pilot2,1740269985990,False
pilot2,1740270036715,False
pilot2,1740270093906,False
pilot2,1740270144642,False
pilot2,1740270205585,False
pilot2,1740270256520,False
pilot2,1740270317022,False
pilot2,1740270368046,False
pilot2,1740270428854,False
pilot2,1740270479464,False
pilot2,1740270540057,True
pilot2,1740270942009,True
pilot2,1740270993143,False
pilot2,1740271053792,False
pilot2,1740271104677,False
pilot2,1740271165589,False
pilot2,1740271216514,False
pilot2,1740271277247,False
pilot2,1740271327972,False
pilot2,1740271388889,False
pilot2,1740271439980,False
pilot2,1740271500599,False
pilot2,1740271561303,False
pilot2,1740271622091,False
pilot2,1740271672835,False
pilot2,1740271731133,False
pilot2,1740271782282,False
pilot2,1740271843080,False
pilot2,1740271894027,False
pilot2,1740271972888,False
pilot2,1740272024991,False
pilot2,1740272086127,False
pilot2,1740272137924,False
pilot2,1740272198995,False
pilot2,1740272250367,False
pilot2,1740272311568,False
pilot2,1740272363368,False
pilot2,1740286832008,False
pilot2,1740286892757,False
pilot2,1740286943628,False
pilot2,1740287004389,False
pilot2,1740287055310,False
pilot2,1740287116023,False
pilot2,1740287166918,False
pilot2,1740287227548,False
pilot2,1740287278303,False
pilot2,1740287338850,False
pilot2,1740287389806,False
pilot2,1740287447292,False
pilot2,1740287497939,False
pilot2,1740287558857,False
pilot2,1740287609750,False
pilot2,1740287670501,False
pilot2,1740287721423,False
pilot2,1740287782086,False
pilot2,1740287832933,False
pilot2,1740287893593,False
pilot2,1740287944483,False
pilot2,1740288005337,False
pilot2,1740288056241,False
pilot2,1740288114864,False
pilot2,1740288165764,False
pilot2,1740288226466,False
pilot2,1740288277394,False
pilot2,1740288338159,False
pilot2,1740288389089,False
pilot2,1740288449671,False
pilot2,1740288500869,False
pilot2,1740288561553,False
pilot2,1740288612425,False
pilot2,1740288673128,False
pilot2,1740288724051,False
pilot2,1740288781914,False
pilot2,1740288832769,False
pilot2,1740288893474,False
pilot2,1740288944436,False
pilot2,1740289005133,False
pilot2,1740289055972,False
pilot2,1740289116731,False
pilot2,1740289167635,False
pilot2,1740289228302,False
pilot2,1740289278987,False
pilot2,1740289339752,False
pilot2,1740289390563,False
pilot2,1740289449322,False
pilot2,1740289500106,False
pilot2,1740289560782,False
pilot2,1740289611558,False
pilot2,1740289672231,False
pilot2,1740289723062,False
pilot2,1740289783815,False
pilot2,1740289834724,False
pilot2,1740289895368,False
pilot2,1740289946323,False
pilot2,1740290007057,False
pilot2,1740290057956,False
pilot2,1740290116178,False
pilot2,1740290167198,False
pilot2,1740290227864,False
pilot2,1740290278742,False
pilot2,1740290339311,False
pilot2,1740290389983,False
pilot2,1740337231054,False
pilot2,1740337281931,False
pilot2,1740337342521,False
pilot2,1740337393377,False
pilot2,1740337454112,False
pilot2,1740337514881,False
pilot2,1740337575375,False
pilot2,1740337636071,False
pilot2,1740337696639,False
pilot2,1740337747366,False
pilot2,1740337808138,False
pilot2,1740337858891,False
pilot2,1740337917199,False
pilot2,1740337967709,False
pilot2,1740338028500,False
pilot2,1740338079274,False
pilot2,1740338139976,False
pilot2,1740338190841,False
pilot2,1740338251548,False
pilot2,1740338302347,False
pilot2,1740338362767,False
pilot2,1740338413304,False
pilot2,1740338473966,False
pilot2,1740338524507,False
pilot2,1740338583450,False
pilot2,1740338634290,False
pilot2,1740338694899,False
pilot2,1740338755419,False
pilot2,1740338816085,False
pilot2,1740338866857,False
pilot2,1740338927519,False
pilot2,1740338978179,True
pilot2,1740339038593,True
pilot2,1740339089163,True
pilot2,1740339150047,False
pilot2,1740339200934,False
pilot2,1740339261692,False
pilot2,1740339312597,False
pilot2,1740339370790,False
pilot2,1740339421352,False
pilot2,1740339482055,False
pilot2,1740339532984,False
pilot2,1740339593642,False
pilot2,1740339644475,False
pilot2,1740339705147,False
pilot2,1740339755884,False
pilot2,1740339816625,False
pilot2,1740339867289,False
pilot2,1740339927952,False
pilot2,1740339978837,False
pilot2,1740340037650,False
pilot2,1740340098263,False
pilot2,1740340154099,False
pilot2,1740340214781,False
pilot2,1740340265674,False
pilot2,1740340326319,False
pilot2,1740340377038,False
pilot2,1740340437872,False
pilot2,1740340488763,False
pilot2,1740340549503,False
pilot2,1740340600357,False
pilot2,1740340660991,False
pilot2,1740340711607,False
pilot2,1740340764625,False
pilot2,1740340816756,False
pilot2,1740340877426,False
pilot2,1740340928303,False
pilot2,1740340989085,False
pilot2,1740341039968,False
pilot2,1740341100660,False
pilot2,1740341151299,False
pilot2,1740341212062,False
pilot2,1740341262834,False
pilot2,1740341323366,False
pilot2,1740341374262,False
pilot2,1740341431209,False
pilot2,1740341481985,False
pilot2,1740341542685,False
pilot2,1740341593549,False
pilot2,1740341654261,False
pilot2,1740341704972,False
pilot2,1740341765676,False
pilot2,1740341816587,False
pilot2,1740341877270,False
pilot2,1740341928134,False
pilot2,1740341988840,False
pilot2,1740342039514,False
pilot2,1740342098151,False
pilot2,1740342148619,False
pilot2,1740342209317,False
pilot2,1740342260192,False
pilot2,1740342320883,False
pilot2,1740342371672,False
pilot2,1740342432430,False
pilot2,1740342483332,False
pilot2,1740342543998,False
pilot2,1740342594493,False
pilot2,1740342655335,False
pilot2,1740342705786,False
pilot2,1740342764959,False
pilot2,1740342815788,False
pilot2,1740342876472,False
pilot2,1740342927359,False
pilot2,1740342988071,False
pilot2,1740343038811,False
pilot2,1740343099579,False
pilot2,1740343150401,False
pilot2,1740343211118,False
pilot2,1740343261977,False
pilot2,1740343322433,False
pilot2,1740343373274,False
pilot2,1740343431599,False
pilot2,1740343482525,False
pilot2,1740343543249,False
pilot2,1740343593900,False
pilot2,1740343654662,False
pilot2,1740343705560,False
pilot2,1740343766269,False
pilot2,1740343817198,False
pilot2,1740343877878,False
pilot2,1740343928710,False
pilot2,1740343989488,False
pilot2,1740344040339,False
pilot2,1740344098113,False
pilot2,1740344148878,False
pilot2,1740344209617,False
pilot2,1740344260509,False
pilot2,1740344321205,False
pilot2,1740344372137,False
pilot2,1740106820976,False
pilot2,1740106881559,False
pilot2,1740106932146,False
pilot2,1740106992605,False
pilot2,1740107043323,False
pilot2,1740107103902,False
pilot2,1740107154971,False
pilot2,1740107212820,False
pilot2,1740107263787,False
pilot2,1740107324577,False
pilot2,1740107375678,False
pilot2,1740107436251,False
pilot2,1740107486979,False
pilot2,1740107547874,False
pilot2,1740107598901,False
pilot2,1740107659547,False
pilot2,1740107710501,False
pilot2,1740107771278,False
pilot2,1740107822279,False
pilot2,1740107880335,False
pilot2,1740107931258,False
pilot2,1740107991931,False
pilot2,1740108043033,False
pilot2,1740108103817,False
pilot2,1740108154436,False
pilot2,1740108215204,False
pilot2,1740108266094,False
pilot2,1740108326682,False
pilot2,1740108377707,False
pilot2,1740108438424,False
pilot2,1740108489275,False
pilot2,1740108547647,False
pilot2,1740108598698,False
pilot2,1740108659373,False
pilot2,1740108720088,False
pilot2,1740108780659,False
pilot2,1740108841358,False
pilot2,1740108892338,False
pilot2,1740108953120,False
pilot2,1740109004170,False
pilot2,1740109064864,False
pilot2,1740109115771,False
pilot2,1740109176574,False
pilot2,1740109227284,False
pilot2,1740109288120,False
pilot2,1740109338952,False
pilot2,1740109396972,False
pilot2,1740109457547,False
pilot2,1740109518156,False
pilot2,1740109569211,False
pilot2,1740109629925,False
pilot2,1740109680591,False
pilot2,1740109741346,False
pilot2,1740109792346,False
pilot2,1740109853059,False
pilot2,1740109903701,False
pilot2,1740109964395,False
pilot2,1740110015297,False
pilot2,1740110076022,False
pilot2,1740110126966,False
pilot2,1740110185281,False
pilot2,1740110236059,False
pilot2,1740110296737,False
pilot2,1740110347739,False
pilot2,1740153639852,True
pilot2,1740153699037,False
pilot2,1740153749886,False
pilot2,1740153810306,True
pilot2,1740153870811,True
pilot2,1740153931351,True
pilot2,1740153991773,True
pilot2,1740154052334,True
pilot2,1740154112983,False
pilot2,1740154163803,False
pilot2,1740154224304,False
pilot2,1740154274858,False
pilot2,1740154335476,False
pilot2,1740154386345,False
pilot2,1740154447026,False
pilot2,1740154499631,False
pilot2,1740154559869,False
pilot2,1740154620398,False
pilot2,1740154680818,False
pilot2,1740154731560,False
pilot2,1740154788645,False
pilot2,1740154849285,False
pilot2,1740154909432,True
pilot2,1740154910073,True
pilot2,1740154969956,True
pilot2,1740155030434,True
pilot2,1740155030953,True
pilot2,1740155091327,False
pilot2,1740155092288,False
pilot2,1740155142772,True
pilot2,1740155203369,True
pilot2,1740155263867,True
pilot2,1740155324412,False
pilot2,1740155385179,False
pilot2,1740155445737,False
pilot2,1740155506203,True
pilot2,1740155566953,False
pilot2,1740155627337,True
pilot2,1740155688106,False
pilot2,1740155738914,False
pilot2,1740155799547,False
pilot2,1740155850326,False
pilot2,1740155910997,False
pilot2,1740155961884,False
pilot2,1740156022614,False
pilot2,1740156073418,False
pilot2,1740156133933,False
pilot2,1740156184713,False
pilot2,1740156241938,False
pilot2,1740156292712,False
pilot2,1740156353440,False
pilot2,1740156404229,False
pilot2,1740156464855,False
pilot2,1740156515627,True
pilot2,1740156576089,False
pilot2,1740156636423,True
pilot2,1740156697096,False
pilot2,1740156747829,False
pilot2,1740156808348,False
pilot2,1740156859102,False
pilot2,1740156919711,False
pilot2,1740156970684,False
pilot2,1740157029724,False
pilot2,1740157080553,False
pilot2,1740157141281,False
pilot2,1740110408451,False
pilot2,1740110459212,False
pilot2,1740110519825,False
pilot2,1740110570749,False
pilot2,1740110631457,False
pilot2,1740110682514,False
pilot2,1740110743166,False
pilot2,1740110794131,False
pilot2,1740110852662,False
pilot2,1740110903645,False
pilot2,1740110964335,False
pilot2,1740111015199,False
pilot2,1740111075939,False
pilot2,1740111126766,False
pilot2,1740111187598,False
pilot2,1740111238526,False
pilot2,1740111299237,False
pilot2,1740111350142,False
pilot2,1740111410861,False
pilot2,1740111461470,False
pilot2,1740111519913,False
pilot2,1740111570861,False
pilot2,1740111631566,False
pilot2,1740111682295,False
pilot2,1740111743091,False
pilot2,1740111793914,False
pilot2,1740111854612,False
pilot2,1740111905550,False
pilot2,1740111966241,False
pilot2,1740112016981,False
pilot2,1740112077808,False
pilot2,1740112128356,False
pilot2,1740112186651,False
pilot2,1740112237573,False
pilot2,1740112298303,False
pilot2,1740112349181,False
pilot2,1740112409913,False
pilot2,1740112460603,False
pilot2,1740112521470,False
pilot2,1740112572353,False
pilot2,1740112633085,False
pilot2,1740112683923,False
pilot2,1740112744684,False
pilot2,1740112795628,False
pilot2,1740112853674,False
pilot2,1740112904612,False
pilot2,1740112965216,False
pilot2,1740113015995,False
pilot2,1740113076762,False
pilot2,1740113127510,False
pilot2,1740113188318,False
pilot2,1740113239205,False
pilot2,1740113299911,False
pilot2,1740113350897,False
pilot2,1740113411622,False
pilot2,1740113462571,False
pilot2,1740113521064,False
pilot2,1740113572026,False
pilot2,1740113632740,False
pilot2,1740113683474,False
pilot2,1740113744327,False
pilot2,1740113795204,False
pilot2,1740113855990,False
pilot2,1740113906936,False
pilot2,1740113967677,False
pilot2,1740135653940,True
pilot2,1740135714361,True
pilot2,1740135775206,True
pilot2,1740135835777,True
pilot2,1740135896252,True
pilot2,1740135946966,True
pilot2,1740136004857,True
pilot2,1740136055440,True
pilot2,1740136116102,True
pilot2,1740136167026,True
pilot2,1740136227494,True
pilot2,1740136278208,True
pilot2,1740136338932,True
pilot2,1740136399498,True
pilot2,1740136460022,True
pilot2,1740136510633,True
pilot2,1740136571302,True
pilot2,1740136622063,True
pilot2,1740136682724,True
pilot2,1740136733602,True
pilot2,1740136791326,False
pilot2,1740136842156,False
pilot2,1740136902735,False
pilot2,1740136953438,False
pilot2,1740137014219,False
pilot2,1740137064976,False
pilot2,1740137125706,False
pilot2,1740137176379,False
pilot2,1740137237075,False
pilot2,1740137287797,False
pilot2,1740137348352,True
pilot2,1740137408808,True
pilot2,1740137469334,True
pilot2,1740137529890,True
pilot2,1740137580511,True
pilot2,1740137638858,True
pilot2,1740137689727,True
pilot2,1740137750299,True
pilot2,1740137810802,True
pilot2,1740137871317,True
pilot2,1740137921976,True
pilot2,1740137982598,False
pilot2,1740138033260,False
pilot2,1740138093971,False
pilot2,1740138144879,False
pilot2,1740138205578,False
pilot2,1740138256394,False
pilot2,1740138316987,False
pilot2,1740138367747,False
pilot2,1740138426572,False
pilot2,1740138477394,False
pilot2,1740138538008,False
pilot2,1740138588878,False
pilot2,1740138649522,False
pilot2,1740138700285,False
pilot2,1740138760643,True
pilot2,1740138811749,False
pilot2,1740138872403,False
pilot2,1740138933155,False
pilot2,1740138993707,False
pilot2,1740139044577,False
pilot2,1740139105355,False
pilot2,1740139166025,False
pilot2,1740132004388,False
pilot2,1740132065265,False
pilot2,1740132116086,False
pilot2,1740132176829,False
pilot2,1740132227944,False
pilot2,1740132288636,False
pilot2,1740132349393,False
pilot2,1740132407721,False
pilot2,1740132468503,False
pilot2,1740132519577,False
pilot2,1740132579890,False
pilot2,1740132631083,False
pilot2,1740132691848,False
pilot2,1740132752628,False
pilot2,1740132805459,False
pilot2,1740132866191,False
pilot2,1740132926932,False
pilot2,1740132987717,False
pilot2,1740133048333,False
pilot2,1740133108983,False
pilot2,1740133169642,False
pilot2,1740133220543,False
pilot2,1740133278384,False
pilot2,1740133328889,False
pilot2,1740133389792,False
pilot2,1740133440563,False
pilot2,1740133501245,False
pilot2,1740133552235,False
pilot2,1740133612967,False
pilot2,1740133663877,False
pilot2,1740133724502,False
pilot2,1740133775599,True
pilot2,1740133836066,True
pilot2,1740133886612,True
pilot2,1740133946275,False
pilot2,1740133997224,False
pilot2,1740134057876,False
pilot2,1740134118693,False
pilot2,1740134179217,True
pilot2,1740134240102,False
pilot2,1740134300271,True
pilot2,1740134360828,True
pilot2,1740134411621,False
pilot2,1740134472357,False
pilot2,1740134532951,False
pilot2,1740134592989,False
pilot2,1740134653590,False
pilot2,1740134714324,False
pilot2,1740134774861,False
pilot2,1740134835493,False
pilot2,1740134896009,False
pilot2,1740134956792,False
pilot2,1740135014886,False
pilot2,1740135075531,False
pilot2,1740135126454,False
pilot2,1740135186982,False
pilot2,1740135237883,False
pilot2,1740135298611,False
pilot2,1740135359270,False
pilot2,1740135412074,False
pilot2,1740135472488,True
pilot2,1740135532904,True
pilot2,1740135593415,True
pilot2,1740139226485,False
pilot2,1740139276951,False
pilot2,1740139335728,False
pilot2,1740139386122,False
pilot2,1740139446872,False
pilot2,1740139497774,False
pilot2,1740139558370,False
pilot2,1740139608977,False
pilot2,1740139669696,False
pilot2,1740139720625,False
pilot2,1740139781309,False
pilot2,1740139842005,False
pilot2,1740139894338,False
pilot2,1740139954985,False
pilot2,1740140005623,False
pilot2,1740140063285,False
pilot2,1740140123910,False
pilot2,1740140184363,False
pilot2,1740140244999,False
pilot2,1740140305714,False
pilot2,1740140356609,False
pilot2,1740140417040,True
pilot2,1740140477437,False
pilot2,1740140538255,False
pilot2,1740140589144,False
pilot2,1740140649608,True
pilot2,1740140700280,True
pilot2,1740140760892,True
pilot2,1740140811633,True
pilot2,1740140872072,True
pilot2,1740140922877,True
pilot2,1740140983534,False
pilot2,1740141034258,False
pilot2,1740141093358,False
pilot2,1740141144186,False
pilot2,1740141204845,False
pilot2,1740141255239,False
pilot2,1740141316097,False
pilot2,1740141366869,False
pilot2,1740141427524,False
pilot2,1740141488112,False
pilot2,1740141539010,False
pilot2,1740141599712,False
pilot2,1740141650603,False
pilot2,1740141710878,True
pilot2,1740141761790,False
pilot2,1740141820934,False
pilot2,1740141881545,False
pilot2,1740141941571,True
pilot2,1740141942355,True
pilot2,1740141993340,True
pilot2,1740142053984,False
pilot2,1740142104781,False
pilot2,1740142165482,False
pilot2,1740142216310,False
pilot2,1740142277035,False
pilot2,1740142327923,False
pilot2,1740142388599,False
pilot2,1740142439463,False
pilot2,1740142500276,False
pilot2,1740142550785,False
pilot2,1740142608468,False
pilot2,1740142659326,False
pilot2,1740142720068,False
pilot2,1740142770805,False
pilot2,1740124814622,False
pilot2,1740124865240,False
pilot2,1740124919987,False
pilot2,1740124980433,True
pilot2,1740125040938,False
pilot2,1740125041801,False
pilot2,1740125101466,False
pilot2,1740125162125,False
pilot2,1740125222617,False
pilot2,1740125283091,False
pilot2,1740125343915,False
pilot2,1740125394742,False
pilot2,1740125455325,False
pilot2,1740125506025,True
pilot2,1740125566459,True
pilot2,1740125617517,False
pilot2,1740125678125,True
pilot2,1740125738797,False
pilot2,1740125799301,False
pilot2,1740125850108,False
pilot2,1740125910853,False
pilot2,1740125961474,False
pilot2,1740126022203,False
pilot2,1740126082931,False
pilot2,1740126139811,False
pilot2,1740126192532,False
pilot2,1740126245248,False
pilot2,1740126305826,False
pilot2,1740126356750,False
pilot2,1740126417409,False
pilot2,1740126468032,False
pilot2,1740126528665,False
pilot2,1740126579744,False
pilot2,1740126640125,False
pilot2,1740126700766,False
pilot2,1740126761356,True
pilot2,1740126821743,True
pilot2,1740126882189,True
pilot2,1740126942951,False
pilot2,1740126993682,False
pilot2,1740127054022,True
pilot2,1740127114581,True
pilot2,1740127175251,True
pilot2,1740127235618,True
pilot2,1740127286448,True
pilot2,1740127342441,True
pilot2,1740127393206,True
pilot2,1740127453709,True
pilot2,1740127504302,True
pilot2,1740127564781,True
pilot2,1740127625347,True
pilot2,1740127685864,True
pilot2,1740127736565,True
pilot2,1740127797103,True
pilot2,1740127847739,True
pilot2,1740127908227,True
pilot2,1740127958773,True
pilot2,1740128019246,True
pilot2,1740128069902,True
pilot2,1740128128549,True
pilot2,1740128179260,True
pilot2,1740128239658,True
pilot2,1740128290738,True
pilot2,1740128351249,True
pilot2,1740157202013,False
pilot2,1740157262589,False
pilot2,1740157323204,False
pilot2,1740157383654,False
pilot2,1740157444307,False
pilot2,1740157494942,False
pilot2,1740157555697,False
pilot2,1740157606526,False
pilot2,1740157667097,False
pilot2,1740157717964,False
pilot2,1740157778684,False
pilot2,1740157829498,False
pilot2,1740157890165,False
pilot2,1740157941133,False
pilot2,1740157999121,False
pilot2,1740158049839,False
pilot2,1740158110480,False
pilot2,1740158161178,False
pilot2,1740158221830,False
pilot2,1740158272731,False
pilot2,1740158333425,False
pilot2,1740158384251,False
pilot2,1740158444997,False
pilot2,1740158495561,False
pilot2,1740158556302,False
pilot2,1740158606914,False
pilot2,1740158665514,False
pilot2,1740158716411,False
pilot2,1740158776975,False
pilot2,1740158827830,False
pilot2,1740158888461,False
pilot2,1740158939152,False
pilot2,1740158999882,False
pilot2,1740159050488,False
pilot2,1740159111216,False
pilot2,1740159162149,False
pilot2,1740159222817,False
pilot2,1740159273510,False
pilot2,1740159332341,False
pilot2,1740159382828,False
pilot2,1740159443649,False
pilot2,1740159504315,False
pilot2,1740159565069,False
pilot2,1740159615675,False
pilot2,1740159676327,False
pilot2,1740159727222,False
pilot2,1740159787890,False
pilot2,1740159838755,False
pilot2,1740159899245,False
pilot2,1740159950056,False
pilot2,1740160010598,True
pilot2,1740160061420,False
pilot2,1740160120367,False
pilot2,1740160180678,False
pilot2,1740160241320,False
pilot2,1740160292183,False
pilot2,1740160352923,False
pilot2,1740160413678,False
pilot2,1740160474343,False
pilot2,1740160524902,False
pilot2,1740160585830,False
pilot2,1740160636615,False
pilot2,1740160697259,False
pilot2,1740160748057,False
pilot2,1740142831542,False
pilot2,1740142882337,False
pilot2,1740142943062,False
pilot2,1740142993954,False
pilot2,1740143054670,False
pilot2,1740143105546,False
pilot2,1740143166129,False
pilot2,1740143216747,False
pilot2,1740143275216,False
pilot2,1740143326097,False
pilot2,1740143386622,False
pilot2,1740143437463,False
pilot2,1740143498177,False
pilot2,1740143549113,False
pilot2,1740143609827,False
pilot2,1740143660479,False
pilot2,1740143721238,False
pilot2,1740143772122,False
pilot2,1740143832768,False
pilot2,1740143883518,False
pilot2,1740143941922,False
pilot2,1740143992622,False
pilot2,1740144053402,False
pilot2,1740144104048,False
pilot2,1740144164853,False
pilot2,1740144215640,False
pilot2,1740144276177,False
pilot2,1740144327027,False
pilot2,1740144387566,False
pilot2,1740144438298,False
pilot2,1740144499026,False
pilot2,1740144549895,False
pilot2,1740144608911,False
pilot2,1740144659554,False
pilot2,1740144720349,False
pilot2,1740144771262,False
pilot2,1740144831881,False
pilot2,1740144882833,False
pilot2,1740144943537,False
pilot2,1740144994313,False
pilot2,1740145054975,False
pilot2,1740145105825,False
pilot2,1740145166485,False
pilot2,1740145217149,False
pilot2,1740145275934,False
pilot2,1740145326716,False
pilot2,1740145387423,False
pilot2,1740145438083,False
pilot2,1740145498852,False
pilot2,1740145549752,False
pilot2,1740145610390,False
pilot2,1740145661294,False
pilot2,1740145721996,False
pilot2,1740145772837,False
pilot2,1740145833466,False
pilot2,1740145884128,False
pilot2,1740145942800,False
pilot2,1740145993614,False
pilot2,1740146054252,False
pilot2,1740146105142,False
pilot2,1740146165845,False
pilot2,1740146216770,False
pilot2,1740146277477,False
pilot2,1740146328185,False
pilot2,1740146388961,False
pilot2,1740171650893,True
pilot2,1740171701568,True
pilot2,1740171759480,False
pilot2,1740171810319,False
pilot2,1740171871019,False
pilot2,1740171921922,False
pilot2,1740171982666,False
pilot2,1740172033550,False
pilot2,1740172094281,False
pilot2,1740172145187,False
pilot2,1740172206037,False
pilot2,1740172257033,False
pilot2,1740172317728,False
pilot2,1740172368511,False
pilot2,1740172426940,False
pilot2,1740172477669,False
pilot2,1740172538499,False
pilot2,1740172589396,False
pilot2,1740172650146,False
pilot2,1740172701083,False
pilot2,1740172761831,False
pilot2,1740172812692,False
pilot2,1740172873458,False
pilot2,1740172924126,False
pilot2,1740172984885,False
pilot2,1740173035605,False
pilot2,1740173093987,False
pilot2,1740173144871,False
pilot2,1740173205580,False
pilot2,1740173256601,False
pilot2,1740173317250,False
pilot2,1740173367740,False
pilot2,1740173428268,False
pilot2,1740173479155,False
pilot2,1740173539928,False
pilot2,1740173590754,False
pilot2,1740173651546,False
pilot2,1740173702162,False
pilot2,1740173760833,False
pilot2,1740173811391,False
pilot2,1740173872315,False
pilot2,1740173923308,False
pilot2,1740173984083,False
pilot2,1740174034841,False
pilot2,1740174095634,False
pilot2,1740174146587,False
pilot2,1740174207336,False
pilot2,1740174258269,False
pilot2,1740174318770,False
pilot2,1740174369257,False
pilot2,1740174427666,False
pilot2,1740174478460,False
pilot2,1740174539363,False
pilot2,1740174590184,False
pilot2,1740174650956,False
pilot2,1740174701522,False
pilot2,1740174762380,False
pilot2,1740174812889,False
pilot2,1740174873581,False
pilot2,1740174924560,False
pilot2,1740174985307,False
pilot2,1740175036073,False
pilot2,1740175094208,False
pilot2,1740175144974,False
pilot2,1740117634529,False
pilot2,1740117685385,False
pilot2,1740117746023,False
pilot2,1740117796958,False
pilot2,1740117857680,False
pilot2,1740117908619,False
pilot2,1740117969284,False
pilot2,1740118020138,False
pilot2,1740118080912,False
pilot2,1740118131432,False
pilot2,1740118189896,False
pilot2,1740118240796,False
pilot2,1740118301509,False
pilot2,1740118352406,False
pilot2,1740118413101,False
pilot2,1740118463935,False
pilot2,1740118524699,False
pilot2,1740118575594,False
pilot2,1740118636297,False
pilot2,1740118687210,False
pilot2,1740118747797,False
pilot2,1740118798590,False
pilot2,1740118857070,False
pilot2,1740118907960,False
pilot2,1740118968574,False
pilot2,1740119019436,False
pilot2,1740119080117,False
pilot2,1740119130959,False
pilot2,1740119191629,False
pilot2,1740119242259,False
pilot2,1740119303026,False
pilot2,1740119353870,False
pilot2,1740119414504,False
pilot2,1740119465436,False
pilot2,1740119524197,False
pilot2,1740119574892,False
pilot2,1740119635572,False
pilot2,1740119686586,False
pilot2,1740119747262,False
pilot2,1740119798055,False
pilot2,1740119858819,False
pilot2,1740119909729,False
pilot2,1740119970421,False
pilot2,1740120021209,False
pilot2,1740120081976,False
pilot2,1740120132691,False
pilot2,1740120191303,False
pilot2,1740120242088,False
pilot2,1740120302729,False
pilot2,1740120363404,False
pilot2,1740120424062,False
pilot2,1740120474991,False
pilot2,1740120535761,False
pilot2,1740120586627,False
pilot2,1740120647237,False
pilot2,1740120698040,False
pilot2,1740120758787,False
pilot2,1740120809688,False
pilot2,1740120870462,False
pilot2,1740120921268,False
pilot2,1740120979401,False
pilot2,1740121030144,False
pilot2,1740121090945,False
pilot2,1740121141490,False
pilot2,1740150024144,True
pilot2,1740150084683,True
pilot2,1740150135453,True
pilot2,1740150195938,True
pilot2,1740150246743,False
pilot2,1740150305358,False
pilot2,1740150355981,False
pilot2,1740150416747,False
pilot2,1740150467485,False
pilot2,1740150528129,False
pilot2,1740150579048,False
pilot2,1740150639678,False
pilot2,1740150690383,False
pilot2,1740150751304,False
pilot2,1740150802123,False
pilot2,1740150862778,False
pilot2,1740150923192,False
pilot2,1740150984090,False
pilot2,1740151044587,False
pilot2,1740151105185,False
pilot2,1740151165755,False
pilot2,1740151226428,False
pilot2,1740151277249,False
pilot2,1740151336053,False
pilot2,1740151386590,False
pilot2,1740151447329,False
pilot2,1740151498176,False
pilot2,1740151558793,False
pilot2,1740151609385,False
pilot2,1740151670026,False
pilot2,1740151720986,False
pilot2,1740151781682,False
pilot2,1740151842381,False
pilot2,1740151902956,False
pilot2,1740151963023,False
pilot2,1740152023681,False
pilot2,1740152074772,False
pilot2,1740152135482,False
pilot2,1740152185990,False
pilot2,1740152245320,False
pilot2,1740152296087,False
pilot2,1740152356805,False
pilot2,1740152407836,False
pilot2,1740152468526,False
pilot2,1740152519495,False
pilot2,1740152579941,True
pilot2,1740152630643,True
pilot2,1740152691435,False
pilot2,1740152742037,False
pilot2,1740152802702,False
pilot2,1740152853471,False
pilot2,1740152911464,False
pilot2,1740152971870,False
pilot2,1740152972558,False
pilot2,1740153032421,False
pilot2,1740153083062,False
pilot2,1740153143582,False
pilot2,1740153194321,False
pilot2,1740153255182,False
pilot2,1740153305949,False
pilot2,1740153366568,False
pilot2,1740153417142,False
pilot2,1740153477495,True
pilot2,1740153528414,False
pilot2,1740153589134,False
pilot2,1740099618217,False
pilot2,1740099679125,False
pilot2,1740099740117,False
pilot2,1740099791773,False
pilot2,1740099852757,False
pilot2,1740099904388,False
pilot2,1740099965316,False
pilot2,1740100016795,False
pilot2,1740100077694,False
pilot2,1740100129247,False
pilot2,1740100190269,False
pilot2,1740100241749,False
pilot2,1740100302697,False
pilot2,1740100354182,False
pilot2,1740100409183,False
pilot2,1740100460510,False
pilot2,1740100521593,False
pilot2,1740100573512,False
pilot2,1740100634450,False
pilot2,1740100685984,False
pilot2,1740100746841,False
pilot2,1740100799762,False
pilot2,1740100860503,False
pilot2,1740100911728,False
pilot2,1740100973720,False
pilot2,1740101024659,False
pilot2,1740101082369,False
pilot2,1740101133662,False
pilot2,1740101194808,False
pilot2,1740101246039,False
pilot2,1740101307439,False
pilot2,1740101368098,False
pilot2,1740101428881,False
pilot2,1740101480277,False
pilot2,1740101541192,False
pilot2,1740101592368,False
pilot2,1740101653097,False
pilot2,1740101704305,False
pilot2,1740101765195,False
pilot2,1740101816361,False
pilot2,1740101872842,False
pilot2,1740101923858,False
pilot2,1740101984762,False
pilot2,1740102035817,False
pilot2,1740102096726,False
pilot2,1740102147962,False
pilot2,1740102208762,False
pilot2,1740102259584,False
pilot2,1740102320561,False
pilot2,1740102371771,False
pilot2,1740102432646,False
pilot2,1740102483734,False
pilot2,1740102540575,False
pilot2,1740102591637,False
pilot2,1740102652575,False
pilot2,1740102703446,False
pilot2,1740102764358,False
pilot2,1740102815517,False
pilot2,1740102876365,False
pilot2,1740102927496,False
pilot2,1740102988233,False
pilot2,1740103039406,False
pilot2,1740103100175,False
pilot2,1740103151148,False
pilot2,1740178831306,False
pilot2,1740178891681,False
pilot2,1740178942588,False
pilot2,1740179003172,False
pilot2,1740179054037,False
pilot2,1740179114874,False
pilot2,1740179165724,False
pilot2,1740179226365,False
pilot2,1740179277105,False
pilot2,1740179335684,False
pilot2,1740179386657,False
pilot2,1740179447282,False
pilot2,1740179498096,False
pilot2,1740179558821,False
pilot2,1740179609456,False
pilot2,1740179670214,False
pilot2,1740179721162,False
pilot2,1740179782542,False
pilot2,1740179888942,False
pilot2,1740179941091,False
pilot2,1740180002210,False
pilot2,1740180053933,False
pilot2,1740180115102,False
pilot2,1740180166747,False
pilot2,1740180227654,False
pilot2,1740180279273,False
pilot2,1740180340535,False
pilot2,1740180391773,False
pilot2,1740180452974,False
pilot2,1740180504440,False
pilot2,1740180558539,False
pilot2,1740180609928,False
pilot2,1740180671002,False
pilot2,1740180723632,False
pilot2,1740180784335,False
pilot2,1740180835840,False
pilot2,1740180896530,False
pilot2,1740180947942,False
pilot2,1740181008696,False
pilot2,1740181060267,False
pilot2,1740181121223,False
pilot2,1740181173282,False
pilot2,1740181231454,False
pilot2,1740181282751,False
pilot2,1740181343548,False
pilot2,1740181394967,False
pilot2,1740181455992,False
pilot2,1740181507284,False
pilot2,1740181568252,False
pilot2,1740181619578,False
pilot2,1740181680545,False
pilot2,1740181731896,False
pilot2,1740181792848,False
pilot2,1740181844085,False
pilot2,1740181901466,False
pilot2,1740181952753,False
pilot2,1740182013566,False
pilot2,1740182064765,False
pilot2,1740182125606,False
pilot2,1740182176403,False
pilot2,1740182237179,False
pilot2,1740182288432,False
pilot2,1740182349324,False
pilot2,1740146439541,False
pilot2,1740146500258,False
pilot2,1740146550899,False
pilot2,1740146609474,False
pilot2,1740146660381,False
pilot2,1740146721071,False
pilot2,1740146771547,False
pilot2,1740146832360,False
pilot2,1740146883114,False
pilot2,1740146943899,False
pilot2,1740146994780,False
pilot2,1740147055446,False
pilot2,1740147105928,True
pilot2,1740147166552,True
pilot2,1740147217551,False
pilot2,1740147276256,False
pilot2,1740147337082,False
pilot2,1740147397372,False
pilot2,1740147398342,False
pilot2,1740147449275,False
pilot2,1740147509955,False
pilot2,1740147560863,False
pilot2,1740147621569,False
pilot2,1740147672163,False
pilot2,1740147732748,False
pilot2,1740147783714,False
pilot2,1740147844318,False
pilot2,1740147894993,False
pilot2,1740147955721,False
pilot2,1740148006601,False
pilot2,1740148064074,True
pilot2,1740148114777,True
pilot2,1740148175519,False
pilot2,1740148226429,False
pilot2,1740148287136,False
pilot2,1740148347483,True
pilot2,1740148404065,True
pilot2,1740148464524,True
pilot2,1740148515328,False
pilot2,1740148576047,False
pilot2,1740148636734,False
pilot2,1740148693186,False
pilot2,1740148753820,False
pilot2,1740148804618,False
pilot2,1740148865188,False
pilot2,1740148915806,False
pilot2,1740148973374,False
pilot2,1740149024208,True
pilot2,1740149084652,True
pilot2,1740149135477,True
pilot2,1740149196199,True
pilot2,1740149246949,True
pilot2,1740149307498,False
pilot2,1740149358281,False
pilot2,1740149419057,False
pilot2,1740149469917,False
pilot2,1740149530304,True
pilot2,1740149580871,True
pilot2,1740149639577,True
pilot2,1740149690539,True
pilot2,1740149751006,True
pilot2,1740149801747,True
pilot2,1740149862342,True
pilot2,1740149912975,True
pilot2,1740149973694,False
pilot2,1740121202330,False
pilot2,1740121253094,False
pilot2,1740121313753,False
pilot2,1740121364593,False
pilot2,1740121425351,False
pilot2,1740121476274,False
pilot2,1740121537014,False
pilot2,1740121587881,False
pilot2,1740121646478,False
pilot2,1740121697286,False
pilot2,1740121757907,False
pilot2,1740121808801,False
pilot2,1740121869527,False
pilot2,1740121920554,False
pilot2,1740121981120,True
pilot2,1740122031964,False
pilot2,1740122092703,False
pilot2,1740122142861,False
pilot2,1740122203616,False
pilot2,1740122264160,True
pilot2,1740122321960,True
pilot2,1740122373303,True
pilot2,1740122433699,True
pilot2,1740122434558,True
pilot2,1740122494333,True
pilot2,1740122555540,False
pilot2,1740122615919,False
pilot2,1740122676567,False
pilot2,1740122735651,True
pilot2,1740122796625,True
pilot2,1740122857208,True
pilot2,1740122917834,True
pilot2,1740122978593,True
pilot2,1740123039170,True
pilot2,1740123099811,True
pilot2,1740123150527,True
pilot2,1740123211372,True
pilot2,1740123271967,True
pilot2,1740123332505,True
pilot2,1740123392955,False
pilot2,1740123453958,False
pilot2,1740123514632,False
pilot2,1740123565300,False
pilot2,1740123626054,False
pilot2,1740123686779,False
pilot2,1740123747081,False
pilot2,1740123807845,False
pilot2,1740123868431,True
pilot2,1740123919482,False
pilot2,1740123980112,False
pilot2,1740124031031,False
pilot2,1740124091693,False
pilot2,1740124142638,False
pilot2,1740124192933,False
pilot2,1740124247645,False
pilot2,1740124308225,False
pilot2,1740124369054,False
pilot2,1740124419793,False
pilot2,1740124480299,False
pilot2,1740124531353,False
pilot2,1740124592069,False
pilot2,1740124643034,False
pilot2,1740124703384,False
pilot2,1740124753912,False
pilot2,1740128401722,True
pilot2,1740128462312,True
pilot2,1740128523034,True
pilot2,1740128583567,True
pilot2,1740128634416,True
pilot2,1740128694967,True
pilot2,1740128755433,True
pilot2,1740128815919,True
pilot2,1740128876465,True
pilot2,1740128937194,False
pilot2,1740128997738,False
pilot2,1740129047668,True
pilot2,1740129108313,True
pilot2,1740129168724,True
pilot2,1740129229110,True
pilot2,1740129284464,True
pilot2,1740129339213,True
pilot2,1740129399819,False
pilot2,1740129460605,False
pilot2,1740129521195,False
pilot2,1740129522109,False
pilot2,1740129573017,False
pilot2,1740129633690,False
pilot2,1740129684700,False
pilot2,1740129745288,False
pilot2,1740129805691,False
pilot2,1740129866405,True
pilot2,1740129926609,False
pilot2,1740129983128,True
pilot2,1740130043691,True
pilot2,1740130044423,True
pilot2,1740130104963,True
pilot2,1740130165604,False
pilot2,1740130224941,True
pilot2,1740130285627,False
pilot2,1740130336293,False
pilot2,1740130396854,True
pilot2,1740130447384,True
pilot2,1740130507943,True
pilot2,1740130558469,True
pilot2,1740130610883,True
pilot2,1740130663579,True
pilot2,1740130724109,True
pilot2,1740130784632,True
pilot2,1740130845302,True
pilot2,1740130905973,True
pilot2,1740130966639,True
pilot2,1740131027025,True
pilot2,1740131087585,True
pilot2,1740131148256,True
pilot2,1740131203986,True
pilot2,1740131264705,True
pilot2,1740131315573,True
pilot2,1740131376070,True
pilot2,1740131436556,True
pilot2,1740131497331,False
pilot2,1740131548414,False
pilot2,1740131609153,False
pilot2,1740131669821,False
pilot2,1740131730398,False
pilot2,1740131781458,False
pilot2,1740131842222,False
pilot2,1740131893206,False
pilot2,1740131943711,False
pilot2,1740160808804,False
pilot2,1740160859490,False
pilot2,1740160920274,False
pilot2,1740160971163,False
pilot2,1740161029756,False
pilot2,1740161080463,False
pilot2,1740161141262,False
pilot2,1740161192217,False
pilot2,1740161252942,False
pilot2,1740161303669,False
pilot2,1740161364462,False
pilot2,1740161415280,False
pilot2,1740161476053,False
pilot2,1740161526968,False
pilot2,1740161587474,False
pilot2,1740161638206,False
pilot2,1740161696411,False
pilot2,1740161747313,False
pilot2,1740161808025,False
pilot2,1740161858971,False
pilot2,1740161919547,False
pilot2,1740161970480,False
pilot2,1740162031284,False
pilot2,1740162081973,False
pilot2,1740162142526,False
pilot2,1740162193379,False
pilot2,1740162254124,False
pilot2,1740162304894,False
pilot2,1740162363400,False
pilot2,1740162414149,False
pilot2,1740162474936,False
pilot2,1740162525819,False
pilot2,1740162586535,False
pilot2,1740162637438,False
pilot2,1740162697942,False
pilot2,1740162758753,False
pilot2,1740162815683,False
pilot2,1740162876470,False
pilot2,1740162927317,False
pilot2,1740162988013,False
pilot2,1740163038895,False
pilot2,1740163090915,False
pilot2,1740163143950,False
pilot2,1740163204602,False
pilot2,1740163255509,False
pilot2,1740163315856,False
pilot2,1740163366343,False
pilot2,1740163427159,False
pilot2,1740163477944,False
pilot2,1740163538657,True
pilot2,1740163589198,True
pilot2,1740163649868,False
pilot2,1740163700774,False
pilot2,1740163757520,False
pilot2,1740163808431,False
pilot2,1740163869195,False
pilot2,1740163929667,False
pilot2,1740163980725,False
pilot2,1740164041489,False
pilot2,1740164092356,False
pilot2,1740164153051,False
pilot2,1740164203764,False
pilot2,1740164264507,False
pilot2,1740164315462,False
pilot2,1740164376156,False
pilot2,1740175205760,False
pilot2,1740175256358,False
pilot2,1740175317192,False
pilot2,1740175367880,False
pilot2,1740175428599,False
pilot2,1740175479533,False
pilot2,1740175540360,False
pilot2,1740175590827,False
pilot2,1740175651575,False
pilot2,1740175702230,False
pilot2,1740175761292,False
pilot2,1740175812173,False
pilot2,1740175872959,False
pilot2,1740175923897,False
pilot2,1740175984284,True
pilot2,1740176035020,False
pilot2,1740176095781,False
pilot2,1740176156355,True
pilot2,1740176216900,True
pilot2,1740176277432,True
pilot2,1740176337902,True
pilot2,1740176398726,True
pilot2,1740176459249,True
pilot2,1740176520001,True
pilot2,1740176580582,True
pilot2,1740176635804,True
pilot2,1740176696336,True
pilot2,1740176747144,True
pilot2,1740176807861,False
pilot2,1740176858593,False
pilot2,1740176911825,False
pilot2,1740176972402,False
pilot2,1740177032917,False
pilot2,1740177093597,False
pilot2,1740177154349,False
pilot2,1740177214991,False
pilot2,1740177265956,False
pilot2,1740177326701,False
pilot2,1740177377710,False
pilot2,1740177438410,False
pilot2,1740177489204,False
pilot2,1740177549908,False
pilot2,1740177600623,False
pilot2,1740177661470,False
pilot2,1740177712329,False
pilot2,1740177773015,False
pilot2,1740177823927,False
pilot2,1740177881673,True
pilot2,1740177932384,True
pilot2,1740177992957,True
pilot2,1740178043538,True
pilot2,1740178104387,True
pilot2,1740178164577,True
pilot2,1740178225150,True
pilot2,1740178275900,True
pilot2,1740178336587,True
pilot2,1740178387164,True
pilot2,1740178447659,True
pilot2,1740178498429,True
pilot2,1740178559024,True
pilot2,1740178609913,True
pilot2,1740178668620,True
pilot2,1740178719450,True
pilot2,1740178780415,True
pilot2,1740096010313,True
pilot2,1740096070772,True
pilot2,1740096121753,True
pilot2,1740096182102,True
pilot2,1740096232645,True
pilot2,1740096293236,True
pilot2,1740096343953,True
pilot2,1740096399371,True
pilot2,1740096449827,True
pilot2,1740096510632,True
pilot2,1740096561326,True
pilot2,1740096621927,True
pilot2,1740096672689,True
pilot2,1740096733274,False
pilot2,1740096784151,False
pilot2,1740096844756,False
pilot2,1740096905457,False
pilot2,1740096957841,False
pilot2,1740097018496,False
pilot2,1740097079199,False
pilot2,1740097139865,False
pilot2,1740097190626,False
pilot2,1740097247897,False
pilot2,1740097298506,False
pilot2,1740097359265,False
pilot2,1740097409938,False
pilot2,1740097470887,True
pilot2,1740097531505,True
pilot2,1740097592224,False
pilot2,1740097652602,True
pilot2,1740097712988,True
pilot2,1740097763828,False
pilot2,1740097824501,False
pilot2,1740097885180,False
pilot2,1740097945661,False
pilot2,1740097996631,False
pilot2,1740098057240,False
pilot2,1740098107635,True
pilot2,1740098168345,True
pilot2,1740098218748,True
pilot2,1740098277450,True
pilot2,1740098328114,True
pilot2,1740098388650,True
pilot2,1740098439187,True
pilot2,1740098499940,True
pilot2,1740098550395,True
pilot2,1740098610980,True
pilot2,1740098661820,False
pilot2,1740098722451,False
pilot2,1740098773277,False
pilot2,1740098833972,False
pilot2,1740098884792,False
pilot2,1740098943654,False
pilot2,1740098994474,False
pilot2,1740099054821,False
pilot2,1740099105697,False
pilot2,1740099166341,False
pilot2,1740099216990,False
pilot2,1740099277801,False
pilot2,1740099328558,False
pilot2,1740099389303,False
pilot2,1740099440078,False
pilot2,1740099500857,False
pilot2,1740099551728,False
pilot2,1740114018494,False
pilot2,1740114079192,False
pilot2,1740114130132,False
pilot2,1740114188265,False
pilot2,1740114239140,False
pilot2,1740114299904,False
pilot2,1740114350694,False
pilot2,1740114411388,False
pilot2,1740114462207,False
pilot2,1740114522674,False
pilot2,1740114573765,False
pilot2,1740114633995,False
pilot2,1740114684385,False
pilot2,1740114745069,False
pilot2,1740114796047,False
pilot2,1740114854782,False
pilot2,1740114905700,False
pilot2,1740114966188,False
pilot2,1740115016908,False
pilot2,1740115077615,False
pilot2,1740115128563,False
pilot2,1740115189268,False
pilot2,1740115240127,False
pilot2,1740115300862,False
pilot2,1740115351784,False
pilot2,1740115412456,False
pilot2,1740115463308,False
pilot2,1740115521874,False
pilot2,1740115572877,False
pilot2,1740115633527,False
pilot2,1740115684428,False
pilot2,1740115745139,False
pilot2,1740115796093,False
pilot2,1740115856779,False
pilot2,1740115907839,False
pilot2,1740115968425,False
pilot2,1740116019008,False
pilot2,1740116079716,False
pilot2,1740116130623,False
pilot2,1740116188984,False
pilot2,1740116239949,False
pilot2,1740116300611,False
pilot2,1740116351263,False
pilot2,1740116412109,False
pilot2,1740116462983,False
pilot2,1740116523542,False
pilot2,1740116574546,False
pilot2,1740116635195,False
pilot2,1740116686187,False
pilot2,1740116746770,False
pilot2,1740116797678,False
pilot2,1740116856080,False
pilot2,1740116906985,False
pilot2,1740116967573,False
pilot2,1740117018342,False
pilot2,1740117079119,False
pilot2,1740117130070,False
pilot2,1740117190717,False
pilot2,1740117241648,False
pilot2,1740117302349,False
pilot2,1740117353233,False
pilot2,1740117413958,False
pilot2,1740117464915,False
pilot2,1740117523034,False
pilot2,1740117573822,False
pilot2,1740164436603,True
pilot2,1740164495832,True
pilot2,1740164556494,True
pilot2,1740164607965,False
pilot2,1740164667009,False
pilot2,1740164727550,False
pilot2,1740164788323,False
pilot2,1740164839061,False
pilot2,1740164899698,False
pilot2,1740164950573,False
pilot2,1740165011254,False
pilot2,1740165061894,False
pilot2,1740165122725,False
pilot2,1740165173471,False
pilot2,1740165233838,True
pilot2,1740165284827,False
pilot2,1740165345624,False
pilot2,1740165406274,False
pilot2,1740165465777,False
pilot2,1740165515905,False
pilot2,1740165571047,False
pilot2,1740165631709,False
pilot2,1740165682534,False
pilot2,1740165743313,False
pilot2,1740165793949,False
pilot2,1740165854531,False
pilot2,1740165905601,False
pilot2,1740165966390,False
pilot2,1740166017329,False
pilot2,1740166077997,False
pilot2,1740166128930,False
pilot2,1740166182701,False
pilot2,1740166243470,False
pilot2,1740166296527,False
pilot2,1740166357271,False
pilot2,1740166407749,False
pilot2,1740166468600,False
pilot2,1740166519463,False
pilot2,1740166580093,False
pilot2,1740166630754,False
pilot2,1740166691536,False
pilot2,1740166742446,False
pilot2,1740166803029,False
pilot2,1740166853939,False
pilot2,1740166910611,False
pilot2,1740166961341,False
pilot2,1740167022037,False
pilot2,1740167072674,False
pilot2,1740167133474,False
pilot2,1740167184427,False
pilot2,1740167245229,False
pilot2,1740167296116,False
pilot2,1740167356907,False
pilot2,1740167407828,False
pilot2,1740167468489,False
pilot2,1740167519117,False
pilot2,1740167577188,False
pilot2,1740167627618,True
pilot2,1740167688499,False
pilot2,1740167738927,False
pilot2,1740167799777,False
pilot2,1740167850658,False
pilot2,1740167911395,False
pilot2,1740167962076,False
pilot2,1740168022983,False
pilot2,1740168073763,False
pilot2,1740168134571,False
pilot2,1740168185053,False
pilot2,1740168244220,False
pilot2,1740168295156,False
pilot2,1740168355883,False
pilot2,1740168406563,False
pilot2,1740168467411,False
pilot2,1740168518348,False
pilot2,1740168579107,False
pilot2,1740168629982,False
pilot2,1740168690743,False
pilot2,1740168741696,False
pilot2,1740168802360,False
pilot2,1740168853305,False
pilot2,1740168911417,False
pilot2,1740168962293,False
pilot2,1740169022964,False
pilot2,1740169073645,False
pilot2,1740169134421,False
pilot2,1740169185396,False
pilot2,1740169246116,False
pilot2,1740169296861,False
pilot2,1740169357610,False
pilot2,1740169408338,False
pilot2,1740169469177,False
pilot2,1740169519995,False
pilot2,1740169577964,False
pilot2,1740169638737,False
pilot2,1740169699459,False
pilot2,1740169750145,False
pilot2,1740169810609,True
pilot2,1740169861215,True
pilot2,1740169921925,False
pilot2,1740169972542,False
pilot2,1740170033387,False
pilot2,1740170084270,False
pilot2,1740170144944,False
pilot2,1740170205674,False
pilot2,1740170256581,False
pilot2,1740170317297,False
pilot2,1740170368086,False
pilot2,1740170426593,False
pilot2,1740170477677,False
pilot2,1740170538453,False
pilot2,1740170588896,True
pilot2,1740170649586,False
pilot2,1740170700386,False
pilot2,1740170761197,False
pilot2,1740170812135,False
pilot2,1740170872869,False
pilot2,1740170923843,False
pilot2,1740170984577,False
pilot2,1740171035133,False
pilot2,1740171093576,False
pilot2,1740171144425,False
pilot2,1740171205262,False
pilot2,1740171256112,False
pilot2,1740171316867,False
pilot2,1740171367678,False
pilot2,1740171428104,True
pilot2,1740171478832,True
pilot2,1740171539610,True
pilot2,1740171590089,True
pilot2,1739894413586,False
pilot2,1739894474365,False
pilot2,1739894534761,True
pilot2,1739894585619,False
pilot2,1739894646289,False
pilot2,1739894707040,False
pilot2,1739894765877,False
pilot2,1739894826657,False
pilot2,1739894877857,False
pilot2,1739894937155,False
pilot2,1739894988097,False
pilot2,1739895048839,False
pilot2,1739895099709,False
pilot2,1739895160444,False
pilot2,1739895221058,False
pilot2,1739895279076,False
pilot2,1739895339836,False
pilot2,1739895390541,False
pilot2,1739895451308,False
pilot2,1739895502203,False
pilot2,1739895562964,False
pilot2,1739895613723,False
pilot2,1739895664223,False
pilot2,1739895718709,False
pilot2,1739895779530,False
pilot2,1739895830299,False
pilot2,1739895891105,False
pilot2,1739895942013,False
pilot2,1739896002797,False
pilot2,1739896053363,False
pilot2,1739896114222,False
pilot2,1739896165114,False
pilot2,1739896225823,False
pilot2,1739896276633,False
pilot2,1739896331297,False
pilot2,1739896382174,False
pilot2,1739896443060,False
pilot2,1739896493541,True
pilot2,1739896554533,False
pilot2,1739896605131,False
pilot2,1739896665789,False
pilot2,1739896726168,True
pilot2,1739896777204,False
pilot2,1739896837864,False
pilot2,1739896898516,False
pilot2,1739896958725,True
pilot2,1739897019609,False
pilot2,1739897070473,False
pilot2,1739897131182,False
pilot2,1739897181595,True
pilot2,1739897240172,False
pilot2,1739897291024,False
pilot2,1739897351752,False
pilot2,1739897402667,False
pilot2,1739897463311,False
pilot2,1739897513912,False
pilot2,1739897574733,False
pilot2,1739897625358,False
pilot2,1739897686150,False
pilot2,1739897737056,False
pilot2,1739897797796,False
pilot2,1739897848542,False
pilot2,1739897907255,False
pilot2,1739897958103,False
pilot2,1739898018782,False
pilot2,1739898079477,False
pilot2,1739898140216,False
pilot2,1739898200839,False
pilot2,1739898261565,False
pilot2,1739898312470,False
pilot2,1739898372984,True
pilot2,1739898423619,False
pilot2,1739898484228,False
pilot2,1739898544693,False
pilot2,1739898605328,True
pilot2,1739898666025,False
pilot2,1739898726412,False
pilot2,1739898787192,False
pilot2,1739898847973,False
pilot2,1739898908611,False
pilot2,1739898969405,False
pilot2,1739899020109,False
pilot2,1739899080509,True
pilot2,1739899140750,True
pilot2,1739899201535,True
pilot2,1739899262293,True
pilot2,1739899322826,True
pilot2,1739899379260,True
pilot2,1739899439944,True
pilot2,1739899500639,True
pilot2,1739899561253,True
pilot2,1739899621962,True
pilot2,1739899682568,True
pilot2,1739899743094,True
pilot2,1739899803901,False
pilot2,1739899863829,False
pilot2,1739899924033,False
pilot2,1739899984681,False
pilot2,1739900035406,False
pilot2,1739900088194,False
pilot2,1739900140633,False
pilot2,1739900201300,False
pilot2,1739900262046,False
pilot2,1739900322661,False
pilot2,1739900383042,True
pilot2,1739900443695,False
pilot2,1739900504321,False
pilot2,1739900565030,False
pilot2,1739900625616,False
pilot2,1739900680363,False
pilot2,1739900741042,False
pilot2,1739900801774,False
pilot2,1739900862392,False
pilot2,1739900913364,False
pilot2,1739900973919,False
pilot2,1739901024648,False
pilot2,1739901085145,False
pilot2,1739901136065,False
pilot2,1739901196757,False
pilot2,1739901247670,False
pilot2,1739901299758,False
pilot2,1739901352663,False
pilot2,1739901413021,False
pilot2,1739901473743,False
pilot2,1739901534406,False
pilot2,1739901594920,True
pilot2,1739912419943,False
pilot2,1739912470724,False
pilot2,1739912531427,False
pilot2,1739912582281,False
pilot2,1739912643053,False
pilot2,1739912694082,False
pilot2,1739912752120,False
pilot2,1739912803102,False
pilot2,1739912863751,False
pilot2,1739912914218,False
pilot2,1739912974992,False
pilot2,1739913025708,False
pilot2,1739913086422,False
pilot2,1739913137243,False
pilot2,1739913197851,False
pilot2,1739913248669,False
pilot2,1739913309299,False
pilot2,1739913360375,False
pilot2,1739913419098,False
pilot2,1739913469923,False
pilot2,1739913530597,False
pilot2,1739913581396,False
pilot2,1739913642055,False
pilot2,1739913692807,False
pilot2,1739913753575,False
pilot2,1739913804111,False
pilot2,1739913864873,False
pilot2,1739913915604,False
pilot2,1739913976287,False
pilot2,1739914027403,False
pilot2,1739914085510,False
pilot2,1739914136172,False
pilot2,1739914196876,False
pilot2,1739914247393,False
pilot2,1739914308143,False
pilot2,1739914358965,False
pilot2,1739914419669,False
pilot2,1739914470410,False
pilot2,1739914531119,False
pilot2,1739914581864,False
pilot2,1739914642506,False
pilot2,1739914693681,False
pilot2,1739914752457,False
pilot2,1739914803250,False
pilot2,1739914863948,False
pilot2,1739914914688,False
pilot2,1739914975482,False
pilot2,1739915026276,False
pilot2,1739915087054,False
pilot2,1739915147524,False
pilot2,1739915202581,False
pilot2,1739915263347,False
pilot2,1739915314081,False
pilot2,1739915374733,False
pilot2,1739915425195,False
pilot2,1739915479604,False
pilot2,1739915530351,False
pilot2,1739915591239,False
pilot2,1739915642148,False
pilot2,1739915702721,False
pilot2,1739915753257,True
pilot2,1739915813900,False
pilot2,1739915864502,False
pilot2,1739915925261,False
pilot2,1739915976097,False
pilot2,1739890815400,False
pilot2,1739890866138,False
pilot2,1739890926875,False
pilot2,1739890987820,True
pilot2,1739891048424,False
pilot2,1739891109075,False
pilot2,1739891169660,False
pilot2,1739891220602,False
pilot2,1739891281315,False
pilot2,1739891332331,False
pilot2,1739891393098,False
pilot2,1739891444094,False
pilot2,1739891504860,False
pilot2,1739891555728,False
pilot2,1739891616392,False
pilot2,1739891667441,False
pilot2,1739891724410,False
pilot2,1739891775361,False
pilot2,1739891835984,False
pilot2,1739891886913,False
pilot2,1739891947651,False
pilot2,1739891998305,False
pilot2,1739892059252,False
pilot2,1739892110113,False
pilot2,1739892170859,False
pilot2,1739892221593,False
pilot2,1739892282302,False
pilot2,1739892333509,False
pilot2,1739892391352,False
pilot2,1739892442292,True
pilot2,1739892502603,False
pilot2,1739892553214,False
pilot2,1739892613876,False
pilot2,1739892664739,False
pilot2,1739892725427,False
pilot2,1739892785941,True
pilot2,1739892846432,True
pilot2,1739892897571,False
pilot2,1739892958138,False
pilot2,1739893009164,False
pilot2,1739893069932,False
pilot2,1739893120742,False
pilot2,1739893179274,False
pilot2,1739893230272,False
pilot2,1739893291040,False
pilot2,1739893341708,False
pilot2,1739893402412,False
pilot2,1739893453092,False
pilot2,1739893513860,False
pilot2,1739893564814,False
pilot2,1739893625375,False
pilot2,1739893686141,False
pilot2,1739893746725,False
pilot2,1739893797487,False
pilot2,1739893858210,False
pilot2,1739893909094,False
pilot2,1739893967345,False
pilot2,1739894018118,False
pilot2,1739894078897,False
pilot2,1739894129867,False
pilot2,1739894190512,False
pilot2,1739894241406,False
pilot2,1739894302150,False
pilot2,1739894352758,False
pilot2,1739919618476,False
pilot2,1739919669441,False
pilot2,1739919729966,False
pilot2,1739919780924,False
pilot2,1739919838951,False
pilot2,1739919899620,False
pilot2,1739919955909,False
pilot2,1739920016608,False
pilot2,1739920067090,False
pilot2,1739920127759,False
pilot2,1739920188420,False
pilot2,1739920248988,False
pilot2,1739920299917,False
pilot2,1739920360593,False
pilot2,1739920421158,False
pilot2,1739920481685,True
pilot2,1739920542420,False
pilot2,1739920592999,True
pilot2,1739920653626,True
pilot2,1739920714081,True
pilot2,1739920774275,True
pilot2,1739920775065,True
pilot2,1739920835724,True
pilot2,1739920886179,True
pilot2,1739920946651,True
pilot2,1739920997316,True
pilot2,1739921049645,True
pilot2,1739921102400,True
pilot2,1739921163000,True
pilot2,1739921213690,True
pilot2,1739921274382,True
pilot2,1739921324803,True
pilot2,1739921385444,True
pilot2,1739921445961,True
pilot2,1739921506581,True
pilot2,1739921557338,True
pilot2,1739921617894,True
pilot2,1739921668614,True
pilot2,1739921729108,True
pilot2,1739921779751,True
pilot2,1739921836395,True
pilot2,1739921886884,True
pilot2,1739921947590,True
pilot2,1739921998062,True
pilot2,1739922058670,True
pilot2,1739922109379,True
pilot2,1739922169909,True
pilot2,1739922220438,True
pilot2,1739922280953,True
pilot2,1739922331919,False
pilot2,1739922392430,False
pilot2,1739922453233,False
pilot2,1739922513851,False
pilot2,1739922564714,False
pilot2,1739922623666,False
pilot2,1739922674479,False
pilot2,1739922735200,False
pilot2,1739922785887,False
pilot2,1739922846624,False
pilot2,1739922897347,False
pilot2,1739922958076,False
pilot2,1739923008971,False
pilot2,1739923069675,False
pilot2,1739923130189,False
pilot2,1739923182968,False
pilot2,1739888753306,True
pilot2,1739888803701,True
pilot2,1739888864405,True
pilot2,1739888915235,True
pilot2,1739888975899,True
pilot2,1739889026772,True
pilot2,1739889087513,True
pilot2,1739889138259,True
pilot2,1739889199137,False
pilot2,1739889250099,False
pilot2,1739889310828,True
pilot2,1739889362045,False
pilot2,1739889421033,False
pilot2,1739889471887,False
pilot2,1739889532674,False
pilot2,1739889593362,False
pilot2,1739889654319,False
pilot2,1739889705475,False
pilot2,1739889766041,False
pilot2,1739889826852,False
pilot2,1739889878542,False
pilot2,1739889939229,True
pilot2,1739889999835,False
pilot2,1739890060511,False
pilot2,1739890121339,False
pilot2,1739890182108,False
pilot2,1739890238149,False
pilot2,1739890298981,False
pilot2,1739890359835,False
pilot2,1739890412045,False
pilot2,1739890472762,False
pilot2,1739890523897,False
pilot2,1739890584608,False
pilot2,1739890645229,False
pilot2,1739890706075,False
pilot2,1739890757082,False
pilot2,1739901655448,True
pilot2,1739901706274,False
pilot2,1739901766662,False
pilot2,1739901827416,False
pilot2,1739901888144,False
pilot2,1739901938961,False
pilot2,1739901999603,False
pilot2,1739902050288,False
pilot2,1739902110930,False
pilot2,1739902171558,False
pilot2,1739902232274,False
pilot2,1739902282866,True
pilot2,1739902343485,True
pilot2,1739902393894,True
pilot2,1739902450570,True
pilot2,1739902501304,True
pilot2,1739902561862,True
pilot2,1739902612473,False
pilot2,1739902673246,False
pilot2,1739902733915,False
pilot2,1739902794641,False
pilot2,1739902845537,False
pilot2,1739902906224,False
pilot2,1739902957098,False
pilot2,1739903017736,False
pilot2,1739903068330,False
pilot2,1739903129043,False
pilot2,1739903180125,False
pilot2,1739903238882,False
pilot2,1739903299457,False
pilot2,1739903360091,False
pilot2,1739903420638,False
pilot2,1739903481458,False
pilot2,1739903532346,False
pilot2,1739903592995,False
pilot2,1739903643831,False
pilot2,1739903704532,False
pilot2,1739903755227,False
pilot2,1739903815980,False
pilot2,1739903866827,False
pilot2,1739903927530,False
pilot2,1739903978350,False
pilot2,1739904039045,False
pilot2,1739904089890,False
pilot2,1739904148282,False
pilot2,1739904208896,False
pilot2,1739904269526,False
pilot2,1739904330084,False
pilot2,1739904390797,False
pilot2,1739904441412,False
pilot2,1739904502274,False
pilot2,1739904553139,False
pilot2,1739904613740,False
pilot2,1739904664642,False
pilot2,1739904724942,False
pilot2,1739904775876,False
pilot2,1739904836546,False
pilot2,1739904897188,False
pilot2,1739904951240,False
pilot2,1739905011933,False
pilot2,1739905062760,False
pilot2,1739905117740,False
pilot2,1739905168680,False
pilot2,1739916036568,False
pilot2,1739916087367,False
pilot2,1739916145963,True
pilot2,1739916196544,True
pilot2,1739916256955,True
pilot2,1739916307645,True
pilot2,1739916368066,True
pilot2,1739916418856,True
pilot2,1739916479371,True
pilot2,1739916530002,True
pilot2,1739916590473,True
pilot2,1739916640994,True
pilot2,1739916701603,True
pilot2,1739916751927,True
pilot2,1739916810740,True
pilot2,1739916861216,True
pilot2,1739916921947,True
pilot2,1739916972723,True
pilot2,1739917033179,True
pilot2,1739917083918,True
pilot2,1739917144397,True
pilot2,1739917194999,True
pilot2,1739917255648,True
pilot2,1739917306567,True
pilot2,1739917367344,False
pilot2,1739917418243,False
pilot2,1739917477365,False
pilot2,1739917528149,False
pilot2,1739917588662,False
pilot2,1739917639447,False
pilot2,1739917700203,False
pilot2,1739917750914,False
pilot2,1739917811586,False
pilot2,1739917862207,True
pilot2,1739917922825,True
pilot2,1739917973439,True
pilot2,1739918034210,True
pilot2,1739918094672,True
pilot2,1739918155259,True
pilot2,1739918205800,True
pilot2,1739918264178,True
pilot2,1739918314772,True
pilot2,1739918375215,True
pilot2,1739918425948,True
pilot2,1739918486416,True
pilot2,1739918537134,True
pilot2,1739918597571,True
pilot2,1739918658126,True
pilot2,1739918718718,False
pilot2,1739918769512,False
pilot2,1739918830032,True
pilot2,1739918890508,True
pilot2,1739918951216,False
pilot2,1739919001969,False
pilot2,1739919062402,False
pilot2,1739919113479,False
pilot2,1739919172600,False
pilot2,1739919223510,False
pilot2,1739919284061,False
pilot2,1739919334932,False
pilot2,1739919395504,False
pilot2,1739919446285,False
pilot2,1739919506982,False
pilot2,1739919557828,False
pilot2,1739905229398,False
pilot2,1739905280374,False
pilot2,1739905340986,False
pilot2,1739905391881,False
pilot2,1739905452458,False
pilot2,1739905503157,False
pilot2,1739905563966,False
pilot2,1739905614803,False
pilot2,1739905675400,False
pilot2,1739905726134,False
pilot2,1739905784545,False
pilot2,1739905835373,False
pilot2,1739905895992,False
pilot2,1739905946740,False
pilot2,1739906007494,False
pilot2,1739906058275,False
pilot2,1739906118674,True
pilot2,1739906169443,False
pilot2,1739906230242,False
pilot2,1739906290817,False
pilot2,1739906347653,False
pilot2,1739906408237,False
pilot2,1739906468728,True
pilot2,1739906529202,True
pilot2,1739906589715,True
pilot2,1739906650543,True
pilot2,1739906711163,True
pilot2,1739906771837,False
pilot2,1739906832450,False
pilot2,1739906883195,False
pilot2,1739906934769,False
pilot2,1739906988191,False
pilot2,1739907049369,True
pilot2,1739907099858,False
pilot2,1739907160488,False
pilot2,1739907211010,False
pilot2,1739907271810,False
pilot2,1739907332536,False
pilot2,1739907393223,False
pilot2,1739907444097,False
pilot2,1739907504835,False
pilot2,1739907555628,False
pilot2,1739907616315,False
pilot2,1739907667085,False
pilot2,1739907722499,False
pilot2,1739907772974,False
pilot2,1739907833538,False
pilot2,1739907884153,True
pilot2,1739907944923,False
pilot2,1739908005612,False
pilot2,1739908066400,False
pilot2,1739908126991,False
pilot2,1739908177910,False
pilot2,1739908238297,True
pilot2,1739908289246,False
pilot2,1739908349812,False
pilot2,1739908410520,False
pilot2,1739908470885,True
pilot2,1739908531461,True
pilot2,1739908582011,True
pilot2,1739908642568,True
pilot2,1739908693138,True
pilot2,1739908751729,False
pilot2,1739908802639,False
pilot2,1739908863229,False
pilot2,1739908913950,False
pilot2,1739908974571,False
pilot2,1739909025422,False
pilot2,1739909085891,True
pilot2,1739909136499,True
pilot2,1739909196964,True
pilot2,1739909247615,False
pilot2,1739909308137,False
pilot2,1739909368867,False
pilot2,1739909429384,False
pilot2,1739909490051,False
pilot2,1739909540984,False
pilot2,1739909599958,False
pilot2,1739909650417,False
pilot2,1739909711213,False
pilot2,1739909762083,False
pilot2,1739909822741,False
pilot2,1739909873712,False
pilot2,1739909934340,False
pilot2,1739909985086,False
pilot2,1739910045760,False
pilot2,1739910096543,False
pilot2,1739910157237,False
pilot2,1739910207806,False
pilot2,1739910266714,False
pilot2,1739910317537,False
pilot2,1739910378087,False
pilot2,1739910428912,False
pilot2,1739910489742,True
pilot2,1739910540446,False
pilot2,1739910601126,False
pilot2,1739910661920,False
pilot2,1739910722538,False
pilot2,1739910773410,False
pilot2,1739910834067,False
pilot2,1739910884621,False
pilot2,1739910945315,False
pilot2,1739910996151,False
pilot2,1739911054640,False
pilot2,1739911105532,False
pilot2,1739911166223,False
pilot2,1739911217057,False
pilot2,1739911277807,False
pilot2,1739911328707,False
pilot2,1739911389274,False
pilot2,1739911449837,False
pilot2,1739911510536,False
pilot2,1739911561231,False
pilot2,1739911621939,False
pilot2,1739911672833,False
pilot2,1739911733632,False
pilot2,1739911784504,False
pilot2,1739911843045,False
pilot2,1739911893728,False
pilot2,1739911954494,False
pilot2,1739912005174,False
pilot2,1739912065897,False
pilot2,1739912126542,False
pilot2,1739912187157,False
pilot2,1739912237772,False
pilot2,1739912298551,False
pilot2,1739912359214,False
pilot2,1740193245628,False
pilot2,1740193296158,False
pilot2,1740193356642,False
pilot2,1740193407328,False
pilot2,1740193467821,False
pilot2,1740193519292,False
pilot2,1740193579653,False
pilot2,1740193630254,False
pilot2,1740193690677,False
pilot2,1740193741179,False
pilot2,1740193801746,False
pilot2,1740193852295,False
pilot2,1740193910504,False
pilot2,1740193961016,False
pilot2,1740194021547,False
pilot2,1740194072129,False
pilot2,1740194132669,False
pilot2,1740194183252,False
pilot2,1740194243767,False
pilot2,1740194294486,False
pilot2,1740194354904,False
pilot2,1740194405328,False
pilot2,1740194465919,False
pilot2,1740194516422,False
pilot2,1740194574472,False
pilot2,1740194625194,False
pilot2,1740194685609,False
pilot2,1740194736144,False
pilot2,1740194796639,False
pilot2,1740194847189,False
pilot2,1740194907596,False
pilot2,1740194958182,False
pilot2,1740195018632,False
pilot2,1740195069109,False
pilot2,1740195129435,False
pilot2,1740195179940,False
pilot2,1740195239109,False
pilot2,1740195289733,False
pilot2,1740195350227,False
pilot2,1740195400881,False
pilot2,1740195461379,False
pilot2,1740195512169,False
pilot2,1740195572513,False
pilot2,1740195623033,False
pilot2,1740195683583,False
pilot2,1740195734026,False
pilot2,1740195794455,False
pilot2,1740195845252,False
pilot2,1740195904154,False
pilot2,1740195954949,False
pilot2,1740196015480,False
pilot2,1740196066113,False
pilot2,1740196126866,False
pilot2,1740196177729,False
pilot2,1740196238129,False
pilot2,1740196288783,False
pilot2,1740196349405,False
pilot2,1740196400087,False
pilot2,1740196460409,False
pilot2,1740196511074,False
pilot2,1740196569132,False
pilot2,1740196619690,False
pilot2,1740196680294,False
pilot2,1740196730810,False
pilot2,1740196791209,False
pilot2,1740240052738,False
pilot2,1740240103446,False
pilot2,1740240164053,False
pilot2,1740240214946,False
pilot2,1740240270024,True
pilot2,1740240320812,True
pilot2,1740240381638,False
pilot2,1740240432658,False
pilot2,1740240493239,False
pilot2,1740240544134,False
pilot2,1740240604921,False
pilot2,1740240655777,False
pilot2,1740240716453,False
pilot2,1740240767179,False
pilot2,1740240827982,False
pilot2,1740240878801,False
pilot2,1740240937143,False
pilot2,1740240987960,False
pilot2,1740241048716,False
pilot2,1740241109280,False
pilot2,1740241169984,False
pilot2,1740241220887,False
pilot2,1740241281573,False
pilot2,1740241342260,False
pilot2,1740241403040,False
pilot2,1740241453705,False
pilot2,1740241514391,False
pilot2,1740241565020,False
pilot2,1740241625805,False
pilot2,1740241676634,False
pilot2,1740241737352,False
pilot2,1740241787990,False
pilot2,1740241846973,False
pilot2,1740241897830,False
pilot2,1740241958573,False
pilot2,1740242009387,False
pilot2,1740242070274,False
pilot2,1740242121108,False
pilot2,1740242181827,False
pilot2,1740242232459,False
pilot2,1740242293353,False
pilot2,1740242343866,False
pilot2,1740242404735,False
pilot2,1740242455529,False
pilot2,1740242513957,False
pilot2,1740242564454,False
pilot2,1740242625295,False
pilot2,1740242675965,False
pilot2,1740242736815,False
pilot2,1740242787646,False
pilot2,1740242848434,False
pilot2,1740242899411,False
pilot2,1740242960242,False
pilot2,1740243010996,False
pilot2,1740243071759,False
pilot2,1740243122478,False
pilot2,1740243180937,False
pilot2,1740243231767,False
pilot2,1740243292532,False
pilot2,1740243343403,False
pilot2,1740243404201,False
pilot2,1740243455063,False
pilot2,1740243515856,False
pilot2,1740243566591,False
pilot2,1740196841985,False
pilot2,1740196902637,False
pilot2,1740196953603,False
pilot2,1740197014288,False
pilot2,1740197065182,False
pilot2,1740197125891,False
pilot2,1740197176968,False
pilot2,1740197236134,False
pilot2,1740197286927,False
pilot2,1740197347721,False
pilot2,1740197398397,False
pilot2,1740197459163,False
pilot2,1740197510098,False
pilot2,1740197570794,False
pilot2,1740197621699,False
pilot2,1740197682392,False
pilot2,1740197733178,False
pilot2,1740197793877,False
pilot2,1740197844689,False
pilot2,1740197903022,False
pilot2,1740197953913,False
pilot2,1740198014591,False
pilot2,1740198065499,False
pilot2,1740198126194,False
pilot2,1740198176711,False
pilot2,1740198237480,False
pilot2,1740198288122,False
pilot2,1740198348951,False
pilot2,1740198399743,False
pilot2,1740198460485,False
pilot2,1740198510988,False
pilot2,1740198569623,False
pilot2,1740198620515,False
pilot2,1740198681218,False
pilot2,1740198732062,False
pilot2,1740198792759,False
pilot2,1740198843706,False
pilot2,1740198904354,False
pilot2,1740198955191,False
pilot2,1740199015887,False
pilot2,1740199066696,False
pilot2,1740199127448,False
pilot2,1740199178066,False
pilot2,1740199236625,False
pilot2,1740199287491,False
pilot2,1740199348223,False
pilot2,1740199398736,False
pilot2,1740199459426,False
pilot2,1740199510359,False
pilot2,1740199571106,False
pilot2,1740199621875,False
pilot2,1740199682556,False
pilot2,1740199733535,False
pilot2,1740199794186,False
pilot2,1740199845066,False
pilot2,1740199903470,False
pilot2,1740199954315,False
pilot2,1740200014986,False
pilot2,1740200065873,False
pilot2,1740200126666,False
pilot2,1740200177540,False
pilot2,1740200238197,False
pilot2,1740200289069,False
pilot2,1740200349753,False
pilot2,1740222007509,False
pilot2,1740222058143,False
pilot2,1740222118941,False
pilot2,1740222169810,False
pilot2,1740222230498,False
pilot2,1740222281142,False
pilot2,1740222341952,False
pilot2,1740222392519,False
pilot2,1740222450924,False
pilot2,1740222501499,False
pilot2,1740222562195,False
pilot2,1740222613147,False
pilot2,1740222673871,False
pilot2,1740222724930,False
pilot2,1740222785430,False
pilot2,1740222836348,False
pilot2,1740222896868,True
pilot2,1740222947222,True
pilot2,1740223007808,True
pilot2,1740223059603,False
pilot2,1740223118082,False
pilot2,1740223178877,False
pilot2,1740223239462,False
pilot2,1740223290463,False
pilot2,1740223351121,False
pilot2,1740223401768,False
pilot2,1740223462651,False
pilot2,1740223513485,False
pilot2,1740223574301,False
pilot2,1740223625196,False
pilot2,1740223685883,False
pilot2,1740223736787,False
pilot2,1740223797465,False
pilot2,1740223848380,False
pilot2,1740223906611,False
pilot2,1740223967293,False
pilot2,1740224027978,False
pilot2,1740224088251,False
pilot2,1740224089205,False
pilot2,1740224139970,False
pilot2,1740224200736,False
pilot2,1740224251297,False
pilot2,1740224312037,False
pilot2,1740224362901,False
pilot2,1740224423636,False
pilot2,1740224474600,False
pilot2,1740224535230,False
pilot2,1740224586194,True
pilot2,1740224646964,False
pilot2,1740224697701,False
pilot2,1740224755326,False
pilot2,1740224806199,False
pilot2,1740224866968,False
pilot2,1740224917791,False
pilot2,1740224978431,False
pilot2,1740225029140,False
pilot2,1740225089550,False
pilot2,1740225140490,False
pilot2,1740225201188,False
pilot2,1740225261816,False
pilot2,1740225316271,False
pilot2,1740225376987,False
pilot2,1740225427778,False
pilot2,1740225482572,False
pilot2,1740225533177,False
pilot2,1740225593937,False
pilot2,1740189628969,False
pilot2,1740189689675,False
pilot2,1740189740523,False
pilot2,1740189801246,False
pilot2,1740189852098,False
pilot2,1740189910311,False
pilot2,1740189961325,False
pilot2,1740190022070,False
pilot2,1740190073091,False
pilot2,1740190133782,False
pilot2,1740190184747,False
pilot2,1740190245206,False
pilot2,1740190295953,False
pilot2,1740190356760,False
pilot2,1740190407623,False
pilot2,1740190468320,False
pilot2,1740190519234,False
pilot2,1740190577617,False
pilot2,1740190628377,False
pilot2,1740190689186,False
pilot2,1740190740148,False
pilot2,1740190800830,False
pilot2,1740190851671,False
pilot2,1740190912283,False
pilot2,1740190962695,False
pilot2,1740191023426,False
pilot2,1740191074056,False
pilot2,1740191134816,False
pilot2,1740191185656,False
pilot2,1740191244242,False
pilot2,1740191295055,False
pilot2,1740191355812,False
pilot2,1740191406519,False
pilot2,1740191467408,False
pilot2,1740191518456,False
pilot2,1740191579140,False
pilot2,1740191630082,False
pilot2,1740191690879,False
pilot2,1740191741780,False
pilot2,1740191802431,False
pilot2,1740191853013,False
pilot2,1740191911192,False
pilot2,1740191962127,False
pilot2,1740192022898,False
pilot2,1740192073835,False
pilot2,1740192134499,False
pilot2,1740192185370,False
pilot2,1740192246113,False
pilot2,1740192296889,False
pilot2,1740192357593,False
pilot2,1740192408353,False
pilot2,1740192469055,False
pilot2,1740192519914,False
pilot2,1740192578235,False
pilot2,1740192629162,False
pilot2,1740192689897,False
pilot2,1740192740780,False
pilot2,1740192801567,False
pilot2,1740192852417,False
pilot2,1740192913133,False
pilot2,1740192963762,False
pilot2,1740193024629,False
pilot2,1740193075583,False
pilot2,1740193136200,False
pilot2,1740193186988,False
pilot2,1740218424430,False
pilot2,1740218484942,False
pilot2,1740218545557,True
pilot2,1740218596329,True
pilot2,1740218656861,True
pilot2,1740218707364,True
pilot2,1740218767841,True
pilot2,1740218818415,True
pilot2,1740218877469,False
pilot2,1740218928713,True
pilot2,1740218989785,True
pilot2,1740219049851,False
pilot2,1740219110452,True
pilot2,1740219161342,False
pilot2,1740219222027,False
pilot2,1740219272831,False
pilot2,1740219333581,False
pilot2,1740219384373,False
pilot2,1740219444777,True
pilot2,1740219495829,False
pilot2,1740219556601,False
pilot2,1740219607264,True
pilot2,1740219664590,True
pilot2,1740219715059,True
pilot2,1740219775629,True
pilot2,1740219826334,True
pilot2,1740219887130,True
pilot2,1740219937840,True
pilot2,1740219998249,True
pilot2,1740220048858,True
pilot2,1740220109453,True
pilot2,1740220160039,True
pilot2,1740220220574,True
pilot2,1740220271111,True
pilot2,1740220331073,True
pilot2,1740220381640,True
pilot2,1740220442193,False
pilot2,1740220493150,False
pilot2,1740220553799,False
pilot2,1740220604358,True
pilot2,1740220665018,True
pilot2,1740220715694,True
pilot2,1740220776304,True
pilot2,1740220826792,True
pilot2,1740220887539,False
pilot2,1740220938376,False
pilot2,1740220996844,False
pilot2,1740221047303,True
pilot2,1740221107939,True
pilot2,1740221168671,False
pilot2,1740221229492,False
pilot2,1740221279868,False
pilot2,1740221340681,False
pilot2,1740221391352,False
pilot2,1740221451981,False
pilot2,1740221502860,False
pilot2,1740221563520,False
pilot2,1740221614339,False
pilot2,1740221675093,False
pilot2,1740221725894,False
pilot2,1740221784293,False
pilot2,1740221835026,False
pilot2,1740221895855,False
pilot2,1740221946711,False
pilot2,1740225654423,False
pilot2,1740225708690,False
pilot2,1740225769454,False
pilot2,1740225820384,False
pilot2,1740225881055,False
pilot2,1740225931925,False
pilot2,1740225992642,False
pilot2,1740226043052,False
pilot2,1740226103908,False
pilot2,1740226154734,False
pilot2,1740226209748,False
pilot2,1740226260644,False
pilot2,1740226321276,False
pilot2,1740226372148,False
pilot2,1740226432857,False
pilot2,1740226483438,False
pilot2,1740226544192,False
pilot2,1740226595103,False
pilot2,1740226655841,False
pilot2,1740226706770,False
pilot2,1740226767519,False
pilot2,1740226818454,False
pilot2,1740226876887,False
pilot2,1740226927645,False
pilot2,1740226987999,False
pilot2,1740227038803,False
pilot2,1740227099470,False
pilot2,1740227150158,False
pilot2,1740227210860,False
pilot2,1740227261741,False
pilot2,1740227322501,False
pilot2,1740227373182,False
pilot2,1740227433893,False
pilot2,1740227484777,False
pilot2,1740227543612,False
pilot2,1740227594254,False
pilot2,1740227655029,False
pilot2,1740227705780,False
pilot2,1740227766435,False
pilot2,1740227817088,False
pilot2,1740227877799,False
pilot2,1740227928720,False
pilot2,1740227989419,False
pilot2,1740228040281,False
pilot2,1740228101005,False
pilot2,1740228151847,False
pilot2,1740228210390,False
pilot2,1740228260893,False
pilot2,1740228321517,False
pilot2,1740228372109,False
pilot2,1740228432880,False
pilot2,1740228483624,False
pilot2,1740228544383,False
pilot2,1740228595277,False
pilot2,1740228655939,False
pilot2,1740228706739,False
pilot2,1740228767385,False
pilot2,1740228818249,False
pilot2,1740228877065,False
pilot2,1740228927940,False
pilot2,1740228988686,False
pilot2,1740229039325,False
pilot2,1740229100113,False
pilot2,1740229150679,True
pilot2,1740211241677,False
pilot2,1740211292247,False
pilot2,1740211353002,False
pilot2,1740211403925,False
pilot2,1740211464689,False
pilot2,1740211515572,False
pilot2,1740211576210,False
pilot2,1740211627099,False
pilot2,1740211687750,False
pilot2,1740211738183,False
pilot2,1740211799020,False
pilot2,1740211849960,False
pilot2,1740211908696,False
pilot2,1740211959626,False
pilot2,1740212020285,False
pilot2,1740212071201,False
pilot2,1740212131886,False
pilot2,1740212182726,False
pilot2,1740212243461,False
pilot2,1740212294242,False
pilot2,1740212355017,False
pilot2,1740212405820,False
pilot2,1740212466515,False
pilot2,1740212517438,False
pilot2,1740212575935,False
pilot2,1740212626289,False
pilot2,1740212687148,False
pilot2,1740212737697,False
pilot2,1740212798551,False
pilot2,1740212849477,False
pilot2,1740212910245,False
pilot2,1740212960833,False
pilot2,1740213021608,False
pilot2,1740213072365,False
pilot2,1740213133113,False
pilot2,1740213183880,False
pilot2,1740213243014,False
pilot2,1740213293904,False
pilot2,1740213354616,False
pilot2,1740213405487,False
pilot2,1740213466137,False
pilot2,1740213517000,False
pilot2,1740213577607,False
pilot2,1740213628501,False
pilot2,1740213689267,False
pilot2,1740213740155,False
pilot2,1740213800831,False
pilot2,1740213851706,False
pilot2,1740213910069,False
pilot2,1740213960951,False
pilot2,1740214021675,False
pilot2,1740214072479,False
pilot2,1740214133050,False
pilot2,1740214183978,False
pilot2,1740214244642,False
pilot2,1740214295472,False
pilot2,1740214356239,False
pilot2,1740214407053,False
pilot2,1740214467668,False
pilot2,1740214518338,False
pilot2,1740214576887,False
pilot2,1740214627416,False
pilot2,1740214688227,False
pilot2,1740214739118,False
pilot2,1740214799788,False
pilot2,1740243627405,False
pilot2,1740243678110,False
pilot2,1740243738726,False
pilot2,1740243789585,False
pilot2,1740243847988,False
pilot2,1740243898667,False
pilot2,1740243959457,False
pilot2,1740244010214,False
pilot2,1740244070830,False
pilot2,1740244121651,False
pilot2,1740244182520,False
pilot2,1740244233441,False
pilot2,1740244294145,False
pilot2,1740244345089,False
pilot2,1740244405832,False
pilot2,1740244456654,False
pilot2,1740244514649,False
pilot2,1740244565295,False
pilot2,1740244626213,False
pilot2,1740244677117,False
pilot2,1740244737926,False
pilot2,1740244788921,False
pilot2,1740244849649,False
pilot2,1740244900523,False
pilot2,1740244961271,False
pilot2,1740245012088,False
pilot2,1740245072816,False
pilot2,1740245123746,False
pilot2,1740245181762,False
pilot2,1740245232603,False
pilot2,1740245293383,False
pilot2,1740245344261,False
pilot2,1740245405001,False
pilot2,1740245455888,False
pilot2,1740245516627,False
pilot2,1740245577277,False
pilot2,1740245633285,False
pilot2,1740245693998,False
pilot2,1740245744927,False
pilot2,1740245805652,False
pilot2,1740245856378,False
pilot2,1740245909232,False
pilot2,1740245961724,False
pilot2,1740246022467,False
pilot2,1740246073368,False
pilot2,1740246134138,False
pilot2,1740246185028,False
pilot2,1740246245830,False
pilot2,1740246296536,False
pilot2,1740246357140,False
pilot2,1740246407742,False
pilot2,1740246468588,False
pilot2,1740246519030,False
pilot2,1740246576392,False
pilot2,1740246627247,False
pilot2,1740246687969,False
pilot2,1740246738508,False
pilot2,1740246799301,False
pilot2,1740246850148,False
pilot2,1740246910838,False
pilot2,1740246961729,False
pilot2,1740247022325,False
pilot2,1740247073224,False
pilot2,1740247133945,False
pilot2,1740247184489,False
pilot2,1740229211553,False
pilot2,1740229262374,False
pilot2,1740229323065,False
pilot2,1740229373828,False
pilot2,1740229434632,False
pilot2,1740229485354,False
pilot2,1740229543414,False
pilot2,1740229594066,False
pilot2,1740229654817,False
pilot2,1740229705565,False
pilot2,1740229766292,False
pilot2,1740229816986,False
pilot2,1740229877788,False
pilot2,1740229928496,True
pilot2,1740229989250,False
pilot2,1740230039767,False
pilot2,1740230100545,False
pilot2,1740230151247,False
pilot2,1740230210068,False
pilot2,1740230270992,False
pilot2,1740230271787,False
pilot2,1740230330274,False
pilot2,1740230390944,False
pilot2,1740230451606,False
pilot2,1740230512236,False
pilot2,1740230563068,False
pilot2,1740230623471,False
pilot2,1740230684081,True
pilot2,1740230744683,True
pilot2,1740230795270,True
pilot2,1740230855786,True
pilot2,1740230916229,True
pilot2,1740230977020,False
pilot2,1740231027681,False
pilot2,1740231088429,False
pilot2,1740231139289,False
pilot2,1740231199856,False
pilot2,1740231250639,False
pilot2,1740231302033,False
pilot2,1740231355400,False
pilot2,1740231416054,False
pilot2,1740231468938,True
pilot2,1740231529554,False
pilot2,1740231590095,False
pilot2,1740231650835,False
pilot2,1740231701683,False
pilot2,1740231762431,False
pilot2,1740231813322,False
pilot2,1740231874063,False
pilot2,1740231934657,False
pilot2,1740231995269,False
pilot2,1740232055933,False
pilot2,1740232116535,False
pilot2,1740232167244,False
pilot2,1740232227896,False
pilot2,1740232278718,False
pilot2,1740232332423,False
pilot2,1740232383471,False
pilot2,1740232444306,False
pilot2,1740232495191,False
pilot2,1740232555887,False
pilot2,1740232606768,False
pilot2,1740232667417,False
pilot2,1740232728071,False
pilot2,1740232788760,False
pilot2,1740258050731,False
pilot2,1740258111548,False
pilot2,1740258172072,False
pilot2,1740258232699,False
pilot2,1740258293274,True
pilot2,1740258353649,True
pilot2,1740258404463,True
pilot2,1740258464732,True
pilot2,1740258525552,True
pilot2,1740258586139,True
pilot2,1740258646604,True
pilot2,1740258697455,False
pilot2,1740258756926,False
pilot2,1740258817695,False
pilot2,1740258878141,False
pilot2,1740258938499,True
pilot2,1740258999064,True
pilot2,1740258999886,True
pilot2,1740259059384,True
pilot2,1740259111666,True
pilot2,1740259172311,True
pilot2,1740259223115,True
pilot2,1740259283502,True
pilot2,1740259334076,True
pilot2,1740259394873,True
pilot2,1740259445572,True
pilot2,1740259506041,True
pilot2,1740259556427,True
pilot2,1740259616925,True
pilot2,1740259677423,True
pilot2,1740259738100,True
pilot2,1740259788867,True
pilot2,1740259845937,True
pilot2,1740259896549,True
pilot2,1740259957118,True
pilot2,1740260017587,True
pilot2,1740260078130,True
pilot2,1740260128725,True
pilot2,1740260189163,True
pilot2,1740260239700,True
pilot2,1740260300323,True
pilot2,1740260350833,True
pilot2,1740260411718,False
pilot2,1740260462551,False
pilot2,1740260523153,True
pilot2,1740260583429,True
pilot2,1740260639369,True
pilot2,1740260693171,True
pilot2,1740260753804,True
pilot2,1740260814533,False
pilot2,1740260875180,False
pilot2,1740260935729,True
pilot2,1740260996066,False
pilot2,1740261047022,False
pilot2,1740261107741,False
pilot2,1740261168223,True
pilot2,1740261220211,True
pilot2,1740261280990,False
pilot2,1740261331918,False
pilot2,1740261392532,False
pilot2,1740261452914,True
pilot2,1740261513838,False
pilot2,1740261564281,True
pilot2,1740204016558,False
pilot2,1740204067103,False
pilot2,1740204127920,False
pilot2,1740204178545,False
pilot2,1740204239354,False
pilot2,1740204290251,False
pilot2,1740204350909,False
pilot2,1740204401832,False
pilot2,1740204462526,False
pilot2,1740204513314,False
pilot2,1740204572010,False
pilot2,1740204622886,False
pilot2,1740204683691,False
pilot2,1740204734647,False
pilot2,1740204795300,False
pilot2,1740204846212,False
pilot2,1740204906844,False
pilot2,1740204957587,False
pilot2,1740205018305,False
pilot2,1740205069077,False
pilot2,1740205129863,False
pilot2,1740205180711,False
pilot2,1740205239057,False
pilot2,1740205289963,False
pilot2,1740205350736,False
pilot2,1740205401657,False
pilot2,1740205462426,False
pilot2,1740205513285,False
pilot2,1740205573936,False
pilot2,1740205624829,False
pilot2,1740205685548,False
pilot2,1740205736429,False
pilot2,1740205797241,False
pilot2,1740205848098,False
pilot2,1740205905932,False
pilot2,1740205956843,False
pilot2,1740206017589,False
pilot2,1740206068409,False
pilot2,1740206129110,False
pilot2,1740206179996,False
pilot2,1740206240687,False
pilot2,1740206291593,False
pilot2,1740206352315,False
pilot2,1740206403258,False
pilot2,1740206463964,False
pilot2,1740206514828,False
pilot2,1740206572852,False
pilot2,1740206623732,False
pilot2,1740206684480,False
pilot2,1740206735358,False
pilot2,1740206796081,False
pilot2,1740206847007,False
pilot2,1740206907672,False
pilot2,1740206958579,False
pilot2,1740207019248,False
pilot2,1740207070119,False
pilot2,1740207130775,False
pilot2,1740207181619,False
pilot2,1740207239838,False
pilot2,1740207290674,False
pilot2,1740207351473,False
pilot2,1740207402173,False
pilot2,1740207462881,False
pilot2,1740207513761,False
pilot2,1740207574521,False
pilot2,1740236409362,True
pilot2,1740236459694,False
pilot2,1740236512230,False
pilot2,1740236564894,False
pilot2,1740236625565,False
pilot2,1740236676609,False
pilot2,1740236737197,False
pilot2,1740236797652,True
pilot2,1740236858319,False
pilot2,1740236909121,False
pilot2,1740236969798,False
pilot2,1740237020599,False
pilot2,1740237081270,False
pilot2,1740237132216,False
pilot2,1740237192854,False
pilot2,1740237243626,False
pilot2,1740237299389,False
pilot2,1740237360280,False
pilot2,1740237411707,False
pilot2,1740237472265,False
pilot2,1740237523200,False
pilot2,1740237583868,False
pilot2,1740237644419,False
pilot2,1740237705139,False
pilot2,1740237756051,False
pilot2,1740237816704,False
pilot2,1740237877375,False
pilot2,1740237938064,False
pilot2,1740237998589,False
pilot2,1740238059210,False
pilot2,1740238110097,False
pilot2,1740238170779,False
pilot2,1740238231331,False
pilot2,1740238291959,False
pilot2,1740238342891,False
pilot2,1740238403651,False
pilot2,1740238454633,False
pilot2,1740238512358,False
pilot2,1740238562965,False
pilot2,1740238623642,False
pilot2,1740238674543,False
pilot2,1740238735306,False
pilot2,1740238786096,False
pilot2,1740238846619,True
pilot2,1740238897379,False
pilot2,1740238958183,False
pilot2,1740239018518,False
pilot2,1740239079376,False
pilot2,1740239140040,False
pilot2,1740239200618,False
pilot2,1740239261338,False
pilot2,1740239322107,False
pilot2,1740239372801,False
pilot2,1740239433459,False
pilot2,1740239484361,False
pilot2,1740239542936,False
pilot2,1740239593696,False
pilot2,1740239654456,False
pilot2,1740239705348,False
pilot2,1740239765989,False
pilot2,1740239816934,False
pilot2,1740239877705,False
pilot2,1740239938326,False
pilot2,1740239992220,False
pilot2,1740186018265,False
pilot2,1740186068969,False
pilot2,1740186129922,False
pilot2,1740186180953,False
pilot2,1740186241626,False
pilot2,1740186292740,False
pilot2,1740186353487,False
pilot2,1740186404518,False
pilot2,1740186465306,False
pilot2,1740186516278,False
pilot2,1740186573586,False
pilot2,1740186624679,False
pilot2,1740186685414,False
pilot2,1740186736119,False
pilot2,1740186796962,False
pilot2,1740186848020,False
pilot2,1740186908790,False
pilot2,1740186959596,False
pilot2,1740187020361,False
pilot2,1740187070963,False
pilot2,1740187131797,False
pilot2,1740187182689,False
pilot2,1740187240896,False
pilot2,1740187291964,False
pilot2,1740187352696,False
pilot2,1740187403554,False
pilot2,1740187464364,False
pilot2,1740187515444,False
pilot2,1740187576181,False
pilot2,1740187627289,False
pilot2,1740187687997,False
pilot2,1740187738669,False
pilot2,1740187799503,False
pilot2,1740187850496,False
pilot2,1740187908323,False
pilot2,1740187959202,False
pilot2,1740188020116,False
pilot2,1740188071033,False
pilot2,1740188131838,False
pilot2,1740188182918,False
pilot2,1740188243573,False
pilot2,1740188294661,False
pilot2,1740188355322,False
pilot2,1740188405885,False
pilot2,1740188466564,False
pilot2,1740188517587,False
pilot2,1740188575578,False
pilot2,1740188626587,False
pilot2,1740188687352,False
pilot2,1740188738171,False
pilot2,1740188798956,False
pilot2,1740188849829,False
pilot2,1740188910575,False
pilot2,1740188961502,False
pilot2,1740189022214,False
pilot2,1740189073183,False
pilot2,1740189133984,False
pilot2,1740189184677,False
pilot2,1740189243017,False
pilot2,1740189294119,False
pilot2,1740189354817,False
pilot2,1740189405736,False
pilot2,1740189466477,False
pilot2,1740189517395,False
pilot2,1740189578018,False
pilot2,1740265250857,False
pilot2,1740265311637,False
pilot2,1740265372416,True
pilot2,1740265433169,True
pilot2,1740265484140,False
pilot2,1740265543573,False
pilot2,1740265594335,False
pilot2,1740265655110,False
pilot2,1740265705981,False
pilot2,1740265766835,False
pilot2,1740265817729,False
pilot2,1740265878529,False
pilot2,1740265929379,False
pilot2,1740265989898,False
pilot2,1740266040476,False
pilot2,1740266101347,False
pilot2,1740266162016,False
pilot2,1740266216323,False
pilot2,1740266271227,False
pilot2,1740266321833,False
pilot2,1740266382573,False
pilot2,1740266433497,False
pilot2,1740266494198,False
pilot2,1740266544876,False
pilot2,1740266605664,False
pilot2,1740266656435,False
pilot2,1740266716926,False
pilot2,1740266777787,False
pilot2,1740266838568,False
pilot2,1740266889521,False
pilot2,1740266950132,False
pilot2,1740267001271,False
pilot2,1740267060271,False
pilot2,1740267111232,False
pilot2,1740267172045,False
pilot2,1740267232686,False
pilot2,1740267293551,False
pilot2,1740267344247,False
pilot2,1740267405005,False
pilot2,1740267455918,False
pilot2,1740267516719,False
pilot2,1740267567583,False
pilot2,1740267628382,False
pilot2,1740267679347,False
pilot2,1740267740098,False
pilot2,1740267790863,False
pilot2,1740267849283,False
pilot2,1740267909800,False
pilot2,1740267961570,False
pilot2,1740268022406,False
pilot2,1740268073350,False
pilot2,1740268133830,True
pilot2,1740268184416,True
pilot2,1740268246104,True
pilot2,1740268296392,False
pilot2,1740268357315,False
pilot2,1740268418016,False
pilot2,1740268478771,False
pilot2,1740268529684,False
pilot2,1740268590463,False
pilot2,1740268640908,False
pilot2,1740268698176,False
pilot2,1740268748938,False
pilot2,1740232849470,False
pilot2,1740232910135,False
pilot2,1740232970750,False
pilot2,1740233021554,False
pilot2,1740233082196,False
pilot2,1740233133062,False
pilot2,1740233193647,False
pilot2,1740233244524,False
pilot2,1740233301981,False
pilot2,1740233352683,False
pilot2,1740233413474,False
pilot2,1740233464086,False
pilot2,1740233524796,True
pilot2,1740233575250,True
pilot2,1740233635733,False
pilot2,1740233686471,False
pilot2,1740233746969,False
pilot2,1740233797711,False
pilot2,1740233858249,False
pilot2,1740233910050,True
pilot2,1740233967288,True
pilot2,1740234028337,False
pilot2,1740234029247,False
pilot2,1740234079926,False
pilot2,1740234140546,False
pilot2,1740234191327,False
pilot2,1740234252023,False
pilot2,1740234302933,False
pilot2,1740234363419,True
pilot2,1740234414400,False
pilot2,1740234474912,False
pilot2,1740234525389,True
pilot2,1740234585922,True
pilot2,1740234636640,True
pilot2,1740234694477,True
pilot2,1740234744919,True
pilot2,1740234805552,True
pilot2,1740234866001,True
pilot2,1740234919582,True
pilot2,1740234980144,True
pilot2,1740235040833,False
pilot2,1740235101445,False
pilot2,1740235162070,False
pilot2,1740235221471,False
pilot2,1740235282142,False
pilot2,1740235332966,False
pilot2,1740235393580,False
pilot2,1740235454305,False
pilot2,1740235506256,False
pilot2,1740235566885,False
pilot2,1740235617732,False
pilot2,1740235678357,False
pilot2,1740235729207,False
pilot2,1740235785187,False
pilot2,1740235836080,False
pilot2,1740235896724,False
pilot2,1740235947405,False
pilot2,1740236008134,False
pilot2,1740236058971,False
pilot2,1740236119406,True
pilot2,1740236170375,False
pilot2,1740236230980,False
pilot2,1740236291726,False
pilot2,1740236348221,False
pilot2,1740207625411,False
pilot2,1740207686020,False
pilot2,1740207736882,False
pilot2,1740207797581,False
pilot2,1740207848267,False
pilot2,1740207906813,False
pilot2,1740207957654,False
pilot2,1740208018395,False
pilot2,1740208069238,False
pilot2,1740208129939,False
pilot2,1740208180804,False
pilot2,1740208241610,False
pilot2,1740208292450,False
pilot2,1740208353191,False
pilot2,1740208404152,False
pilot2,1740208464835,False
pilot2,1740208515710,False
pilot2,1740208573508,False
pilot2,1740208624294,False
pilot2,1740208685002,False
pilot2,1740208735663,False
pilot2,1740208796376,False
pilot2,1740208846981,False
pilot2,1740208907574,False
pilot2,1740208958140,False
pilot2,1740209018913,False
pilot2,1740209069726,False
pilot2,1740209130438,False
pilot2,1740209181545,False
pilot2,1740209240716,False
pilot2,1740209291404,False
pilot2,1740209352154,False
pilot2,1740209403044,False
pilot2,1740209463790,False
pilot2,1740209514707,False
pilot2,1740209575285,False
pilot2,1740209626158,False
pilot2,1740209686876,False
pilot2,1740209737770,False
pilot2,1740209798475,False
pilot2,1740209849363,False
pilot2,1740209907830,False
pilot2,1740209958595,False
pilot2,1740210019268,False
pilot2,1740210069962,False
pilot2,1740210130673,False
pilot2,1740210181900,False
pilot2,1740210242633,False
pilot2,1740210293536,False
pilot2,1740210354262,False
pilot2,1740210405178,False
pilot2,1740210465929,False
pilot2,1740210516830,False
pilot2,1740210574652,False
pilot2,1740210625375,False
pilot2,1740210686177,False
pilot2,1740210737119,False
pilot2,1740210797835,False
pilot2,1740210848388,False
pilot2,1740210909105,False
pilot2,1740210959985,False
pilot2,1740211020692,False
pilot2,1740211071607,False
pilot2,1740211132050,False
pilot2,1740211182805,False
pilot2,1740214850617,False
pilot2,1740214911267,False
pilot2,1740214962135,False
pilot2,1740215022822,False
pilot2,1740215073660,False
pilot2,1740215134383,False
pilot2,1740215185320,False
pilot2,1740215244041,False
pilot2,1740215294815,False
pilot2,1740215355518,False
pilot2,1740215406229,False
pilot2,1740215466870,False
pilot2,1740215517473,True
pilot2,1740215578208,True
pilot2,1740215638888,True
pilot2,1740215699260,True
pilot2,1740215759740,True
pilot2,1740215820337,True
pilot2,1740215876866,True
pilot2,1740215937557,True
pilot2,1740215997972,True
pilot2,1740216058661,False
pilot2,1740216118424,False
pilot2,1740216179124,False
pilot2,1740216229809,False
pilot2,1740216290519,False
pilot2,1740216351289,False
pilot2,1740216411838,False
pilot2,1740216462717,False
pilot2,1740216515692,True
pilot2,1740216576252,True
pilot2,1740216576915,True
pilot2,1740216636788,False
pilot2,1740216687301,False
pilot2,1740216748126,False
pilot2,1740216798988,False
pilot2,1740216859643,False
pilot2,1740216910498,False
pilot2,1740216970998,True
pilot2,1740217021553,True
pilot2,1740217081998,True
pilot2,1740217132604,True
pilot2,1740217193282,True
pilot2,1740217243754,True
pilot2,1740217302748,True
pilot2,1740217353420,True
pilot2,1740217413848,True
pilot2,1740217464253,True
pilot2,1740217525060,True
pilot2,1740217575815,True
pilot2,1740217636382,True
pilot2,1740217687295,False
pilot2,1740217747915,False
pilot2,1740217808765,False
pilot2,1740217869308,False
pilot2,1740217920133,False
pilot2,1740217981014,False
pilot2,1740218031992,True
pilot2,1740218090388,True
pilot2,1740218141058,True
pilot2,1740218201684,True
pilot2,1740218252327,True
pilot2,1740218312921,True
pilot2,1740218363779,False
pilot2,1740247243344,False
pilot2,1740247294254,False
pilot2,1740247354855,False
pilot2,1740247405789,False
pilot2,1740247466521,False
pilot2,1740247517489,False
pilot2,1740247578143,False
pilot2,1740247628882,False
pilot2,1740247689619,False
pilot2,1740247740569,False
pilot2,1740247801315,False
pilot2,1740247852058,False
pilot2,1740247910622,False
pilot2,1740247961517,False
pilot2,1740248022275,False
pilot2,1740248073098,False
pilot2,1740248133564,False
pilot2,1740248184238,False
pilot2,1740248245025,False
pilot2,1740248295902,False
pilot2,1740248356696,False
pilot2,1740248407612,False
pilot2,1740248468458,True
pilot2,1740248528749,True
pilot2,1740248589251,True
pilot2,1740248640038,True
pilot2,1740248698145,True
pilot2,1740248749169,True
pilot2,1740248809833,True
pilot2,1740248860087,True
pilot2,1740248920707,False
pilot2,1740248971617,False
pilot2,1740249032321,False
pilot2,1740249083199,False
pilot2,1740249143999,False
pilot2,1740249194855,False
pilot2,1740249255644,False
pilot2,1740249306279,False
pilot2,1740249364996,False
pilot2,1740249415935,False
pilot2,1740249476642,False
pilot2,1740249537352,False
pilot2,1740249598119,False
pilot2,1740249649008,False
pilot2,1740249709731,False
pilot2,1740249760670,False
pilot2,1740249821435,False
pilot2,1740249872361,False
pilot2,1740249933130,False
pilot2,1740249984043,False
pilot2,1740250044786,False
pilot2,1740250095664,False
pilot2,1740250153597,False
pilot2,1740250204451,False
pilot2,1740250265245,False
pilot2,1740250316212,False
pilot2,1740250376952,False
pilot2,1740250427938,False
pilot2,1740250488682,False
pilot2,1740250539582,False
pilot2,1740250600354,False
pilot2,1740250651250,False
pilot2,1740250711990,False
pilot2,1740250762638,False
pilot2,1740261624864,False
pilot2,1740261675427,False
pilot2,1740261736148,False
pilot2,1740261796855,False
pilot2,1740261857619,True
pilot2,1740261908185,False
pilot2,1740261965435,False
pilot2,1740262026345,False
pilot2,1740262085359,False
pilot2,1740262146524,True
pilot2,1740262197490,False
pilot2,1740262258145,False
pilot2,1740262318831,False
pilot2,1740262380740,True
pilot2,1740262441510,False
pilot2,1740262492112,True
pilot2,1740262552647,True
pilot2,1740262603258,True
pilot2,1740262663793,True
pilot2,1740262724227,True
pilot2,1740262785090,True
pilot2,1740262841471,False
pilot2,1740262902149,False
pilot2,1740262962949,False
pilot2,1740263022110,False
pilot2,1740263082975,False
pilot2,1740263133772,False
pilot2,1740263194482,False
pilot2,1740263245217,False
pilot2,1740263300788,False
pilot2,1740263351495,False
pilot2,1740263412157,False
pilot2,1740263462864,False
pilot2,1740263523452,True
pilot2,1740263574223,True
pilot2,1740263634781,False
pilot2,1740263685710,False
pilot2,1740263746386,False
pilot2,1740263797291,False
pilot2,1740263858063,False
pilot2,1740263908972,False
pilot2,1740263967390,False
pilot2,1740264018177,True
pilot2,1740264078569,True
pilot2,1740264139072,True
pilot2,1740264199557,True
pilot2,1740264260151,True
pilot2,1740264320728,True
pilot2,1740264381030,True
pilot2,1740264441661,True
pilot2,1740264492613,True
pilot2,1740264553058,True
pilot2,1740264603900,False
pilot2,1740264664312,False
pilot2,1740264725203,False
pilot2,1740264784764,False
pilot2,1740264845612,False
pilot2,1740264906340,False
pilot2,1740264967051,False
pilot2,1740265017746,False
pilot2,1740265078624,False
pilot2,1740265129362,False
pilot2,1740265190196,False
pilot2,1740182401053,False
pilot2,1740182461362,False
pilot2,1740182512616,False
pilot2,1740182568946,False
pilot2,1740182620081,False
pilot2,1740182680929,False
pilot2,1740182731974,False
pilot2,1740182792791,False
pilot2,1740182843907,False
pilot2,1740182904743,False
pilot2,1740182955765,False
pilot2,1740183016600,False
pilot2,1740183067501,False
pilot2,1740183128312,False
pilot2,1740183179399,False
pilot2,1740183236481,False
pilot2,1740183287367,False
pilot2,1740183348326,False
pilot2,1740183399428,False
pilot2,1740183460291,False
pilot2,1740183511273,False
pilot2,1740183572084,False
pilot2,1740183622927,False
pilot2,1740183683794,False
pilot2,1740183734569,False
pilot2,1740183795392,False
pilot2,1740183846173,False
pilot2,1740183903915,False
pilot2,1740183954964,False
pilot2,1740184015800,False
pilot2,1740184066875,False
pilot2,1740184127754,False
pilot2,1740184178545,False
pilot2,1740184239156,False
pilot2,1740184290298,False
pilot2,1740184351227,False
pilot2,1740184401952,False
pilot2,1740184462784,False
pilot2,1740184513776,False
pilot2,1740184571210,False
pilot2,1740184622330,False
pilot2,1740184683107,False
pilot2,1740184734165,False
pilot2,1740184794949,False
pilot2,1740184846075,False
pilot2,1740184906858,False
pilot2,1740184957814,False
pilot2,1740185018640,False
pilot2,1740185069620,False
pilot2,1740185130430,False
pilot2,1740185181471,False
pilot2,1740185239017,False
pilot2,1740185289965,False
pilot2,1740185350800,False
pilot2,1740185401617,False
pilot2,1740185462527,False
pilot2,1740185513567,False
pilot2,1740185574375,False
pilot2,1740185625459,False
pilot2,1740185686186,False
pilot2,1740185736992,False
pilot2,1740185797868,False
pilot2,1740185848793,False
pilot2,1740185906279,False
pilot2,1740185957447,False
pilot2,1740200400436,False
pilot2,1740200461146,False
pilot2,1740200511877,False
pilot2,1740200570741,False
pilot2,1740200621652,False
pilot2,1740200682355,False
pilot2,1740200733335,False
pilot2,1740200794106,False
pilot2,1740200844962,False
pilot2,1740200905565,False
pilot2,1740200956526,False
pilot2,1740201016730,False
pilot2,1740201067266,False
pilot2,1740201127541,False
pilot2,1740201178018,False
pilot2,1740201237023,False
pilot2,1740201287770,False
pilot2,1740201348443,False
pilot2,1740201399345,False
pilot2,1740201460064,False
pilot2,1740201510637,False
pilot2,1740201571529,False
pilot2,1740201622413,False
pilot2,1740201683067,False
pilot2,1740201734019,False
pilot2,1740201794691,False
pilot2,1740201845334,False
pilot2,1740201903910,False
pilot2,1740201954641,False
pilot2,1740202015356,False
pilot2,1740202066280,False
pilot2,1740202127028,False
pilot2,1740202177785,False
pilot2,1740202238464,False
pilot2,1740202289361,False
pilot2,1740202350034,False
pilot2,1740202400671,False
pilot2,1740202461425,False
pilot2,1740202512292,False
pilot2,1740202570847,False
pilot2,1740202621739,False
pilot2,1740202682502,False
pilot2,1740202733318,False
pilot2,1740202794047,False
pilot2,1740202844515,False
pilot2,1740202905270,False
pilot2,1740202956126,False
pilot2,1740203016848,False
pilot2,1740203067705,False
pilot2,1740203128418,False
pilot2,1740203179242,False
pilot2,1740203237896,False
pilot2,1740203288413,False
pilot2,1740203349240,False
pilot2,1740203399891,False
pilot2,1740203460633,False
pilot2,1740203511500,False
pilot2,1740203572273,False
pilot2,1740203623114,False
pilot2,1740203683846,False
pilot2,1740203734789,False
pilot2,1740203795480,False
pilot2,1740203846245,False
pilot2,1740203904879,False
pilot2,1740203955778,False
pilot2,1740250820585,False
pilot2,1740250871507,False
pilot2,1740250932279,False
pilot2,1740250983194,False
pilot2,1740251043984,False
pilot2,1740251094973,False
pilot2,1740251155745,False
pilot2,1740251206413,False
pilot2,1740251267110,False
pilot2,1740251318109,False
pilot2,1740251378855,False
pilot2,1740251429757,False
pilot2,1740251487546,False
pilot2,1740251538309,False
pilot2,1740251599127,False
pilot2,1740251649993,False
pilot2,1740251710693,False
pilot2,1740251761272,True
pilot2,1740251822097,False
pilot2,1740251872782,False
pilot2,1740251933525,False
pilot2,1740251984530,False
pilot2,1740252045254,False
pilot2,1740252096159,False
pilot2,1740252154573,False
pilot2,1740252205214,False
pilot2,1740252266118,False
pilot2,1740252317094,False
pilot2,1740252377841,False
pilot2,1740252428634,False
pilot2,1740252489932,False
pilot2,1740252540722,False
pilot2,1740252601543,False
pilot2,1740252652341,False
pilot2,1740252712704,True
pilot2,1740252763022,True
pilot2,1740252821351,True
pilot2,1740252881341,True
pilot2,1740252882212,True
pilot2,1740252942345,False
pilot2,1740253002922,False
pilot2,1740253063674,False
pilot2,1740253124366,False
pilot2,1740253175088,False
pilot2,1740253235711,False
pilot2,1740253286449,False
pilot2,1740253347169,False
pilot2,1740253398033,False
pilot2,1740253458676,False
pilot2,1740253509356,False
pilot2,1740253570053,False
pilot2,1740253620895,False
pilot2,1740253681669,False
pilot2,1740253732523,False
pilot2,1740253791048,False
pilot2,1740253851052,True
pilot2,1740253852094,True
pilot2,1740253911416,True
pilot2,1740253972108,True
pilot2,1740253972936,True
pilot2,1740254032631,True
pilot2,1740254092972,True
pilot2,1740254143521,True
pilot2,1740254204048,True
pilot2,1740254264613,True
pilot2,1740254325402,True
pilot2,1740254385592,True
pilot2,1740254446043,True
pilot2,1740254506639,True
pilot2,1740254567270,True
pilot2,1740254627569,True
pilot2,1740254688173,True
pilot2,1740254748873,True
pilot2,1740254809609,True
pilot2,1740254870377,True
pilot2,1740254922450,True
pilot2,1740254983094,True
pilot2,1740255043722,True
pilot2,1740255104297,True
pilot2,1740255164681,True
pilot2,1740255225202,True
pilot2,1740255285654,True
pilot2,1740255346298,True
pilot2,1740255401201,True
pilot2,1740255461785,True
pilot2,1740255522480,True
pilot2,1740255583013,True
pilot2,1740255643582,True
pilot2,1740255704359,True
pilot2,1740255764637,False
pilot2,1740255825113,True
pilot2,1740255875301,True
pilot2,1740255935700,True
pilot2,1740255986856,True
pilot2,1740256047093,True
pilot2,1740256107768,True
pilot2,1740256168010,True
pilot2,1740256228566,True
pilot2,1740256289167,True
pilot2,1740256349766,True
pilot2,1740256410412,True
pilot2,1740256470744,True
pilot2,1740256531002,True
pilot2,1740256591595,True
pilot2,1740256652139,True
pilot2,1740256708958,True
pilot2,1740256769982,False
pilot2,1740256820521,True
pilot2,1740256878001,True
pilot2,1740256938866,True
pilot2,1740256995638,True
pilot2,1740257055946,True
pilot2,1740257116832,True
pilot2,1740257173607,False
pilot2,1740257234427,True
pilot2,1740257295038,False
pilot2,1740257355735,True
pilot2,1740257416491,True
pilot2,1740257467393,True
pilot2,1740257528243,True
pilot2,1740257588706,True
pilot2,1740257649381,True
pilot2,1740257700321,False
pilot2,1740257760923,False
pilot2,1740257821492,False
pilot2,1740257878650,False
pilot2,1740257939376,False
pilot2,1740257990157,False
pilot2,1739934017654,False
pilot2,1739934068675,False
pilot2,1739934129464,False
pilot2,1739934180098,False
pilot2,1739934240571,False
pilot2,1739934291340,False
pilot2,1739934352287,False
pilot2,1739934403303,False
pilot2,1739934463926,False
pilot2,1739934514926,False
pilot2,1739934572503,False
pilot2,1739934623296,False
pilot2,1739934683991,False
pilot2,1739934735095,False
pilot2,1739934795474,False
pilot2,1739934846647,False
pilot2,1739934907408,False
pilot2,1739934958372,False
pilot2,1739935019122,False
pilot2,1739935070223,False
pilot2,1739935131034,False
pilot2,1739935181992,False
pilot2,1739935239878,False
pilot2,1739935290902,False
pilot2,1739935351407,False
pilot2,1739935402341,False
pilot2,1739935463203,False
pilot2,1739935514185,False
pilot2,1739935574931,False
pilot2,1739935625660,False
pilot2,1739935686509,False
pilot2,1739935737544,False
pilot2,1739935798362,False
pilot2,1739935849100,False
pilot2,1739935907233,False
pilot2,1739935958324,False
pilot2,1739936019106,False
pilot2,1739936070167,False
pilot2,1739936130827,False
pilot2,1739936181657,False
pilot2,1739936242390,False
pilot2,1739936293449,False
pilot2,1739936354198,False
pilot2,1739936405163,False
pilot2,1739936465731,False
pilot2,1739936516704,False
pilot2,1739936574336,False
pilot2,1739936625366,False
pilot2,1739936686077,False
pilot2,1739936746988,False
pilot2,1739936807677,False
pilot2,1739936858757,False
pilot2,1739936919342,False
pilot2,1739936970299,False
pilot2,1739937031059,False
pilot2,1739937082018,False
pilot2,1739937142693,False
pilot2,1739937193776,False
pilot2,1739937254509,False
pilot2,1739937305481,False
pilot2,1739937363462,False
pilot2,1739937414446,False
pilot2,1739937475146,False
pilot2,1739937526070,False
pilot2,1739937586586,False
pilot2,1739980851607,False
pilot2,1739980912204,False
pilot2,1739980962912,False
pilot2,1739981023439,False
pilot2,1739981074186,False
pilot2,1739981134851,False
pilot2,1739981185788,False
pilot2,1739981244583,False
pilot2,1739981295303,False
pilot2,1739981355901,False
pilot2,1739981406535,False
pilot2,1739981466982,False
pilot2,1739981517520,False
pilot2,1739981578144,False
pilot2,1739981638609,False
pilot2,1739981699205,False
pilot2,1739981749797,False
pilot2,1739981810435,False
pilot2,1739981871057,False
pilot2,1739981931655,False
pilot2,1739981982530,False
pilot2,1739982043155,False
pilot2,1739982094109,False
pilot2,1739982152900,False
pilot2,1739982203454,False
pilot2,1739982264064,False
pilot2,1739982314917,False
pilot2,1739982375581,False
pilot2,1739982426160,False
pilot2,1739982486807,False
pilot2,1739982547445,False
pilot2,1739982600511,False
pilot2,1739982661286,False
pilot2,1739982711907,False
pilot2,1739982773309,False
pilot2,1739982823887,False
pilot2,1739982879647,False
pilot2,1739982930455,False
pilot2,1739982991074,False
pilot2,1739983041811,False
pilot2,1739983102559,False
pilot2,1739983153311,False
pilot2,1739983213941,False
pilot2,1739983264705,False
pilot2,1739983325362,False
pilot2,1739983376139,False
pilot2,1739983436781,False
pilot2,1739983487523,False
pilot2,1739983546102,False
pilot2,1739983596954,False
pilot2,1739983657572,False
pilot2,1739983707971,False
pilot2,1739983768609,False
pilot2,1739983819040,True
pilot2,1739983879466,True
pilot2,1739983930075,True
pilot2,1739983990874,False
pilot2,1739984041586,False
pilot2,1739984102163,False
pilot2,1739984152915,False
pilot2,1739984211946,False
pilot2,1739984272711,False
pilot2,1739984326752,True
pilot2,1739984387483,False
pilot2,1739937637624,False
pilot2,1739937698313,False
pilot2,1739937749157,False
pilot2,1739937809952,False
pilot2,1739937860914,False
pilot2,1739937921580,False
pilot2,1739937972408,False
pilot2,1739938031034,False
pilot2,1739938082047,False
pilot2,1739938142809,False
pilot2,1739938193276,False
pilot2,1739938254167,False
pilot2,1739938305155,False
pilot2,1739938365842,False
pilot2,1739938416777,False
pilot2,1739938477467,False
pilot2,1739938528481,False
pilot2,1739938589187,False
pilot2,1739938640003,False
pilot2,1739938697869,False
pilot2,1739938748828,False
pilot2,1739938809427,False
pilot2,1739938860543,False
pilot2,1739938921286,False
pilot2,1739938971961,False
pilot2,1739939032671,False
pilot2,1739939083634,False
pilot2,1739939144398,False
pilot2,1739939195390,False
pilot2,1739939256073,False
pilot2,1739939306609,False
pilot2,1739939365068,False
pilot2,1739939415979,False
pilot2,1739939476705,False
pilot2,1739939527758,False
pilot2,1739939588393,False
pilot2,1739939639435,False
pilot2,1739939700141,False
pilot2,1739939751063,False
pilot2,1739939811825,False
pilot2,1739939862744,False
pilot2,1739939923414,False
pilot2,1739939974349,False
pilot2,1739940031987,False
pilot2,1739940082885,False
pilot2,1739940143583,False
pilot2,1739940194513,False
pilot2,1739940255278,False
pilot2,1739940306277,False
pilot2,1739940367015,False
pilot2,1739940418012,False
pilot2,1739940478660,False
pilot2,1739940529589,False
pilot2,1739940590101,False
pilot2,1739940641065,False
pilot2,1739940699171,False
pilot2,1739940750070,False
pilot2,1739940810678,False
pilot2,1739940861600,False
pilot2,1739940922413,False
pilot2,1739940973354,False
pilot2,1739941034054,False
pilot2,1739941085010,False
pilot2,1739941145596,False
pilot2,1739941196537,False
pilot2,1739962805348,False
pilot2,1739962856133,False
pilot2,1739962916943,False
pilot2,1739962967917,False
pilot2,1739963028701,False
pilot2,1739963079415,False
pilot2,1739963137108,False
pilot2,1739963197747,False
pilot2,1739963257917,True
pilot2,1739963308880,False
pilot2,1739963369223,False
pilot2,1739963419974,False
pilot2,1739963480807,False
pilot2,1739963531597,False
pilot2,1739963592023,True
pilot2,1739963652577,True
pilot2,1739963712989,True
pilot2,1739963773382,True
pilot2,1739963834200,True
pilot2,1739963894744,True
pilot2,1739963955253,True
pilot2,1739964015736,True
pilot2,1739964076386,True
pilot2,1739964136966,True
pilot2,1739964197547,True
pilot2,1739964258102,True
pilot2,1739964318752,True
pilot2,1739964368933,True
pilot2,1739964429592,True
pilot2,1739964490082,True
pilot2,1739964550784,True
pilot2,1739964611607,False
pilot2,1739964672153,False
pilot2,1739964732889,False
pilot2,1739964783518,False
pilot2,1739964844158,False
pilot2,1739964895230,False
pilot2,1739964953214,False
pilot2,1739965004106,False
pilot2,1739965064619,True
pilot2,1739965115479,True
pilot2,1739965176327,False
pilot2,1739965227214,False
pilot2,1739965287910,False
pilot2,1739965338877,False
pilot2,1739965399287,True
pilot2,1739965450175,False
pilot2,1739965510658,True
pilot2,1739965571053,True
pilot2,1739965631541,True
pilot2,1739965684247,True
pilot2,1739965740420,True
pilot2,1739965800846,True
pilot2,1739965801602,True
pilot2,1739965860607,True
pilot2,1739965921156,True
pilot2,1739965981677,True
pilot2,1739966032777,True
pilot2,1739966093516,False
pilot2,1739966144367,False
pilot2,1739966205096,False
pilot2,1739966255943,False
pilot2,1739966316671,False
pilot2,1739966367606,False
pilot2,1739930457748,False
pilot2,1739930508721,False
pilot2,1739930569466,False
pilot2,1739930620358,False
pilot2,1739930681055,False
pilot2,1739930732019,False
pilot2,1739930792823,False
pilot2,1739930843544,False
pilot2,1739930904277,False
pilot2,1739930955301,False
pilot2,1739931015829,False
pilot2,1739931066845,False
pilot2,1739931124866,False
pilot2,1739931175834,False
pilot2,1739931236573,False
pilot2,1739931287478,False
pilot2,1739931348258,False
pilot2,1739931399162,False
pilot2,1739931459825,False
pilot2,1739931510628,False
pilot2,1739931571374,False
pilot2,1739931622495,False
pilot2,1739931683045,False
pilot2,1739931734141,False
pilot2,1739931795030,False
pilot2,1739931846199,False
pilot2,1739931901707,False
pilot2,1739931953034,False
pilot2,1739932013804,False
pilot2,1739932064741,False
pilot2,1739932125660,False
pilot2,1739932176858,False
pilot2,1739932237733,False
pilot2,1739932288771,False
pilot2,1739932349608,False
pilot2,1739932400807,False
pilot2,1739932461541,False
pilot2,1739932512606,False
pilot2,1739932570309,False
pilot2,1739932621320,False
pilot2,1739932682135,False
pilot2,1739932733271,False
pilot2,1739932793966,False
pilot2,1739932845110,False
pilot2,1739932905896,False
pilot2,1739932956898,False
pilot2,1739933017783,False
pilot2,1739933068864,False
pilot2,1739933129691,False
pilot2,1739933180867,False
pilot2,1739933238211,False
pilot2,1739933289354,False
pilot2,1739933350186,False
pilot2,1739933401388,False
pilot2,1739933461927,False
pilot2,1739933512963,False
pilot2,1739933573791,False
pilot2,1739933624872,False
pilot2,1739933685651,False
pilot2,1739933736519,False
pilot2,1739933797285,False
pilot2,1739933848255,False
pilot2,1739933905820,False
pilot2,1739933956940,False
pilot2,1739959223113,True
pilot2,1739959283793,True
pilot2,1739959334637,True
pilot2,1739959395359,True
pilot2,1739959446288,True
pilot2,1739959499504,True
pilot2,1739959551383,True
pilot2,1739959612228,True
pilot2,1739959663090,True
pilot2,1739959723781,True
pilot2,1739959774724,True
pilot2,1739959835544,True
pilot2,1739959886305,True
pilot2,1739959946921,True
pilot2,1739959997879,True
pilot2,1739960058657,True
pilot2,1739960109513,True
pilot2,1739960166093,True
pilot2,1739960216834,True
pilot2,1739960277682,False
pilot2,1739960328729,False
pilot2,1739960389618,False
pilot2,1739960450366,False
pilot2,1739960502821,False
pilot2,1739960563717,True
pilot2,1739960624523,False
pilot2,1739960681140,False
pilot2,1739960741527,True
pilot2,1739960792182,True
pilot2,1739960852816,True
pilot2,1739960903653,True
pilot2,1739960954150,True
pilot2,1739961008490,True
pilot2,1739961069143,True
pilot2,1739961120219,False
pilot2,1739961180840,True
pilot2,1739961241598,False
pilot2,1739961302196,True
pilot2,1739961352741,True
pilot2,1739961413493,True
pilot2,1739961474120,True
pilot2,1739961527828,True
pilot2,1739961588403,True
pilot2,1739961649393,False
pilot2,1739961709626,False
pilot2,1739961770397,False
pilot2,1739961831151,False
pilot2,1739961891865,False
pilot2,1739961952649,False
pilot2,1739962013391,False
pilot2,1739962070635,False
pilot2,1739962131322,False
pilot2,1739962191897,True
pilot2,1739962252757,False
pilot2,1739962303619,False
pilot2,1739962364363,False
pilot2,1739962415440,False
pilot2,1739962469969,False
pilot2,1739962520904,False
pilot2,1739962581748,False
pilot2,1739962632796,False
pilot2,1739962693605,False
pilot2,1739962744524,False
pilot2,1739966428182,False
pilot2,1739966478611,False
pilot2,1739966529566,False
pilot2,1739966583991,False
pilot2,1739966644428,True
pilot2,1739966694936,True
pilot2,1739966755608,False
pilot2,1739966806443,False
pilot2,1739966867232,False
pilot2,1739966918105,False
pilot2,1739966978771,False
pilot2,1739967029396,False
pilot2,1739967090128,False
pilot2,1739967151046,True
pilot2,1739967211509,False
pilot2,1739967272193,False
pilot2,1739967332740,False
pilot2,1739967393396,False
pilot2,1739967454070,False
pilot2,1739967504937,False
pilot2,1739967558748,False
pilot2,1739967610043,False
pilot2,1739967670482,False
pilot2,1739967721147,False
pilot2,1739967781785,False
pilot2,1739967832544,False
pilot2,1739967893125,False
pilot2,1739967943985,False
pilot2,1739968004558,False
pilot2,1739968055362,False
pilot2,1739968115986,False
pilot2,1739968166665,False
pilot2,1739968225308,False
pilot2,1739968276142,False
pilot2,1739968336740,False
pilot2,1739968387564,False
pilot2,1739968448299,False
pilot2,1739968508841,False
pilot2,1739968569528,False
pilot2,1739968620158,False
pilot2,1739968680823,False
pilot2,1739968731614,False
pilot2,1739968792288,False
pilot2,1739968843069,False
pilot2,1739968903586,False
pilot2,1739968954381,False
pilot2,1739969012728,False
pilot2,1739969063472,False
pilot2,1739969124147,False
pilot2,1739969175018,False
pilot2,1739969235710,False
pilot2,1739969286450,False
pilot2,1739969347064,False
pilot2,1739969397693,False
pilot2,1739969458342,False
pilot2,1739969508989,False
pilot2,1739969569601,False
pilot2,1739969620370,False
pilot2,1739969679198,False
pilot2,1739969730029,False
pilot2,1739969790616,False
pilot2,1739969841165,True
pilot2,1739969901643,True
pilot2,1739969952421,False
pilot2,1739952002255,False
pilot2,1739952053032,False
pilot2,1739952113756,False
pilot2,1739952164650,False
pilot2,1739952225318,False
pilot2,1739952285565,True
pilot2,1739952345977,True
pilot2,1739952403734,True
pilot2,1739952455502,True
pilot2,1739952515703,True
pilot2,1739952516230,True
pilot2,1739952576546,True
pilot2,1739952577342,True
pilot2,1739952637120,True
pilot2,1739952691561,True
pilot2,1739952752231,True
pilot2,1739952812631,True
pilot2,1739952873251,False
pilot2,1739952924202,False
pilot2,1739952984849,False
pilot2,1739953035593,False
pilot2,1739953096314,False
pilot2,1739953147114,False
pilot2,1739953207807,False
pilot2,1739953258581,False
pilot2,1739953319217,False
pilot2,1739953369823,False
pilot2,1739953424999,False
pilot2,1739953475726,False
pilot2,1739953536430,False
pilot2,1739953597112,False
pilot2,1739953658296,True
pilot2,1739953718965,True
pilot2,1739953779515,True
pilot2,1739953840136,True
pilot2,1739953900633,True
pilot2,1739953961144,True
pilot2,1739954017530,True
pilot2,1739954078171,True
pilot2,1739954138602,True
pilot2,1739954199092,True
pilot2,1739954259823,True
pilot2,1739954320371,True
pilot2,1739954381073,True
pilot2,1739954441688,True
pilot2,1739954502393,False
pilot2,1739954563047,False
pilot2,1739954613198,False
pilot2,1739954673321,True
pilot2,1739954734150,False
pilot2,1739954792615,False
pilot2,1739954853286,False
pilot2,1739954903944,False
pilot2,1739954964647,False
pilot2,1739955024954,True
pilot2,1739955076065,False
pilot2,1739955136739,False
pilot2,1739955197551,False
pilot2,1739955258180,False
pilot2,1739955308732,True
pilot2,1739955363075,False
pilot2,1739955414096,False
pilot2,1739955474907,False
pilot2,1739955535465,False
pilot2,1739955596000,True
pilot2,1739984438142,False
pilot2,1739984498662,False
pilot2,1739984549464,False
pilot2,1739984609875,True
pilot2,1739984660886,False
pilot2,1739984721310,True
pilot2,1739984781709,True
pilot2,1739984842410,False
pilot2,1739984903023,False
pilot2,1739984953322,False
pilot2,1739985014172,True
pilot2,1739985074616,True
pilot2,1739985135228,True
pilot2,1739985195298,False
pilot2,1739985255949,False
pilot2,1739985306763,False
pilot2,1739985362392,False
pilot2,1739985413220,False
pilot2,1739985473903,False
pilot2,1739985524834,False
pilot2,1739985585517,False
pilot2,1739985638143,True
pilot2,1739985698104,False
pilot2,1739985748524,False
pilot2,1739985809327,False
pilot2,1739985860084,False
pilot2,1739985920706,False
pilot2,1739985971661,False
pilot2,1739986028967,False
pilot2,1739986079631,False
pilot2,1739986140353,False
pilot2,1739986191169,False
pilot2,1739986251811,False
pilot2,1739986302540,False
pilot2,1739986363280,False
pilot2,1739986413838,False
pilot2,1739986474441,True
pilot2,1739986525020,False
pilot2,1739986585803,False
pilot2,1739986636691,False
pilot2,1739986695570,False
pilot2,1739986746016,True
pilot2,1739986806648,True
pilot2,1739986857159,True
pilot2,1739986917501,True
pilot2,1739986968038,True
pilot2,1739987028850,False
pilot2,1739987079475,False
pilot2,1739987140288,False
pilot2,1739987190798,True
pilot2,1739987251497,True
pilot2,1739987302895,False
pilot2,1739987361171,True
pilot2,1739987411748,True
pilot2,1739987472370,False
pilot2,1739987523330,False
pilot2,1739987584114,False
pilot2,1739987635063,False
pilot2,1739987695800,False
pilot2,1739987746578,False
pilot2,1739987807385,False
pilot2,1739987858226,False
pilot2,1739987919024,False
pilot2,1739987970237,False
pilot2,1739970013170,False
pilot2,1739970073903,False
pilot2,1739970134336,False
pilot2,1739970184860,False
pilot2,1739970245531,False
pilot2,1739970296145,False
pilot2,1739970356658,False
pilot2,1739970407429,False
pilot2,1739970466018,False
pilot2,1739970516612,False
pilot2,1739970577063,False
pilot2,1739970627737,False
pilot2,1739970688251,False
pilot2,1739970738937,False
pilot2,1739970799562,False
pilot2,1739970850279,False
pilot2,1739970910753,False
pilot2,1739970971329,True
pilot2,1739971031836,True
pilot2,1739971092295,True
pilot2,1739971145949,True
pilot2,1739971206620,False
pilot2,1739971267297,False
pilot2,1739971320303,False
pilot2,1739971373699,False
pilot2,1739971425479,False
pilot2,1739971486006,False
pilot2,1739971536799,False
pilot2,1739971597429,False
pilot2,1739971647936,False
pilot2,1739971708679,False
pilot2,1739971759106,False
pilot2,1739971819744,False
pilot2,1739971880271,False
pilot2,1739971940763,False
pilot2,1739971991540,True
pilot2,1739972052205,False
pilot2,1739972102842,False
pilot2,1739972160182,False
pilot2,1739972220316,True
pilot2,1739972221153,True
pilot2,1739972281162,True
pilot2,1739972331749,False
pilot2,1739972392363,False
pilot2,1739972453052,False
pilot2,1739972513674,False
pilot2,1739972574429,True
pilot2,1739972625126,False
pilot2,1739972685737,False
pilot2,1739972746367,False
pilot2,1739972807038,True
pilot2,1739972867718,False
pilot2,1739972918304,False
pilot2,1739972978576,True
pilot2,1739973029286,False
pilot2,1739973089771,True
pilot2,1739973140826,False
pilot2,1739973203732,True
pilot2,1739973254405,True
pilot2,1739973310586,False
pilot2,1739973361281,False
pilot2,1739973422005,False
pilot2,1739973472917,False
pilot2,1739973533639,False
pilot2,1739973594447,False
pilot2,1739998807924,True
pilot2,1739998863301,True
pilot2,1739998914287,False
pilot2,1739998974734,True
pilot2,1739999025514,True
pilot2,1739999086062,True
pilot2,1739999136883,True
pilot2,1739999197407,True
pilot2,1739999247970,True
pilot2,1739999308642,True
pilot2,1739999359230,True
pilot2,1739999419954,False
pilot2,1739999470770,True
pilot2,1739999529687,True
pilot2,1739999580232,True
pilot2,1739999641306,True
pilot2,1739999692135,False
pilot2,1739999752518,True
pilot2,1739999813060,True
pilot2,1739999873908,False
pilot2,1739999934302,True
pilot2,1739999994805,True
pilot2,1740000055254,True
pilot2,1740000115947,True
pilot2,1740000175701,True
pilot2,1740000236350,False
pilot2,1740000287011,True
pilot2,1740000347499,True
pilot2,1740000408172,False
pilot2,1740000469167,True
pilot2,1740000520305,False
pilot2,1740000580592,True
pilot2,1740000641183,False
pilot2,1740000701763,True
pilot2,1740000762770,True
pilot2,1740000823195,True
pilot2,1740000883840,False
pilot2,1740000944601,False
pilot2,1740000995581,False
pilot2,1740001056153,False
pilot2,1740001106596,True
pilot2,1740001164949,False
pilot2,1740001224854,True
pilot2,1740001285883,False
pilot2,1740001346563,False
pilot2,1740001407128,False
pilot2,1740001467664,False
pilot2,1740001518613,False
pilot2,1740001579277,False
pilot2,1740001639976,False
pilot2,1740001700687,False
pilot2,1740001751515,False
pilot2,1740001812092,False
pilot2,1740001863090,False
pilot2,1740001923687,False
pilot2,1740001974399,False
pilot2,1740002035198,False
pilot2,1740002086029,False
pilot2,1740002146763,False
pilot2,1740002197610,False
pilot2,1740002255815,False
pilot2,1740002316170,False
pilot2,1740002376975,False
pilot2,1739944812313,False
pilot2,1739944863240,False
pilot2,1739944923880,False
pilot2,1739944974733,False
pilot2,1739945035471,False
pilot2,1739945086287,False
pilot2,1739945147019,False
pilot2,1739945197848,False
pilot2,1739945258559,False
pilot2,1739945309503,False
pilot2,1739945367901,False
pilot2,1739945418756,False
pilot2,1739945479428,False
pilot2,1739945530040,False
pilot2,1739945590804,False
pilot2,1739945641736,False
pilot2,1739945702424,False
pilot2,1739945753402,False
pilot2,1739945814077,False
pilot2,1739945864867,False
pilot2,1739945925551,False
pilot2,1739945976455,False
pilot2,1739946034741,False
pilot2,1739946085634,False
pilot2,1739946146248,False
pilot2,1739946196885,False
pilot2,1739946257640,False
pilot2,1739946308447,False
pilot2,1739946369145,False
pilot2,1739946420030,False
pilot2,1739946480746,False
pilot2,1739946531577,False
pilot2,1739946592173,False
pilot2,1739946643208,False
pilot2,1739946701651,False
pilot2,1739946752418,False
pilot2,1739946813158,False
pilot2,1739946864086,False
pilot2,1739946924707,False
pilot2,1739946975575,False
pilot2,1739947036270,False
pilot2,1739947087040,False
pilot2,1739947147700,False
pilot2,1739947198567,False
pilot2,1739947259249,False
pilot2,1739947310159,False
pilot2,1739947368499,False
pilot2,1739947419357,False
pilot2,1739947479966,False
pilot2,1739947530888,False
pilot2,1739947591530,False
pilot2,1739947642441,False
pilot2,1739947703087,False
pilot2,1739947753957,False
pilot2,1739947814646,False
pilot2,1739947865512,False
pilot2,1739947926161,False
pilot2,1739947977076,False
pilot2,1739948035115,False
pilot2,1739948085755,True
pilot2,1739948146093,True
pilot2,1739948206711,True
pilot2,1739948259021,True
pilot2,1739948319835,False
pilot2,1739948370571,False
pilot2,1739977227034,False
pilot2,1739977287737,False
pilot2,1739977338478,False
pilot2,1739977399108,False
pilot2,1739977449911,False
pilot2,1739977510586,False
pilot2,1739977561231,False
pilot2,1739977621877,False
pilot2,1739977672610,False
pilot2,1739977731018,False
pilot2,1739977781764,False
pilot2,1739977842410,False
pilot2,1739977893134,False
pilot2,1739977953762,False
pilot2,1739978014420,False
pilot2,1739978075045,False
pilot2,1739978135817,False
pilot2,1739978196456,False
pilot2,1739978247274,False
pilot2,1739978307937,False
pilot2,1739978358589,False
pilot2,1739978419259,False
pilot2,1739978469911,False
pilot2,1739978530684,False
pilot2,1739978581285,False
pilot2,1739978639618,False
pilot2,1739978690368,False
pilot2,1739978750965,False
pilot2,1739978801773,False
pilot2,1739978862306,False
pilot2,1739978922929,False
pilot2,1739978983653,False
pilot2,1739979034214,False
pilot2,1739979094871,False
pilot2,1739979145665,False
pilot2,1739979206302,False
pilot2,1739979256937,False
pilot2,1739979317591,False
pilot2,1739979368409,False
pilot2,1739979426947,False
pilot2,1739979477673,False
pilot2,1739979538367,False
pilot2,1739979589224,False
pilot2,1739979649836,False
pilot2,1739979700564,False
pilot2,1739979761120,False
pilot2,1739979821775,False
pilot2,1739979882428,False
pilot2,1739979943049,False
pilot2,1739980003615,False
pilot2,1739980054437,False
pilot2,1739980115113,False
pilot2,1739980165961,False
pilot2,1739980226569,False
pilot2,1739980277253,False
pilot2,1739980335694,False
pilot2,1739980386246,False
pilot2,1739980446867,False
pilot2,1739980497646,False
pilot2,1739980558341,False
pilot2,1739980609212,False
pilot2,1739980669820,False
pilot2,1739980730393,False
pilot2,1739980791017,False
pilot2,1739926827619,False
pilot2,1739926888420,False
pilot2,1739926939612,False
pilot2,1739926996921,False
pilot2,1739927048730,False
pilot2,1739927109243,False
pilot2,1739927160014,False
pilot2,1739927221143,False
pilot2,1739927272707,False
pilot2,1739927333507,False
pilot2,1739927384961,False
pilot2,1739927445716,False
pilot2,1739927496631,False
pilot2,1739927557602,False
pilot2,1739927608774,False
pilot2,1739927666332,False
pilot2,1739927717620,False
pilot2,1739927778476,False
pilot2,1739927829636,False
pilot2,1739927890512,False
pilot2,1739927941695,False
pilot2,1739928002683,False
pilot2,1739928053740,False
pilot2,1739928114575,False
pilot2,1739928165989,False
pilot2,1739928226907,False
pilot2,1739928278024,False
pilot2,1739928334387,False
pilot2,1739928385415,False
pilot2,1739928446109,False
pilot2,1739928497212,False
pilot2,1739928557939,False
pilot2,1739928618768,False
pilot2,1739928679647,False
pilot2,1739928730646,False
pilot2,1739928791440,False
pilot2,1739928842406,False
pilot2,1739928903175,False
pilot2,1739928954210,False
pilot2,1739929014953,False
pilot2,1739929065964,False
pilot2,1739929123199,False
pilot2,1739929174066,False
pilot2,1739929234905,False
pilot2,1739929285952,False
pilot2,1739929346835,False
pilot2,1739929397899,False
pilot2,1739929458531,False
pilot2,1739929509338,False
pilot2,1739929570051,False
pilot2,1739929621200,False
pilot2,1739929681925,False
pilot2,1739929732943,False
pilot2,1739929790314,False
pilot2,1739929841248,False
pilot2,1739929902060,False
pilot2,1739929952865,False
pilot2,1739930013709,False
pilot2,1739930064662,False
pilot2,1739930125270,False
pilot2,1739930176219,False
pilot2,1739930236908,False
pilot2,1739930287670,False
pilot2,1739930348278,False
pilot2,1739930398802,False
pilot2,1740006034832,True
pilot2,1740006085686,True
pilot2,1740006146080,True
pilot2,1740006197051,False
pilot2,1740006254571,False
pilot2,1740006315197,False
pilot2,1740006375757,False
pilot2,1740006436420,False
pilot2,1740006487085,False
pilot2,1740006547834,False
pilot2,1740006598736,False
pilot2,1740006659370,False
pilot2,1740006710280,False
pilot2,1740006770905,False
pilot2,1740006831623,False
pilot2,1740006892337,False
pilot2,1740006952957,False
pilot2,1740007013673,False
pilot2,1740007064481,False
pilot2,1740007125135,False
pilot2,1740007175950,False
pilot2,1740007236656,False
pilot2,1740007297097,True
pilot2,1740007357433,True
pilot2,1740007408114,False
pilot2,1740007466898,False
pilot2,1740007526911,True
pilot2,1740007527560,True
pilot2,1740007587304,True
pilot2,1740007638063,True
pilot2,1740007698950,False
pilot2,1740007749629,False
pilot2,1740007810339,False
pilot2,1740007861279,False
pilot2,1740007921494,False
pilot2,1740007972408,False
pilot2,1740008033078,False
pilot2,1740008083677,False
pilot2,1740008144389,False
pilot2,1740008195504,False
pilot2,1740008254485,False
pilot2,1740008315087,False
pilot2,1740008375614,False
pilot2,1740008426534,False
pilot2,1740008487260,False
pilot2,1740008538123,False
pilot2,1740008598620,False
pilot2,1740008649555,False
pilot2,1740008710196,False
pilot2,1740008770862,False
pilot2,1740008825606,False
pilot2,1740008886336,False
pilot2,1740008937186,False
pilot2,1740008997887,False
pilot2,1740009048506,False
pilot2,1740009103375,False
pilot2,1740009154380,False
pilot2,1740009215024,False
pilot2,1740009265973,False
pilot2,1740009326708,False
pilot2,1740009377389,False
pilot2,1740009438034,False
pilot2,1740009488748,False
pilot2,1740009549415,False
pilot2,1739973654783,False
pilot2,1739973715701,True
pilot2,1739973776421,False
pilot2,1739973837321,True
pilot2,1739973897946,False
pilot2,1739973958113,True
pilot2,1739974016002,True
pilot2,1739974076600,True
pilot2,1739974127112,True
pilot2,1739974187646,True
pilot2,1739974238096,True
pilot2,1739974298576,True
pilot2,1739974359254,True
pilot2,1739974419772,True
pilot2,1739974470067,True
pilot2,1739974521479,False
pilot2,1739974575692,False
pilot2,1739974636389,False
pilot2,1739974697090,False
pilot2,1739974757860,False
pilot2,1739974808397,True
pilot2,1739974869023,False
pilot2,1739974929599,False
pilot2,1739974990341,False
pilot2,1739975050949,False
pilot2,1739975111538,False
pilot2,1739975161987,False
pilot2,1739975222615,False
pilot2,1739975283171,False
pilot2,1739975337435,False
pilot2,1739975398077,False
pilot2,1739975458591,False
pilot2,1739975519176,False
pilot2,1739975579743,False
pilot2,1739975640353,False
pilot2,1739975691237,False
pilot2,1739975751906,False
pilot2,1739975802587,False
pilot2,1739975853300,False
pilot2,1739975907774,False
pilot2,1739975968438,False
pilot2,1739976019245,False
pilot2,1739976079894,False
pilot2,1739976130694,False
pilot2,1739976191336,False
pilot2,1739976242260,False
pilot2,1739976302856,False
pilot2,1739976363599,False
pilot2,1739976419205,False
pilot2,1739976479977,False
pilot2,1739976530760,False
pilot2,1739976591421,False
pilot2,1739976642632,False
pilot2,1739976701421,False
pilot2,1739976761896,False
pilot2,1739976822438,False
pilot2,1739976873122,False
pilot2,1739976933806,False
pilot2,1739976984654,False
pilot2,1739977045221,False
pilot2,1739977105748,False
pilot2,1739977166387,False
pilot2,1739948431354,False
pilot2,1739948482103,False
pilot2,1739948542888,False
pilot2,1739948593683,False
pilot2,1739948654325,False
pilot2,1739948704944,False
pilot2,1739948761932,False
pilot2,1739948812698,False
pilot2,1739948873312,False
pilot2,1739948924176,False
pilot2,1739948984897,False
pilot2,1739949045463,False
pilot2,1739949106236,False
pilot2,1739949157124,False
pilot2,1739949217765,False
pilot2,1739949268662,False
pilot2,1739949329403,False
pilot2,1739949380370,False
pilot2,1739949441062,False
pilot2,1739949491879,False
pilot2,1739949549831,False
pilot2,1739949600648,False
pilot2,1739949661365,False
pilot2,1739949722087,False
pilot2,1739949782789,False
pilot2,1739949833507,False
pilot2,1739949894272,False
pilot2,1739949945137,False
pilot2,1739950005817,False
pilot2,1739950056494,False
pilot2,1739950117245,False
pilot2,1739950167893,False
pilot2,1739950228660,False
pilot2,1739950279530,False
pilot2,1739950337665,False
pilot2,1739950388609,False
pilot2,1739950449279,False
pilot2,1739950499824,False
pilot2,1739950560653,False
pilot2,1739950611499,False
pilot2,1739950672183,False
pilot2,1739950722792,False
pilot2,1739950783433,False
pilot2,1739950834237,False
pilot2,1739950894954,False
pilot2,1739950945590,True
pilot2,1739951003571,True
pilot2,1739951054225,True
pilot2,1739951114751,True
pilot2,1739951165371,True
pilot2,1739951225914,True
pilot2,1739951276652,True
pilot2,1739951337192,True
pilot2,1739951387765,True
pilot2,1739951448259,True
pilot2,1739951498861,True
pilot2,1739951559381,True
pilot2,1739951610034,True
pilot2,1739951668153,True
pilot2,1739951718790,True
pilot2,1739951779274,True
pilot2,1739951829931,True
pilot2,1739951890719,False
pilot2,1739951941593,False
pilot2,1739955656521,True
pilot2,1739955717085,True
pilot2,1739955777892,False
pilot2,1739955838736,True
pilot2,1739955899487,False
pilot2,1739955954700,False
pilot2,1739956015334,False
pilot2,1739956066276,False
pilot2,1739956126812,False
pilot2,1739956177433,False
pilot2,1739956238168,False
pilot2,1739956288997,False
pilot2,1739956349726,False
pilot2,1739956410049,False
pilot2,1739956470842,False
pilot2,1739956531537,False
pilot2,1739956586188,False
pilot2,1739956646849,False
pilot2,1739956697770,False
pilot2,1739956756353,False
pilot2,1739956807093,False
pilot2,1739956867789,False
pilot2,1739956918764,True
pilot2,1739956979156,True
pilot2,1739957029810,True
pilot2,1739957090961,True
pilot2,1739957141760,True
pilot2,1739957196182,True
pilot2,1739957246398,True
pilot2,1739957307545,True
pilot2,1739957358599,True
pilot2,1739957419078,True
pilot2,1739957469758,True
pilot2,1739957530639,True
pilot2,1739957581469,True
pilot2,1739957642079,True
pilot2,1739957692926,True
pilot2,1739957753478,True
pilot2,1739957804382,True
pilot2,1739957862634,True
pilot2,1739957913309,True
pilot2,1739957974085,True
pilot2,1739958024889,True
pilot2,1739958085577,True
pilot2,1739958136583,True
pilot2,1739958197020,True
pilot2,1739958248022,True
pilot2,1739958308787,True
pilot2,1739958359656,True
pilot2,1739958420223,True
pilot2,1739958471015,True
pilot2,1739958529253,True
pilot2,1739958580383,False
pilot2,1739958641265,False
pilot2,1739958702104,False
pilot2,1739958762945,False
pilot2,1739958814331,True
pilot2,1739958875066,True
pilot2,1739958935576,True
pilot2,1739958989878,True
pilot2,1739959050738,True
pilot2,1739959111479,True
pilot2,1739959172189,True
pilot2,1739988029126,False
pilot2,1739988079996,False
pilot2,1739988140825,False
pilot2,1739988191734,False
pilot2,1739988252547,False
pilot2,1739988303452,False
pilot2,1739988364149,False
pilot2,1739988414953,False
pilot2,1739988494475,False
pilot2,1739988546121,False
pilot2,1739988607151,False
pilot2,1739988658431,False
pilot2,1739988719629,False
pilot2,1739988771096,False
pilot2,1739988831866,False
pilot2,1739988883000,False
pilot2,1739988943747,False
pilot2,1739988995052,False
pilot2,1739989055832,False
pilot2,1739989106949,False
pilot2,1739989163930,False
pilot2,1739989215136,False
pilot2,1739989278375,True
pilot2,1739989328624,True
pilot2,1739989389431,True
pilot2,1739989440469,True
pilot2,1739989501619,False
pilot2,1739989552792,False
pilot2,1739989613483,False
pilot2,1739989664463,False
pilot2,1739989725380,False
pilot2,1739989786253,False
pilot2,1739989847126,False
pilot2,1739989907890,False
pilot2,1739989968350,True
pilot2,1739990019293,True
pilot2,1739990074626,True
pilot2,1739990125490,True
pilot2,1739990186399,True
pilot2,1739990247237,True
pilot2,1739990307989,False
pilot2,1739990368893,False
pilot2,1739990429451,True
pilot2,1739990489965,True
pilot2,1739990550677,True
pilot2,1739990611486,True
pilot2,1739990662217,True
pilot2,1739990722738,True
pilot2,1739990773397,True
pilot2,1739990833972,True
pilot2,1739990884593,True
pilot2,1739990945627,False
pilot2,1739990996636,False
pilot2,1739991057402,False
pilot2,1739991108329,False
pilot2,1739991165462,False
pilot2,1739991216478,False
pilot2,1739991276819,True
pilot2,1739991327491,True
pilot2,1739991388328,True
pilot2,1739991438999,True
pilot2,1739991499889,False
pilot2,1739991551027,False
pilot2,1740002437647,False
pilot2,1740002498336,False
pilot2,1740002549066,False
pilot2,1740002609697,False
pilot2,1740002670415,False
pilot2,1740002731086,False
pilot2,1740002781919,False
pilot2,1740002842579,False
pilot2,1740002893372,False
pilot2,1740002954089,False
pilot2,1740003004545,False
pilot2,1740003065375,False
pilot2,1740003116194,False
pilot2,1740003176812,False
pilot2,1740003237519,False
pilot2,1740003297957,False
pilot2,1740003358743,False
pilot2,1740003419408,False
pilot2,1740003470080,False
pilot2,1740003528868,False
pilot2,1740003579423,True
pilot2,1740003640153,False
pilot2,1740003690816,False
pilot2,1740003751516,False
pilot2,1740003802442,False
pilot2,1740003863067,False
pilot2,1740003913918,False
pilot2,1740003974573,False
pilot2,1740004025319,False
pilot2,1740004085925,False
pilot2,1740004146654,False
pilot2,1740004207342,False
pilot2,1740004258395,False
pilot2,1740004316905,False
pilot2,1740004367672,False
pilot2,1740004428437,False
pilot2,1740004479078,False
pilot2,1740004539862,False
pilot2,1740004600243,True
pilot2,1740004657170,True
pilot2,1740004717898,True
pilot2,1740004768719,False
pilot2,1740004829392,False
pilot2,1740004890098,False
pilot2,1740004950777,False
pilot2,1740005001707,False
pilot2,1740005062400,False
pilot2,1740005123072,False
pilot2,1740005181174,False
pilot2,1740005241826,False
pilot2,1740005292770,False
pilot2,1740005346942,False
pilot2,1740005397579,False
pilot2,1740005458309,False
pilot2,1740005518712,True
pilot2,1740005579445,True
pilot2,1740005639954,True
pilot2,1740005700688,True
pilot2,1740005751271,True
pilot2,1740005811993,True
pilot2,1740005862635,True
pilot2,1740005923150,True
pilot2,1740005973979,True
pilot2,1739923243645,False
pilot2,1739923294401,False
pilot2,1739923350778,False
pilot2,1739923401640,False
pilot2,1739923462343,False
pilot2,1739923512970,False
pilot2,1739923573675,False
pilot2,1739923624497,False
pilot2,1739923684983,False
pilot2,1739923735645,False
pilot2,1739923796436,False
pilot2,1739923847235,False
pilot2,1739923907829,False
pilot2,1739923958488,False
pilot2,1739924017474,False
pilot2,1739924068050,True
pilot2,1739924128547,True
pilot2,1739924189086,True
pilot2,1739924249663,True
pilot2,1739924308587,True
pilot2,1739924369056,True
pilot2,1739924429505,True
pilot2,1739924489988,True
pilot2,1739924550174,True
pilot2,1739924610545,True
pilot2,1739924671099,True
pilot2,1739924722809,True
pilot2,1739924783687,True
pilot2,1739924844133,True
pilot2,1739924904741,True
pilot2,1739924965267,True
pilot2,1739925025682,True
pilot2,1739925086162,True
pilot2,1739925136949,True
pilot2,1739925197799,False
pilot2,1739925248704,False
pilot2,1739925309319,False
pilot2,1739925360298,False
pilot2,1739925420938,False
pilot2,1739925481641,False
pilot2,1739925542344,False
pilot2,1739925593245,False
pilot2,1739925651334,False
pilot2,1739925702150,False
pilot2,1739925762777,False
pilot2,1739925813422,False
pilot2,1739925874220,False
pilot2,1739925924995,False
pilot2,1739925985739,False
pilot2,1739926036562,False
pilot2,1739926098786,False
pilot2,1739926158872,False
pilot2,1739926220098,False
pilot2,1739926271365,False
pilot2,1739926328424,False
pilot2,1739926379717,False
pilot2,1739926440520,False
pilot2,1739926491760,False
pilot2,1739926552604,False
pilot2,1739926603649,False
pilot2,1739926664394,False
pilot2,1739926715638,False
pilot2,1739926776457,False
pilot2,1739941257264,False
pilot2,1739941308073,False
pilot2,1739941366173,False
pilot2,1739941417103,False
pilot2,1739941477778,False
pilot2,1739941528549,False
pilot2,1739941589380,False
pilot2,1739941640293,False
pilot2,1739941700924,False
pilot2,1739941751794,False
pilot2,1739941812260,False
pilot2,1739941862899,False
pilot2,1739941923588,False
pilot2,1739941974362,False
pilot2,1739942032639,False
pilot2,1739942083563,False
pilot2,1739942144024,False
pilot2,1739942194777,False
pilot2,1739942255524,False
pilot2,1739942306494,False
pilot2,1739942367149,False
pilot2,1739942418118,False
pilot2,1739942478851,False
pilot2,1739942529322,False
pilot2,1739942590070,False
pilot2,1739942641199,False
pilot2,1739942699815,False
pilot2,1739942750732,False
pilot2,1739942811269,False
pilot2,1739942862056,False
pilot2,1739942922736,False
pilot2,1739942973688,False
pilot2,1739943034384,False
pilot2,1739943085221,False
pilot2,1739943145909,False
pilot2,1739943196860,False
pilot2,1739943257655,False
pilot2,1739943308516,False
pilot2,1739943366833,False
pilot2,1739943417713,False
pilot2,1739943478425,False
pilot2,1739943529441,False
pilot2,1739943590245,False
pilot2,1739943641093,False
pilot2,1739943701753,False
pilot2,1739943752336,False
pilot2,1739943813119,False
pilot2,1739943864034,False
pilot2,1739943924820,False
pilot2,1739943975716,False
pilot2,1739944033790,False
pilot2,1739944084745,False
pilot2,1739944145522,False
pilot2,1739944196246,False
pilot2,1739944257015,False
pilot2,1739944307851,False
pilot2,1739944368565,False
pilot2,1739944419495,False
pilot2,1739944480197,False
pilot2,1739944531055,False
pilot2,1739944591779,False
pilot2,1739944642710,False
pilot2,1739944700686,False
pilot2,1739944751550,False
pilot2,1739991611537,True
pilot2,1739991662571,False
pilot2,1739991723335,False
pilot2,1739991784078,False
pilot2,1739991844961,False
pilot2,1739991895563,False
pilot2,1739991953793,True
pilot2,1739992004431,True
pilot2,1739992065317,False
pilot2,1739992116317,False
pilot2,1739992176685,True
pilot2,1739992237174,True
pilot2,1739992297838,True
pilot2,1739992348590,True
pilot2,1739992409551,False
pilot2,1739992460541,False
pilot2,1739992521292,False
pilot2,1739992572398,False
pilot2,1739992633188,False
pilot2,1739992683705,True
pilot2,1739992742222,False
pilot2,1739992792997,False
pilot2,1739992853826,False
pilot2,1739992904403,True
pilot2,1739992965148,False
pilot2,1739993015886,False
pilot2,1739993076678,False
pilot2,1739993127710,False
pilot2,1739993188222,False
pilot2,1739993239256,False
pilot2,1739993300089,False
pilot2,1739993350955,False
pilot2,1739993409506,False
pilot2,1739993460571,False
pilot2,1739993521022,True
pilot2,1739993571910,True
pilot2,1739993632243,True
pilot2,1739993683493,False
pilot2,1739993744286,False
pilot2,1739993805118,False
pilot2,1739993865863,False
pilot2,1739993916663,False
pilot2,1739993977455,True
pilot2,1739994038271,True
pilot2,1739994098907,True
pilot2,1739994159636,True
pilot2,1739994210382,True
pilot2,1739994271235,False
pilot2,1739994322058,False
pilot2,1739994379370,False
pilot2,1739994429998,True
pilot2,1739994490542,True
pilot2,1739994541578,False
pilot2,1739994601928,True
pilot2,1739994653021,False
pilot2,1739994713755,False
pilot2,1739994774327,False
pilot2,1739994834264,False
pilot2,1739994895130,False
pilot2,1739994945992,False
pilot2,1739995006625,False
pilot2,1739995057508,False
pilot2,1739995118278,False
pilot2,1739995178961,False
pilot2,1739995239271,True
pilot2,1739995299964,False
pilot2,1739995360509,True
pilot2,1739995411726,False
pilot2,1739995470609,False
pilot2,1739995531207,False
pilot2,1739995591136,True
pilot2,1739995641830,True
pilot2,1739995702594,False
pilot2,1739995753311,False
pilot2,1739995814031,False
pilot2,1739995865006,False
pilot2,1739995925844,False
pilot2,1739995976281,True
pilot2,1739996037162,True
pilot2,1739996088061,False
pilot2,1739996148732,False
pilot2,1739996199837,False
pilot2,1739996258844,False
pilot2,1739996319272,False
pilot2,1739996379888,False
pilot2,1739996430940,False
pilot2,1739996491750,False
pilot2,1739996542490,False
pilot2,1739996603178,True
pilot2,1739996653781,True
pilot2,1739996714245,True
pilot2,1739996764853,True
pilot2,1739996825381,True
pilot2,1739996876093,True
pilot2,1739996936582,True
pilot2,1739996987680,True
pilot2,1739997046521,True
pilot2,1739997097231,True
pilot2,1739997157919,True
pilot2,1739997208689,False
pilot2,1739997269151,True
pilot2,1739997320098,True
pilot2,1739997380306,True
pilot2,1739997440889,True
pilot2,1739997501548,True
pilot2,1739997552166,True
pilot2,1739997612790,True
pilot2,1739997673197,True
pilot2,1739997734535,True
pilot2,1739997785313,True
pilot2,1739997845865,True
pilot2,1739997896162,True
pilot2,1739997954744,True
pilot2,1739998004914,True
pilot2,1739998065623,True
pilot2,1739998116236,True
pilot2,1739998176779,True
pilot2,1739998227333,True
pilot2,1739998288269,False
pilot2,1739998348923,False
pilot2,1739998409662,False
pilot2,1739998464308,True
pilot2,1739998525026,True
pilot2,1739998575655,True
pilot2,1739998636144,True
pilot2,1739998696690,True
pilot2,1739998757389,True
pilot2,1740452412406,False
pilot2,1740452463840,False
pilot2,1740452524608,False
pilot2,1740452575607,False
pilot2,1740452635919,False
pilot2,1740452686740,False
pilot2,1740452744026,False
pilot2,1740452795122,False
pilot2,1740452855663,False
pilot2,1740452906498,False
pilot2,1740452966997,False
pilot2,1740453017799,False
pilot2,1740453078569,False
pilot2,1740453129519,False
pilot2,1740453190376,False
pilot2,1740453241371,False
pilot2,1740453302220,False
pilot2,1740453353305,False
pilot2,1740453411171,False
pilot2,1740453462153,False
pilot2,1740453522959,False
pilot2,1740453573719,False
pilot2,1740453634393,False
pilot2,1740453685166,False
pilot2,1740453745877,False
pilot2,1740453796840,False
pilot2,1740453857684,False
pilot2,1740453908492,False
pilot2,1740453969152,False
pilot2,1740454020177,False
pilot2,1740454078530,False
pilot2,1740454129504,False
pilot2,1740454190307,False
pilot2,1740454241304,False
pilot2,1740454302013,False
pilot2,1740454353083,False
pilot2,1740454413861,False
pilot2,1740454464596,False
pilot2,1740454525140,False
pilot2,1740454576262,False
pilot2,1740454636863,False
pilot2,1740454687864,False
pilot2,1740454745759,False
pilot2,1740454796789,False
pilot2,1740454857200,False
pilot2,1740454908175,False
pilot2,1740454969048,False
pilot2,1740455019871,False
pilot2,1740455080481,False
pilot2,1740455131387,False
pilot2,1740455192120,False
pilot2,1740455243102,False
pilot2,1740455303869,False
pilot2,1740455354823,False
pilot2,1740455413184,False
pilot2,1740455464082,False
pilot2,1740455524873,False
pilot2,1740455575697,False
pilot2,1740455636553,False
pilot2,1740455687533,False
pilot2,1740455748323,False
pilot2,1740455799276,False
pilot2,1740455859891,False
pilot2,1740455910872,False
pilot2,1740455971561,False
pilot2,1740499229087,True
pilot2,1740499280122,False
pilot2,1740499340675,False
pilot2,1740499391549,False
pilot2,1740499452007,False
pilot2,1740499502930,False
pilot2,1740499563784,False
pilot2,1740499624388,False
pilot2,1740499684976,False
pilot2,1740499745225,True
pilot2,1740499805673,True
pilot2,1740499856340,False
pilot2,1740499906365,False
pilot2,1740499967048,False
pilot2,1740500027537,False
pilot2,1740500078164,True
pilot2,1740500139049,False
pilot2,1740500189293,True
pilot2,1740500250168,False
pilot2,1740500300738,False
pilot2,1740500361473,False
pilot2,1740500412422,False
pilot2,1740500473225,False
pilot2,1740500523900,False
pilot2,1740500584753,False
pilot2,1740500635988,False
pilot2,1740500694829,False
pilot2,1740500745724,False
pilot2,1740500806466,False
pilot2,1740500857173,False
pilot2,1740500917966,False
pilot2,1740500969016,False
pilot2,1740501029754,False
pilot2,1740501090439,False
pilot2,1740501151128,False
pilot2,1740501211732,False
pilot2,1740501272570,False
pilot2,1740501323580,False
pilot2,1740501384337,False
pilot2,1740501435145,False
pilot2,1740501496053,False
pilot2,1740501546657,False
pilot2,1740501604670,True
pilot2,1740501655133,True
pilot2,1740501715512,True
pilot2,1740501776119,True
pilot2,1740501836580,True
pilot2,1740501896919,True
pilot2,1740501957755,False
pilot2,1740502008616,False
pilot2,1740502069513,False
pilot2,1740502120471,False
pilot2,1740502181238,False
pilot2,1740502232224,False
pilot2,1740502293020,False
pilot2,1740502343883,True
pilot2,1740502404838,False
pilot2,1740502455531,False
pilot2,1740502513648,False
pilot2,1740502574312,False
pilot2,1740502635133,False
pilot2,1740502695551,False
pilot2,1740502746296,False
pilot2,1740456022502,False
pilot2,1740456080585,False
pilot2,1740456131288,False
pilot2,1740456192134,False
pilot2,1740456242938,False
pilot2,1740456303728,False
pilot2,1740456354662,False
pilot2,1740456415418,False
pilot2,1740456466289,False
pilot2,1740456527001,False
pilot2,1740456578045,False
pilot2,1740456638580,False
pilot2,1740456689469,False
pilot2,1740456747910,False
pilot2,1740456798838,False
pilot2,1740456859659,False
pilot2,1740456910684,False
pilot2,1740456971397,False
pilot2,1740457032058,False
pilot2,1740457092815,False
pilot2,1740457153593,False
pilot2,1740457214391,False
pilot2,1740457265222,False
pilot2,1740457325910,False
pilot2,1740457376432,False
pilot2,1740457437214,False
pilot2,1740457488251,False
pilot2,1740457548931,False
pilot2,1740457599959,False
pilot2,1740457657819,False
pilot2,1740457708715,False
pilot2,1740457769447,False
pilot2,1740457830077,False
pilot2,1740457885649,False
pilot2,1740457946536,False
pilot2,1740457997417,False
pilot2,1740458058262,False
pilot2,1740458109240,False
pilot2,1740458169914,False
pilot2,1740458220914,False
pilot2,1740458281598,False
pilot2,1740458332516,False
pilot2,1740458385245,False
pilot2,1740458445715,False
pilot2,1740458497854,False
pilot2,1740458558622,False
pilot2,1740458609616,False
pilot2,1740458670305,False
pilot2,1740458721281,False
pilot2,1740458781858,False
pilot2,1740458842549,False
pilot2,1740458903130,False
pilot2,1740458963948,False
pilot2,1740459024572,False
pilot2,1740459075494,False
pilot2,1740459136249,False
pilot2,1740459187188,False
pilot2,1740459247926,False
pilot2,1740459298599,False
pilot2,1740459355707,False
pilot2,1740459406689,False
pilot2,1740459467390,False
pilot2,1740459518321,False
pilot2,1740459578932,False
pilot2,1740481221905,False
pilot2,1740481282513,True
pilot2,1740481343216,False
pilot2,1740481404049,False
pilot2,1740481464741,False
pilot2,1740481515685,False
pilot2,1740481576337,False
pilot2,1740481627153,False
pilot2,1740481687780,False
pilot2,1740481738808,False
pilot2,1740481799382,False
pilot2,1740481860179,False
pilot2,1740481919361,False
pilot2,1740481980040,False
pilot2,1740482030948,False
pilot2,1740482091221,True
pilot2,1740482151953,False
pilot2,1740482210717,False
pilot2,1740482261543,False
pilot2,1740482322169,False
pilot2,1740482382749,False
pilot2,1740482433695,False
pilot2,1740482494319,False
pilot2,1740482545057,False
pilot2,1740482605728,False
pilot2,1740482666300,False
pilot2,1740482727138,False
pilot2,1740482777202,False
pilot2,1740482838096,False
pilot2,1740482888791,False
pilot2,1740482949534,False
pilot2,1740483000483,False
pilot2,1740483061388,False
pilot2,1740483121528,True
pilot2,1740483182217,False
pilot2,1740483233141,False
pilot2,1740483292093,False
pilot2,1740483352188,True
pilot2,1740483352753,True
pilot2,1740483413350,False
pilot2,1740483474154,False
pilot2,1740483534773,False
pilot2,1740483595488,False
pilot2,1740483646381,False
pilot2,1740483707105,False
pilot2,1740483758044,False
pilot2,1740483818775,False
pilot2,1740483869458,False
pilot2,1740483930311,False
pilot2,1740483981070,False
pilot2,1740484041423,True
pilot2,1740484092050,True
pilot2,1740484152695,False
pilot2,1740484203543,False
pilot2,1740484261463,False
pilot2,1740484311922,False
pilot2,1740484372690,False
pilot2,1740484423534,False
pilot2,1740484484260,False
pilot2,1740484534846,False
pilot2,1740484595656,False
pilot2,1740484646505,False
pilot2,1740484707264,False
pilot2,1740484757946,False
pilot2,1740448840456,False
pilot2,1740448901996,False
pilot2,1740448953388,False
pilot2,1740449013947,False
pilot2,1740449064948,False
pilot2,1740449126303,False
pilot2,1740449177335,False
pilot2,1740449237974,False
pilot2,1740449289041,False
pilot2,1740449346195,False
pilot2,1740449397270,False
pilot2,1740449458019,False
pilot2,1740449509087,False
pilot2,1740449569893,False
pilot2,1740449621063,False
pilot2,1740449681837,False
pilot2,1740449732873,False
pilot2,1740449793788,False
pilot2,1740449844812,False
pilot2,1740449905615,False
pilot2,1740449956656,False
pilot2,1740450014038,False
pilot2,1740450064837,False
pilot2,1740450126017,False
pilot2,1740450176582,False
pilot2,1740450237053,False
pilot2,1740450287985,False
pilot2,1740450348548,False
pilot2,1740450399433,False
pilot2,1740450460333,False
pilot2,1740450511263,False
pilot2,1740450571985,False
pilot2,1740450632842,False
pilot2,1740450683814,False
pilot2,1740450742162,False
pilot2,1740450793309,False
pilot2,1740450854102,False
pilot2,1740450904996,False
pilot2,1740450965766,False
pilot2,1740451016856,False
pilot2,1740451077641,False
pilot2,1740451128526,False
pilot2,1740451189346,False
pilot2,1740451240167,False
pilot2,1740451300883,False
pilot2,1740451352007,False
pilot2,1740451409562,False
pilot2,1740451460593,False
pilot2,1740451521466,False
pilot2,1740451572600,False
pilot2,1740451633231,False
pilot2,1740451684269,False
pilot2,1740451744779,False
pilot2,1740451795882,False
pilot2,1740451856668,False
pilot2,1740451907697,False
pilot2,1740451968419,False
pilot2,1740452019361,False
pilot2,1740452077206,False
pilot2,1740452128397,False
pilot2,1740452189113,False
pilot2,1740452240068,False
pilot2,1740452300899,False
pilot2,1740452351635,False
pilot2,1740477603317,True
pilot2,1740477663578,True
pilot2,1740477664166,True
pilot2,1740477724137,True
pilot2,1740477776725,True
pilot2,1740477837211,True
pilot2,1740477887655,True
pilot2,1740477948118,True
pilot2,1740477998707,True
pilot2,1740478059163,True
pilot2,1740478119437,True
pilot2,1740478170123,True
pilot2,1740478230567,True
pilot2,1740478281082,True
pilot2,1740478341557,True
pilot2,1740478392177,True
pilot2,1740478450244,True
pilot2,1740478510873,True
pilot2,1740478511516,True
pilot2,1740478563170,True
pilot2,1740478623725,True
pilot2,1740478684389,True
pilot2,1740478744653,True
pilot2,1740478745430,True
pilot2,1740478805955,True
pilot2,1740478856521,True
pilot2,1740478916972,True
pilot2,1740478967517,True
pilot2,1740479028018,True
pilot2,1740479078557,True
pilot2,1740479139295,True
pilot2,1740479189796,True
pilot2,1740479250183,True
pilot2,1740479310801,True
pilot2,1740479371246,True
pilot2,1740479431689,True
pilot2,1740479492199,True
pilot2,1740479549253,True
pilot2,1740479609659,True
pilot2,1740479670131,True
pilot2,1740479730166,True
pilot2,1740479730781,True
pilot2,1740479791260,True
pilot2,1740479841900,True
pilot2,1740479900447,True
pilot2,1740479950953,True
pilot2,1740480011507,True
pilot2,1740480072200,False
pilot2,1740480124975,True
pilot2,1740480185533,True
pilot2,1740480245850,True
pilot2,1740480306633,False
pilot2,1740480367023,True
pilot2,1740480427407,True
pilot2,1740480488166,True
pilot2,1740480548986,False
pilot2,1740480599780,True
pilot2,1740480660132,True
pilot2,1740480721010,False
pilot2,1740480781320,True
pilot2,1740480841732,True
pilot2,1740480892402,True
pilot2,1740480952868,False
pilot2,1740481003660,False
pilot2,1740481063925,True
pilot2,1740481114576,True
pilot2,1740481170940,True
pilot2,1740484818706,False
pilot2,1740484869699,False
pilot2,1740484928507,False
pilot2,1740484979174,False
pilot2,1740485039848,False
pilot2,1740485090804,False
pilot2,1740485151421,False
pilot2,1740485202370,False
pilot2,1740485263031,False
pilot2,1740485323622,False
pilot2,1740485384250,False
pilot2,1740485435154,False
pilot2,1740485495902,False
pilot2,1740485546840,False
pilot2,1740485607475,False
pilot2,1740485658339,False
pilot2,1740485716771,False
pilot2,1740485767406,False
pilot2,1740485828168,False
pilot2,1740485879070,False
pilot2,1740485939710,False
pilot2,1740485990486,True
pilot2,1740486051321,False
pilot2,1740486101940,True
pilot2,1740486162374,True
pilot2,1740486212923,True
pilot2,1740486264269,True
pilot2,1740486318139,True
pilot2,1740486378570,True
pilot2,1740486429222,True
pilot2,1740486489880,True
pilot2,1740486540401,True
pilot2,1740486600883,True
pilot2,1740486651805,True
pilot2,1740486712081,True
pilot2,1740486772912,False
pilot2,1740486833214,False
pilot2,1740486894048,True
pilot2,1740486944925,True
pilot2,1740487005345,True
pilot2,1740487056006,True
pilot2,1740487112180,True
pilot2,1740487162792,True
pilot2,1740487223381,True
pilot2,1740487274094,True
pilot2,1740487334830,True
pilot2,1740487385433,True
pilot2,1740487446094,True
pilot2,1740487496891,False
pilot2,1740487557513,False
pilot2,1740487618223,False
pilot2,1740487678842,False
pilot2,1740487739564,False
pilot2,1740487800153,False
pilot2,1740487851126,False
pilot2,1740487911881,False
pilot2,1740487962547,False
pilot2,1740488021527,False
pilot2,1740488072454,False
pilot2,1740488133010,False
pilot2,1740488183938,False
pilot2,1740488244616,False
pilot2,1740488295471,False
pilot2,1740488356121,False
pilot2,1740470444480,True
pilot2,1740470500918,True
pilot2,1740470561479,True
pilot2,1740470621865,True
pilot2,1740470682396,True
pilot2,1740470743086,True
pilot2,1740470803846,False
pilot2,1740470854441,True
pilot2,1740470914948,True
pilot2,1740470975666,False
pilot2,1740471036199,True
pilot2,1740471096609,True
pilot2,1740471157088,True
pilot2,1740471209746,True
pilot2,1740471270375,True
pilot2,1740471330954,True
pilot2,1740471391657,False
pilot2,1740471452371,False
pilot2,1740471513051,False
pilot2,1740471573745,False
pilot2,1740471624304,False
pilot2,1740471685100,False
pilot2,1740471745778,False
pilot2,1740471806593,False
pilot2,1740471857128,False
pilot2,1740471908221,False
pilot2,1740471968135,True
pilot2,1740471969086,True
pilot2,1740472029075,True
pilot2,1740472079737,True
pilot2,1740472140587,False
pilot2,1740472191242,False
pilot2,1740472251943,False
pilot2,1740472302929,False
pilot2,1740472363615,False
pilot2,1740472414401,True
pilot2,1740472475353,False
pilot2,1740472526185,False
pilot2,1740472586789,True
pilot2,1740472637697,True
pilot2,1740472695277,True
pilot2,1740472755872,True
pilot2,1740472756643,True
pilot2,1740472816093,True
pilot2,1740472877233,True
pilot2,1740472937285,True
pilot2,1740472998027,True
pilot2,1740472998944,True
pilot2,1740473058370,True
pilot2,1740473119387,True
pilot2,1740473179597,True
pilot2,1740473180305,True
pilot2,1740473233594,True
pilot2,1740473294093,True
pilot2,1740473344504,True
pilot2,1740473405077,True
pilot2,1740473465635,True
pilot2,1740473526017,True
pilot2,1740473526691,True
pilot2,1740473587127,True
pilot2,1740473647698,True
pilot2,1740473708293,True
pilot2,1740473769039,False
pilot2,1740473829894,False
pilot2,1740473880727,False
pilot2,1740473941373,False
pilot2,1740473992400,False
pilot2,1740488416789,False
pilot2,1740488477645,False
pilot2,1740488538333,False
pilot2,1740488599012,False
pilot2,1740488649926,False
pilot2,1740488710471,False
pilot2,1740488761371,False
pilot2,1740488822137,False
pilot2,1740488872982,False
pilot2,1740488930248,False
pilot2,1740488980861,False
pilot2,1740489041793,False
pilot2,1740489092632,False
pilot2,1740489153232,False
pilot2,1740489204147,False
pilot2,1740489264870,False
pilot2,1740489315677,False
pilot2,1740489376438,False
pilot2,1740489436943,False
pilot2,1740489497721,False
pilot2,1740489558325,False
pilot2,1740489619116,False
pilot2,1740489669977,False
pilot2,1740489730666,False
pilot2,1740489781177,False
pilot2,1740489839907,False
pilot2,1740489890592,False
pilot2,1740489951360,False
pilot2,1740490002345,False
pilot2,1740490062847,False
pilot2,1740490113851,False
pilot2,1740490174320,False
pilot2,1740490225313,False
pilot2,1740490286195,False
pilot2,1740490346698,False
pilot2,1740490407538,False
pilot2,1740490468225,False
pilot2,1740490520371,False
pilot2,1740490580804,False
pilot2,1740490631702,False
pilot2,1740490688774,False
pilot2,1740490739524,False
pilot2,1740490800349,False
pilot2,1740490851132,False
pilot2,1740490911901,False
pilot2,1740490962812,False
pilot2,1740491023554,False
pilot2,1740491074539,False
pilot2,1740491135299,False
pilot2,1740491185384,False
pilot2,1740491246208,False
pilot2,1740491306941,False
pilot2,1740491356867,False
pilot2,1740491417333,False
pilot2,1740491468301,False
pilot2,1740491528832,True
pilot2,1740491578938,True
pilot2,1740491639421,True
pilot2,1740491690081,True
pilot2,1740491750714,False
pilot2,1740491801617,False
pilot2,1740491862380,False
pilot2,1740491913360,False
pilot2,1740491974064,False
pilot2,1740463249509,False
pilot2,1740463310342,False
pilot2,1740463361365,False
pilot2,1740463419860,False
pilot2,1740463470814,False
pilot2,1740463531518,False
pilot2,1740463582536,False
pilot2,1740463643237,False
pilot2,1740463694080,False
pilot2,1740463754891,False
pilot2,1740463805769,False
pilot2,1740463866530,False
pilot2,1740463917421,False
pilot2,1740463978117,False
pilot2,1740464028959,False
pilot2,1740464086907,False
pilot2,1740464137789,False
pilot2,1740464198544,False
pilot2,1740464249467,False
pilot2,1740464310242,False
pilot2,1740464371034,False
pilot2,1740464426954,False
pilot2,1740464487744,False
pilot2,1740464538308,False
pilot2,1740464599068,False
pilot2,1740464649686,False
pilot2,1740464710539,False
pilot2,1740464761465,False
pilot2,1740464815146,False
pilot2,1740464866467,False
pilot2,1740464927258,False
pilot2,1740464978527,False
pilot2,1740465039277,False
pilot2,1740465090166,False
pilot2,1740465150574,False
pilot2,1740465201545,False
pilot2,1740465262376,False
pilot2,1740465312973,False
pilot2,1740465373665,False
pilot2,1740465424616,False
pilot2,1740465482234,False
pilot2,1740465533043,False
pilot2,1740465593812,False
pilot2,1740465644677,False
pilot2,1740465705413,False
pilot2,1740465756386,False
pilot2,1740465817069,False
pilot2,1740465867998,False
pilot2,1740465928810,False
pilot2,1740465979561,False
pilot2,1740466040125,False
pilot2,1740466091093,False
pilot2,1740466149217,False
pilot2,1740466200189,False
pilot2,1740466260875,False
pilot2,1740466311842,False
pilot2,1740466372590,False
pilot2,1740466423324,False
pilot2,1740466484057,False
pilot2,1740466535069,False
pilot2,1740466595812,False
pilot2,1740466646849,False
pilot2,1740466707604,False
pilot2,1740466758484,False
pilot2,1740495643169,False
pilot2,1740495703792,False
pilot2,1740495754676,False
pilot2,1740495815444,False
pilot2,1740495866124,False
pilot2,1740495926895,False
pilot2,1740495977871,False
pilot2,1740496038611,False
pilot2,1740496089189,True
pilot2,1740496147458,False
pilot2,1740496198144,False
pilot2,1740496258735,False
pilot2,1740496309734,False
pilot2,1740496370480,False
pilot2,1740496421042,False
pilot2,1740496481519,True
pilot2,1740496542128,True
pilot2,1740496602610,True
pilot2,1740496652820,True
pilot2,1740496713219,True
pilot2,1740496773867,True
pilot2,1740496834425,True
pilot2,1740496894801,True
pilot2,1740496951212,True
pilot2,1740497012075,False
pilot2,1740497062845,False
pilot2,1740497116199,False
pilot2,1740497176850,False
pilot2,1740497237285,False
pilot2,1740497238156,False
pilot2,1740497298359,False
pilot2,1740497359203,False
pilot2,1740497410152,False
pilot2,1740497470881,False
pilot2,1740497531595,False
pilot2,1740497592167,False
pilot2,1740497652886,False
pilot2,1740497713668,False
pilot2,1740497774452,False
pilot2,1740497828576,False
pilot2,1740497889306,False
pilot2,1740497939814,True
pilot2,1740498000301,True
pilot2,1740498051319,False
pilot2,1740498112060,False
pilot2,1740498172760,False
pilot2,1740498233418,False
pilot2,1740498284355,False
pilot2,1740498345132,False
pilot2,1740498395994,False
pilot2,1740498450763,False
pilot2,1740498501629,False
pilot2,1740498562328,False
pilot2,1740498612934,False
pilot2,1740498673821,False
pilot2,1740498724471,False
pilot2,1740498785344,False
pilot2,1740498836335,False
pilot2,1740498897130,False
pilot2,1740498947993,False
pilot2,1740499008761,False
pilot2,1740499059554,False
pilot2,1740499117789,False
pilot2,1740499168713,False
pilot2,1740445206500,False
pilot2,1740445257958,False
pilot2,1740445319439,False
pilot2,1740445370762,False
pilot2,1740445431740,False
pilot2,1740445483159,False
pilot2,1740445544055,False
pilot2,1740445595369,False
pilot2,1740445656216,False
pilot2,1740445707353,False
pilot2,1740445761688,False
pilot2,1740445813048,False
pilot2,1740445874058,False
pilot2,1740445927016,False
pilot2,1740445987813,False
pilot2,1740446049087,False
pilot2,1740446110008,False
pilot2,1740446162582,False
pilot2,1740446222321,False
pilot2,1740446274200,False
pilot2,1740446334898,False
pilot2,1740446386353,False
pilot2,1740446447451,False
pilot2,1740446498205,False
pilot2,1740446552990,False
pilot2,1740446613769,False
pilot2,1740446674351,False
pilot2,1740446725571,False
pilot2,1740446786220,False
pilot2,1740446837304,False
pilot2,1740446898300,False
pilot2,1740446949567,False
pilot2,1740447010288,False
pilot2,1740447061626,False
pilot2,1740447122048,False
pilot2,1740447173127,False
pilot2,1740447233713,False
pilot2,1740447284946,False
pilot2,1740447341926,False
pilot2,1740447393170,False
pilot2,1740447454048,False
pilot2,1740447505351,False
pilot2,1740447566177,False
pilot2,1740447617228,False
pilot2,1740447678197,False
pilot2,1740447729402,False
pilot2,1740447790264,False
pilot2,1740447841481,False
pilot2,1740447902093,False
pilot2,1740447953210,False
pilot2,1740448009854,False
pilot2,1740448061038,False
pilot2,1740448121930,False
pilot2,1740448172862,False
pilot2,1740448233759,False
pilot2,1740448284894,False
pilot2,1740448345719,False
pilot2,1740448396784,False
pilot2,1740448457607,False
pilot2,1740448508616,False
pilot2,1740448569472,False
pilot2,1740448620733,False
pilot2,1740448677514,False
pilot2,1740448728602,False
pilot2,1740448789429,False
pilot2,1740492025036,False
pilot2,1740492083449,False
pilot2,1740492144241,False
pilot2,1740492204912,False
pilot2,1740492255709,False
pilot2,1740492316462,False
pilot2,1740492377097,False
pilot2,1740492428085,True
pilot2,1740492488660,True
pilot2,1740492539295,True
pilot2,1740492599843,True
pilot2,1740492650512,False
pilot2,1740492711130,False
pilot2,1740492762082,False
pilot2,1740492822813,False
pilot2,1740492873695,False
pilot2,1740492931587,True
pilot2,1740492982259,True
pilot2,1740493042802,True
pilot2,1740493093875,True
pilot2,1740493154100,True
pilot2,1740493204601,True
pilot2,1740493265074,True
pilot2,1740493315928,True
pilot2,1740493376767,False
pilot2,1740493427429,False
pilot2,1740493488177,False
pilot2,1740493539185,False
pilot2,1740493597771,False
pilot2,1740493648727,False
pilot2,1740493709457,False
pilot2,1740493760215,True
pilot2,1740493820642,True
pilot2,1740493871040,True
pilot2,1740493931705,False
pilot2,1740493982433,False
pilot2,1740494042883,True
pilot2,1740494093320,True
pilot2,1740494145771,False
pilot2,1740494198845,False
pilot2,1740494259527,False
pilot2,1740494310457,False
pilot2,1740494371098,False
pilot2,1740494421772,False
pilot2,1740494482562,False
pilot2,1740494533400,False
pilot2,1740494594190,False
pilot2,1740494645136,False
pilot2,1740494705932,False
pilot2,1740494756689,False
pilot2,1740494813196,False
pilot2,1740494863910,False
pilot2,1740494924778,False
pilot2,1740494975429,False
pilot2,1740495036246,False
pilot2,1740495087206,False
pilot2,1740495147851,False
pilot2,1740495198737,False
pilot2,1740495259524,False
pilot2,1740495310068,True
pilot2,1740495370967,False
pilot2,1740495421799,False
pilot2,1740495480628,False
pilot2,1740495531351,False
pilot2,1740495592129,False
pilot2,1740466816341,False
pilot2,1740466867182,False
pilot2,1740466928030,False
pilot2,1740466978837,False
pilot2,1740467039578,False
pilot2,1740467090385,False
pilot2,1740467151108,False
pilot2,1740467202130,False
pilot2,1740467262846,False
pilot2,1740467313553,False
pilot2,1740467374321,False
pilot2,1740467425311,False
pilot2,1740467483504,False
pilot2,1740467534361,False
pilot2,1740467595014,False
pilot2,1740467645865,False
pilot2,1740467706745,False
pilot2,1740467757406,False
pilot2,1740467818275,False
pilot2,1740467869059,False
pilot2,1740467929836,False
pilot2,1740467980659,False
pilot2,1740468041506,False
pilot2,1740468092317,False
pilot2,1740468150754,False
pilot2,1740468201635,False
pilot2,1740468262347,False
pilot2,1740468313352,False
pilot2,1740468374081,False
pilot2,1740468424947,False
pilot2,1740468485660,False
pilot2,1740468536646,False
pilot2,1740468597294,False
pilot2,1740468648143,False
pilot2,1740468708980,False
pilot2,1740468759899,False
pilot2,1740468818173,False
pilot2,1740468869049,False
pilot2,1740468929841,False
pilot2,1740468980759,False
pilot2,1740469041348,False
pilot2,1740469092039,False
pilot2,1740469152851,False
pilot2,1740469203798,False
pilot2,1740469264489,False
pilot2,1740469315370,False
pilot2,1740469376206,False
pilot2,1740469427054,False
pilot2,1740469485185,False
pilot2,1740469536099,False
pilot2,1740469596519,False
pilot2,1740469647386,False
pilot2,1740469708095,False
pilot2,1740469759050,False
pilot2,1740469819660,False
pilot2,1740469870597,False
pilot2,1740469931395,False
pilot2,1740469981875,False
pilot2,1740470042699,False
pilot2,1740470093669,False
pilot2,1740470152315,False
pilot2,1740470212386,True
pilot2,1740470213033,True
pilot2,1740470272847,True
pilot2,1740470323656,True
pilot2,1740470384062,True
pilot2,1740474053164,False
pilot2,1740474103211,False
pilot2,1740474163921,False
pilot2,1740474214449,False
pilot2,1740474270778,False
pilot2,1740474321628,False
pilot2,1740474382457,False
pilot2,1740474433451,False
pilot2,1740474494099,False
pilot2,1740474555038,False
pilot2,1740474615565,False
pilot2,1740474676495,False
pilot2,1740474732107,True
pilot2,1740474792633,False
pilot2,1740474843817,False
pilot2,1740474904583,False
pilot2,1740474955421,False
pilot2,1740475015980,False
pilot2,1740475066967,False
pilot2,1740475118967,False
pilot2,1740475172079,False
pilot2,1740475232786,False
pilot2,1740475283699,False
pilot2,1740475344362,False
pilot2,1740475405059,False
pilot2,1740475465773,False
pilot2,1740475516702,False
pilot2,1740475577326,False
pilot2,1740475628138,False
pilot2,1740475688788,False
pilot2,1740475739551,False
pilot2,1740475800110,False
pilot2,1740475850868,False
pilot2,1740475907380,False
pilot2,1740475967693,False
pilot2,1740476028481,False
pilot2,1740476079388,False
pilot2,1740476140253,False
pilot2,1740476191111,False
pilot2,1740476251775,False
pilot2,1740476302677,False
pilot2,1740476363291,False
pilot2,1740476414148,False
pilot2,1740476474628,True
pilot2,1740476535480,False
pilot2,1740476595756,True
pilot2,1740476649005,False
pilot2,1740476709413,True
pilot2,1740476770164,False
pilot2,1740476830881,False
pilot2,1740476891531,False
pilot2,1740476952299,False
pilot2,1740477002799,True
pilot2,1740477058326,True
pilot2,1740477118837,True
pilot2,1740477119444,True
pilot2,1740477179880,False
pilot2,1740477240419,False
pilot2,1740477301154,False
pilot2,1740477361897,False
pilot2,1740477421919,True
pilot2,1740477422765,True
pilot2,1740477482331,True
pilot2,1740477543069,True
pilot2,1740477543905,True
pilot2,1740441612316,True
pilot2,1740441663019,True
pilot2,1740441723526,True
pilot2,1740441774232,True
pilot2,1740441831260,True
pilot2,1740441881996,True
pilot2,1740441942396,True
pilot2,1740441993035,True
pilot2,1740442053661,True
pilot2,1740442104355,True
pilot2,1740442164791,True
pilot2,1740442215348,True
pilot2,1740442275758,True
pilot2,1740442326377,True
pilot2,1740442387386,True
pilot2,1740442438830,True
pilot2,1740442497588,True
pilot2,1740442558302,True
pilot2,1740442619275,True
pilot2,1740442669875,True
pilot2,1740442730997,True
pilot2,1740442781802,True
pilot2,1740442842489,True
pilot2,1740442893480,True
pilot2,1740442954224,True
pilot2,1740443005049,True
pilot2,1740443065950,True
pilot2,1740443116634,True
pilot2,1740443177401,True
pilot2,1740443227930,True
pilot2,1740443286253,True
pilot2,1740443336827,True
pilot2,1740443397418,True
pilot2,1740443448133,True
pilot2,1740443508423,True
pilot2,1740443559364,True
pilot2,1740443619758,True
pilot2,1740443670666,True
pilot2,1740443731217,True
pilot2,1740443781885,True
pilot2,1740443842667,True
pilot2,1740443893196,True
pilot2,1740443952533,False
pilot2,1740444003444,False
pilot2,1740444064188,False
pilot2,1740444115182,False
pilot2,1740444175955,False
pilot2,1740444226489,False
pilot2,1740444287248,False
pilot2,1740444348022,False
pilot2,1740444408547,False
pilot2,1740444459518,False
pilot2,1740444520165,False
pilot2,1740444571126,False
pilot2,1740444631789,False
pilot2,1740444682653,False
pilot2,1740444740802,False
pilot2,1740444791708,False
pilot2,1740444852341,False
pilot2,1740444903362,False
pilot2,1740444963992,False
pilot2,1740445031503,False
pilot2,1740445093461,False
pilot2,1740445145174,False
pilot2,1740459630001,False
pilot2,1740459690604,False
pilot2,1740459751434,False
pilot2,1740459805798,False
pilot2,1740459866499,False
pilot2,1740459917469,False
pilot2,1740459978241,False
pilot2,1740460029036,False
pilot2,1740460083627,False
pilot2,1740460134287,False
pilot2,1740460194906,False
pilot2,1740460245632,False
pilot2,1740460306488,False
pilot2,1740460357445,False
pilot2,1740460418212,False
pilot2,1740460468988,False
pilot2,1740460529788,False
pilot2,1740460580763,False
pilot2,1740460641580,False
pilot2,1740460692612,False
pilot2,1740460750776,False
pilot2,1740460801695,False
pilot2,1740460862426,False
pilot2,1740460913308,False
pilot2,1740460974069,False
pilot2,1740461024865,False
pilot2,1740461085635,False
pilot2,1740461136634,False
pilot2,1740461197408,False
pilot2,1740461248254,False
pilot2,1740461308968,False
pilot2,1740461359904,False
pilot2,1740461418103,False
pilot2,1740461468784,False
pilot2,1740461529600,False
pilot2,1740461580529,False
pilot2,1740461641220,False
pilot2,1740461692041,False
pilot2,1740461752700,False
pilot2,1740461803632,False
pilot2,1740461864426,False
pilot2,1740461915213,False
pilot2,1740461975885,False
pilot2,1740462026655,False
pilot2,1740462085383,False
pilot2,1740462136359,False
pilot2,1740462197225,False
pilot2,1740462247811,False
pilot2,1740462308481,False
pilot2,1740462359316,False
pilot2,1740462419965,False
pilot2,1740462470729,False
pilot2,1740462531529,False
pilot2,1740462582413,False
pilot2,1740462643005,False
pilot2,1740462694047,False
pilot2,1740462752614,False
pilot2,1740462803449,False
pilot2,1740462864227,False
pilot2,1740462915197,False
pilot2,1740462976014,False
pilot2,1740463026970,False
pilot2,1740463087606,False
pilot2,1740463138390,False
pilot2,1740463198943,False
pilot2,1740020416830,False
pilot2,1740020467293,False
pilot2,1740020527988,False
pilot2,1740020578903,False
pilot2,1740020639690,False
pilot2,1740020690493,False
pilot2,1740020750811,False
pilot2,1740020801567,False
pilot2,1740020860124,False
pilot2,1740020910745,False
pilot2,1740020971519,False
pilot2,1740021022426,False
pilot2,1740021082835,False
pilot2,1740021133747,False
pilot2,1740021194476,False
pilot2,1740021245264,False
pilot2,1740021306014,False
pilot2,1740021356872,False
pilot2,1740021417555,False
pilot2,1740021468187,False
pilot2,1740021526975,False
pilot2,1740021577912,False
pilot2,1740021638568,False
pilot2,1740021689321,False
pilot2,1740021749849,False
pilot2,1740021800663,False
pilot2,1740021861143,False
pilot2,1740021912033,False
pilot2,1740021972719,False
pilot2,1740022023431,False
pilot2,1740022084099,False
pilot2,1740022134997,False
pilot2,1740022193923,False
pilot2,1740022244296,False
pilot2,1740022305141,False
pilot2,1740022356121,False
pilot2,1740022416742,False
pilot2,1740022467637,False
pilot2,1740022528395,False
pilot2,1740022579139,False
pilot2,1740022639902,False
pilot2,1740022690809,False
pilot2,1740022751476,False
pilot2,1740022802350,False
pilot2,1740022860658,False
pilot2,1740022911565,False
pilot2,1740022972315,False
pilot2,1740023023172,False
pilot2,1740023083759,False
pilot2,1740023134585,False
pilot2,1740023195295,False
pilot2,1740023246203,False
pilot2,1740023306879,False
pilot2,1740023357838,False
pilot2,1740023418477,False
pilot2,1740023469316,False
pilot2,1740023527612,False
pilot2,1740023578344,False
pilot2,1740023639082,False
pilot2,1740023689998,False
pilot2,1740023750581,False
pilot2,1740023801441,False
pilot2,1740023862141,False
pilot2,1740023912998,False
pilot2,1740023973667,False
pilot2,1740067255927,True
pilot2,1740067316784,False
pilot2,1740067377474,False
pilot2,1740067438002,False
pilot2,1740067498668,False
pilot2,1740067559412,False
pilot2,1740067619684,True
pilot2,1740067680354,False
pilot2,1740067730962,False
pilot2,1740067791709,True
pilot2,1740067852476,False
pilot2,1740067913088,False
pilot2,1740067973761,False
pilot2,1740068034412,False
pilot2,1740068094876,False
pilot2,1740068155650,False
pilot2,1740068216365,False
pilot2,1740068267232,False
pilot2,1740068327911,False
pilot2,1740068378669,False
pilot2,1740068439358,False
pilot2,1740068489978,False
pilot2,1740068550710,False
pilot2,1740068601396,False
pilot2,1740068659069,False
pilot2,1740068719759,False
pilot2,1740068780345,False
pilot2,1740068831082,False
pilot2,1740068891739,False
pilot2,1740068942633,False
pilot2,1740069003299,False
pilot2,1740069054090,False
pilot2,1740069114753,False
pilot2,1740069165711,False
pilot2,1740069226191,False
pilot2,1740069277021,False
pilot2,1740069337631,False
pilot2,1740069388236,False
pilot2,1740069446733,False
pilot2,1740069497566,False
pilot2,1740069558335,False
pilot2,1740069609245,False
pilot2,1740069669946,False
pilot2,1740069730568,False
pilot2,1740069791175,False
pilot2,1740069851973,True
pilot2,1740069912484,True
pilot2,1740069963229,True
pilot2,1740070023742,True
pilot2,1740070074331,True
pilot2,1740070134881,True
pilot2,1740070185587,True
pilot2,1740070246270,False
pilot2,1740070296964,False
pilot2,1740070355328,False
pilot2,1740070406108,False
pilot2,1740070466736,False
pilot2,1740070517662,False
pilot2,1740070578173,False
pilot2,1740070628680,True
pilot2,1740070689160,True
pilot2,1740070739926,True
pilot2,1740024024567,False
pilot2,1740024085244,False
pilot2,1740024135894,False
pilot2,1740024194631,False
pilot2,1740024245345,False
pilot2,1740024306163,False
pilot2,1740024357053,False
pilot2,1740024417746,False
pilot2,1740024468597,False
pilot2,1740024529283,False
pilot2,1740024580098,False
pilot2,1740024640830,False
pilot2,1740024691484,False
pilot2,1740024752295,False
pilot2,1740024802959,False
pilot2,1740024861356,False
pilot2,1740024912228,False
pilot2,1740024972941,False
pilot2,1740025023854,False
pilot2,1740025084579,False
pilot2,1740025135370,False
pilot2,1740025196083,False
pilot2,1740025246927,False
pilot2,1740025307623,False
pilot2,1740025358451,False
pilot2,1740025419140,False
pilot2,1740025469965,False
pilot2,1740025528286,False
pilot2,1740025578889,False
pilot2,1740025639715,False
pilot2,1740025690661,False
pilot2,1740025751378,False
pilot2,1740025802013,False
pilot2,1740025862900,False
pilot2,1740025913790,False
pilot2,1740025974489,False
pilot2,1740026025059,False
pilot2,1740026085796,False
pilot2,1740026136654,False
pilot2,1740026195202,False
pilot2,1740026246064,False
pilot2,1740026306805,False
pilot2,1740026357679,False
pilot2,1740026418411,False
pilot2,1740026469272,False
pilot2,1740026529947,False
pilot2,1740026580877,False
pilot2,1740026641305,False
pilot2,1740026692096,False
pilot2,1740026752820,False
pilot2,1740026803621,False
pilot2,1740026862101,False
pilot2,1740026913051,False
pilot2,1740026973800,False
pilot2,1740027024672,False
pilot2,1740027085255,False
pilot2,1740027136118,False
pilot2,1740027196814,False
pilot2,1740027247612,False
pilot2,1740027308259,False
pilot2,1740027359082,False
pilot2,1740027419832,False
pilot2,1740027470664,False
pilot2,1740027529177,False
pilot2,1740027580143,False
pilot2,1740049218787,False
pilot2,1740049275525,False
pilot2,1740049336103,False
pilot2,1740049386660,False
pilot2,1740049447352,False
pilot2,1740049498121,False
pilot2,1740049558807,False
pilot2,1740049609533,False
pilot2,1740049670037,False
pilot2,1740049720983,False
pilot2,1740049772839,False
pilot2,1740049826107,False
pilot2,1740049886764,False
pilot2,1740049937638,False
pilot2,1740049998385,False
pilot2,1740050058948,False
pilot2,1740050113257,False
pilot2,1740050173885,False
pilot2,1740050224606,False
pilot2,1740050285386,False
pilot2,1740050336268,False
pilot2,1740050396969,False
pilot2,1740050447587,False
pilot2,1740050500086,False
pilot2,1740050552712,False
pilot2,1740050613431,False
pilot2,1740050664265,False
pilot2,1740050724947,False
pilot2,1740050775776,False
pilot2,1740050836451,False
pilot2,1740050887093,False
pilot2,1740050947555,True
pilot2,1740050998476,False
pilot2,1740051059164,False
pilot2,1740051119746,False
pilot2,1740051180366,False
pilot2,1740051240944,False
pilot2,1740051301373,False
pilot2,1740051362117,False
pilot2,1740051422918,False
pilot2,1740051483643,False
pilot2,1740051534363,False
pilot2,1740051590889,False
pilot2,1740051651205,True
pilot2,1740051651992,True
pilot2,1740051711827,True
pilot2,1740051762278,True
pilot2,1740051823163,False
pilot2,1740051883808,False
pilot2,1740051944247,True
pilot2,1740052003371,False
pilot2,1740052064144,False
pilot2,1740052114777,False
pilot2,1740052175439,False
pilot2,1740052236136,False
pilot2,1740052296751,False
pilot2,1740052357885,True
pilot2,1740052412150,True
pilot2,1740052472687,True
pilot2,1740052532835,True
pilot2,1740052593851,True
pilot2,1740052654482,True
pilot2,1740052714512,True
pilot2,1740052774778,True
pilot2,1740016802557,False
pilot2,1740016861149,False
pilot2,1740016911689,False
pilot2,1740016972379,False
pilot2,1740017023280,False
pilot2,1740017083947,False
pilot2,1740017134776,False
pilot2,1740017195627,False
pilot2,1740017246125,False
pilot2,1740017306717,False
pilot2,1740017357577,False
pilot2,1740017418089,False
pilot2,1740017469319,False
pilot2,1740017527954,False
pilot2,1740017578537,False
pilot2,1740017639101,False
pilot2,1740017690105,False
pilot2,1740017750709,False
pilot2,1740017801249,False
pilot2,1740017862047,False
pilot2,1740017912569,False
pilot2,1740017973164,False
pilot2,1740018024001,False
pilot2,1740018084747,False
pilot2,1740018135623,False
pilot2,1740018194571,False
pilot2,1740018244994,False
pilot2,1740018305803,False
pilot2,1740018356680,False
pilot2,1740018417403,False
pilot2,1740018468211,False
pilot2,1740018528712,False
pilot2,1740018579583,False
pilot2,1740018640105,False
pilot2,1740018690794,False
pilot2,1740018751257,False
pilot2,1740018802356,False
pilot2,1740018860917,False
pilot2,1740018911812,False
pilot2,1740018972526,False
pilot2,1740019023368,False
pilot2,1740019084109,False
pilot2,1740019134960,False
pilot2,1740019195604,False
pilot2,1740019246676,False
pilot2,1740019307485,False
pilot2,1740019358485,False
pilot2,1740019418838,False
pilot2,1740019469368,False
pilot2,1740019527132,False
pilot2,1740019577932,False
pilot2,1740019638615,False
pilot2,1740019689437,False
pilot2,1740019750054,False
pilot2,1740019801002,False
pilot2,1740019861725,False
pilot2,1740019912528,False
pilot2,1740019973268,False
pilot2,1740020024137,False
pilot2,1740020084819,False
pilot2,1740020135726,False
pilot2,1740020194018,False
pilot2,1740020244761,False
pilot2,1740020305478,False
pilot2,1740020356121,False
pilot2,1740045612771,True
pilot2,1740045673204,True
pilot2,1740045733561,True
pilot2,1740045794346,True
pilot2,1740045854937,False
pilot2,1740045915654,False
pilot2,1740045976165,False
pilot2,1740046036903,False
pilot2,1740046087681,False
pilot2,1740046148374,False
pilot2,1740046209054,False
pilot2,1740046269622,False
pilot2,1740046320584,False
pilot2,1740046379330,False
pilot2,1740046439824,False
pilot2,1740046500163,False
pilot2,1740046501055,False
pilot2,1740046560881,False
pilot2,1740046621252,True
pilot2,1740046622160,True
pilot2,1740046681476,True
pilot2,1740046742254,True
pilot2,1740046742954,True
pilot2,1740046802887,False
pilot2,1740046863714,False
pilot2,1740046923055,False
pilot2,1740046983773,False
pilot2,1740047034304,False
pilot2,1740047094960,False
pilot2,1740047145978,False
pilot2,1740047206425,True
pilot2,1740047256985,True
pilot2,1740047317845,False
pilot2,1740047378505,False
pilot2,1740047430532,False
pilot2,1740047491103,True
pilot2,1740047551824,True
pilot2,1740047612562,True
pilot2,1740047672922,True
pilot2,1740047733474,True
pilot2,1740047789538,True
pilot2,1740047850300,True
pilot2,1740047910908,True
pilot2,1740047971606,False
pilot2,1740048031952,False
pilot2,1740048082927,False
pilot2,1740048136921,False
pilot2,1740048197399,False
pilot2,1740048198306,False
pilot2,1740048252961,False
pilot2,1740048313761,False
pilot2,1740048364666,False
pilot2,1740048425119,True
pilot2,1740048485830,False
pilot2,1740048546572,False
pilot2,1740048607114,False
pilot2,1740048658016,False
pilot2,1740048718756,False
pilot2,1740048769538,False
pilot2,1740048830211,False
pilot2,1740048880761,True
pilot2,1740048941478,False
pilot2,1740048992291,False
pilot2,1740049045717,False
pilot2,1740049097445,False
pilot2,1740049158222,False
pilot2,1740052835035,True
pilot2,1740052892464,True
pilot2,1740052952623,True
pilot2,1740053002930,True
pilot2,1740053057122,True
pilot2,1740053107945,True
pilot2,1740053168162,True
pilot2,1740053228380,True
pilot2,1740053288651,True
pilot2,1740053338990,True
pilot2,1740053399264,True
pilot2,1740053449665,True
pilot2,1740053509892,True
pilot2,1740053560204,True
pilot2,1740053620453,True
pilot2,1740053670718,True
pilot2,1740053731004,True
pilot2,1740053781415,True
pilot2,1740053839999,True
pilot2,1740053890352,True
pilot2,1740053950559,True
pilot2,1740054000888,True
pilot2,1740054061133,True
pilot2,1740054111372,True
pilot2,1740054171679,True
pilot2,1740054222041,True
pilot2,1740054282193,True
pilot2,1740054332501,True
pilot2,1740054392698,True
pilot2,1740054442941,True
pilot2,1740054501680,True
pilot2,1740054552014,True
pilot2,1740054612759,True
pilot2,1740054664082,True
pilot2,1740054724724,True
pilot2,1740054775360,True
pilot2,1740054835474,True
pilot2,1740054885750,True
pilot2,1740054946018,True
pilot2,1740054996241,True
pilot2,1740055056433,True
pilot2,1740055106759,True
pilot2,1740055165369,True
pilot2,1740055215665,True
pilot2,1740055275939,True
pilot2,1740055430798,True
pilot2,1740055481377,True
pilot2,1740055541791,True
pilot2,1740055593479,False
pilot2,1740055654413,False
pilot2,1740055706819,True
pilot2,1740055766609,True
pilot2,1740055818242,True
pilot2,1740055879098,True
pilot2,1740055930110,True
pilot2,1740055990337,True
pilot2,1740056101584,True
pilot2,1740056151894,True
pilot2,1740056212135,True
pilot2,1740056262471,True
pilot2,1740056323467,False
pilot2,1740056373590,True
pilot2,1740038431273,False
pilot2,1740038491879,False
pilot2,1740038552550,False
pilot2,1740038613098,False
pilot2,1740038674226,False
pilot2,1740038735135,False
pilot2,1740038785880,False
pilot2,1740038846596,False
pilot2,1740038897399,False
pilot2,1740038958086,False
pilot2,1740039018721,True
pilot2,1740039075414,True
pilot2,1740039136111,True
pilot2,1740039186958,False
pilot2,1740039247673,False
pilot2,1740039308429,False
pilot2,1740039368118,False
pilot2,1740039428589,False
pilot2,1740039479567,False
pilot2,1740039532779,True
pilot2,1740039594148,True
pilot2,1740039595145,True
pilot2,1740039654328,True
pilot2,1740039714810,True
pilot2,1740039775278,True
pilot2,1740039776317,True
pilot2,1740039831452,True
pilot2,1740039891785,True
pilot2,1740039952397,True
pilot2,1740040012981,True
pilot2,1740040073498,True
pilot2,1740040134131,True
pilot2,1740040194678,True
pilot2,1740040255157,True
pilot2,1740040315639,True
pilot2,1740040371274,True
pilot2,1740040431820,True
pilot2,1740040492396,True
pilot2,1740040552884,True
pilot2,1740040613523,True
pilot2,1740040674076,True
pilot2,1740040734701,True
pilot2,1740040795331,True
pilot2,1740040856191,True
pilot2,1740040916846,True
pilot2,1740040977600,True
pilot2,1740041028261,True
pilot2,1740041088806,True
pilot2,1740041139498,True
pilot2,1740041200400,False
pilot2,1740041261133,False
pilot2,1740041321979,False
pilot2,1740041382772,False
pilot2,1740041433755,False
pilot2,1740041494437,False
pilot2,1740041545348,False
pilot2,1740041606217,False
pilot2,1740041656705,False
pilot2,1740041713480,False
pilot2,1740041764580,False
pilot2,1740041825281,False
pilot2,1740041876022,False
pilot2,1740041936743,False
pilot2,1740041987679,False
pilot2,1740070800482,True
pilot2,1740070851153,True
pilot2,1740070911688,True
pilot2,1740070962264,True
pilot2,1740071021128,False
pilot2,1740071072020,False
pilot2,1740071132695,False
pilot2,1740071183630,False
pilot2,1740071244267,False
pilot2,1740071295069,True
pilot2,1740071355569,True
pilot2,1740071406083,True
pilot2,1740071466722,True
pilot2,1740071527218,True
pilot2,1740071587732,True
pilot2,1740071648164,True
pilot2,1740071708873,False
pilot2,1740071769519,False
pilot2,1740071830168,False
pilot2,1740071890692,False
pilot2,1740071951271,False
pilot2,1740072012029,False
pilot2,1740072072697,False
pilot2,1740072123579,False
pilot2,1740072184145,False
pilot2,1740072234887,False
pilot2,1740072292732,False
pilot2,1740072343315,False
pilot2,1740072404004,False
pilot2,1740072454778,False
pilot2,1740072515489,False
pilot2,1740072566261,False
pilot2,1740072626966,False
pilot2,1740072677636,False
pilot2,1740072738329,False
pilot2,1740072789124,False
pilot2,1740072849766,False
pilot2,1740072900589,False
pilot2,1740072959143,False
pilot2,1740073009842,False
pilot2,1740073070539,False
pilot2,1740073121190,False
pilot2,1740073181889,False
pilot2,1740073232727,False
pilot2,1740073293450,False
pilot2,1740073343877,False
pilot2,1740073404594,False
pilot2,1740073455363,False
pilot2,1740073516057,False
pilot2,1740073566822,False
pilot2,1740073625643,False
pilot2,1740073676413,False
pilot2,1740073737097,False
pilot2,1740073787881,False
pilot2,1740073848636,False
pilot2,1740073899454,False
pilot2,1740073960144,False
pilot2,1740074010879,False
pilot2,1740074071433,False
pilot2,1740074122305,False
pilot2,1740074183005,False
pilot2,1740074233751,False
pilot2,1740074291924,True
pilot2,1740074342437,True
pilot2,1740056455695,True
pilot2,1740056506420,True
pilot2,1740057086844,True
pilot2,1740057137391,True
pilot2,1740057197735,True
pilot2,1740057248439,True
pilot2,1740057308692,True
pilot2,1740057359185,True
pilot2,1740057419330,True
pilot2,1740057469802,True
pilot2,1740057530075,True
pilot2,1740057580506,True
pilot2,1740057640682,True
pilot2,1740057692802,True
pilot2,1740057749869,True
pilot2,1740057800321,True
pilot2,1740057860645,True
pilot2,1740057911127,True
pilot2,1740057971367,True
pilot2,1740058021729,True
pilot2,1740058082010,True
pilot2,1740058132590,True
pilot2,1740058192959,True
pilot2,1740058243518,True
pilot2,1740058302063,True
pilot2,1740058352465,True
pilot2,1740058412699,True
pilot2,1740058463119,True
pilot2,1740058523365,True
pilot2,1740058573782,True
pilot2,1740058634001,True
pilot2,1740058684306,True
pilot2,1740058744703,True
pilot2,1740058795009,True
pilot2,1740058855301,True
pilot2,1740058905725,True
pilot2,1740058964470,True
pilot2,1740059014808,True
pilot2,1740059075764,True
pilot2,1740059127195,False
pilot2,1740059188071,False
pilot2,1740059248822,False
pilot2,1740059309770,False
pilot2,1740059360942,False
pilot2,1740059421791,False
pilot2,1740059472944,False
pilot2,1740059533644,False
pilot2,1740059584777,False
pilot2,1740059645676,False
pilot2,1740059696816,False
pilot2,1740059754366,False
pilot2,1740059805148,False
pilot2,1740059866065,False
pilot2,1740059916980,False
pilot2,1740059977664,True
pilot2,1740085212000,False
pilot2,1740085262676,False
pilot2,1740085316901,False
pilot2,1740085367658,False
pilot2,1740085428378,False
pilot2,1740085479151,False
pilot2,1740085539744,False
pilot2,1740085590404,False
pilot2,1740085651125,False
pilot2,1740085701766,False
pilot2,1740085762381,False
pilot2,1740085813151,False
pilot2,1740085873788,False
pilot2,1740085924635,False
pilot2,1740085983697,False
pilot2,1740086034152,False
pilot2,1740086094850,False
pilot2,1740086145612,False
pilot2,1740086206195,False
pilot2,1740086257086,False
pilot2,1740086317610,False
pilot2,1740086368485,False
pilot2,1740086429093,False
pilot2,1740086479746,False
pilot2,1740086540366,False
pilot2,1740086601113,False
pilot2,1740086661670,False
pilot2,1740086712675,False
pilot2,1740086771300,True
pilot2,1740086822201,False
pilot2,1740086882711,False
pilot2,1740086943342,True
pilot2,1740086994973,True
pilot2,1740087055479,True
pilot2,1740087106208,True
pilot2,1740087166678,True
pilot2,1740087227170,True
pilot2,1740087287810,False
pilot2,1740087338365,False
pilot2,1740087399189,True
pilot2,1740087459637,True
pilot2,1740087519757,True
pilot2,1740087520768,True
pilot2,1740087581243,True
pilot2,1740087631674,True
pilot2,1740087692119,True
pilot2,1740087743085,False
pilot2,1740087800141,True
pilot2,1740087850767,True
pilot2,1740087911503,False
pilot2,1740087962177,False
pilot2,1740088022953,False
pilot2,1740088073799,False
pilot2,1740088134481,False
pilot2,1740088195384,True
pilot2,1740088255794,False
pilot2,1740088306343,True
pilot2,1740088367187,False
pilot2,1740088417710,True
pilot2,1740088478231,True
pilot2,1740088539648,False
pilot2,1740088599883,True
pilot2,1740088650877,False
pilot2,1740088709194,False
pilot2,1740088760119,False
pilot2,1740031258515,False
pilot2,1740031309290,False
pilot2,1740031370087,False
pilot2,1740031420992,False
pilot2,1740031481647,False
pilot2,1740031532543,False
pilot2,1740031590430,False
pilot2,1740031641095,False
pilot2,1740031701761,False
pilot2,1740031752501,False
pilot2,1740031813357,False
pilot2,1740031864268,False
pilot2,1740031924789,False
pilot2,1740031975688,False
pilot2,1740032036919,False
pilot2,1740032088135,False
pilot2,1740032148901,False
pilot2,1740032200126,False
pilot2,1740032251727,False
pilot2,1740032305065,False
pilot2,1740032365872,False
pilot2,1740032417165,False
pilot2,1740032478042,False
pilot2,1740032529187,False
pilot2,1740032590093,False
pilot2,1740032641065,False
pilot2,1740032701816,False
pilot2,1740032752909,False
pilot2,1740032813824,False
pilot2,1740032865019,False
pilot2,1740032919706,False
pilot2,1740032970804,False
pilot2,1740033031621,False
pilot2,1740033082720,False
pilot2,1740033143582,False
pilot2,1740033194651,False
pilot2,1740033255409,False
pilot2,1740033306526,False
pilot2,1740033367414,False
pilot2,1740033418539,False
pilot2,1740033479329,False
pilot2,1740033530246,False
pilot2,1740033587548,False
pilot2,1740033638578,False
pilot2,1740033699331,False
pilot2,1740033750346,False
pilot2,1740033811215,False
pilot2,1740033862188,False
pilot2,1740033923020,False
pilot2,1740033973521,True
pilot2,1740034034244,True
pilot2,1740034085079,True
pilot2,1740034145897,True
pilot2,1740034206601,True
pilot2,1740034267085,True
pilot2,1740034327611,True
pilot2,1740034388570,True
pilot2,1740034449211,True
pilot2,1740034501148,True
pilot2,1740034557696,False
pilot2,1740034608659,False
pilot2,1740034669524,False
pilot2,1740034730322,False
pilot2,1740034791063,False
pilot2,1740063624078,True
pilot2,1740063674354,True
pilot2,1740063734957,True
pilot2,1740063795589,True
pilot2,1740063855662,True
pilot2,1740063916188,True
pilot2,1740063966820,True
pilot2,1740064027479,True
pilot2,1740064078070,True
pilot2,1740064138651,True
pilot2,1740064189296,True
pilot2,1740064249863,True
pilot2,1740064300506,True
pilot2,1740064359075,True
pilot2,1740064419765,True
pilot2,1740064480193,True
pilot2,1740064540578,True
pilot2,1740064541422,True
pilot2,1740064601064,True
pilot2,1740064661612,True
pilot2,1740064722244,True
pilot2,1740064722937,True
pilot2,1740064773757,True
pilot2,1740064834247,True
pilot2,1740064885022,True
pilot2,1740064945619,True
pilot2,1740064996443,False
pilot2,1740065057124,False
pilot2,1740065117790,True
pilot2,1740065177020,True
pilot2,1740065237419,True
pilot2,1740065288085,True
pilot2,1740065348690,True
pilot2,1740065409269,True
pilot2,1740065469857,True
pilot2,1740065530611,False
pilot2,1740065591348,False
pilot2,1740065651991,False
pilot2,1740065712617,False
pilot2,1740065763127,True
pilot2,1740065823769,False
pilot2,1740065874508,False
pilot2,1740065933630,False
pilot2,1740065984245,False
pilot2,1740066044987,False
pilot2,1740066105182,False
pilot2,1740066165595,False
pilot2,1740066216554,False
pilot2,1740066277273,False
pilot2,1740066327998,False
pilot2,1740066388623,False
pilot2,1740066439533,False
pilot2,1740066500202,False
pilot2,1740066551004,False
pilot2,1740066611699,False
pilot2,1740066662397,False
pilot2,1740066720933,False
pilot2,1740066781659,False
pilot2,1740066842005,False
pilot2,1740066902627,False
pilot2,1740066963344,False
pilot2,1740067023429,False
pilot2,1740067074198,False
pilot2,1740067134861,False
pilot2,1740067195395,True
pilot2,1740013233359,False
pilot2,1740013294168,False
pilot2,1740013344954,False
pilot2,1740013404105,False
pilot2,1740013454918,False
pilot2,1740013515654,False
pilot2,1740013566612,False
pilot2,1740013627418,False
pilot2,1740013677828,False
pilot2,1740013738689,False
pilot2,1740013789585,False
pilot2,1740013850307,False
pilot2,1740013901135,False
pilot2,1740013961869,False
pilot2,1740014012758,False
pilot2,1740014071191,False
pilot2,1740014122071,False
pilot2,1740014182717,False
pilot2,1740014234094,False
pilot2,1740014294706,False
pilot2,1740014347213,False
pilot2,1740014407729,False
pilot2,1740014458391,False
pilot2,1740014519255,False
pilot2,1740014569942,False
pilot2,1740014630713,False
pilot2,1740014681618,False
pilot2,1740014738956,False
pilot2,1740014789916,False
pilot2,1740014850616,False
pilot2,1740014901517,False
pilot2,1740014962338,False
pilot2,1740015013270,False
pilot2,1740015073884,False
pilot2,1740015124914,False
pilot2,1740015185591,False
pilot2,1740015236312,False
pilot2,1740015297041,False
pilot2,1740015347935,False
pilot2,1740015406423,False
pilot2,1740015457281,False
pilot2,1740015517933,False
pilot2,1740015568710,False
pilot2,1740015629475,False
pilot2,1740015680192,False
pilot2,1740015740813,False
pilot2,1740015791753,False
pilot2,1740015852327,False
pilot2,1740015912978,False
pilot2,1740015973581,False
pilot2,1740016024367,False
pilot2,1740016085069,False
pilot2,1740016135981,False
pilot2,1740016194329,False
pilot2,1740016245305,False
pilot2,1740016306023,False
pilot2,1740016356669,False
pilot2,1740016417249,False
pilot2,1740016468217,False
pilot2,1740016528882,False
pilot2,1740016579487,False
pilot2,1740016640214,False
pilot2,1740016691074,False
pilot2,1740016751763,False
pilot2,1740092414746,True
pilot2,1740092465202,True
pilot2,1740092524245,False
pilot2,1740092575068,False
pilot2,1740092635766,False
pilot2,1740092686594,False
pilot2,1740092747165,False
pilot2,1740092807816,False
pilot2,1740092868363,False
pilot2,1740092929194,False
pilot2,1740092979996,False
pilot2,1740093040717,False
pilot2,1740093091975,True
pilot2,1740093152242,False
pilot2,1740093202973,False
pilot2,1740093263776,False
pilot2,1740093314530,False
pilot2,1740093372284,True
pilot2,1740093422888,True
pilot2,1740093483332,True
pilot2,1740093534045,True
pilot2,1740093594430,True
pilot2,1740093645215,True
pilot2,1740093705668,True
pilot2,1740093766027,True
pilot2,1740093826701,True
pilot2,1740093877293,True
pilot2,1740093937875,True
pilot2,1740093988441,True
pilot2,1740094049025,False
pilot2,1740094100210,False
pilot2,1740094159299,False
pilot2,1740094210163,False
pilot2,1740094270923,False
pilot2,1740094321731,False
pilot2,1740094382461,False
pilot2,1740094443103,False
pilot2,1740094500683,False
pilot2,1740094561385,False
pilot2,1740094611812,True
pilot2,1740094672472,True
pilot2,1740094723268,False
pilot2,1740094784035,False
pilot2,1740094844618,False
pilot2,1740094905208,False
pilot2,1740094956286,False
pilot2,1740095007646,False
pilot2,1740095061445,False
pilot2,1740095122024,False
pilot2,1740095172789,False
pilot2,1740095233526,False
pilot2,1740095284367,False
pilot2,1740095345017,False
pilot2,1740095405279,True
pilot2,1740095459703,True
pilot2,1740095520441,False
pilot2,1740095571233,False
pilot2,1740095631937,False
pilot2,1740095682738,True
pilot2,1740095734105,False
pilot2,1740095787918,False
pilot2,1740095848425,True
pilot2,1740095899153,True
pilot2,1740095959692,True
pilot2,1740060028634,False
pilot2,1740060089265,False
pilot2,1740060150012,False
pilot2,1740060211392,True
pilot2,1740060271796,True
pilot2,1740060332755,True
pilot2,1740060383995,True
pilot2,1740060444562,True
pilot2,1740060505419,True
pilot2,1740060566351,False
pilot2,1740060627117,False
pilot2,1740060687198,True
pilot2,1740060747397,True
pilot2,1740060798313,True
pilot2,1740060859257,False
pilot2,1740060920116,True
pilot2,1740060980985,True
pilot2,1740061041764,True
pilot2,1740061102363,True
pilot2,1740061162975,True
pilot2,1740061223682,True
pilot2,1740061282567,True
pilot2,1740061343446,True
pilot2,1740061404079,True
pilot2,1740061464829,True
pilot2,1740061525443,True
pilot2,1740061586120,True
pilot2,1740061646807,False
pilot2,1740061698003,False
pilot2,1740061755483,False
pilot2,1740061816381,False
pilot2,1740061870377,True
pilot2,1740061931237,False
pilot2,1740061982283,False
pilot2,1740062042992,False
pilot2,1740062103719,False
pilot2,1740062164512,False
pilot2,1740062224897,True
pilot2,1740062285691,False
pilot2,1740062346115,True
pilot2,1740062406665,True
pilot2,1740062467695,False
pilot2,1740062528047,True
pilot2,1740062588910,False
pilot2,1740062639446,True
pilot2,1740062700003,True
pilot2,1740062760647,True
pilot2,1740062821238,True
pilot2,1740062882063,True
pilot2,1740062942386,True
pilot2,1740062993060,True
pilot2,1740063054028,False
pilot2,1740063104893,False
pilot2,1740063165296,True
pilot2,1740063215928,True
pilot2,1740063269202,True
pilot2,1740063329926,True
pilot2,1740063330786,True
pilot2,1740063390340,False
pilot2,1740063451301,True
pilot2,1740063452096,True
pilot2,1740063502801,True
pilot2,1740063563396,True
pilot2,1740034851965,False
pilot2,1740034912640,False
pilot2,1740034963767,False
pilot2,1740035024428,False
pilot2,1740035075559,False
pilot2,1740035136285,False
pilot2,1740035187315,False
pilot2,1740035248089,False
pilot2,1740035299139,False
pilot2,1740035359898,False
pilot2,1740035410921,False
pilot2,1740035467741,False
pilot2,1740035528489,False
pilot2,1740035589220,False
pilot2,1740035640147,False
pilot2,1740035700926,False
pilot2,1740035761701,False
pilot2,1740035819987,False
pilot2,1740035880766,False
pilot2,1740035931631,False
pilot2,1740035992457,False
pilot2,1740036043256,False
pilot2,1740036104026,False
pilot2,1740036154969,False
pilot2,1740036215683,False
pilot2,1740036266252,False
pilot2,1740036317449,False
pilot2,1740036371253,True
pilot2,1740036432097,False
pilot2,1740036482976,False
pilot2,1740036543749,False
pilot2,1740036604528,False
pilot2,1740036663727,False
pilot2,1740036724319,False
pilot2,1740036775416,False
pilot2,1740036836203,False
pilot2,1740036887146,False
pilot2,1740036947871,False
pilot2,1740036998925,False
pilot2,1740037059723,False
pilot2,1740037110773,False
pilot2,1740037167259,False
pilot2,1740037218298,False
pilot2,1740037279017,False
pilot2,1740037330005,False
pilot2,1740037390713,False
pilot2,1740037451088,True
pilot2,1740037511277,False
pilot2,1740037572084,False
pilot2,1740037622934,False
pilot2,1740037683712,False
pilot2,1740037734604,False
pilot2,1740037795384,False
pilot2,1740037846134,False
pilot2,1740037906948,False
pilot2,1740037957562,False
pilot2,1740038016165,False
pilot2,1740038067182,False
pilot2,1740038128008,False
pilot2,1740038188423,False
pilot2,1740038249210,False
pilot2,1740038309926,False
pilot2,1740038370472,False
pilot2,1740042048076,True
pilot2,1740042099032,False
pilot2,1740042159676,False
pilot2,1740042220266,False
pilot2,1740042281047,False
pilot2,1740042341721,False
pilot2,1740042392578,False
pilot2,1740042453137,False
pilot2,1740042503779,False
pilot2,1740042562408,False
pilot2,1740042613324,False
pilot2,1740042673965,False
pilot2,1740042734614,False
pilot2,1740042795393,False
pilot2,1740042856035,False
pilot2,1740042912119,False
pilot2,1740042972687,False
pilot2,1740043023507,False
pilot2,1740043084200,True
pilot2,1740043144866,True
pilot2,1740043205286,True
pilot2,1740043265835,True
pilot2,1740043326592,True
pilot2,1740043386870,True
pilot2,1740043447672,True
pilot2,1740043498277,True
pilot2,1740043558771,True
pilot2,1740043609398,True
pilot2,1740043670074,True
pilot2,1740043730502,True
pilot2,1740043791121,True
pilot2,1740043851676,True
pilot2,1740043912170,True
pilot2,1740043962983,True
pilot2,1740044015109,True
pilot2,1740044067874,True
pilot2,1740044128622,False
pilot2,1740044179222,True
pilot2,1740044239994,False
pilot2,1740044290861,False
pilot2,1740044351622,False
pilot2,1740044402457,False
pilot2,1740044463170,False
pilot2,1740044514103,False
pilot2,1740044574715,False
pilot2,1740044635457,False
pilot2,1740044696172,False
pilot2,1740044756814,False
pilot2,1740044817502,False
pilot2,1740044868568,False
pilot2,1740044924652,False
pilot2,1740044975282,False
pilot2,1740045035938,False
pilot2,1740045086645,False
pilot2,1740045147361,False
pilot2,1740045198198,False
pilot2,1740045258837,False
pilot2,1740045319490,False
pilot2,1740045380202,False
pilot2,1740045431110,False
pilot2,1740045491697,True
pilot2,1740045552062,True
pilot2,1740074402781,True
pilot2,1740074463341,True
pilot2,1740074523777,True
pilot2,1740074574504,True
pilot2,1740074635335,False
pilot2,1740074686167,False
pilot2,1740074746747,False
pilot2,1740074797475,False
pilot2,1740074858180,False
pilot2,1740074909004,False
pilot2,1740074969653,False
pilot2,1740075020803,False
pilot2,1740075079489,False
pilot2,1740075130073,False
pilot2,1740075190803,False
pilot2,1740075241676,False
pilot2,1740075302047,True
pilot2,1740075363041,True
pilot2,1740075413338,True
pilot2,1740075474023,True
pilot2,1740075534776,True
pilot2,1740075595342,True
pilot2,1740075655845,False
pilot2,1740075716567,False
pilot2,1740075767139,False
pilot2,1740075827835,False
pilot2,1740075878611,False
pilot2,1740075939304,False
pilot2,1740075990137,False
pilot2,1740076048681,False
pilot2,1740076099310,False
pilot2,1740076159960,False
pilot2,1740076220595,False
pilot2,1740076276786,False
pilot2,1740076337450,False
pilot2,1740076388245,False
pilot2,1740076448914,False
pilot2,1740076499797,False
pilot2,1740076560433,False
pilot2,1740076611075,False
pilot2,1740076671810,False
pilot2,1740076722578,False
pilot2,1740076775819,False
pilot2,1740076827678,False
pilot2,1740076888326,False
pilot2,1740076939117,False
pilot2,1740076999883,False
pilot2,1740077050525,False
pilot2,1740077111163,False
pilot2,1740077162016,False
pilot2,1740077222642,False
pilot2,1740077273544,False
pilot2,1740077334137,False
pilot2,1740077385007,False
pilot2,1740077442245,False
pilot2,1740077492819,False
pilot2,1740077553591,False
pilot2,1740077604285,False
pilot2,1740077664789,True
pilot2,1740077715533,True
pilot2,1740077776174,True
pilot2,1740077826817,True
pilot2,1740077887542,True
pilot2,1740077938220,True
pilot2,1740077998654,True
pilot2,1740088820974,False
pilot2,1740088881410,True
pilot2,1740088941863,True
pilot2,1740089002478,False
pilot2,1740089052884,True
pilot2,1740089113514,True
pilot2,1740089174228,False
pilot2,1740089234816,True
pilot2,1740089285831,False
pilot2,1740089346553,False
pilot2,1740089407303,True
pilot2,1740089462719,False
pilot2,1740089523724,True
pilot2,1740089574078,True
pilot2,1740089634837,True
pilot2,1740089685470,False
pilot2,1740089739564,False
pilot2,1740089800011,False
pilot2,1740089860625,False
pilot2,1740089921163,False
pilot2,1740089971786,True
pilot2,1740090032566,False
pilot2,1740090083515,False
pilot2,1740090144248,False
pilot2,1740090194626,True
pilot2,1740090255218,True
pilot2,1740090306409,False
pilot2,1740090367026,False
pilot2,1740090427643,False
pilot2,1740090488326,False
pilot2,1740090539080,True
pilot2,1740090599619,True
pilot2,1740090660149,True
pilot2,1740090721028,False
pilot2,1740090771725,False
pilot2,1740090829633,True
pilot2,1740090880574,False
pilot2,1740090941226,False
pilot2,1740091001680,True
pilot2,1740091062101,True
pilot2,1740091122596,True
pilot2,1740091183062,True
pilot2,1740091236410,True
pilot2,1740091296982,False
pilot2,1740091347639,False
pilot2,1740091408064,True
pilot2,1740091458583,True
pilot2,1740091519240,False
pilot2,1740091579917,False
pilot2,1740091640468,False
pilot2,1740091691363,False
pilot2,1740091751971,False
pilot2,1740091802544,False
pilot2,1740091858848,True
pilot2,1740091909714,True
pilot2,1740091970253,True
pilot2,1740092020849,True
pilot2,1740092081360,True
pilot2,1740092132078,True
pilot2,1740092192558,True
pilot2,1740092243273,True
pilot2,1740092303871,True
pilot2,1740092354313,True
pilot2,1740009600737,False
pilot2,1740009660944,False
pilot2,1740009711730,False
pilot2,1740009770393,False
pilot2,1740009821071,False
pilot2,1740009881783,False
pilot2,1740009932645,False
pilot2,1740009993323,False
pilot2,1740010044038,False
pilot2,1740010104531,True
pilot2,1740010155190,True
pilot2,1740010215764,True
pilot2,1740010266374,True
pilot2,1740010326958,True
pilot2,1740010377388,True
pilot2,1740010435821,True
pilot2,1740010486653,True
pilot2,1740010547294,True
pilot2,1740010597932,False
pilot2,1740010658755,False
pilot2,1740010709320,False
pilot2,1740010770013,False
pilot2,1740010830422,True
pilot2,1740010882894,True
pilot2,1740010943436,True
pilot2,1740011003872,True
pilot2,1740011064368,True
pilot2,1740011124928,True
pilot2,1740011185394,True
pilot2,1740011242028,True
pilot2,1740011302677,True
pilot2,1740011363281,True
pilot2,1740011423616,True
pilot2,1740011484339,True
pilot2,1740011544905,True
pilot2,1740011595428,True
pilot2,1740011645746,True
pilot2,1740011700524,True
pilot2,1740011761050,True
pilot2,1740011811907,True
pilot2,1740011872504,True
pilot2,1740011933180,True
pilot2,1740011993900,True
pilot2,1740012054352,True
pilot2,1740012105373,True
pilot2,1740012165865,True
pilot2,1740012216452,True
pilot2,1740012277208,True
pilot2,1740012337961,False
pilot2,1740012398512,False
pilot2,1740012449397,False
pilot2,1740012510004,False
pilot2,1740012560843,False
pilot2,1740012615469,False
pilot2,1740012666363,False
pilot2,1740012726859,False
pilot2,1740012777693,False
pilot2,1740012838344,False
pilot2,1740012889260,False
pilot2,1740012949981,False
pilot2,1740013000376,False
pilot2,1740013061105,False
pilot2,1740013111959,False
pilot2,1740013172625,False
pilot2,1740027640924,False
pilot2,1740027691408,False
pilot2,1740027752175,False
pilot2,1740027803012,False
pilot2,1740027863683,False
pilot2,1740027914620,False
pilot2,1740027975259,False
pilot2,1740028026065,False
pilot2,1740028086498,False
pilot2,1740028137154,False
pilot2,1740028195587,False
pilot2,1740028246493,False
pilot2,1740028306955,False
pilot2,1740028357906,False
pilot2,1740028418549,False
pilot2,1740028469182,False
pilot2,1740028529845,False
pilot2,1740028580572,False
pilot2,1740028641276,False
pilot2,1740028692044,False
pilot2,1740028752830,False
pilot2,1740028803498,False
pilot2,1740028862368,False
pilot2,1740028913352,False
pilot2,1740028973997,False
pilot2,1740029024908,False
pilot2,1740029085600,False
pilot2,1740029136530,False
pilot2,1740029197203,False
pilot2,1740029248113,False
pilot2,1740029308727,False
pilot2,1740029359590,False
pilot2,1740029420336,False
pilot2,1740029471279,False
pilot2,1740029529366,False
pilot2,1740029579986,False
pilot2,1740029640758,False
pilot2,1740029691604,False
pilot2,1740029752346,False
pilot2,1740029803218,False
pilot2,1740029863911,False
pilot2,1740029924573,False
pilot2,1740029983513,False
pilot2,1740030044183,False
pilot2,1740030095057,False
pilot2,1740030155736,False
pilot2,1740030206633,False
pilot2,1740030256893,False
pilot2,1740030311542,False
pilot2,1740030372383,False
pilot2,1740030422957,False
pilot2,1740030483700,False
pilot2,1740030534615,False
pilot2,1740030595319,False
pilot2,1740030645773,False
pilot2,1740030706669,False
pilot2,1740030757549,False
pilot2,1740030818248,False
pilot2,1740030869117,False
pilot2,1740030923558,False
pilot2,1740030974558,False
pilot2,1740031035261,False
pilot2,1740031086143,False
pilot2,1740031146850,False
pilot2,1740031197765,False
pilot2,1740078049153,True
pilot2,1740078107775,True
pilot2,1740078158392,True
pilot2,1740078219056,True
pilot2,1740078270008,True
pilot2,1740078330493,True
pilot2,1740078381050,True
pilot2,1740078441534,True
pilot2,1740078492048,True
pilot2,1740078552528,False
pilot2,1740078603305,False
pilot2,1740078663944,False
pilot2,1740078724327,True
pilot2,1740078774411,True
pilot2,1740078833093,True
pilot2,1740078893788,True
pilot2,1740078954485,True
pilot2,1740079010865,True
pilot2,1740079071368,True
pilot2,1740079132116,False
pilot2,1740079191810,True
pilot2,1740079252665,False
pilot2,1740079313331,False
pilot2,1740079373753,True
pilot2,1740079434379,True
pilot2,1740079494725,True
pilot2,1740079555209,True
pilot2,1740079615581,False
pilot2,1740079676131,False
pilot2,1740079736949,False
pilot2,1740079797485,False
pilot2,1740079858123,False
pilot2,1740079918735,False
pilot2,1740079979506,False
pilot2,1740080040106,False
pilot2,1740080090633,False
pilot2,1740080151258,False
pilot2,1740080211708,False
pilot2,1740080272344,False
pilot2,1740080323061,False
pilot2,1740080383684,False
pilot2,1740080434187,False
pilot2,1740080494571,False
pilot2,1740080545467,False
pilot2,1740080606044,False
pilot2,1740080656906,False
pilot2,1740080712909,False
pilot2,1740080763715,False
pilot2,1740080824309,False
pilot2,1740080884907,False
pilot2,1740080935886,False
pilot2,1740080996416,False
pilot2,1740081047194,False
pilot2,1740081107779,False
pilot2,1740081158577,False
pilot2,1740081219245,False
pilot2,1740081270191,False
pilot2,1740081330765,False
pilot2,1740081381612,False
pilot2,1740081440064,False
pilot2,1740081490825,False
pilot2,1740081551375,False
pilot2,1740081611989,False
pilot2,1740081672719,False
pilot2,1740081733338,False
pilot2,1740081793917,False
pilot2,1740081844728,False
pilot2,1740081905351,False
pilot2,1740081955830,False
pilot2,1740082016457,False
pilot2,1740082067133,False
pilot2,1740082127706,False
pilot2,1740082178479,False
pilot2,1740082239153,False
pilot2,1740082289891,False
pilot2,1740082348777,False
pilot2,1740082399611,False
pilot2,1740082460355,False
pilot2,1740082520922,False
pilot2,1740082577669,False
pilot2,1740082638324,False
pilot2,1740082689153,False
pilot2,1740082749764,False
pilot2,1740082800493,False
pilot2,1740082861119,False
pilot2,1740082911760,False
pilot2,1740082972407,False
pilot2,1740083023086,False
pilot2,1740083075673,False
pilot2,1740083128153,False
pilot2,1740083188902,False
pilot2,1740083239690,False
pilot2,1740083300305,False
pilot2,1740083351104,False
pilot2,1740083411793,False
pilot2,1740083462830,True
pilot2,1740083523588,False
pilot2,1740083574473,False
pilot2,1740083634882,False
pilot2,1740083685682,False
pilot2,1740083742043,False
pilot2,1740083802588,False
pilot2,1740083863335,False
pilot2,1740083923975,False
pilot2,1740083980574,True
pilot2,1740084041191,False
pilot2,1740084091828,False
pilot2,1740084152340,False
pilot2,1740084203181,False
pilot2,1740084263890,False
pilot2,1740084324555,False
pilot2,1740084378008,False
pilot2,1740084438561,False
pilot2,1740084489300,False
pilot2,1740084549645,True
pilot2,1740084600619,False
pilot2,1740084650821,False
pilot2,1740084705671,False
pilot2,1740084766378,False
pilot2,1740084817163,False
pilot2,1740084877832,False
pilot2,1740084928695,False
pilot2,1740084989338,False
pilot2,1740085040134,False
pilot2,1740085100772,False
pilot2,1740085151619,False
pilot5,1740413285486,True
pilot5,1740413345740,True
pilot5,1740413346603,True
pilot5,1740413405807,True
pilot5,1740413466026,False
pilot5,1740413466498,False
pilot5,1740413519031,False
pilot5,1740413579239,True
pilot5,1740413629562,False
pilot5,1740413689835,False
pilot5,1740413740179,False
pilot5,1740413800418,False
pilot5,1740413850773,True
pilot5,1740413910988,True
pilot5,1740413961306,True
pilot5,1740414021574,True
pilot5,1740414071838,True
pilot5,1740414128470,True
pilot5,1740414178804,True
pilot5,1740414239015,True
pilot5,1740414289347,True
pilot5,1740414349582,True
pilot5,1740414399903,True
pilot5,1740414460130,True
pilot5,1740414510536,True
pilot5,1740414570714,True
pilot5,1740414621003,True
pilot5,1740414681233,True
pilot5,1740414731493,True
pilot5,1740414790579,True
pilot5,1740414840861,True
pilot5,1740414901122,True
pilot5,1740414951416,True
pilot5,1740415011651,True
pilot5,1740415061962,True
pilot5,1740415122157,True
pilot5,1740415182357,True
pilot5,1740415242626,False
pilot5,1740415292939,False
pilot5,1740415353155,False
pilot5,1740415403481,False
pilot5,1740415463749,False
pilot5,1740415514083,False
pilot5,1740415573307,False
pilot5,1740415623622,False
pilot5,1740415683877,False
pilot5,1740415734258,False
pilot5,1740415794499,False
pilot5,1740415844820,False
pilot5,1740415905065,False
pilot5,1740415955384,False
pilot5,1740416015649,False
pilot5,1740416065962,False
pilot5,1740416126200,False
pilot5,1740416176473,False
pilot5,1740416235743,False
pilot5,1740416286044,False
pilot5,1740416346297,False
pilot5,1740416396623,False
pilot5,1740416456903,False
pilot5,1740416507192,False
pilot5,1740416565122,False
pilot5,1740416615526,True
pilot5,1740416675749,True
pilot5,1740416726141,False
pilot5,1740416786318,True
pilot5,1740416836694,True
pilot5,1740416896923,True
pilot5,1740416947233,True
pilot5,1740417007510,True
pilot5,1740417057811,True
pilot5,1740417107934,True
pilot5,1740417162929,True
pilot5,1740417223128,True
pilot5,1740417273452,True
pilot5,1740417333662,True
pilot5,1740417383977,True
pilot5,1740417444214,True
pilot5,1740417494533,True
pilot5,1740417554760,True
pilot5,1740417605086,True
pilot5,1740417665311,True
pilot5,1740417715730,True
pilot5,1740417770176,True
pilot5,1740417820739,True
pilot5,1740417880961,True
pilot5,1740417931497,True
pilot5,1740417991726,True
pilot5,1740418042047,True
pilot5,1740418102307,True
pilot5,1740418152586,True
pilot5,1740418212897,True
pilot5,1740418263251,True
pilot5,1740418323505,True
pilot5,1740418373566,True
pilot5,1740418433989,True
pilot5,1740418434647,True
pilot5,1740418484948,True
pilot5,1740418545228,True
pilot5,1740418595561,True
pilot5,1740418655810,True
pilot5,1740418706157,True
pilot5,1740418766429,True
pilot5,1740418816749,True
pilot5,1740418877020,True
pilot5,1740418927347,True
pilot5,1740418978211,True
pilot5,1740419032365,True
pilot5,1740419092633,False
pilot5,1740419142962,False
pilot5,1740419203182,False
pilot5,1740419253467,False
pilot5,1740419313681,True
pilot5,1740419364024,True
pilot5,1740419424227,True
pilot5,1740419474520,True
pilot5,1740419534777,True
pilot5,1740419585007,True
pilot5,1740419640337,True
pilot5,1740419700574,True
pilot5,1740419701085,True
pilot5,1740419760874,True
pilot5,1740419811136,True
pilot5,1740419871392,True
pilot5,1740419921693,True
pilot5,1740419982020,True
pilot5,1740430849164,False
pilot5,1740430899473,False
pilot5,1740430958780,False
pilot5,1740431009065,False
pilot5,1740431069371,False
pilot5,1740431129520,False
pilot5,1740431189724,False
pilot5,1740431240008,False
pilot5,1740431300186,False
pilot5,1740431350462,False
pilot5,1740431410685,False
pilot5,1740431460959,False
pilot5,1740431521179,False
pilot5,1740431571475,False
pilot5,1740431631659,False
pilot5,1740431681933,False
pilot5,1740431741299,False
pilot5,1740431791583,False
pilot5,1740431851915,False
pilot5,1740431902161,False
pilot5,1740431962359,False
pilot5,1740432012631,False
pilot5,1740432072855,False
pilot5,1740432123103,False
pilot5,1740432183334,False
pilot5,1740432233590,False
pilot5,1740432293838,True
pilot5,1740432344015,True
pilot5,1740432403304,False
pilot5,1740432453606,False
pilot5,1740432513839,False
pilot5,1740432564101,False
pilot5,1740432624308,True
pilot5,1740432674609,False
pilot5,1740432734803,False
pilot5,1740432785099,False
pilot5,1740432845304,True
pilot5,1740432895530,True
pilot5,1740432955803,False
pilot5,1740433006014,False
pilot5,1740433065397,False
pilot5,1740433115668,False
pilot5,1740433175893,True
pilot5,1740433226326,True
pilot5,1740433286470,True
pilot5,1740433336704,True
pilot5,1740433396935,False
pilot5,1740433447197,False
pilot5,1740433507411,False
pilot5,1740433557694,False
pilot5,1740433617911,False
pilot5,1740433668170,False
pilot5,1740433727463,False
pilot5,1740433777729,False
pilot5,1740433837927,False
pilot5,1740433888241,False
pilot5,1740433948446,False
pilot5,1740433998744,False
pilot5,1740434058957,False
pilot5,1740434109235,True
pilot5,1740434169378,True
pilot5,1740434219670,False
pilot5,1740434269753,False
pilot5,1740434324723,False
pilot5,1740434384923,False
pilot5,1740438042415,True
pilot5,1740438102794,True
pilot5,1740438153190,True
pilot5,1740438213421,True
pilot5,1740438263697,True
pilot5,1740438323950,True
pilot5,1740438374267,True
pilot5,1740438434489,True
pilot5,1740438484799,True
pilot5,1740438543881,True
pilot5,1740438594156,True
pilot5,1740438654405,True
pilot5,1740438704736,True
pilot5,1740438764977,True
pilot5,1740438815280,True
pilot5,1740438875515,True
pilot5,1740438925820,True
pilot5,1740438986080,True
pilot5,1740439036421,True
pilot5,1740439096687,True
pilot5,1740439146970,True
pilot5,1740439206311,True
pilot5,1740439256611,True
pilot5,1740439316798,True
pilot5,1740439367188,True
pilot5,1740439427414,True
pilot5,1740439477630,True
pilot5,1740439537854,True
pilot5,1740439588099,True
pilot5,1740439648219,True
pilot5,1740439698747,True
pilot5,1740439758757,True
pilot5,1740439809049,True
pilot5,1740439868401,True
pilot5,1740439918615,True
pilot5,1740439978857,True
pilot5,1740440029095,True
pilot5,1740440089331,True
pilot5,1740440139610,True
pilot5,1740440199823,True
pilot5,1740440250129,False
pilot5,1740440310327,True
pilot5,1740440360586,True
pilot5,1740440420750,True
pilot5,1740440471004,True
pilot5,1740440530444,True
pilot5,1740440580742,True
pilot5,1740440640970,True
pilot5,1740440691239,True
pilot5,1740440751456,True
pilot5,1740440811647,False
pilot5,1740440871854,False
pilot5,1740440932071,False
pilot5,1740440992283,False
pilot5,1740441042523,True
pilot5,1740441102746,True
pilot5,1740441153029,True
pilot5,1740441213186,True
pilot5,1740441273345,True
pilot5,1740441333526,True
pilot5,1740441383761,True
pilot5,1740441443928,True
pilot5,1740441494148,True
pilot5,1740441553587,True
pilot5,1740420032347,True
pilot5,1740420092566,True
pilot5,1740420142897,True
pilot5,1740420203144,True
pilot5,1740420253453,True
pilot5,1740420313690,True
pilot5,1740420363985,True
pilot5,1740420422975,True
pilot5,1740420473316,True
pilot5,1740420533556,False
pilot5,1740420583923,False
pilot5,1740420644243,True
pilot5,1740420694707,True
pilot5,1740420754939,True
pilot5,1740420805251,False
pilot5,1740420865493,False
pilot5,1740420925756,False
pilot5,1740420986023,True
pilot5,1740421036304,True
pilot5,1740421096530,True
pilot5,1740421147026,True
pilot5,1740421206414,True
pilot5,1740421256693,True
pilot5,1740421316990,True
pilot5,1740421367311,True
pilot5,1740421427652,True
pilot5,1740421477945,True
pilot5,1740421538210,True
pilot5,1740421588737,True
pilot5,1740421648900,True
pilot5,1740421699261,True
pilot5,1740421759555,True
pilot5,1740421809889,True
pilot5,1740421868925,True
pilot5,1740421919389,True
pilot5,1740421979535,True
pilot5,1740422029934,True
pilot5,1740422090186,True
pilot5,1740422140545,True
pilot5,1740422200769,True
pilot5,1740422251118,True
pilot5,1740422311323,True
pilot5,1740422361640,True
pilot5,1740422421868,True
pilot5,1740422472203,True
pilot5,1740422530938,True
pilot5,1740422581238,True
pilot5,1740422641497,True
pilot5,1740422691811,True
pilot5,1740422752134,False
pilot5,1740422802455,False
pilot5,1740422862706,False
pilot5,1740422913051,False
pilot5,1740422973309,False
pilot5,1740423023610,False
pilot5,1740423083882,False
pilot5,1740423134638,True
pilot5,1740423193446,True
pilot5,1740423243786,True
pilot5,1740423304046,True
pilot5,1740423354474,False
pilot5,1740423414745,False
pilot5,1740423465063,False
pilot5,1740423525284,False
pilot5,1740423575582,False
pilot5,1740434435184,False
pilot5,1740434495370,False
pilot5,1740434545643,False
pilot5,1740434605838,False
pilot5,1740434656188,False
pilot5,1740434716359,True
pilot5,1740434776574,False
pilot5,1740434828955,False
pilot5,1740434889136,False
pilot5,1740434939399,False
pilot5,1740434992144,True
pilot5,1740435044447,True
pilot5,1740435104661,False
pilot5,1740435154973,False
pilot5,1740435215190,False
pilot5,1740435265479,False
pilot5,1740435325701,False
pilot5,1740435376015,False
pilot5,1740435436212,False
pilot5,1740435486538,False
pilot5,1740435546715,False
pilot5,1740435596992,False
pilot5,1740435654310,True
pilot5,1740435704547,True
pilot5,1740435764773,False
pilot5,1740435815035,False
pilot5,1740435875211,True
pilot5,1740435925507,False
pilot5,1740435985717,False
pilot5,1740436035992,False
pilot5,1740436096148,True
pilot5,1740436146638,True
pilot5,1740436206790,True
pilot5,1740436257010,True
pilot5,1740436316186,True
pilot5,1740436376356,False
pilot5,1740436376657,False
pilot5,1740436436533,False
pilot5,1740436486832,False
pilot5,1740436546998,True
pilot5,1740436597284,True
pilot5,1740436657480,False
pilot5,1740436707729,False
pilot5,1740436767922,True
pilot5,1740436828163,True
pilot5,1740436888314,True
pilot5,1740436938533,True
pilot5,1740436998710,True
pilot5,1740437048967,True
pilot5,1740437109181,True
pilot5,1740437159524,True
pilot5,1740437219131,True
pilot5,1740437269396,True
pilot5,1740437329633,True
pilot5,1740437379997,True
pilot5,1740437440225,True
pilot5,1740437490527,True
pilot5,1740437550745,True
pilot5,1740437601052,True
pilot5,1740437661292,True
pilot5,1740437711611,True
pilot5,1740437771834,True
pilot5,1740437822089,True
pilot5,1740437881509,True
pilot5,1740437931877,True
pilot5,1740437992108,True
pilot5,1740423635852,False
pilot5,1740423686177,False
pilot5,1740423746389,False
pilot5,1740423796644,False
pilot5,1740423855798,True
pilot5,1740423906045,True
pilot5,1740423966273,False
pilot5,1740424016578,False
pilot5,1740424076855,False
pilot5,1740424127137,False
pilot5,1740424187372,False
pilot5,1740424237687,False
pilot5,1740424297918,False
pilot5,1740424348532,True
pilot5,1740424408772,True
pilot5,1740424459042,False
pilot5,1740424518016,True
pilot5,1740424568283,True
pilot5,1740424628540,False
pilot5,1740424678823,False
pilot5,1740424739054,True
pilot5,1740424789287,True
pilot5,1740424849999,True
pilot5,1740424900243,True
pilot5,1740424960374,False
pilot5,1740425010619,True
pilot5,1740425070798,True
pilot5,1740425121040,True
pilot5,1740425180264,False
pilot5,1740425230654,False
pilot5,1740425290903,False
pilot5,1740425341199,True
pilot5,1740425401386,True
pilot5,1740425451644,False
pilot5,1740425511932,False
pilot5,1740425572109,True
pilot5,1740425632340,True
pilot5,1740425682683,False
pilot5,1740425743054,True
pilot5,1740425793247,False
pilot5,1740425853563,True
pilot5,1740425903798,False
pilot5,1740425962883,True
pilot5,1740426013303,False
pilot5,1740426073527,False
pilot5,1740426123828,False
pilot5,1740426184041,True
pilot5,1740426234327,False
pilot5,1740426294561,False
pilot5,1740426354763,True
pilot5,1740426412929,True
pilot5,1740426473153,True
pilot5,1740426523351,True
pilot5,1740426583545,True
pilot5,1740426633806,True
pilot5,1740426685134,True
pilot5,1740426738821,True
pilot5,1740426799023,True
pilot5,1740426849253,True
pilot5,1740426909669,True
pilot5,1740426959915,True
pilot5,1740427020149,True
pilot5,1740427070538,True
pilot5,1740427130659,False
pilot5,1740427180959,False
pilot5,1740427241157,False
pilot5,1740427291439,False
pilot5,1740427347370,False
pilot5,1740427397794,False
pilot5,1740427458027,True
pilot5,1740427518246,True
pilot5,1740427573901,True
pilot5,1740427634070,True
pilot5,1740427684316,True
pilot5,1740427744460,True
pilot5,1740427794670,True
pilot5,1740427854878,True
pilot5,1740427905093,True
pilot5,1740427965261,True
pilot5,1740428015466,True
pilot5,1740428069322,True
pilot5,1740428120557,False
pilot5,1740428180786,False
pilot5,1740428241005,False
pilot5,1740428301211,False
pilot5,1740428351487,False
pilot5,1740428411694,False
pilot5,1740428461967,False
pilot5,1740428522189,False
pilot5,1740428572449,False
pilot5,1740428632706,False
pilot5,1740428682951,False
pilot5,1740428743195,False
pilot5,1740428793466,False
pilot5,1740428851879,False
pilot5,1740428902149,False
pilot5,1740428962349,False
pilot5,1740429022531,False
pilot5,1740429082711,False
pilot5,1740429133010,False
pilot5,1740429193244,False
pilot5,1740429243542,False
pilot5,1740429303761,False
pilot5,1740429354102,False
pilot5,1740429414331,False
pilot5,1740429464627,False
pilot5,1740429524844,False
pilot5,1740429575097,False
pilot5,1740429634470,False
pilot5,1740429684764,False
pilot5,1740429744968,False
pilot5,1740429795253,False
pilot5,1740429855486,False
pilot5,1740429905784,False
pilot5,1740429965992,False
pilot5,1740430016393,True
pilot5,1740430076593,False
pilot5,1740430126869,False
pilot5,1740430187100,False
pilot5,1740430237407,False
pilot5,1740430296587,False
pilot5,1740430346846,False
pilot5,1740430407128,False
pilot5,1740430457381,False
pilot5,1740430517618,False
pilot5,1740430567921,False
pilot5,1740430628139,False
pilot5,1740430678509,False
pilot5,1740430738656,False
pilot5,1740430788944,False
pilot5,1740538829444,False
pilot5,1740538879696,False
pilot5,1740538939921,False
pilot5,1740538990178,False
pilot5,1740539050413,False
pilot5,1740539100662,False
pilot5,1740539160097,False
pilot5,1740539210357,False
pilot5,1740539270586,False
pilot5,1740539320869,False
pilot5,1740539381088,False
pilot5,1740539431334,False
pilot5,1740539491557,False
pilot5,1740539541813,False
pilot5,1740539602039,False
pilot5,1740539652377,False
pilot5,1740539712613,False
pilot5,1740539762826,False
pilot5,1740539822380,False
pilot5,1740539882605,False
pilot5,1740539882929,False
pilot5,1740539942823,False
pilot5,1740539993074,False
pilot5,1740540053291,False
pilot5,1740540103571,False
pilot5,1740540163793,False
pilot5,1740540214235,False
pilot5,1740540274453,False
pilot5,1740540324711,False
pilot5,1740540384934,False
pilot5,1740540435177,False
pilot5,1740540495393,False
pilot5,1740540545671,False
pilot5,1740540605092,False
pilot5,1740540655461,False
pilot5,1740540715652,False
pilot5,1740540765921,False
pilot5,1740540826147,False
pilot5,1740540876414,False
pilot5,1740540936641,False
pilot5,1740540986918,False
pilot5,1740541047130,False
pilot5,1740541097377,False
pilot5,1740541157617,False
pilot5,1740541207857,False
pilot5,1740541267223,False
pilot5,1740541317538,False
pilot5,1740541377763,False
pilot5,1740541428026,False
pilot5,1740541488237,False
pilot5,1740541538510,False
pilot5,1740541598749,False
pilot5,1740541649024,False
pilot5,1740541709232,False
pilot5,1740541759490,False
pilot5,1740541819709,False
pilot5,1740541869950,False
pilot5,1740541929433,False
pilot5,1740541979693,False
pilot5,1740542039941,False
pilot5,1740542090250,False
pilot5,1740542150462,False
pilot5,1740542200738,False
pilot5,1740542260942,False
pilot5,1740542311373,False
pilot5,1740542371473,False
pilot5,1740585617253,True
pilot5,1740585677433,True
pilot5,1740585727684,True
pilot5,1740585787871,True
pilot5,1740585838073,True
pilot5,1740585897631,True
pilot5,1740585947882,True
pilot5,1740586008124,True
pilot5,1740586058401,True
pilot5,1740586118712,False
pilot5,1740586169035,False
pilot5,1740586229238,False
pilot5,1740586279518,False
pilot5,1740586339750,False
pilot5,1740586390032,False
pilot5,1740586450237,False
pilot5,1740586500609,False
pilot5,1740586559889,False
pilot5,1740586610206,True
pilot5,1740586670415,False
pilot5,1740586720707,False
pilot5,1740586780946,False
pilot5,1740586831183,True
pilot5,1740586891704,True
pilot5,1740586941977,False
pilot5,1740587002221,False
pilot5,1740587052507,False
pilot5,1740587112661,True
pilot5,1740587162916,True
pilot5,1740587222120,True
pilot5,1740587272402,True
pilot5,1740587332542,True
pilot5,1740587382844,True
pilot5,1740587443043,True
pilot5,1740587493294,True
pilot5,1740587553518,True
pilot5,1740587603789,True
pilot5,1740587664013,True
pilot5,1740587714308,True
pilot5,1740587774526,True
pilot5,1740587824768,True
pilot5,1740587884210,True
pilot5,1740587934512,True
pilot5,1740587994731,True
pilot5,1740588045107,True
pilot5,1740588105318,True
pilot5,1740588155611,True
pilot5,1740588215860,True
pilot5,1740588276094,True
pilot5,1740588336358,True
pilot5,1740588386667,True
pilot5,1740588446837,True
pilot5,1740588497158,True
pilot5,1740588557373,True
pilot5,1740588607645,True
pilot5,1740588667097,True
pilot5,1740588717386,True
pilot5,1740588777637,True
pilot5,1740588827901,True
pilot5,1740588888170,False
pilot5,1740588948318,True
pilot5,1740589008558,False
pilot5,1740589058848,False
pilot5,1740589119043,True
pilot5,1740589179220,True
pilot5,1740542421753,False
pilot5,1740542481964,False
pilot5,1740542532235,False
pilot5,1740542591641,False
pilot5,1740542641881,False
pilot5,1740542702118,False
pilot5,1740542752397,False
pilot5,1740542812613,False
pilot5,1740542862892,False
pilot5,1740542923111,False
pilot5,1740542983316,False
pilot5,1740543043541,False
pilot5,1740543103764,False
pilot5,1740543163966,False
pilot5,1740543214225,False
pilot5,1740543274448,False
pilot5,1740543324702,False
pilot5,1740543384912,False
pilot5,1740543435246,False
pilot5,1740543494554,False
pilot5,1740543544831,False
pilot5,1740543605059,False
pilot5,1740543655328,False
pilot5,1740543715556,False
pilot5,1740543765857,False
pilot5,1740543826091,False
pilot5,1740543876349,False
pilot5,1740543936584,False
pilot5,1740543986827,False
pilot5,1740544047012,False
pilot5,1740544097407,False
pilot5,1740544156683,False
pilot5,1740544206951,False
pilot5,1740544267221,False
pilot5,1740544317501,False
pilot5,1740544377719,False
pilot5,1740544427980,False
pilot5,1740544488196,False
pilot5,1740544538445,False
pilot5,1740544598653,False
pilot5,1740544648911,False
pilot5,1740544709140,False
pilot5,1740544759376,False
pilot5,1740544818742,False
pilot5,1740544868993,False
pilot5,1740544929213,False
pilot5,1740544979487,False
pilot5,1740545039713,False
pilot5,1740545090021,False
pilot5,1740545150261,False
pilot5,1740545200532,False
pilot5,1740545260741,False
pilot5,1740545310993,False
pilot5,1740545371209,False
pilot5,1740545421499,False
pilot5,1740545480983,False
pilot5,1740545531311,False
pilot5,1740545591522,False
pilot5,1740545641827,False
pilot5,1740545702086,False
pilot5,1740545762283,False
pilot5,1740545819879,False
pilot5,1740545880073,False
pilot5,1740545930325,False
pilot5,1740545990554,False
pilot5,1740567638978,True
pilot5,1740567689256,True
pilot5,1740567745321,True
pilot5,1740567795574,True
pilot5,1740567855809,True
pilot5,1740567906106,True
pilot5,1740567966280,True
pilot5,1740568026521,True
pilot5,1740568086733,True
pilot5,1740568137022,True
pilot5,1740568197259,True
pilot5,1740568247628,True
pilot5,1740568307813,True
pilot5,1740568358076,True
pilot5,1740568418274,True
pilot5,1740568468499,True
pilot5,1740568527650,True
pilot5,1740568577931,True
pilot5,1740568638343,True
pilot5,1740568688543,True
pilot5,1740568748781,True
pilot5,1740568799086,False
pilot5,1740568859354,False
pilot5,1740568909654,False
pilot5,1740568969866,False
pilot5,1740569030100,True
pilot5,1740569090277,True
pilot5,1740569140530,True
pilot5,1740569200914,True
pilot5,1740569251340,True
pilot5,1740569306108,True
pilot5,1740569356541,True
pilot5,1740569416985,True
pilot5,1740569467215,True
pilot5,1740569527513,True
pilot5,1740569577887,True
pilot5,1740569638149,True
pilot5,1740569688419,True
pilot5,1740569748598,True
pilot5,1740569798953,True
pilot5,1740569859219,True
pilot5,1740569909578,True
pilot5,1740569968530,True
pilot5,1740570018859,True
pilot5,1740570079120,True
pilot5,1740570129480,True
pilot5,1740570189878,True
pilot5,1740570240243,True
pilot5,1740570300477,True
pilot5,1740570350801,True
pilot5,1740570411076,True
pilot5,1740570461407,True
pilot5,1740570521659,True
pilot5,1740570572013,True
pilot5,1740570630822,True
pilot5,1740570681161,True
pilot5,1740570741421,True
pilot5,1740570791753,True
pilot5,1740570852028,True
pilot5,1740570902376,True
pilot5,1740570962614,True
pilot5,1740571029461,True
pilot5,1740571079930,True
pilot5,1740571140234,True
pilot5,1740571190741,True
pilot5,1740535216940,False
pilot5,1740535267265,False
pilot5,1740535327447,False
pilot5,1740535377735,False
pilot5,1740535437913,False
pilot5,1740535488172,False
pilot5,1740535547807,False
pilot5,1740535598042,False
pilot5,1740535658260,False
pilot5,1740535708570,False
pilot5,1740535768814,False
pilot5,1740535819098,False
pilot5,1740535879320,False
pilot5,1740535929561,False
pilot5,1740535989776,False
pilot5,1740536040125,False
pilot5,1740536100321,False
pilot5,1740536160544,False
pilot5,1740536220714,False
pilot5,1740536270929,False
pilot5,1740536330526,False
pilot5,1740536380788,False
pilot5,1740536441004,False
pilot5,1740536491302,False
pilot5,1740536551516,False
pilot5,1740536601801,False
pilot5,1740536662028,False
pilot5,1740536712313,False
pilot5,1740536772558,False
pilot5,1740536822825,False
pilot5,1740536883041,False
pilot5,1740536933278,False
pilot5,1740536992712,False
pilot5,1740537043203,False
pilot5,1740537103390,False
pilot5,1740537153707,False
pilot5,1740537213935,False
pilot5,1740537264262,False
pilot5,1740537324492,False
pilot5,1740537374769,False
pilot5,1740537434988,False
pilot5,1740537485264,False
pilot5,1740537545463,False
pilot5,1740537605688,False
pilot5,1740537660154,False
pilot5,1740537715300,False
pilot5,1740537775499,False
pilot5,1740537775799,False
pilot5,1740537835678,False
pilot5,1740537885942,False
pilot5,1740537946162,False
pilot5,1740537996459,False
pilot5,1740538056754,False
pilot5,1740538107082,False
pilot5,1740538167303,False
pilot5,1740538217585,False
pilot5,1740538277814,False
pilot5,1740538328098,False
pilot5,1740538388331,False
pilot5,1740538438602,False
pilot5,1740538497904,False
pilot5,1740538548189,False
pilot5,1740538608398,False
pilot5,1740538658738,False
pilot5,1740538718949,False
pilot5,1740538769216,False
pilot5,1740564012100,False
pilot5,1740564072353,False
pilot5,1740564122664,False
pilot5,1740564182907,False
pilot5,1740564233188,False
pilot5,1740564293435,False
pilot5,1740564343747,False
pilot5,1740564403980,False
pilot5,1740564454310,False
pilot5,1740564514534,False
pilot5,1740564564849,False
pilot5,1740564624203,False
pilot5,1740564684485,False
pilot5,1740564684869,False
pilot5,1740564740003,False
pilot5,1740564794925,False
pilot5,1740564845334,False
pilot5,1740564905625,False
pilot5,1740564956031,False
pilot5,1740565016316,False
pilot5,1740565066808,False
pilot5,1740565127034,False
pilot5,1740565177382,False
pilot5,1740565237613,False
pilot5,1740565287967,False
pilot5,1740565348253,False
pilot5,1740565398574,False
pilot5,1740565457314,False
pilot5,1740565507689,False
pilot5,1740565567903,True
pilot5,1740565618265,False
pilot5,1740565678547,False
pilot5,1740565728907,False
pilot5,1740565789145,False
pilot5,1740565839451,True
pilot5,1740565899705,False
pilot5,1740565950025,False
pilot5,1740566010318,True
pilot5,1740566060693,True
pilot5,1740566120021,True
pilot5,1740566180231,True
pilot5,1740566180788,True
pilot5,1740566240420,True
pilot5,1740566290739,True
pilot5,1740566350967,True
pilot5,1740566401252,True
pilot5,1740566461524,True
pilot5,1740566511866,True
pilot5,1740566572108,True
pilot5,1740566622471,True
pilot5,1740566682676,True
pilot5,1740566733031,True
pilot5,1740566793209,True
pilot5,1740566843484,True
pilot5,1740566902648,True
pilot5,1740566953026,True
pilot5,1740567013241,True
pilot5,1740567063552,True
pilot5,1740567123821,True
pilot5,1740567174119,True
pilot5,1740567234327,True
pilot5,1740567294534,True
pilot5,1740567347828,True
pilot5,1740567407997,True
pilot5,1740567458335,False
pilot5,1740567518581,False
pilot5,1740567578773,True
pilot5,1740571251059,True
pilot5,1740571311315,True
pilot5,1740571371597,True
pilot5,1740571421992,True
pilot5,1740571482265,True
pilot5,1740571532687,True
pilot5,1740571592979,True
pilot5,1740571643385,True
pilot5,1740571703816,True
pilot5,1740571754183,True
pilot5,1740571812381,True
pilot5,1740571872516,True
pilot5,1740571873194,True
pilot5,1740571932834,True
pilot5,1740571983224,True
pilot5,1740572043518,True
pilot5,1740572093960,True
pilot5,1740572154193,True
pilot5,1740572204568,True
pilot5,1740572290568,True
pilot5,1740572341072,True
pilot5,1740572401335,True
pilot5,1740572452165,True
pilot5,1740572512435,True
pilot5,1740572562832,True
pilot5,1740572623144,True
pilot5,1740572673574,True
pilot5,1740572733804,True
pilot5,1740572784288,True
pilot5,1740572844484,True
pilot5,1740572894856,True
pilot5,1740572953348,True
pilot5,1740573003787,True
pilot5,1740573064064,True
pilot5,1740573114453,True
pilot5,1740573174729,True
pilot5,1740573225096,True
pilot5,1740573285352,True
pilot5,1740573335721,True
pilot5,1740573395904,True
pilot5,1740573446155,True
pilot5,1740573506525,True
pilot5,1740573557145,True
pilot5,1740573616362,True
pilot5,1740573666694,True
pilot5,1740573726867,True
pilot5,1740573777161,True
pilot5,1740573837404,True
pilot5,1740573887673,True
pilot5,1740573947896,True
pilot5,1740573998165,True
pilot5,1740574058356,True
pilot5,1740574108696,True
pilot5,1740574168869,True
pilot5,1740574219152,True
pilot5,1740574278250,True
pilot5,1740574328497,True
pilot5,1740574388684,True
pilot5,1740574438958,True
pilot5,1740574499156,False
pilot5,1740574549471,False
pilot5,1740574609722,False
pilot5,1740574669996,False
pilot5,1740574725752,True
pilot5,1740574785912,True
pilot5,1740556858524,False
pilot5,1740556858823,False
pilot5,1740556918780,False
pilot5,1740556969023,False
pilot5,1740557029256,False
pilot5,1740557079553,False
pilot5,1740557139776,False
pilot5,1740557190054,False
pilot5,1740557250292,False
pilot5,1740557300512,False
pilot5,1740557360747,False
pilot5,1740557411005,False
pilot5,1740557471228,False
pilot5,1740557521423,False
pilot5,1740557580942,False
pilot5,1740557631208,False
pilot5,1740557691428,False
pilot5,1740557741743,False
pilot5,1740557802037,True
pilot5,1740557862174,True
pilot5,1740557913328,True
pilot5,1740557973523,True
pilot5,1740558023729,True
pilot5,1740558083967,False
pilot5,1740558134283,False
pilot5,1740558194462,False
pilot5,1740558244719,False
pilot5,1740558303047,False
pilot5,1740558363267,False
pilot5,1740558363576,False
pilot5,1740558423475,False
pilot5,1740558473772,False
pilot5,1740558533968,False
pilot5,1740558584264,False
pilot5,1740558644478,False
pilot5,1740558694707,True
pilot5,1740558754870,True
pilot5,1740558805114,True
pilot5,1740558865275,True
pilot5,1740558915486,True
pilot5,1740558975753,True
pilot5,1740559025991,True
pilot5,1740559085428,True
pilot5,1740559135659,True
pilot5,1740559195854,True
pilot5,1740559246230,True
pilot5,1740559306366,True
pilot5,1740559356599,True
pilot5,1740559416809,True
pilot5,1740559467055,True
pilot5,1740559527233,True
pilot5,1740559577499,True
pilot5,1740559637674,True
pilot5,1740559687935,True
pilot5,1740559747204,True
pilot5,1740559797412,True
pilot5,1740559857656,True
pilot5,1740559907932,True
pilot5,1740559968141,True
pilot5,1740560018399,True
pilot5,1740560078616,True
pilot5,1740560128890,True
pilot5,1740560189094,True
pilot5,1740560239392,True
pilot5,1740560299612,True
pilot5,1740560349887,True
pilot5,1740589239504,True
pilot5,1740589299667,True
pilot5,1740589359857,False
pilot5,1740589420070,False
pilot5,1740589470364,False
pilot5,1740589530628,False
pilot5,1740589580879,False
pilot5,1740589641098,False
pilot5,1740589691410,False
pilot5,1740589750667,False
pilot5,1740589801980,True
pilot5,1740589861795,True
pilot5,1740589912100,True
pilot5,1740589972329,True
pilot5,1740590022613,True
pilot5,1740590082856,True
pilot5,1740590143103,True
pilot5,1740590203371,True
pilot5,1740590253653,True
pilot5,1740590313900,True
pilot5,1740590364181,True
pilot5,1740590424401,True
pilot5,1740590474657,True
pilot5,1740590533316,True
pilot5,1740590583619,True
pilot5,1740590643846,True
pilot5,1740590694133,True
pilot5,1740590754365,False
pilot5,1740590804645,False
pilot5,1740590864924,False
pilot5,1740590915188,False
pilot5,1740590975416,False
pilot5,1740591025790,False
pilot5,1740591085992,False
pilot5,1740591136248,False
pilot5,1740591195816,True
pilot5,1740591246064,True
pilot5,1740591306291,False
pilot5,1740591356570,False
pilot5,1740591416844,False
pilot5,1740591467102,False
pilot5,1740591527338,False
pilot5,1740591577621,False
pilot5,1740591637894,False
pilot5,1740591688222,False
pilot5,1740591748438,False
pilot5,1740591798694,False
pilot5,1740591857822,True
pilot5,1740591908057,False
pilot5,1740591968220,True
pilot5,1740592018510,False
pilot5,1740592078717,False
pilot5,1740592128999,True
pilot5,1740592189250,True
pilot5,1740592239459,True
pilot5,1740592299715,False
pilot5,1740592349983,False
pilot5,1740592410220,False
pilot5,1740592460498,False
pilot5,1740592519848,False
pilot5,1740592570123,False
pilot5,1740592630330,False
pilot5,1740592680594,False
pilot5,1740592740817,False
pilot5,1740592791167,False
pilot5,1740574836215,True
pilot5,1740574896409,True
pilot5,1740574956645,True
pilot5,1740575016857,True
pilot5,1740575067209,True
pilot5,1740575121814,True
pilot5,1740575181882,True
pilot5,1740575182340,True
pilot5,1740575242046,True
pilot5,1740575292331,True
pilot5,1740575352544,True
pilot5,1740575402818,True
pilot5,1740575463030,True
pilot5,1740575513283,True
pilot5,1740575573486,True
pilot5,1740575623764,True
pilot5,1740575683961,True
pilot5,1740575734252,True
pilot5,1740575794442,True
pilot5,1740575844711,True
pilot5,1740575904193,True
pilot5,1740575954527,True
pilot5,1740576014774,True
pilot5,1740576065141,False
pilot5,1740576125388,True
pilot5,1740576175680,False
pilot5,1740576235939,False
pilot5,1740576296186,False
pilot5,1740576356442,False
pilot5,1740576406802,True
pilot5,1740576467003,False
pilot5,1740576517300,True
pilot5,1740576577469,True
pilot5,1740576627750,False
pilot5,1740576686869,False
pilot5,1740576737188,False
pilot5,1740576797415,True
pilot5,1740576847748,False
pilot5,1740576908015,False
pilot5,1740576968228,True
pilot5,1740577028483,False
pilot5,1740577078868,True
pilot5,1740577139091,True
pilot5,1740577189408,True
pilot5,1740577249686,True
pilot5,1740577299995,True
pilot5,1740577360210,False
pilot5,1740577420541,True
pilot5,1740577480671,True
pilot5,1740577540878,True
pilot5,1740577601093,False
pilot5,1740577658725,False
pilot5,1740577710515,False
pilot5,1740577770705,False
pilot5,1740577771117,False
pilot5,1740577830933,True
pilot5,1740577881226,False
pilot5,1740577941487,False
pilot5,1740577991746,True
pilot5,1740578051934,True
pilot5,1740578102212,True
pilot5,1740578162438,False
pilot5,1740578212915,False
pilot5,1740578273130,False
pilot5,1740578323429,False
pilot5,1740578383636,False
pilot5,1740549604938,False
pilot5,1740549665154,False
pilot5,1740549715434,False
pilot5,1740549775683,False
pilot5,1740549825923,False
pilot5,1740549886139,False
pilot5,1740549936382,False
pilot5,1740549995745,False
pilot5,1740550046013,False
pilot5,1740550106237,False
pilot5,1740550156517,False
pilot5,1740550216739,False
pilot5,1740550267020,False
pilot5,1740550327246,False
pilot5,1740550377508,False
pilot5,1740550437715,False
pilot5,1740550488005,False
pilot5,1740550548193,False
pilot5,1740550598430,False
pilot5,1740550657956,False
pilot5,1740550708217,False
pilot5,1740550768433,False
pilot5,1740550818699,False
pilot5,1740550878919,False
pilot5,1740550929221,False
pilot5,1740550989456,False
pilot5,1740551039743,False
pilot5,1740551099952,False
pilot5,1740551150227,False
pilot5,1740551210436,False
pilot5,1740551260721,False
pilot5,1740551320061,False
pilot5,1740551370357,False
pilot5,1740551430582,False
pilot5,1740551480927,False
pilot5,1740551541138,False
pilot5,1740551591442,False
pilot5,1740551651633,False
pilot5,1740551701893,False
pilot5,1740551762109,False
pilot5,1740551812389,False
pilot5,1740551872571,False
pilot5,1740551922782,False
pilot5,1740551982294,False
pilot5,1740552032546,False
pilot5,1740552092776,False
pilot5,1740552143147,False
pilot5,1740552203355,False
pilot5,1740552253640,False
pilot5,1740552313838,False
pilot5,1740552364156,False
pilot5,1740552424354,False
pilot5,1740552484599,False
pilot5,1740552537177,False
pilot5,1740552597376,False
pilot5,1740552647616,False
pilot5,1740552704656,False
pilot5,1740552754940,False
pilot5,1740552815144,False
pilot5,1740552865444,False
pilot5,1740552925628,False
pilot5,1740552975906,False
pilot5,1740553036108,False
pilot5,1740553086389,False
pilot5,1740553146608,False
pilot5,1740553196966,False
pilot5,1740582005903,False
pilot5,1740582066116,False
pilot5,1740582116410,False
pilot5,1740582176664,False
pilot5,1740582226915,False
pilot5,1740582286150,False
pilot5,1740582336440,True
pilot5,1740582396677,False
pilot5,1740582446967,False
pilot5,1740582507193,False
pilot5,1740582557513,False
pilot5,1740582617720,False
pilot5,1740582668016,False
pilot5,1740582728228,True
pilot5,1740582778522,False
pilot5,1740582838700,False
pilot5,1740582889155,False
pilot5,1740582948465,False
pilot5,1740582998771,False
pilot5,1740583058986,False
pilot5,1740583109280,False
pilot5,1740583169537,False
pilot5,1740583219929,False
pilot5,1740583280151,False
pilot5,1740583330431,False
pilot5,1740583390634,True
pilot5,1740583440882,True
pilot5,1740583501067,True
pilot5,1740583551530,True
pilot5,1740583610677,True
pilot5,1740583661034,True
pilot5,1740583721197,True
pilot5,1740583771406,True
pilot5,1740583831641,False
pilot5,1740583881861,True
pilot5,1740583942056,True
pilot5,1740583992361,False
pilot5,1740584052552,True
pilot5,1740584112840,False
pilot5,1740584173017,False
pilot5,1740584223311,False
pilot5,1740584283484,True
pilot5,1740584343697,True
pilot5,1740584404100,True
pilot5,1740584464245,True
pilot5,1740584514485,True
pilot5,1740584573599,False
pilot5,1740584623919,False
pilot5,1740584684157,False
pilot5,1740584734422,True
pilot5,1740584794627,True
pilot5,1740584844878,True
pilot5,1740584905053,True
pilot5,1740584955301,True
pilot5,1740585015562,True
pilot5,1740585065777,True
pilot5,1740585125938,True
pilot5,1740585176175,True
pilot5,1740585235508,True
pilot5,1740585285632,True
pilot5,1740585345909,False
pilot5,1740585396293,False
pilot5,1740585456497,False
pilot5,1740585506776,False
pilot5,1740585567011,False
pilot5,1740531623404,True
pilot5,1740531673695,True
pilot5,1740531733929,True
pilot5,1740531794153,True
pilot5,1740531854406,True
pilot5,1740531904710,True
pilot5,1740531964944,True
pilot5,1740532015249,True
pilot5,1740532075486,True
pilot5,1740532125830,True
pilot5,1740532176311,True
pilot5,1740532230772,True
pilot5,1740532291042,True
pilot5,1740532341344,True
pilot5,1740532401634,True
pilot5,1740532451908,True
pilot5,1740532512202,True
pilot5,1740532562524,True
pilot5,1740532622748,True
pilot5,1740532673097,True
pilot5,1740532733308,True
pilot5,1740532783513,False
pilot5,1740532838451,False
pilot5,1740532898695,False
pilot5,1740532899114,False
pilot5,1740532954470,False
pilot5,1740533014744,False
pilot5,1740533065025,False
pilot5,1740533125239,False
pilot5,1740533175550,False
pilot5,1740533235775,False
pilot5,1740533286056,False
pilot5,1740533346278,False
pilot5,1740533396555,False
pilot5,1740533456767,False
pilot5,1740533507005,False
pilot5,1740533560927,False
pilot5,1740533612072,False
pilot5,1740533672298,False
pilot5,1740533722544,False
pilot5,1740533782760,False
pilot5,1740533833127,False
pilot5,1740533893329,False
pilot5,1740533943602,False
pilot5,1740534003820,False
pilot5,1740534054064,False
pilot5,1740534114255,False
pilot5,1740534164566,False
pilot5,1740534223078,False
pilot5,1740534273352,False
pilot5,1740534333581,False
pilot5,1740534383845,False
pilot5,1740534444063,False
pilot5,1740534494343,False
pilot5,1740534554550,False
pilot5,1740534604818,False
pilot5,1740534665040,False
pilot5,1740534715338,False
pilot5,1740534775515,False
pilot5,1740534825833,False
pilot5,1740534885349,False
pilot5,1740534935652,False
pilot5,1740534995852,False
pilot5,1740535046125,False
pilot5,1740535106339,False
pilot5,1740535156645,False
pilot5,1740578433909,True
pilot5,1740578493150,False
pilot5,1740578543537,False
pilot5,1740578603733,False
pilot5,1740578654054,False
pilot5,1740578714340,False
pilot5,1740578764582,True
pilot5,1740578824831,False
pilot5,1740578875148,False
pilot5,1740578935384,False
pilot5,1740578985690,False
pilot5,1740579045935,False
pilot5,1740579106152,False
pilot5,1740579166404,False
pilot5,1740579216753,False
pilot5,1740579275906,True
pilot5,1740579336102,True
pilot5,1740579336478,True
pilot5,1740579396291,True
pilot5,1740579446596,False
pilot5,1740579506862,False
pilot5,1740579567098,False
pilot5,1740579627335,False
pilot5,1740579677622,False
pilot5,1740579737888,False
pilot5,1740579788182,False
pilot5,1740579848412,False
pilot5,1740579898557,False
pilot5,1740579958781,False
pilot5,1740580009102,False
pilot5,1740580069346,False
pilot5,1740580119610,False
pilot5,1740580179014,False
pilot5,1740580229311,False
pilot5,1740580289555,False
pilot5,1740580339866,False
pilot5,1740580400097,False
pilot5,1740580450445,False
pilot5,1740580510711,True
pilot5,1740580560963,False
pilot5,1740580621203,False
pilot5,1740580681432,False
pilot5,1740580741663,False
pilot5,1740580791947,False
pilot5,1740580852477,True
pilot5,1740580902536,True
pilot5,1740580961745,False
pilot5,1740581012094,False
pilot5,1740581072432,False
pilot5,1740581122731,False
pilot5,1740581183000,False
pilot5,1740581233284,False
pilot5,1740581293513,False
pilot5,1740581343818,False
pilot5,1740581404068,False
pilot5,1740581454349,False
pilot5,1740581514596,False
pilot5,1740581564905,False
pilot5,1740581623961,False
pilot5,1740581674263,False
pilot5,1740581734499,False
pilot5,1740581784796,False
pilot5,1740581845017,False
pilot5,1740581895330,False
pilot5,1740581955555,False
pilot5,1740553257147,True
pilot5,1740553307393,False
pilot5,1740553366953,False
pilot5,1740553427134,False
pilot5,1740553427434,False
pilot5,1740553487331,False
pilot5,1740553537575,True
pilot5,1740553597778,False
pilot5,1740553648050,False
pilot5,1740553708264,False
pilot5,1740553758635,False
pilot5,1740553818802,False
pilot5,1740553869078,False
pilot5,1740553929311,False
pilot5,1740553979598,False
pilot5,1740554039825,False
pilot5,1740554090080,False
pilot5,1740554149453,False
pilot5,1740554199755,False
pilot5,1740554259956,False
pilot5,1740554310240,False
pilot5,1740554370472,False
pilot5,1740554420850,False
pilot5,1740554481077,False
pilot5,1740554531335,False
pilot5,1740554591529,False
pilot5,1740554641825,False
pilot5,1740554701997,False
pilot5,1740554752241,False
pilot5,1740554811663,False
pilot5,1740554861919,False
pilot5,1740554922137,False
pilot5,1740554972399,False
pilot5,1740555032647,False
pilot5,1740555082966,False
pilot5,1740555143220,False
pilot5,1740555193477,False
pilot5,1740555253715,False
pilot5,1740555304170,False
pilot5,1740555364345,False
pilot5,1740555414652,False
pilot5,1740555473887,False
pilot5,1740555524174,False
pilot5,1740555584389,False
pilot5,1740555634674,False
pilot5,1740555694908,False
pilot5,1740555745272,False
pilot5,1740555805483,False
pilot5,1740555855778,False
pilot5,1740555915999,False
pilot5,1740555966276,False
pilot5,1740556026466,False
pilot5,1740556076729,False
pilot5,1740556136123,False
pilot5,1740556186452,False
pilot5,1740556246666,False
pilot5,1740556296928,False
pilot5,1740556357157,False
pilot5,1740556407470,False
pilot5,1740556467699,False
pilot5,1740556517962,False
pilot5,1740556578151,False
pilot5,1740556628413,True
pilot5,1740556688594,True
pilot5,1740556738875,False
pilot5,1740556798322,False
pilot5,1740560409462,True
pilot5,1740560459706,True
pilot5,1740560519947,True
pilot5,1740560570253,True
pilot5,1740560630465,True
pilot5,1740560680753,True
pilot5,1740560741263,True
pilot5,1740560791376,True
pilot5,1740560851617,False
pilot5,1740560901913,False
pilot5,1740560962165,False
pilot5,1740561022373,False
pilot5,1740561082576,False
pilot5,1740561132877,False
pilot5,1740561192010,False
pilot5,1740561242268,False
pilot5,1740561302443,False
pilot5,1740561352875,False
pilot5,1740561413020,False
pilot5,1740561463405,False
pilot5,1740561523609,False
pilot5,1740561573909,False
pilot5,1740561634126,False
pilot5,1740561684406,False
pilot5,1740561744628,False
pilot5,1740561795461,False
pilot5,1740561854461,False
pilot5,1740561904753,False
pilot5,1740561964930,True
pilot5,1740562015240,True
pilot5,1740562075437,True
pilot5,1740562125734,True
pilot5,1740562185982,True
pilot5,1740562236225,True
pilot5,1740562296467,True
pilot5,1740562346725,True
pilot5,1740562407294,True
pilot5,1740562457532,True
pilot5,1740562516766,True
pilot5,1740562567044,True
pilot5,1740562627348,True
pilot5,1740562677597,True
pilot5,1740562737823,True
pilot5,1740562788130,True
pilot5,1740562848414,True
pilot5,1740562898665,True
pilot5,1740562958898,True
pilot5,1740563009155,True
pilot5,1740563069382,True
pilot5,1740563119637,True
pilot5,1740563178949,True
pilot5,1740563229200,True
pilot5,1740563289435,True
pilot5,1740563339701,True
pilot5,1740563399932,True
pilot5,1740563450236,True
pilot5,1740563510492,True
pilot5,1740563560823,True
pilot5,1740563621005,True
pilot5,1740563671309,True
pilot5,1740563731533,False
pilot5,1740563791716,True
pilot5,1740563851969,False
pilot5,1740563902257,False
pilot5,1740563961824,False
pilot5,1740528033281,True
pilot5,1740528093498,True
pilot5,1740528143712,True
pilot5,1740528201085,True
pilot5,1740528251333,True
pilot5,1740528311719,True
pilot5,1740528361945,True
pilot5,1740528422194,True
pilot5,1740528472445,True
pilot5,1740528532625,True
pilot5,1740528582886,True
pilot5,1740528643057,True
pilot5,1740528693447,True
pilot5,1740528753598,True
pilot5,1740528803842,True
pilot5,1740528862893,True
pilot5,1740528923124,True
pilot5,1740528923517,True
pilot5,1740528983280,True
pilot5,1740529033562,True
pilot5,1740529093722,True
pilot5,1740529143988,True
pilot5,1740529204186,True
pilot5,1740529254451,True
pilot5,1740529314667,True
pilot5,1740529364965,True
pilot5,1740529425218,True
pilot5,1740529475507,True
pilot5,1740529535754,True
pilot5,1740529586169,True
pilot5,1740529645706,True
pilot5,1740529695987,True
pilot5,1740529756227,True
pilot5,1740529806521,True
pilot5,1740529866750,True
pilot5,1740529917069,True
pilot5,1740529977281,True
pilot5,1740530027596,True
pilot5,1740530087953,True
pilot5,1740530138233,True
pilot5,1740530198446,True
pilot5,1740530248740,True
pilot5,1740530307965,True
pilot5,1740530358314,True
pilot5,1740530418537,True
pilot5,1740530468864,True
pilot5,1740530529120,True
pilot5,1740530579408,True
pilot5,1740530639646,True
pilot5,1740530689941,True
pilot5,1740530750165,True
pilot5,1740530800470,True
pilot5,1740530850577,True
pilot5,1740530905480,True
pilot5,1740530965712,True
pilot5,1740531016031,True
pilot5,1740531076242,True
pilot5,1740531126553,True
pilot5,1740531186801,True
pilot5,1740531237117,True
pilot5,1740531297341,True
pilot5,1740531347633,True
pilot5,1740531407853,True
pilot5,1740531458116,True
pilot5,1740531512895,True
pilot5,1740531563201,True
pilot5,1740546040825,False
pilot5,1740546101033,False
pilot5,1740546151333,False
pilot5,1740546203266,False
pilot5,1740546263470,False
pilot5,1740546263781,False
pilot5,1740546323695,False
pilot5,1740546373943,False
pilot5,1740546434179,False
pilot5,1740546484472,False
pilot5,1740546544685,False
pilot5,1740546594942,False
pilot5,1740546655189,False
pilot5,1740546705543,False
pilot5,1740546765744,False
pilot5,1740546816006,False
pilot5,1740546876221,False
pilot5,1740546936429,False
pilot5,1740546996638,False
pilot5,1740547046967,False
pilot5,1740547106240,False
pilot5,1740547156528,False
pilot5,1740547216734,False
pilot5,1740547267018,False
pilot5,1740547327243,False
pilot5,1740547377512,False
pilot5,1740547437747,False
pilot5,1740547488027,False
pilot5,1740547548254,False
pilot5,1740547598548,False
pilot5,1740547658768,False
pilot5,1740547708988,False
pilot5,1740547768441,False
pilot5,1740547819003,False
pilot5,1740547879108,False
pilot5,1740547929382,False
pilot5,1740547989613,False
pilot5,1740548039864,False
pilot5,1740548100112,False
pilot5,1740548150381,False
pilot5,1740548210610,False
pilot5,1740548260877,False
pilot5,1740548321076,False
pilot5,1740548381265,False
pilot5,1740548441475,False
pilot5,1740548501678,False
pilot5,1740548561881,False
pilot5,1740548612133,False
pilot5,1740548671347,False
pilot5,1740548721604,False
pilot5,1740548781828,False
pilot5,1740548832154,False
pilot5,1740548892404,False
pilot5,1740548942733,False
pilot5,1740549002952,False
pilot5,1740549053217,False
pilot5,1740549113430,False
pilot5,1740549163711,False
pilot5,1740549223926,False
pilot5,1740549274175,False
pilot5,1740549333512,False
pilot5,1740549383808,False
pilot5,1740549443999,False
pilot5,1740549494455,False
pilot5,1740549554646,False
pilot5,1740452410954,False
pilot5,1740452471125,False
pilot5,1740452521407,False
pilot5,1740452581672,False
pilot5,1740452631914,False
pilot5,1740452691321,False
pilot5,1740452741546,False
pilot5,1740452801766,False
pilot5,1740452852023,False
pilot5,1740452912259,False
pilot5,1740452962513,False
pilot5,1740453022724,False
pilot5,1740453072990,False
pilot5,1740453133225,False
pilot5,1740453183478,False
pilot5,1740453243692,False
pilot5,1740453294068,False
pilot5,1740453353482,False
pilot5,1740453403712,False
pilot5,1740453463948,False
pilot5,1740453514192,False
pilot5,1740453574421,False
pilot5,1740453624676,False
pilot5,1740453684890,False
pilot5,1740453735193,False
pilot5,1740453795375,False
pilot5,1740453845679,False
pilot5,1740453905867,False
pilot5,1740453966080,False
pilot5,1740454026285,False
pilot5,1740454076508,False
pilot5,1740454136031,False
pilot5,1740454186285,False
pilot5,1740454246511,False
pilot5,1740454296788,False
pilot5,1740454357011,False
pilot5,1740454407269,False
pilot5,1740454467488,False
pilot5,1740454517738,False
pilot5,1740454577954,False
pilot5,1740454628207,False
pilot5,1740454688431,False
pilot5,1740454738650,False
pilot5,1740454798209,False
pilot5,1740454848472,False
pilot5,1740454908718,False
pilot5,1740454959019,False
pilot5,1740455019219,False
pilot5,1740455069497,False
pilot5,1740455129684,False
pilot5,1740455179949,False
pilot5,1740455240132,False
pilot5,1740455290412,False
pilot5,1740455350636,False
pilot5,1740455400874,False
pilot5,1740455460393,False
pilot5,1740455510640,False
pilot5,1740455570859,False
pilot5,1740455621134,False
pilot5,1740455681355,False
pilot5,1740455731643,False
pilot5,1740455791859,False
pilot5,1740455842113,False
pilot5,1740455902301,False
pilot5,1740455952681,False
pilot5,1740499236146,True
pilot5,1740499296331,False
pilot5,1740499346598,True
pilot5,1740499397071,True
pilot5,1740499451687,False
pilot5,1740499511859,True
pilot5,1740499562108,True
pilot5,1740499622318,True
pilot5,1740499672569,True
pilot5,1740499732742,True
pilot5,1740499782981,True
pilot5,1740499843161,True
pilot5,1740499893450,True
pilot5,1740499953595,True
pilot5,1740500004007,True
pilot5,1740500058885,True
pilot5,1740500109175,True
pilot5,1740500169371,True
pilot5,1740500219628,True
pilot5,1740500279882,True
pilot5,1740500330375,True
pilot5,1740500390557,True
pilot5,1740500440753,True
pilot5,1740500500969,True
pilot5,1740500551206,True
pilot5,1740500601343,True
pilot5,1740500656281,False
pilot5,1740500716488,False
pilot5,1740500776720,False
pilot5,1740500836885,True
pilot5,1740500887123,True
pilot5,1740500947304,True
pilot5,1740500997532,True
pilot5,1740501057698,True
pilot5,1740501107926,True
pilot5,1740501168105,True
pilot5,1740501218395,True
pilot5,1740501278544,True
pilot5,1740501328777,True
pilot5,1740501383444,True
pilot5,1740501433788,True
pilot5,1740501493944,True
pilot5,1740501544233,False
pilot5,1740501604422,True
pilot5,1740501654699,False
pilot5,1740501714842,True
pilot5,1740501765077,True
pilot5,1740501825255,False
pilot5,1740501885485,True
pilot5,1740501938568,True
pilot5,1740501998754,True
pilot5,1740502048995,False
pilot5,1740502105494,False
pilot5,1740502165693,False
pilot5,1740502166007,False
pilot5,1740502225917,True
pilot5,1740502276185,False
pilot5,1740502336382,False
pilot5,1740502386623,False
pilot5,1740502446815,False
pilot5,1740502497136,False
pilot5,1740502557354,False
pilot5,1740502607693,False
pilot5,1740502667882,False
pilot5,1740502718154,False
pilot5,1740502778330,True
pilot5,1740456012832,False
pilot5,1740456063086,False
pilot5,1740456122574,False
pilot5,1740456172894,False
pilot5,1740456233137,False
pilot5,1740456283405,False
pilot5,1740456343614,False
pilot5,1740456393909,False
pilot5,1740456454159,False
pilot5,1740456504497,False
pilot5,1740456564716,False
pilot5,1740456614962,False
pilot5,1740456675152,False
pilot5,1740456725436,False
pilot5,1740456784711,False
pilot5,1740456834969,False
pilot5,1740456895189,False
pilot5,1740456945618,False
pilot5,1740457005795,False
pilot5,1740457056052,False
pilot5,1740457116265,False
pilot5,1740457166519,False
pilot5,1740457226754,False
pilot5,1740457277047,False
pilot5,1740457337241,False
pilot5,1740457387482,False
pilot5,1740457446870,False
pilot5,1740457497157,False
pilot5,1740457557379,False
pilot5,1740457607668,False
pilot5,1740457667878,False
pilot5,1740457718133,False
pilot5,1740457778330,False
pilot5,1740457828593,False
pilot5,1740457888787,False
pilot5,1740457939028,False
pilot5,1740457999213,False
pilot5,1740458049499,False
pilot5,1740458109000,False
pilot5,1740458159249,False
pilot5,1740458219465,False
pilot5,1740458269759,False
pilot5,1740458329986,False
pilot5,1740458380288,False
pilot5,1740458440508,False
pilot5,1740458490813,False
pilot5,1740458551041,False
pilot5,1740458601418,False
pilot5,1740458661578,False
pilot5,1740458711821,False
pilot5,1740458771161,False
pilot5,1740458821424,False
pilot5,1740458881666,False
pilot5,1740458931946,False
pilot5,1740458992177,False
pilot5,1740459042489,False
pilot5,1740459102725,False
pilot5,1740459153004,False
pilot5,1740459213184,False
pilot5,1740459273408,False
pilot5,1740459328750,False
pilot5,1740459388912,False
pilot5,1740459439170,False
pilot5,1740459493470,False
pilot5,1740459544277,False
pilot5,1740481237401,False
pilot5,1740481297618,False
pilot5,1740481347904,False
pilot5,1740481408200,False
pilot5,1740481458503,False
pilot5,1740481517861,False
pilot5,1740481568174,False
pilot5,1740481628372,False
pilot5,1740481678885,False
pilot5,1740481739072,False
pilot5,1740481789709,False
pilot5,1740481849916,False
pilot5,1740481900219,False
pilot5,1740481960416,False
pilot5,1740482010702,False
pilot5,1740482070932,True
pilot5,1740482121248,True
pilot5,1740482180345,True
pilot5,1740482230718,False
pilot5,1740482290951,False
pilot5,1740482341255,False
pilot5,1740482404106,True
pilot5,1740482453816,True
pilot5,1740482514065,True
pilot5,1740482564396,True
pilot5,1740482624652,True
pilot5,1740482674952,True
pilot5,1740482735204,True
pilot5,1740482785544,True
pilot5,1740482843020,True
pilot5,1740482903170,True
pilot5,1740482903625,True
pilot5,1740482963389,True
pilot5,1740483013689,True
pilot5,1740483073976,False
pilot5,1740483124320,False
pilot5,1740483184589,False
pilot5,1740483234934,False
pilot5,1740483295118,True
pilot5,1740483345387,True
pilot5,1740483405555,True
pilot5,1740483455812,False
pilot5,1740483516022,False
pilot5,1740483576234,False
pilot5,1740483636489,False
pilot5,1740483686792,True
pilot5,1740483745842,True
pilot5,1740483796076,True
pilot5,1740483856268,True
pilot5,1740483906511,True
pilot5,1740483966708,True
pilot5,1740484017003,False
pilot5,1740484077292,False
pilot5,1740484137520,False
pilot5,1740484197742,True
pilot5,1740484247998,True
pilot5,1740484308178,True
pilot5,1740484358491,False
pilot5,1740484418691,False
pilot5,1740484468975,False
pilot5,1740484528326,False
pilot5,1740484578624,False
pilot5,1740484638862,True
pilot5,1740484689134,False
pilot5,1740484749350,False
pilot5,1740484799656,False
pilot5,1740448849697,False
pilot5,1740448909873,False
pilot5,1740448960653,False
pilot5,1740449019312,False
pilot5,1740449069630,False
pilot5,1740449129865,False
pilot5,1740449180124,False
pilot5,1740449240348,False
pilot5,1740449290642,False
pilot5,1740449350836,False
pilot5,1740449401124,False
pilot5,1740449461363,False
pilot5,1740449511581,False
pilot5,1740449571784,False
pilot5,1740449622170,False
pilot5,1740449681499,False
pilot5,1740449731753,False
pilot5,1740449791990,False
pilot5,1740449842244,False
pilot5,1740449902441,False
pilot5,1740449952741,False
pilot5,1740450012965,False
pilot5,1740450063285,False
pilot5,1740450123519,False
pilot5,1740450173812,False
pilot5,1740450234013,False
pilot5,1740450284346,False
pilot5,1740450343757,False
pilot5,1740450394059,False
pilot5,1740450454270,False
pilot5,1740450504597,False
pilot5,1740450564821,False
pilot5,1740450615377,False
pilot5,1740450675506,False
pilot5,1740450725800,False
pilot5,1740450786200,False
pilot5,1740450836377,False
pilot5,1740450896576,False
pilot5,1740450946805,False
pilot5,1740451005959,False
pilot5,1740451056201,False
pilot5,1740451116424,False
pilot5,1740451176648,False
pilot5,1740451236858,False
pilot5,1740451297079,False
pilot5,1740451357264,False
pilot5,1740451407557,False
pilot5,1740451467777,False
pilot5,1740451518051,False
pilot5,1740451578260,False
pilot5,1740451638460,False
pilot5,1740451698669,False
pilot5,1740451748920,False
pilot5,1740451809137,False
pilot5,1740451859444,False
pilot5,1740451919661,False
pilot5,1740451969893,False
pilot5,1740452029131,False
pilot5,1740452079398,False
pilot5,1740452139615,False
pilot5,1740452189909,False
pilot5,1740452250139,False
pilot5,1740452300498,False
pilot5,1740452360718,False
pilot5,1740477643808,True
pilot5,1740477704056,True
pilot5,1740477754377,True
pilot5,1740477814695,True
pilot5,1740477865241,True
pilot5,1740477925627,True
pilot5,1740477975916,True
pilot5,1740478036168,True
pilot5,1740478086491,True
pilot5,1740478145145,True
pilot5,1740478195506,True
pilot5,1740478255769,True
pilot5,1740478306108,True
pilot5,1740478366356,True
pilot5,1740478416698,True
pilot5,1740478476966,True
pilot5,1740478527722,True
pilot5,1740478588011,True
pilot5,1740478638341,True
pilot5,1740478698560,True
pilot5,1740478749464,True
pilot5,1740478807986,True
pilot5,1740478858298,True
pilot5,1740478918689,True
pilot5,1740478968997,False
pilot5,1740479029261,False
pilot5,1740479079565,False
pilot5,1740479139848,False
pilot5,1740479190383,False
pilot5,1740479250553,False
pilot5,1740479300873,False
pilot5,1740479361134,False
pilot5,1740479411452,True
pilot5,1740479470691,True
pilot5,1740479521007,True
pilot5,1740479581313,True
pilot5,1740479631679,True
pilot5,1740479691903,True
pilot5,1740479742190,True
pilot5,1740479802521,False
pilot5,1740479852819,False
pilot5,1740479913072,False
pilot5,1740479963424,False
pilot5,1740480023695,False
pilot5,1740480073977,False
pilot5,1740480132930,False
pilot5,1740480183215,False
pilot5,1740480243437,False
pilot5,1740480293753,False
pilot5,1740480354104,False
pilot5,1740480414337,False
pilot5,1740480465358,False
pilot5,1740480525635,False
pilot5,1740480575946,False
pilot5,1740480636194,False
pilot5,1740480686535,False
pilot5,1740480746744,False
pilot5,1740480796988,False
pilot5,1740480855399,False
pilot5,1740480905772,False
pilot5,1740480965962,False
pilot5,1740481016243,False
pilot5,1740481076482,False
pilot5,1740481126848,False
pilot5,1740481187081,False
pilot5,1740484860186,True
pilot5,1740484910461,True
pilot5,1740484970586,False
pilot5,1740485020837,False
pilot5,1740485081039,False
pilot5,1740485131405,False
pilot5,1740485190448,False
pilot5,1740485240734,False
pilot5,1740485300984,False
pilot5,1740485351296,False
pilot5,1740485411529,False
pilot5,1740485471816,False
pilot5,1740485532074,False
pilot5,1740485582437,False
pilot5,1740485642643,False
pilot5,1740485692916,False
pilot5,1740485753264,False
pilot5,1740485803474,False
pilot5,1740485863690,False
pilot5,1740485914061,False
pilot5,1740485973143,False
pilot5,1740486023409,False
pilot5,1740486083655,False
pilot5,1740486133892,True
pilot5,1740486194107,False
pilot5,1740486244362,False
pilot5,1740486304593,False
pilot5,1740486354882,False
pilot5,1740486415106,False
pilot5,1740486465397,False
pilot5,1740486525624,False
pilot5,1740486575931,False
pilot5,1740486635334,False
pilot5,1740486685585,False
pilot5,1740486745808,False
pilot5,1740486796096,False
pilot5,1740486856338,False
pilot5,1740486907746,True
pilot5,1740486967726,False
pilot5,1740487018022,False
pilot5,1740487078239,False
pilot5,1740487128567,False
pilot5,1740487188780,False
pilot5,1740487249012,False
pilot5,1740487301271,False
pilot5,1740487357987,False
pilot5,1740487418091,True
pilot5,1740487418452,True
pilot5,1740487478308,False
pilot5,1740487528666,False
pilot5,1740487588870,True
pilot5,1740487639190,False
pilot5,1740487699418,True
pilot5,1740487749647,True
pilot5,1740487809850,True
pilot5,1740487860141,False
pilot5,1740487920362,False
pilot5,1740487980583,False
pilot5,1740488040766,False
pilot5,1740488091043,False
pilot5,1740488151249,False
pilot5,1740488201511,False
pilot5,1740488260936,False
pilot5,1740488311346,False
pilot5,1740488371553,True
pilot5,1740470400135,False
pilot5,1740470450409,False
pilot5,1740470509834,False
pilot5,1740470560076,False
pilot5,1740470620263,False
pilot5,1740470670566,False
pilot5,1740470730802,False
pilot5,1740470781050,False
pilot5,1740470841252,False
pilot5,1740470891491,False
pilot5,1740470951702,False
pilot5,1740471002010,False
pilot5,1740471062207,False
pilot5,1740471112556,False
pilot5,1740471172002,False
pilot5,1740471222278,False
pilot5,1740471282491,False
pilot5,1740471332760,False
pilot5,1740471392973,False
pilot5,1740471443256,False
pilot5,1740471503470,False
pilot5,1740471553751,False
pilot5,1740471613974,False
pilot5,1740471674137,True
pilot5,1740471734366,False
pilot5,1740471784670,False
pilot5,1740471844887,False
pilot5,1740471895134,False
pilot5,1740471954485,False
pilot5,1740472004723,False
pilot5,1740472064940,False
pilot5,1740472115203,False
pilot5,1740472175420,False
pilot5,1740472225715,False
pilot5,1740472285923,False
pilot5,1740472336214,False
pilot5,1740472396434,False
pilot5,1740472446699,False
pilot5,1740472506878,False
pilot5,1740472557086,False
pilot5,1740472616642,False
pilot5,1740472666885,False
pilot5,1740472727118,False
pilot5,1740472777438,False
pilot5,1740472837663,False
pilot5,1740472887922,False
pilot5,1740472948132,False
pilot5,1740473008339,False
pilot5,1740473068549,False
pilot5,1740473118788,False
pilot5,1740473178982,False
pilot5,1740473229299,False
pilot5,1740473289487,False
pilot5,1740473339731,False
pilot5,1740473399178,False
pilot5,1740473449465,False
pilot5,1740473509677,False
pilot5,1740473559958,False
pilot5,1740473620186,False
pilot5,1740473680409,False
pilot5,1740473740591,False
pilot5,1740473790901,False
pilot5,1740473851140,False
pilot5,1740473901553,True
pilot5,1740473961707,True
pilot5,1740502828495,False
pilot5,1740502888128,False
pilot5,1740502938413,False
pilot5,1740502998627,False
pilot5,1740503058828,False
pilot5,1740503110837,False
pilot5,1740503171030,False
pilot5,1740503221322,False
pilot5,1740503281522,False
pilot5,1740503331804,False
pilot5,1740503392022,False
pilot5,1740503452245,True
pilot5,1740503510409,False
pilot5,1740503570624,False
pilot5,1740503630828,False
pilot5,1740503691069,False
pilot5,1740503741118,False
pilot5,1740503801296,False
pilot5,1740503851820,True
pilot5,1740503911392,False
pilot5,1740503961676,False
pilot5,1740504021938,True
pilot5,1740504072198,False
pilot5,1740504132402,False
pilot5,1740504182629,True
pilot5,1740504242796,True
pilot5,1740504293049,False
pilot5,1740504353288,False
pilot5,1740504403593,False
pilot5,1740504463809,False
pilot5,1740504514065,False
pilot5,1740504573441,False
pilot5,1740504623730,False
pilot5,1740504683936,False
pilot5,1740504734218,False
pilot5,1740504794471,True
pilot5,1740504844663,True
pilot5,1740504904861,False
pilot5,1740504955101,False
pilot5,1740505015254,True
pilot5,1740505065519,False
pilot5,1740505125693,False
pilot5,1740505175940,True
pilot5,1740505235640,True
pilot5,1740505285852,True
pilot5,1740505346064,True
pilot5,1740505396300,True
pilot5,1740505456488,True
pilot5,1740505506745,True
pilot5,1740505566923,True
pilot5,1740505617153,True
pilot5,1740505677353,True
pilot5,1740505727715,True
pilot5,1740505787870,True
pilot5,1740505838128,True
pilot5,1740505897671,True
pilot5,1740505948127,True
pilot5,1740506008159,True
pilot5,1740506058411,True
pilot5,1740506118567,True
pilot5,1740506169243,True
pilot5,1740506229313,True
pilot5,1740506279681,False
pilot5,1740506339813,False
pilot5,1740488431782,True
pilot5,1740488487993,True
pilot5,1740488548185,True
pilot5,1740488598439,True
pilot5,1740488658653,True
pilot5,1740488708944,True
pilot5,1740488769152,True
pilot5,1740488819407,True
pilot5,1740488879576,True
pilot5,1740488929815,True
pilot5,1740488983223,True
pilot5,1740489043401,True
pilot5,1740489043785,True
pilot5,1740489103568,True
pilot5,1740489153815,True
pilot5,1740489214006,True
pilot5,1740489264270,True
pilot5,1740489324464,True
pilot5,1740489374696,True
pilot5,1740489434984,True
pilot5,1740489495155,False
pilot5,1740489552130,True
pilot5,1740489611981,False
pilot5,1740489662345,False
pilot5,1740489722572,False
pilot5,1740489772857,True
pilot5,1740489826236,True
pilot5,1740489886378,False
pilot5,1740489886738,False
pilot5,1740489946712,True
pilot5,1740489996927,True
pilot5,1740490057156,False
pilot5,1740490107453,False
pilot5,1740490167677,True
pilot5,1740490227828,True
pilot5,1740490288078,True
pilot5,1740490338246,True
pilot5,1740490398409,True
pilot5,1740490448709,False
pilot5,1740490508995,False
pilot5,1740490559644,True
pilot5,1740490619723,True
pilot5,1740490669924,False
pilot5,1740490729041,False
pilot5,1740490779246,True
pilot5,1740490839455,True
pilot5,1740490889718,True
pilot5,1740490949890,True
pilot5,1740491000175,False
pilot5,1740491060409,False
pilot5,1740491110677,True
pilot5,1740491170945,False
pilot5,1740491221199,False
pilot5,1740491281375,False
pilot5,1740491331680,False
pilot5,1740491391266,True
pilot5,1740491441509,False
pilot5,1740491501729,False
pilot5,1740491561916,False
pilot5,1740491622137,False
pilot5,1740491672415,False
pilot5,1740491732644,False
pilot5,1740491782872,True
pilot5,1740491843089,False
pilot5,1740491893385,False
pilot5,1740491953570,True
pilot5,1740517226849,False
pilot5,1740517277098,True
pilot5,1740517336432,True
pilot5,1740517386749,False
pilot5,1740517446820,True
pilot5,1740517497078,False
pilot5,1740517557257,False
pilot5,1740517607539,False
pilot5,1740517667755,False
pilot5,1740517718047,False
pilot5,1740517778196,False
pilot5,1740517828451,False
pilot5,1740517888670,False
pilot5,1740517938911,False
pilot5,1740517998545,False
pilot5,1740518048866,False
pilot5,1740518109160,False
pilot5,1740518159386,False
pilot5,1740518219631,False
pilot5,1740518269892,False
pilot5,1740518330113,False
pilot5,1740518380414,False
pilot5,1740518440658,False
pilot5,1740518490896,False
pilot5,1740518551117,False
pilot5,1740518601435,False
pilot5,1740518660720,False
pilot5,1740518710970,False
pilot5,1740518771193,False
pilot5,1740518821457,False
pilot5,1740518881657,False
pilot5,1740518931926,False
pilot5,1740518992162,False
pilot5,1740519042454,False
pilot5,1740519107960,False
pilot5,1740519158259,False
pilot5,1740519218540,False
pilot5,1740519268841,False
pilot5,1740519329146,False
pilot5,1740519379909,False
pilot5,1740519440146,False
pilot5,1740519490534,False
pilot5,1740519550780,False
pilot5,1740519601134,False
pilot5,1740519661413,False
pilot5,1740519711752,False
pilot5,1740519770999,False
pilot5,1740519821372,True
pilot5,1740519881634,True
pilot5,1740519941886,True
pilot5,1740520002176,True
pilot5,1740520052569,True
pilot5,1740520112831,True
pilot5,1740520163217,True
pilot5,1740520223488,True
pilot5,1740520273810,False
pilot5,1740520334064,False
pilot5,1740520384383,True
pilot5,1740520444615,False
pilot5,1740520494980,False
pilot5,1740520553818,True
pilot5,1740520604086,True
pilot5,1740520664403,True
pilot5,1740520714673,True
pilot5,1740520774893,True
pilot5,1740463206146,False
pilot5,1740463266359,False
pilot5,1740463316640,False
pilot5,1740463376864,False
pilot5,1740463427129,False
pilot5,1740463487382,False
pilot5,1740463537633,False
pilot5,1740463597856,False
pilot5,1740463648113,False
pilot5,1740463707324,False
pilot5,1740463757579,False
pilot5,1740463817821,False
pilot5,1740463868083,False
pilot5,1740463928302,False
pilot5,1740463978580,False
pilot5,1740464038799,False
pilot5,1740464089093,False
pilot5,1740464149323,False
pilot5,1740464199570,False
pilot5,1740464259776,False
pilot5,1740464310009,False
pilot5,1740464369533,False
pilot5,1740464419802,False
pilot5,1740464480026,False
pilot5,1740464530314,False
pilot5,1740464590502,False
pilot5,1740464640853,False
pilot5,1740464701075,False
pilot5,1740464751374,False
pilot5,1740464811603,False
pilot5,1740464861872,False
pilot5,1740464922105,False
pilot5,1740464972364,False
pilot5,1740465031816,False
pilot5,1740465082138,False
pilot5,1740465142333,False
pilot5,1740465192619,False
pilot5,1740465252830,False
pilot5,1740465303065,False
pilot5,1740465363282,False
pilot5,1740465413564,False
pilot5,1740465473802,False
pilot5,1740465524044,False
pilot5,1740465584237,False
pilot5,1740465634542,False
pilot5,1740465693966,False
pilot5,1740465744262,False
pilot5,1740465804478,False
pilot5,1740465854746,False
pilot5,1740465914961,False
pilot5,1740465965210,False
pilot5,1740466025441,False
pilot5,1740466075710,False
pilot5,1740466135922,False
pilot5,1740466186172,False
pilot5,1740466246390,False
pilot5,1740466296651,False
pilot5,1740466356284,False
pilot5,1740466406557,False
pilot5,1740466466769,False
pilot5,1740466517070,False
pilot5,1740466577291,False
pilot5,1740466627573,False
pilot5,1740466687785,False
pilot5,1740466738170,False
pilot5,1740466798383,False
pilot5,1740495604928,True
pilot5,1740495664850,True
pilot5,1740495714902,False
pilot5,1740495775082,True
pilot5,1740495825312,True
pilot5,1740495885484,True
pilot5,1740495935713,True
pilot5,1740495995885,True
pilot5,1740496046098,True
pilot5,1740496106258,True
pilot5,1740496156685,True
pilot5,1740496216727,True
pilot5,1740496267343,True
pilot5,1740496326494,True
pilot5,1740496376756,True
pilot5,1740496437084,True
pilot5,1740496487283,True
pilot5,1740496547478,True
pilot5,1740496597676,True
pilot5,1740496657852,True
pilot5,1740496708073,True
pilot5,1740496768261,True
pilot5,1740496818507,True
pilot5,1740496878694,True
pilot5,1740496928885,True
pilot5,1740496988186,True
pilot5,1740497038413,True
pilot5,1740497098614,True
pilot5,1740497148875,True
pilot5,1740497209094,True
pilot5,1740497259283,True
pilot5,1740497319478,True
pilot5,1740497369751,False
pilot5,1740497429932,True
pilot5,1740497480124,True
pilot5,1740497540361,False
pilot5,1740497590613,False
pilot5,1740497650119,False
pilot5,1740497700387,True
pilot5,1740497760601,True
pilot5,1740497810830,True
pilot5,1740497871028,True
pilot5,1740497921303,True
pilot5,1740497981481,True
pilot5,1740498031694,True
pilot5,1740498092019,True
pilot5,1740498142190,True
pilot5,1740498192820,True
pilot5,1740498247203,True
pilot5,1740498307391,True
pilot5,1740498357624,True
pilot5,1740498417800,True
pilot5,1740498468407,True
pilot5,1740498528401,True
pilot5,1740498578625,True
pilot5,1740498638792,True
pilot5,1740498688998,True
pilot5,1740498749219,True
pilot5,1740498799457,True
pilot5,1740498854616,True
pilot5,1740498904861,True
pilot5,1740498965027,True
pilot5,1740499015285,True
pilot5,1740499075467,True
pilot5,1740499125724,True
pilot5,1740499185876,True
pilot5,1740445246803,True
pilot5,1740445307025,True
pilot5,1740445357266,True
pilot5,1740445417469,True
pilot5,1740445467756,True
pilot5,1740445527900,True
pilot5,1740445528286,True
pilot5,1740445578550,True
pilot5,1740445638763,True
pilot5,1740445689034,True
pilot5,1740445749268,True
pilot5,1740445799514,True
pilot5,1740445859754,True
pilot5,1740445910050,True
pilot5,1740445970230,True
pilot5,1740446020885,True
pilot5,1740446081097,True
pilot5,1740446131381,True
pilot5,1740446190194,True
pilot5,1740446240485,True
pilot5,1740446300687,True
pilot5,1740446350955,True
pilot5,1740446411180,True
pilot5,1740446461462,True
pilot5,1740446521692,True
pilot5,1740446571981,True
pilot5,1740446632195,True
pilot5,1740446682520,True
pilot5,1740446742738,True
pilot5,1740446792978,True
pilot5,1740446852348,True
pilot5,1740446902607,True
pilot5,1740446962838,True
pilot5,1740447013099,True
pilot5,1740447073326,True
pilot5,1740447123772,True
pilot5,1740447183992,True
pilot5,1740447234286,True
pilot5,1740447294486,True
pilot5,1740447344757,True
pilot5,1740447404964,True
pilot5,1740447455257,True
pilot5,1740447514511,True
pilot5,1740447564843,True
pilot5,1740447625060,True
pilot5,1740447675329,True
pilot5,1740447735597,True
pilot5,1740447785868,True
pilot5,1740447846083,True
pilot5,1740447896378,True
pilot5,1740447956584,True
pilot5,1740448006864,True
pilot5,1740448067083,True
pilot5,1740448117374,True
pilot5,1740448176698,True
pilot5,1740448226985,True
pilot5,1740448287175,True
pilot5,1740448337424,True
pilot5,1740448397564,True
pilot5,1740448447924,False
pilot5,1740448508159,False
pilot5,1740448568393,False
pilot5,1740448628641,False
pilot5,1740448678972,False
pilot5,1740448739180,False
pilot5,1740448789470,False
pilot5,1740524438269,False
pilot5,1740524498467,True
pilot5,1740524548715,True
pilot5,1740524608904,True
pilot5,1740524659178,True
pilot5,1740524719378,True
pilot5,1740524769781,True
pilot5,1740524829347,True
pilot5,1740524879616,True
pilot5,1740524939794,True
pilot5,1740524990077,True
pilot5,1740525050262,True
pilot5,1740525100524,True
pilot5,1740525160711,True
pilot5,1740525210954,True
pilot5,1740525271213,False
pilot5,1740525321513,False
pilot5,1740525381732,False
pilot5,1740525432055,False
pilot5,1740525491655,True
pilot5,1740525541860,True
pilot5,1740525602060,True
pilot5,1740525652393,False
pilot5,1740525712626,False
pilot5,1740525762960,True
pilot5,1740525823127,True
pilot5,1740525873364,True
pilot5,1740525933580,True
pilot5,1740525983915,True
pilot5,1740526044088,True
pilot5,1740526094506,True
pilot5,1740526153647,True
pilot5,1740526203915,True
pilot5,1740526264118,True
pilot5,1740526314442,True
pilot5,1740526374725,True
pilot5,1740526425085,True
pilot5,1740526485376,True
pilot5,1740526535729,True
pilot5,1740526595956,True
pilot5,1740526646282,True
pilot5,1740526706559,True
pilot5,1740526756973,True
pilot5,1740526816379,True
pilot5,1740526866760,True
pilot5,1740526926943,True
pilot5,1740526977230,True
pilot5,1740527037456,True
pilot5,1740527097687,False
pilot5,1740527154581,False
pilot5,1740527214793,True
pilot5,1740527265100,True
pilot5,1740527325313,False
pilot5,1740527375606,False
pilot5,1740527435833,False
pilot5,1740527486155,False
pilot5,1740527538923,False
pilot5,1740527591179,False
pilot5,1740527651404,False
pilot5,1740527701755,False
pilot5,1740527761999,False
pilot5,1740527812259,False
pilot5,1740527872478,False
pilot5,1740527922790,False
pilot5,1740527982994,False
pilot5,1740492003798,True
pilot5,1740492063992,True
pilot5,1740492114214,True
pilot5,1740492173640,True
pilot5,1740492223898,False
pilot5,1740492284122,False
pilot5,1740492334446,False
pilot5,1740492394664,False
pilot5,1740492444932,False
pilot5,1740492505120,True
pilot5,1740492565326,True
pilot5,1740492625504,True
pilot5,1740492676024,False
pilot5,1740492736211,False
pilot5,1740492786439,True
pilot5,1740492846604,True
pilot5,1740492896868,True
pilot5,1740492956039,True
pilot5,1740493006279,True
pilot5,1740493066451,True
pilot5,1740493116669,True
pilot5,1740493176923,False
pilot5,1740493227198,False
pilot5,1740493287415,False
pilot5,1740493337683,False
pilot5,1740493397902,False
pilot5,1740493448182,False
pilot5,1740493508387,False
pilot5,1740493558613,True
pilot5,1740493618044,False
pilot5,1740493668336,True
pilot5,1740493728512,False
pilot5,1740493778777,False
pilot5,1740493839041,False
pilot5,1740493899233,False
pilot5,1740493950073,False
pilot5,1740494010274,False
pilot5,1740494060579,False
pilot5,1740494120788,True
pilot5,1740494170982,True
pilot5,1740494231193,False
pilot5,1740494281454,False
pilot5,1740494340263,False
pilot5,1740494390528,False
pilot5,1740494450754,False
pilot5,1740494501019,False
pilot5,1740494561252,False
pilot5,1740494611510,False
pilot5,1740494671708,False
pilot5,1740494721952,False
pilot5,1740494782186,False
pilot5,1740494832408,True
pilot5,1740494892591,True
pilot5,1740494942776,False
pilot5,1740495002312,True
pilot5,1740495052561,False
pilot5,1740495112798,False
pilot5,1740495163059,False
pilot5,1740495223342,False
pilot5,1740495273605,False
pilot5,1740495333844,False
pilot5,1740495384132,False
pilot5,1740495444284,True
pilot5,1740495494565,True
pilot5,1740495554708,True
pilot5,1740466848596,True
pilot5,1740466908791,False
pilot5,1740466959037,False
pilot5,1740467018438,False
pilot5,1740467068698,False
pilot5,1740467128927,False
pilot5,1740467179148,True
pilot5,1740467239349,False
pilot5,1740467289665,False
pilot5,1740467349738,False
pilot5,1740467350068,False
pilot5,1740467410285,False
pilot5,1740467460574,False
pilot5,1740467520796,False
pilot5,1740467571082,False
pilot5,1740467631311,False
pilot5,1740467681590,False
pilot5,1740467740679,False
pilot5,1740467791059,False
pilot5,1740467851281,False
pilot5,1740467911528,False
pilot5,1740467971752,False
pilot5,1740468022026,False
pilot5,1740468082260,False
pilot5,1740468132539,False
pilot5,1740468192731,False
pilot5,1740468242993,False
pilot5,1740468303209,False
pilot5,1740468353494,False
pilot5,1740468413708,False
pilot5,1740468464004,False
pilot5,1740468523232,False
pilot5,1740468573506,False
pilot5,1740468633717,False
pilot5,1740468684010,False
pilot5,1740468744219,False
pilot5,1740468794470,False
pilot5,1740468854708,False
pilot5,1740468904933,False
pilot5,1740468965172,False
pilot5,1740469015432,False
pilot5,1740469075642,False
pilot5,1740469125856,False
pilot5,1740469185434,False
pilot5,1740469235676,False
pilot5,1740469295894,False
pilot5,1740469346177,False
pilot5,1740469406401,False
pilot5,1740469456732,False
pilot5,1740469516943,False
pilot5,1740469567211,False
pilot5,1740469627471,False
pilot5,1740469677753,False
pilot5,1740469737949,False
pilot5,1740469788191,False
pilot5,1740469847633,False
pilot5,1740469897921,False
pilot5,1740469958135,False
pilot5,1740470008419,False
pilot5,1740470068652,False
pilot5,1740470118939,False
pilot5,1740470179182,False
pilot5,1740470229429,False
pilot5,1740470289646,False
pilot5,1740470339914,False
pilot5,1740474011924,True
pilot5,1740474072114,False
pilot5,1740474122387,False
pilot5,1740474181639,False
pilot5,1740474231915,False
pilot5,1740474292159,False
pilot5,1740474292738,False
pilot5,1740474352953,True
pilot5,1740474403282,True
pilot5,1740474463458,False
pilot5,1740474513744,False
pilot5,1740474573992,False
pilot5,1740474624273,False
pilot5,1740474684512,False
pilot5,1740474734803,False
pilot5,1740474794996,False
pilot5,1740474845251,False
pilot5,1740474904319,False
pilot5,1740474964270,False
pilot5,1740474964669,False
pilot5,1740475024428,False
pilot5,1740475074708,False
pilot5,1740475134942,False
pilot5,1740475185178,False
pilot5,1740475245471,False
pilot5,1740475295675,False
pilot5,1740475355900,False
pilot5,1740475406184,False
pilot5,1740475466568,False
pilot5,1740475516953,False
pilot5,1740475577256,False
pilot5,1740475627620,False
pilot5,1740475687892,False
pilot5,1740475738217,False
pilot5,1740475796542,False
pilot5,1740475846980,False
pilot5,1740475907230,False
pilot5,1740475957577,False
pilot5,1740476017820,False
pilot5,1740476068136,False
pilot5,1740476128465,False
pilot5,1740476178756,False
pilot5,1740476238986,False
pilot5,1740476289326,False
pilot5,1740476349566,False
pilot5,1740476399872,False
pilot5,1740476458942,True
pilot5,1740476509249,True
pilot5,1740476569485,True
pilot5,1740476629720,True
pilot5,1740476689929,True
pilot5,1740476740301,True
pilot5,1740476800638,True
pilot5,1740476850819,True
pilot5,1740476911087,True
pilot5,1740476961485,True
pilot5,1740477021745,True
pilot5,1740477082038,True
pilot5,1740477142335,True
pilot5,1740477192708,True
pilot5,1740477252963,True
pilot5,1740477313236,True
pilot5,1740477373493,True
pilot5,1740477423934,True
pilot5,1740477482800,True
pilot5,1740477533114,True
pilot5,1740477593387,True
pilot5,1740506400081,True
pilot5,1740506460278,True
pilot5,1740506520466,True
pilot5,1740506574777,False
pilot5,1740506634945,False
pilot5,1740506695131,True
pilot5,1740506755299,True
pilot5,1740506815494,True
pilot5,1740506875642,True
pilot5,1740506925881,True
pilot5,1740506980791,True
pilot5,1740507031007,True
pilot5,1740507091189,True
pilot5,1740507141456,True
pilot5,1740507201721,True
pilot5,1740507251983,True
pilot5,1740507312152,True
pilot5,1740507362643,True
pilot5,1740507422795,True
pilot5,1740507473073,False
pilot5,1740507523426,True
pilot5,1740507578118,False
pilot5,1740507638326,False
pilot5,1740507688582,True
pilot5,1740507748771,True
pilot5,1740507799010,True
pilot5,1740507859173,True
pilot5,1740507909404,True
pilot5,1740507969577,True
pilot5,1740508019864,False
pilot5,1740508080140,False
pilot5,1740508130360,True
pilot5,1740508185032,False
pilot5,1740508235401,True
pilot5,1740508295622,True
pilot5,1740508345842,True
pilot5,1740508406022,True
pilot5,1740508466207,True
pilot5,1740508526401,True
pilot5,1740508576595,True
pilot5,1740508636761,True
pilot5,1740508687011,True
pilot5,1740508747182,True
pilot5,1740508797384,True
pilot5,1740508857556,True
pilot5,1740508907757,True
pilot5,1740508967244,True
pilot5,1740509017465,True
pilot5,1740509077804,True
pilot5,1740509128217,True
pilot5,1740509188399,True
pilot5,1740509238614,True
pilot5,1740509298794,True
pilot5,1740509349094,True
pilot5,1740509409260,True
pilot5,1740509459517,True
pilot5,1740509519687,True
pilot5,1740509569946,True
pilot5,1740509629628,True
pilot5,1740509679942,True
pilot5,1740509740208,True
pilot5,1740509790555,True
pilot5,1740509850795,True
pilot5,1740509901094,True
pilot5,1740509961312,True
pilot5,1740520825222,True
pilot5,1740520885436,True
pilot5,1740520935775,False
pilot5,1740520996029,True
pilot5,1740521046280,True
pilot5,1740521106504,False
pilot5,1740521156874,False
pilot5,1740521216045,True
pilot5,1740521266307,True
pilot5,1740521326500,True
pilot5,1740521376759,True
pilot5,1740521437010,True
pilot5,1740521487321,True
pilot5,1740521547505,True
pilot5,1740521597829,True
pilot5,1740521658040,True
pilot5,1740521708351,True
pilot5,1740521768569,True
pilot5,1740521818884,False
pilot5,1740521878129,True
pilot5,1740521938334,False
pilot5,1740521938770,False
pilot5,1740521998498,False
pilot5,1740522048800,False
pilot5,1740522109040,False
pilot5,1740522159324,True
pilot5,1740522219544,True
pilot5,1740522269868,False
pilot5,1740522330117,False
pilot5,1740522390369,False
pilot5,1740522450591,True
pilot5,1740522500926,True
pilot5,1740522561131,True
pilot5,1740522611411,True
pilot5,1740522661493,True
pilot5,1740522716511,True
pilot5,1740522776753,True
pilot5,1740522827183,True
pilot5,1740522887391,True
pilot5,1740522937715,True
pilot5,1740522997945,True
pilot5,1740523048258,True
pilot5,1740523108478,True
pilot5,1740523158774,True
pilot5,1740523219040,True
pilot5,1740523269308,True
pilot5,1740523323818,True
pilot5,1740523374394,True
pilot5,1740523434634,True
pilot5,1740523484960,True
pilot5,1740523545188,True
pilot5,1740523595440,False
pilot5,1740523655676,False
pilot5,1740523715921,False
pilot5,1740523776147,False
pilot5,1740523776592,False
pilot5,1740523836844,False
pilot5,1740523887179,False
pilot5,1740523947414,False
pilot5,1740523997812,True
pilot5,1740524058055,False
pilot5,1740524108328,False
pilot5,1740524166925,False
pilot5,1740524217217,False
pilot5,1740524277422,False
pilot5,1740524327702,False
pilot5,1740524387959,False
pilot5,1740441604277,True
pilot5,1740441664387,True
pilot5,1740441714645,True
pilot5,1740441774869,True
pilot5,1740441825109,True
pilot5,1740441885294,True
pilot5,1740441935557,True
pilot5,1740441995755,True
pilot5,1740442045993,True
pilot5,1740442106215,True
pilot5,1740442156464,True
pilot5,1740442215784,True
pilot5,1740442266023,True
pilot5,1740442326209,True
pilot5,1740442376500,True
pilot5,1740442436713,False
pilot5,1740442486989,True
pilot5,1740442547215,True
pilot5,1740442597507,True
pilot5,1740442657740,True
pilot5,1740442707977,True
pilot5,1740442768306,True
pilot5,1740442818692,True
pilot5,1740442877932,True
pilot5,1740442928203,True
pilot5,1740442988417,True
pilot5,1740443038697,True
pilot5,1740443098928,True
pilot5,1740443149198,True
pilot5,1740443209406,True
pilot5,1740443259691,True
pilot5,1740443319886,True
pilot5,1740443370366,True
pilot5,1740443430586,True
pilot5,1740443480846,True
pilot5,1740443540085,True
pilot5,1740443590355,True
pilot5,1740443650548,True
pilot5,1740443700897,True
pilot5,1740443761320,True
pilot5,1740443811531,True
pilot5,1740443871755,True
pilot5,1740443922019,True
pilot5,1740443982233,True
pilot5,1740444032494,True
pilot5,1740444092711,True
pilot5,1740444143224,True
pilot5,1740444202878,True
pilot5,1740444253297,True
pilot5,1740444313510,True
pilot5,1740444363837,True
pilot5,1740444424046,True
pilot5,1740444474371,True
pilot5,1740444534550,True
pilot5,1740444584927,True
pilot5,1740444645170,True
pilot5,1740444696268,True
pilot5,1740444756416,True
pilot5,1740444806651,True
pilot5,1740444865078,True
pilot5,1740444915340,True
pilot5,1740444975636,True
pilot5,1740445025861,True
pilot5,1740445086050,True
pilot5,1740445136339,True
pilot5,1740445196547,True
pilot5,1740459604495,False
pilot5,1740459654785,False
pilot5,1740459715014,False
pilot5,1740459765253,False
pilot5,1740459825469,False
pilot5,1740459875720,False
pilot5,1740459935928,False
pilot5,1740459986184,False
pilot5,1740460046417,False
pilot5,1740460096694,False
pilot5,1740460155602,False
pilot5,1740460205844,False
pilot5,1740460266059,False
pilot5,1740460316373,False
pilot5,1740460376565,False
pilot5,1740460426910,False
pilot5,1740460487120,False
pilot5,1740460537393,False
pilot5,1740460597615,False
pilot5,1740460647897,False
pilot5,1740460708102,False
pilot5,1740460758396,False
pilot5,1740460817770,False
pilot5,1740460868060,False
pilot5,1740460928274,False
pilot5,1740460978555,False
pilot5,1740461038771,False
pilot5,1740461089042,False
pilot5,1740461149264,False
pilot5,1740461199593,False
pilot5,1740461259829,False
pilot5,1740461310102,False
pilot5,1740461370306,False
pilot5,1740461420776,False
pilot5,1740461479969,False
pilot5,1740461530270,False
pilot5,1740461590492,False
pilot5,1740461640747,False
pilot5,1740461700975,False
pilot5,1740461751272,False
pilot5,1740461811487,False
pilot5,1740461861823,False
pilot5,1740461922030,False
pilot5,1740461982256,False
pilot5,1740462042476,False
pilot5,1740462102708,False
pilot5,1740462162926,False
pilot5,1740462213163,False
pilot5,1740462273347,False
pilot5,1740462323593,False
pilot5,1740462383063,False
pilot5,1740462433329,False
pilot5,1740462493550,False
pilot5,1740462543839,False
pilot5,1740462604088,False
pilot5,1740462654346,False
pilot5,1740462714583,False
pilot5,1740462764859,False
pilot5,1740462825119,False
pilot5,1740462875351,False
pilot5,1740462935535,False
pilot5,1740462985795,False
pilot5,1740463045226,False
pilot5,1740463095554,False
pilot5,1740463155781,False
pilot5,1740510011655,True
pilot5,1740510071956,True
pilot5,1740510122342,True
pilot5,1740510182557,True
pilot5,1740510242784,True
pilot5,1740510303059,True
pilot5,1740510353346,True
pilot5,1740510412143,True
pilot5,1740510462413,True
pilot5,1740510522677,True
pilot5,1740510572999,True
pilot5,1740510633255,False
pilot5,1740510683610,False
pilot5,1740510743850,False
pilot5,1740510804103,False
pilot5,1740510864430,False
pilot5,1740510914739,True
pilot5,1740510974989,False
pilot5,1740511025312,False
pilot5,1740511085540,False
pilot5,1740511135806,False
pilot5,1740511194960,False
pilot5,1740511245262,False
pilot5,1740511305501,False
pilot5,1740511355814,False
pilot5,1740511416050,False
pilot5,1740511466381,False
pilot5,1740511526640,False
pilot5,1740511576940,False
pilot5,1740511637181,False
pilot5,1740511687515,False
pilot5,1740511747749,False
pilot5,1740511798002,False
pilot5,1740511857317,False
pilot5,1740511907618,False
pilot5,1740511967888,False
pilot5,1740512018180,False
pilot5,1740512078412,False
pilot5,1740512128856,False
pilot5,1740512188991,False
pilot5,1740512239290,False
pilot5,1740512299570,False
pilot5,1740512349865,False
pilot5,1740512410147,False
pilot5,1740512460410,False
pilot5,1740512519850,False
pilot5,1740512580094,False
pilot5,1740512580460,False
pilot5,1740512638533,False
pilot5,1740512698767,False
pilot5,1740512749088,False
pilot5,1740512809321,False
pilot5,1740512859776,False
pilot5,1740512919926,False
pilot5,1740512970208,False
pilot5,1740513030457,False
pilot5,1740513080735,False
pilot5,1740513140950,False
pilot5,1740513191253,False
pilot5,1740513242697,True
pilot5,1740513296309,True
pilot5,1740513356597,True
pilot5,1740513406882,False
pilot5,1740513467212,True
pilot5,1740513517490,True
pilot5,1740513577728,False
pilot5,1740513628018,False
pilot5,1740513688251,False
pilot5,1740513738521,False
pilot5,1740513798733,False
pilot5,1740513849001,False
pilot5,1740513905041,False
pilot5,1740513955352,False
pilot5,1740514015660,True
pilot5,1740514065952,False
pilot5,1740514126184,False
pilot5,1740514186414,False
pilot5,1740514246653,False
pilot5,1740514296934,False
pilot5,1740514357166,False
pilot5,1740514407440,False
pilot5,1740514467650,True
pilot5,1740514517886,False
pilot5,1740514578104,False
pilot5,1740514628363,False
pilot5,1740514688096,False
pilot5,1740514738370,False
pilot5,1740514798585,False
pilot5,1740514848887,False
pilot5,1740514909135,False
pilot5,1740514959464,False
pilot5,1740515019661,False
pilot5,1740515069956,False
pilot5,1740515130126,False
pilot5,1740515180382,False
pilot5,1740515240605,False
pilot5,1740515290877,False
pilot5,1740515350211,False
pilot5,1740515400491,False
pilot5,1740515460696,False
pilot5,1740515510950,False
pilot5,1740515571182,False
pilot5,1740515621413,False
pilot5,1740515681632,False
pilot5,1740515731957,False
pilot5,1740515792178,False
pilot5,1740515842464,False
pilot5,1740515902675,False
pilot5,1740515952900,False
pilot5,1740516012387,False
pilot5,1740516062659,False
pilot5,1740516122889,False
pilot5,1740516173184,False
pilot5,1740516233392,False
pilot5,1740516283662,False
pilot5,1740516343884,False
pilot5,1740516394250,False
pilot5,1740516454383,False
pilot5,1740516504627,False
pilot5,1740516564861,False
pilot5,1740516615093,True
pilot5,1740516674444,True
pilot5,1740516724779,True
pilot5,1740516784936,True
pilot5,1740516835136,True
pilot5,1740516895324,True
pilot5,1740516945774,True
pilot5,1740517005904,True
pilot5,1740517056179,True
pilot5,1740517116362,False
pilot5,1740517166648,False
pilot6,1740538818689,False
pilot6,1740538888377,False
pilot6,1740538938765,False
pilot6,1740539008866,False
pilot6,1740539059238,False
pilot6,1740539129298,False
pilot6,1740539179652,False
pilot6,1740539249766,False
pilot6,1740539300350,False
pilot6,1740539370283,False
pilot6,1740539420676,False
pilot6,1740539490775,False
pilot6,1740539541196,False
pilot6,1740539611262,False
pilot6,1740539661670,False
pilot6,1740539731725,False
pilot6,1740539782256,False
pilot6,1740539852223,False
pilot6,1740539902631,False
pilot6,1740539972678,False
pilot6,1740540023020,False
pilot6,1740540093119,False
pilot6,1740540143474,False
pilot6,1740540213611,False
pilot6,1740540264000,False
pilot6,1740540334137,False
pilot6,1740540384553,False
pilot6,1740540454600,False
pilot6,1740540505146,False
pilot6,1740540575144,False
pilot6,1740540625680,False
pilot6,1740540695575,False
pilot6,1740540745960,False
pilot6,1740540816039,False
pilot6,1740540866433,False
pilot6,1740540936544,False
pilot6,1740540986923,False
pilot6,1740541056963,False
pilot6,1740541107375,False
pilot6,1740541177471,False
pilot6,1740541227861,False
pilot6,1740541297964,False
pilot6,1740541348428,False
pilot6,1740541418436,False
pilot6,1740541468840,False
pilot6,1740541538902,False
pilot6,1740541589280,False
pilot6,1740541659377,False
pilot6,1740541709787,False
pilot6,1740541779846,False
pilot6,1740541830216,False
pilot6,1740541900319,False
pilot6,1740541950702,False
pilot6,1740542020737,False
pilot6,1740542071294,False
pilot6,1740542141244,False
pilot6,1740542191953,False
pilot6,1740542261644,False
pilot6,1740542312244,False
pilot6,1740542382125,False
pilot6,1740585605599,False
pilot6,1740585663082,False
pilot6,1740585663768,False
pilot6,1740585826736,False
pilot6,1740585898301,False
pilot6,1740585962891,False
pilot6,1740585963582,False
pilot6,1740586130552,False
pilot6,1740586241273,False
pilot6,1740586341296,False
pilot6,1740586515533,False
pilot6,1740586562349,False
pilot6,1740586563026,False
pilot6,1740586804027,False
pilot6,1740586863278,False
pilot6,1740586864057,False
pilot6,1740586925829,False
pilot6,1740586985996,False
pilot6,1740587066146,True
pilot6,1740587124009,True
pilot6,1740587188449,True
pilot6,1740587249213,False
pilot6,1740587309328,False
pilot6,1740587371104,True
pilot6,1740587432273,False
pilot6,1740587496149,False
pilot6,1740587601382,False
pilot6,1740587671251,False
pilot6,1740587762380,False
pilot6,1740587763019,False
pilot6,1740587837545,False
pilot6,1740587915170,False
pilot6,1740588063312,False
pilot6,1740588064104,False
pilot6,1740588064815,False
pilot6,1740588143352,False
pilot6,1740588204917,False
pilot6,1740588364076,False
pilot6,1740588364840,False
pilot6,1740588448130,False
pilot6,1740588570018,False
pilot6,1740588650825,False
pilot6,1740588728158,False
pilot6,1740588788437,False
pilot6,1740588848624,False
pilot6,1740588908921,False
pilot6,1740588962323,False
pilot6,1740588962995,False
pilot6,1740589065979,False
pilot6,1740589126193,False
pilot6,1740589186466,False
pilot6,1740542432539,False
pilot6,1740542502641,False
pilot6,1740542552982,False
pilot6,1740542623125,False
pilot6,1740542673493,False
pilot6,1740542743574,False
pilot6,1740542793988,False
pilot6,1740542864009,False
pilot6,1740542914393,False
pilot6,1740542984472,False
pilot6,1740543034879,False
pilot6,1740543104931,False
pilot6,1740543155344,False
pilot6,1740543225361,False
pilot6,1740543275722,False
pilot6,1740543345840,False
pilot6,1740543396242,False
pilot6,1740543466238,False
pilot6,1740543516649,False
pilot6,1740543586711,False
pilot6,1740543637098,False
pilot6,1740543707206,False
pilot6,1740543757612,False
pilot6,1740543827651,False
pilot6,1740543878044,False
pilot6,1740543948126,False
pilot6,1740543998486,False
pilot6,1740544068611,False
pilot6,1740544118970,False
pilot6,1740544189075,False
pilot6,1740544239480,False
pilot6,1740544309482,False
pilot6,1740544359877,False
pilot6,1740544429965,False
pilot6,1740544480589,False
pilot6,1740544550420,False
pilot6,1740544600842,False
pilot6,1740544670882,False
pilot6,1740544721267,False
pilot6,1740544791322,False
pilot6,1740544841694,False
pilot6,1740544911836,False
pilot6,1740544962261,False
pilot6,1740545032351,False
pilot6,1740545082726,False
pilot6,1740545152810,False
pilot6,1740545203195,False
pilot6,1740545273296,False
pilot6,1740545323645,False
pilot6,1740545393781,False
pilot6,1740545444162,False
pilot6,1740545514241,False
pilot6,1740545564621,False
pilot6,1740545634676,False
pilot6,1740545685068,False
pilot6,1740545755157,False
pilot6,1740545805531,False
pilot6,1740545875576,False
pilot6,1740545925947,False
pilot6,1740545996007,False
pilot6,1740567649687,True
pilot6,1740567699996,True
pilot6,1740567769931,True
pilot6,1740567820802,True
pilot6,1740567891420,True
pilot6,1740567952341,False
pilot6,1740568013334,False
pilot6,1740568073398,False
pilot6,1740568133919,False
pilot6,1740568194305,False
pilot6,1740568262913,False
pilot6,1740568366015,False
pilot6,1740568426127,False
pilot6,1740568487165,False
pilot6,1740568547650,False
pilot6,1740568608288,True
pilot6,1740568668019,True
pilot6,1740568728857,False
pilot6,1740568788967,False
pilot6,1740568850448,True
pilot6,1740568910327,True
pilot6,1740568970179,False
pilot6,1740569031311,False
pilot6,1740569092226,False
pilot6,1740569155347,True
pilot6,1740569212089,True
pilot6,1740569272295,False
pilot6,1740569332508,False
pilot6,1740569392706,False
pilot6,1740569453018,False
pilot6,1740569516343,True
pilot6,1740569575650,False
pilot6,1740569636176,False
pilot6,1740569695456,False
pilot6,1740569755799,True
pilot6,1740569816144,True
pilot6,1740569878050,True
pilot6,1740569937805,True
pilot6,1740569998370,True
pilot6,1740570048509,True
pilot6,1740570118181,False
pilot6,1740570178593,True
pilot6,1740570228946,True
pilot6,1740570299342,True
pilot6,1740570359372,True
pilot6,1740570419743,True
pilot6,1740570470932,True
pilot6,1740570537711,True
pilot6,1740570604020,True
pilot6,1740570664008,True
pilot6,1740570715987,True
pilot6,1740570784416,True
pilot6,1740570844567,True
pilot6,1740570904779,True
pilot6,1740570962368,False
pilot6,1740570963126,False
pilot6,1740571047743,False
pilot6,1740571108160,True
pilot6,1740571168331,True
pilot6,1740535238095,False
pilot6,1740535298314,False
pilot6,1740535358599,False
pilot6,1740535418763,False
pilot6,1740535478999,False
pilot6,1740535539260,False
pilot6,1740535599429,False
pilot6,1740535659810,False
pilot6,1740535754740,False
pilot6,1740535814939,False
pilot6,1740535875140,False
pilot6,1740535935369,False
pilot6,1740535995588,False
pilot6,1740536055903,False
pilot6,1740536116041,False
pilot6,1740536177875,False
pilot6,1740536236978,False
pilot6,1740536287377,False
pilot6,1740536357421,False
pilot6,1740536407845,False
pilot6,1740536477849,False
pilot6,1740536538125,False
pilot6,1740536598362,False
pilot6,1740536661165,False
pilot6,1740536720059,False
pilot6,1740536780242,False
pilot6,1740536840480,False
pilot6,1740536900738,False
pilot6,1740536960921,False
pilot6,1740537021120,False
pilot6,1740537081416,False
pilot6,1740537132103,False
pilot6,1740537201843,False
pilot6,1740537252245,False
pilot6,1740537322274,False
pilot6,1740537372925,False
pilot6,1740537442690,False
pilot6,1740537493089,False
pilot6,1740537563201,False
pilot6,1740537613880,False
pilot6,1740537683667,False
pilot6,1740537734172,False
pilot6,1740537804128,False
pilot6,1740537854526,False
pilot6,1740537924570,False
pilot6,1740537974978,False
pilot6,1740538045040,False
pilot6,1740538095402,False
pilot6,1740538165493,False
pilot6,1740538216023,False
pilot6,1740538286028,False
pilot6,1740538336417,False
pilot6,1740538406509,False
pilot6,1740538457018,False
pilot6,1740538526996,False
pilot6,1740538577362,False
pilot6,1740538647433,False
pilot6,1740538697887,False
pilot6,1740538767959,False
pilot6,1740564033020,True
pilot6,1740564093178,True
pilot6,1740564153460,True
pilot6,1740564203836,True
pilot6,1740564273877,True
pilot6,1740564324240,True
pilot6,1740564394250,True
pilot6,1740564444735,True
pilot6,1740564514639,True
pilot6,1740564565048,True
pilot6,1740564635180,True
pilot6,1740564685592,True
pilot6,1740564755561,True
pilot6,1740564815820,True
pilot6,1740564876054,True
pilot6,1740564926402,True
pilot6,1740564997640,True
pilot6,1740565048836,True
pilot6,1740565118489,True
pilot6,1740565168768,True
pilot6,1740565238525,True
pilot6,1740565288889,True
pilot6,1740565358994,True
pilot6,1740565409384,True
pilot6,1740565479428,True
pilot6,1740565539701,True
pilot6,1740565599935,True
pilot6,1740565650326,True
pilot6,1740565720724,True
pilot6,1740565771240,True
pilot6,1740565841003,True
pilot6,1740565901285,True
pilot6,1740565961473,True
pilot6,1740566011836,True
pilot6,1740566082009,True
pilot6,1740566132457,True
pilot6,1740566202365,True
pilot6,1740566253028,True
pilot6,1740566322916,True
pilot6,1740566373285,True
pilot6,1740566443397,True
pilot6,1740566493734,True
pilot6,1740566565422,True
pilot6,1740566616779,True
pilot6,1740566686399,True
pilot6,1740566736975,True
pilot6,1740566801815,True
pilot6,1740566852039,True
pilot6,1740566926733,True
pilot6,1740566977100,True
pilot6,1740567047152,True
pilot6,1740567097556,True
pilot6,1740567167690,True
pilot6,1740567218082,True
pilot6,1740567288047,True
pilot6,1740567338464,True
pilot6,1740567408430,True
pilot6,1740567458932,True
pilot6,1740567528884,True
pilot6,1740567579278,True
pilot6,1740571228501,True
pilot6,1740571288804,False
pilot6,1740571370655,False
pilot6,1740571468440,False
pilot6,1740571550090,False
pilot6,1740571610280,True
pilot6,1740571670533,False
pilot6,1740571730786,True
pilot6,1740571781177,True
pilot6,1740571863155,False
pilot6,1740571863793,False
pilot6,1740571952848,False
pilot6,1740572013541,True
pilot6,1740572073539,True
pilot6,1740572133761,True
pilot6,1740572194083,False
pilot6,1740572254653,True
pilot6,1740572304988,True
pilot6,1740572374954,True
pilot6,1740572435340,True
pilot6,1740572495484,True
pilot6,1740572555678,True
pilot6,1740572615898,True
pilot6,1740572676251,True
pilot6,1740572736400,True
pilot6,1740572796694,True
pilot6,1740572857533,True
pilot6,1740572917232,False
pilot6,1740573031389,False
pilot6,1740573101702,False
pilot6,1740573233056,False
pilot6,1740573305645,False
pilot6,1740573362371,False
pilot6,1740573363211,False
pilot6,1740573427191,True
pilot6,1740573478004,True
pilot6,1740573547777,True
pilot6,1740573608089,True
pilot6,1740573662691,True
pilot6,1740573728997,True
pilot6,1740573789639,True
pilot6,1740573849907,True
pilot6,1740573910301,True
pilot6,1740573961700,True
pilot6,1740574024393,True
pilot6,1740574086440,True
pilot6,1740574151018,True
pilot6,1740574151698,True
pilot6,1740574217434,False
pilot6,1740574324659,True
pilot6,1740574395494,False
pilot6,1740574453376,False
pilot6,1740574513488,True
pilot6,1740574574493,True
pilot6,1740574647557,False
pilot6,1740574716161,False
pilot6,1740556801323,True
pilot6,1740556862007,True
pilot6,1740556922152,True
pilot6,1740556982715,True
pilot6,1740557043203,False
pilot6,1740557118555,False
pilot6,1740557211650,False
pilot6,1740557283216,False
pilot6,1740557370833,False
pilot6,1740557463183,False
pilot6,1740557591588,False
pilot6,1740557654123,True
pilot6,1740557712625,False
pilot6,1740557762630,False
pilot6,1740557858496,False
pilot6,1740557940964,False
pilot6,1740558001199,False
pilot6,1740558061507,False
pilot6,1740558143493,False
pilot6,1740558233464,False
pilot6,1740558293734,True
pilot6,1740558354090,True
pilot6,1740558414452,True
pilot6,1740558475516,True
pilot6,1740558535273,True
pilot6,1740558616342,False
pilot6,1740558676562,False
pilot6,1740558740337,True
pilot6,1740558799709,True
pilot6,1740558859881,True
pilot6,1740558920187,False
pilot6,1740558997078,False
pilot6,1740559057195,False
pilot6,1740559117459,True
pilot6,1740559177692,True
pilot6,1740559237987,True
pilot6,1740559298290,True
pilot6,1740559358436,False
pilot6,1740559429968,False
pilot6,1740559490834,False
pilot6,1740559555161,False
pilot6,1740559615552,True
pilot6,1740559675856,False
pilot6,1740559736115,False
pilot6,1740559796296,False
pilot6,1740559856496,False
pilot6,1740559916732,False
pilot6,1740559976955,False
pilot6,1740560037195,False
pilot6,1740560097609,True
pilot6,1740560157846,False
pilot6,1740560218088,False
pilot6,1740560278326,False
pilot6,1740560338553,False
pilot6,1740560398836,False
pilot6,1740574806507,False
pilot6,1740574862512,False
pilot6,1740574863343,False
pilot6,1740574926945,True
pilot6,1740574977370,True
pilot6,1740575041561,True
pilot6,1740575042135,True
pilot6,1740575107470,True
pilot6,1740575163258,False
pilot6,1740575299255,False
pilot6,1740575384276,False
pilot6,1740575444467,True
pilot6,1740575504660,True
pilot6,1740575564937,True
pilot6,1740575625116,True
pilot6,1740575685406,False
pilot6,1740575750204,False
pilot6,1740575810372,False
pilot6,1740575870690,False
pilot6,1740575930887,True
pilot6,1740575982062,True
pilot6,1740576061459,False
pilot6,1740576114396,True
pilot6,1740576174365,True
pilot6,1740576235108,True
pilot6,1740576295562,True
pilot6,1740576356251,True
pilot6,1740576416777,True
pilot6,1740576477014,True
pilot6,1740576537792,True
pilot6,1740576597936,True
pilot6,1740576658465,True
pilot6,1740576709501,True
pilot6,1740576779837,True
pilot6,1740576839785,True
pilot6,1740576900655,True
pilot6,1740576960710,True
pilot6,1740577020893,True
pilot6,1740577081312,True
pilot6,1740577141543,True
pilot6,1740577201711,True
pilot6,1740577261985,True
pilot6,1740577314778,True
pilot6,1740577382484,True
pilot6,1740577432979,True
pilot6,1740577503512,True
pilot6,1740577563773,True
pilot6,1740577649874,False
pilot6,1740577731251,False
pilot6,1740577824474,False
pilot6,1740577884791,False
pilot6,1740577945788,False
pilot6,1740578056586,False
pilot6,1740578128341,False
pilot6,1740578240691,False
pilot6,1740578327038,False
pilot6,1740549610317,False
pilot6,1740549660709,False
pilot6,1740549730764,False
pilot6,1740549781139,False
pilot6,1740549851256,False
pilot6,1740549901626,False
pilot6,1740549971789,False
pilot6,1740550022178,False
pilot6,1740550092225,False
pilot6,1740550142615,False
pilot6,1740550212652,False
pilot6,1740550263029,False
pilot6,1740550333317,False
pilot6,1740550383688,False
pilot6,1740550453705,False
pilot6,1740550504102,False
pilot6,1740550574194,False
pilot6,1740550634465,False
pilot6,1740550694696,False
pilot6,1740550745222,False
pilot6,1740550815198,False
pilot6,1740550865588,False
pilot6,1740550935679,False
pilot6,1740550986096,False
pilot6,1740551056147,False
pilot6,1740551106448,True
pilot6,1740551176603,False
pilot6,1740551226989,False
pilot6,1740551297085,False
pilot6,1740551357331,False
pilot6,1740551417577,False
pilot6,1740551467979,False
pilot6,1740551538105,False
pilot6,1740551588491,False
pilot6,1740551658594,False
pilot6,1740551718810,False
pilot6,1740551779086,False
pilot6,1740551829517,False
pilot6,1740551899561,False
pilot6,1740551949958,False
pilot6,1740552019983,True
pilot6,1740552080242,False
pilot6,1740552131541,False
pilot6,1740552201208,True
pilot6,1740552261732,True
pilot6,1740552321519,True
pilot6,1740552381764,True
pilot6,1740552442071,True
pilot6,1740552502516,True
pilot6,1740552562626,True
pilot6,1740552622893,True
pilot6,1740552683060,True
pilot6,1740552743322,True
pilot6,1740552803553,True
pilot6,1740552863845,True
pilot6,1740552924075,False
pilot6,1740552984749,False
pilot6,1740553044667,False
pilot6,1740553104885,False
pilot6,1740553165161,False
pilot6,1740582005728,False
pilot6,1740582062429,False
pilot6,1740582063107,False
pilot6,1740582159377,False
pilot6,1740582242489,False
pilot6,1740582303441,False
pilot6,1740582362400,False
pilot6,1740582363075,False
pilot6,1740582429795,False
pilot6,1740582524312,False
pilot6,1740582595748,False
pilot6,1740582663189,False
pilot6,1740582664032,False
pilot6,1740582759990,False
pilot6,1740582866827,False
pilot6,1740582950923,False
pilot6,1740583091017,False
pilot6,1740583263905,False
pilot6,1740583396271,False
pilot6,1740583504039,False
pilot6,1740583563233,False
pilot6,1740583563919,False
pilot6,1740583632798,False
pilot6,1740583714022,False
pilot6,1740583863397,False
pilot6,1740583864219,False
pilot6,1740584027273,False
pilot6,1740584136820,False
pilot6,1740584238664,False
pilot6,1740584340272,False
pilot6,1740584391010,False
pilot6,1740584463538,False
pilot6,1740584464389,False
pilot6,1740584564459,False
pilot6,1740584647410,False
pilot6,1740584707624,False
pilot6,1740584762969,False
pilot6,1740584763626,False
pilot6,1740584842062,False
pilot6,1740584937544,False
pilot6,1740585059903,False
pilot6,1740585155842,False
pilot6,1740585244884,False
pilot6,1740585306458,False
pilot6,1740585362490,False
pilot6,1740585363160,False
pilot6,1740585488203,False
pilot6,1740531618832,False
pilot6,1740531663636,False
pilot6,1740531766140,False
pilot6,1740531843609,False
pilot6,1740531906618,False
pilot6,1740531963518,False
pilot6,1740531964318,False
pilot6,1740532047498,True
pilot6,1740532107675,True
pilot6,1740532168286,True
pilot6,1740532229018,True
pilot6,1740532289418,True
pilot6,1740532349565,True
pilot6,1740532413911,False
pilot6,1740532521447,False
pilot6,1740532581712,True
pilot6,1740532641820,True
pilot6,1740532701969,True
pilot6,1740532762226,True
pilot6,1740532822465,True
pilot6,1740532882802,False
pilot6,1740532943104,False
pilot6,1740533003244,False
pilot6,1740533063471,False
pilot6,1740533123681,False
pilot6,1740533184685,True
pilot6,1740533245135,True
pilot6,1740533305940,True
pilot6,1740533366125,True
pilot6,1740533426523,True
pilot6,1740533487168,True
pilot6,1740533547802,True
pilot6,1740533607056,True
pilot6,1740533667394,True
pilot6,1740533727494,True
pilot6,1740533777798,True
pilot6,1740533847961,True
pilot6,1740533898376,True
pilot6,1740533968470,True
pilot6,1740534018838,True
pilot6,1740534088938,True
pilot6,1740534139827,True
pilot6,1740534207981,True
pilot6,1740534208781,True
pilot6,1740534270960,True
pilot6,1740534331191,True
pilot6,1740534389474,True
pilot6,1740534455064,True
pilot6,1740534515252,True
pilot6,1740534575762,True
pilot6,1740534636340,True
pilot6,1740534696549,True
pilot6,1740534756296,False
pilot6,1740534816542,False
pilot6,1740534876760,False
pilot6,1740534936953,False
pilot6,1740534997159,False
pilot6,1740535057463,False
pilot6,1740535117636,False
pilot6,1740535177906,False
pilot6,1740578445801,False
pilot6,1740578540848,False
pilot6,1740578607982,False
pilot6,1740578732667,False
pilot6,1740578830049,False
pilot6,1740578890205,False
pilot6,1740578950525,False
pilot6,1740579010708,False
pilot6,1740579062345,False
pilot6,1740579063015,False
pilot6,1740579152871,False
pilot6,1740579213073,False
pilot6,1740579273346,False
pilot6,1740579363785,False
pilot6,1740579364791,False
pilot6,1740579365567,False
pilot6,1740579446708,False
pilot6,1740579569310,False
pilot6,1740579632247,False
pilot6,1740579786544,False
pilot6,1740579853280,False
pilot6,1740579963647,False
pilot6,1740579964332,False
pilot6,1740580036660,False
pilot6,1740580114063,False
pilot6,1740580174407,False
pilot6,1740580263435,False
pilot6,1740580264230,False
pilot6,1740580422752,False
pilot6,1740580563353,False
pilot6,1740580564035,False
pilot6,1740580633998,False
pilot6,1740580694856,False
pilot6,1740580777636,False
pilot6,1740580843483,False
pilot6,1740580906612,False
pilot6,1740580992268,False
pilot6,1740581065422,False
pilot6,1740581125619,False
pilot6,1740581220125,False
pilot6,1740581337324,False
pilot6,1740581424230,False
pilot6,1740581503593,False
pilot6,1740581563820,False
pilot6,1740581624058,False
pilot6,1740581684296,False
pilot6,1740581763832,False
pilot6,1740581825027,False
pilot6,1740581885285,False
pilot6,1740581945530,False
pilot6,1740553225569,False
pilot6,1740553285737,False
pilot6,1740553345945,False
pilot6,1740553406178,False
pilot6,1740553466480,False
pilot6,1740553536862,False
pilot6,1740553598026,False
pilot6,1740553658298,False
pilot6,1740553718489,False
pilot6,1740553778748,False
pilot6,1740553844363,False
pilot6,1740553945003,False
pilot6,1740554027463,False
pilot6,1740554087766,True
pilot6,1740554147996,True
pilot6,1740554208234,True
pilot6,1740554268478,True
pilot6,1740554328743,True
pilot6,1740554389093,True
pilot6,1740554449276,True
pilot6,1740554509525,True
pilot6,1740554569785,True
pilot6,1740554630074,True
pilot6,1740554690358,True
pilot6,1740554750621,True
pilot6,1740554810929,True
pilot6,1740554871228,True
pilot6,1740554931479,True
pilot6,1740554991736,True
pilot6,1740555052153,True
pilot6,1740555112372,True
pilot6,1740555172673,True
pilot6,1740555232972,True
pilot6,1740555293238,True
pilot6,1740555353499,True
pilot6,1740555413741,True
pilot6,1740555474007,True
pilot6,1740555534378,True
pilot6,1740555594565,True
pilot6,1740555654829,True
pilot6,1740555715106,True
pilot6,1740555775359,True
pilot6,1740555835637,True
pilot6,1740555895865,True
pilot6,1740555956166,True
pilot6,1740556016443,True
pilot6,1740556076730,True
pilot6,1740556136999,True
pilot6,1740556197272,True
pilot6,1740556257511,True
pilot6,1740556317798,True
pilot6,1740556377989,True
pilot6,1740556438327,True
pilot6,1740556498552,True
pilot6,1740556558853,True
pilot6,1740556619861,True
pilot6,1740556680408,True
pilot6,1740556740630,True
pilot6,1740560459090,False
pilot6,1740560519295,False
pilot6,1740560579572,False
pilot6,1740560640530,True
pilot6,1740560700523,False
pilot6,1740560760824,False
pilot6,1740560821761,True
pilot6,1740560881909,True
pilot6,1740560942705,False
pilot6,1740561003105,False
pilot6,1740561062894,False
pilot6,1740561126712,False
pilot6,1740561188299,True
pilot6,1740561248466,True
pilot6,1740561309062,False
pilot6,1740561362842,False
pilot6,1740561430020,False
pilot6,1740561494697,False
pilot6,1740561555769,True
pilot6,1740561616677,False
pilot6,1740561675053,False
pilot6,1740561735317,True
pilot6,1740561795672,False
pilot6,1740561855779,False
pilot6,1740561922197,True
pilot6,1740561985088,False
pilot6,1740562044488,True
pilot6,1740562104761,True
pilot6,1740562346446,True
pilot6,1740562396944,True
pilot6,1740562466735,False
pilot6,1740562526916,False
pilot6,1740562587116,False
pilot6,1740562637503,False
pilot6,1740562707646,True
pilot6,1740562758042,True
pilot6,1740562828007,True
pilot6,1740562888216,True
pilot6,1740562948469,True
pilot6,1740562998906,True
pilot6,1740563068832,True
pilot6,1740563119205,True
pilot6,1740563189295,True
pilot6,1740563239786,True
pilot6,1740563309708,True
pilot6,1740563370034,True
pilot6,1740563430199,True
pilot6,1740563490497,True
pilot6,1740563549560,True
pilot6,1740563611348,True
pilot6,1740563661788,True
pilot6,1740563731789,True
pilot6,1740563782221,True
pilot6,1740563852365,True
pilot6,1740563902732,True
pilot6,1740563972803,True
pilot6,1740528002910,False
pilot6,1740528063879,False
pilot6,1740528064821,False
pilot6,1740528218645,True
pilot6,1740528279318,True
pilot6,1740528339056,True
pilot6,1740528399278,True
pilot6,1740528459485,True
pilot6,1740528519759,True
pilot6,1740528609334,False
pilot6,1740528662337,False
pilot6,1740528663181,False
pilot6,1740528763001,False
pilot6,1740528832334,False
pilot6,1740528896443,False
pilot6,1740528963534,False
pilot6,1740528964350,False
pilot6,1740529032091,True
pilot6,1740529092336,True
pilot6,1740529152614,False
pilot6,1740529243652,False
pilot6,1740529321706,False
pilot6,1740529411986,False
pilot6,1740529471917,False
pilot6,1740529563298,False
pilot6,1740529564255,False
pilot6,1740529675775,True
pilot6,1740529735777,True
pilot6,1740529795864,True
pilot6,1740529863199,False
pilot6,1740529863996,False
pilot6,1740530031830,True
pilot6,1740530091192,True
pilot6,1740530151380,True
pilot6,1740530211689,True
pilot6,1740530288392,False
pilot6,1740530420556,False
pilot6,1740530508360,False
pilot6,1740530592730,False
pilot6,1740530656341,True
pilot6,1740530714728,True
pilot6,1740530774590,True
pilot6,1740530834719,True
pilot6,1740530894942,True
pilot6,1740530955186,True
pilot6,1740531015500,True
pilot6,1740531113586,False
pilot6,1740531164171,False
pilot6,1740531241382,False
pilot6,1740531337501,False
pilot6,1740531497281,False
pilot6,1740546046424,False
pilot6,1740546116521,False
pilot6,1740546166966,False
pilot6,1740546237023,False
pilot6,1740546287405,False
pilot6,1740546357470,False
pilot6,1740546407843,False
pilot6,1740546477947,False
pilot6,1740546528323,False
pilot6,1740546598404,False
pilot6,1740546648809,False
pilot6,1740546718877,False
pilot6,1740546769402,False
pilot6,1740546839373,False
pilot6,1740546889784,False
pilot6,1740546959774,False
pilot6,1740547020043,False
pilot6,1740547080242,False
pilot6,1740547130628,False
pilot6,1740547200690,False
pilot6,1740547251128,False
pilot6,1740547321162,False
pilot6,1740547371533,False
pilot6,1740547441650,False
pilot6,1740547492046,False
pilot6,1740547562154,False
pilot6,1740547612558,False
pilot6,1740547682588,False
pilot6,1740547733004,False
pilot6,1740547803083,False
pilot6,1740547853595,False
pilot6,1740547923589,False
pilot6,1740547973761,False
pilot6,1740548044050,False
pilot6,1740548094442,False
pilot6,1740548164506,False
pilot6,1740548214930,False
pilot6,1740548284967,False
pilot6,1740548335336,False
pilot6,1740548405457,False
pilot6,1740548455846,False
pilot6,1740548525965,False
pilot6,1740548576500,False
pilot6,1740548646429,False
pilot6,1740548696823,False
pilot6,1740548766937,False
pilot6,1740548817316,False
pilot6,1740548887433,False
pilot6,1740548937895,False
pilot6,1740549007887,False
pilot6,1740549058275,False
pilot6,1740549128362,False
pilot6,1740549178742,False
pilot6,1740549248871,False
pilot6,1740549299272,False
pilot6,1740549369341,False
pilot6,1740549419717,False
pilot6,1740549489822,False
pilot6,1740549540385,False
pilot6,1740499262885,False
pilot6,1740499327311,False
pilot6,1740499377687,True
pilot6,1740499437646,True
pilot6,1740499505205,False
pilot6,1740499562305,False
pilot6,1740499563009,False
pilot6,1740499625892,False
pilot6,1740499686161,False
pilot6,1740499746441,False
pilot6,1740499806622,False
pilot6,1740499862356,False
pilot6,1740499863296,False
pilot6,1740499927144,False
pilot6,1740499987379,False
pilot6,1740500047596,False
pilot6,1740500107823,False
pilot6,1740500162569,False
pilot6,1740500163263,False
pilot6,1740500229468,False
pilot6,1740500290003,False
pilot6,1740500350598,False
pilot6,1740500411081,False
pilot6,1740500462966,False
pilot6,1740500530930,False
pilot6,1740500591159,False
pilot6,1740500651401,False
pilot6,1740500711660,False
pilot6,1740500762361,False
pilot6,1740500763036,False
pilot6,1740500838670,False
pilot6,1740500894312,False
pilot6,1740500954997,False
pilot6,1740501015541,False
pilot6,1740501075768,False
pilot6,1740501138284,True
pilot6,1740501196494,False
pilot6,1740501256742,False
pilot6,1740501316912,False
pilot6,1740501377137,False
pilot6,1740501437523,True
pilot6,1740501497698,False
pilot6,1740501557889,False
pilot6,1740501618112,False
pilot6,1740501678332,False
pilot6,1740501738605,False
pilot6,1740501798869,False
pilot6,1740501860714,True
pilot6,1740501920350,False
pilot6,1740501980437,False
pilot6,1740502040678,False
pilot6,1740502101024,True
pilot6,1740502161616,False
pilot6,1740502221773,False
pilot6,1740502281971,False
pilot6,1740502342300,False
pilot6,1740502402413,False
pilot6,1740502462694,False
pilot6,1740502522870,False
pilot6,1740502583116,False
pilot6,1740502643328,False
pilot6,1740502703574,True
pilot6,1740502763788,False
pilot6,1740481262787,False
pilot6,1740481335161,False
pilot6,1740481419356,False
pilot6,1740481481421,False
pilot6,1740481576295,False
pilot6,1740481701256,False
pilot6,1740481794621,False
pilot6,1740481862585,False
pilot6,1740481933638,False
pilot6,1740481994090,False
pilot6,1740482139005,False
pilot6,1740482206180,False
pilot6,1740482272291,False
pilot6,1740482332854,False
pilot6,1740482393488,False
pilot6,1740482454049,False
pilot6,1740482536766,False
pilot6,1740482597554,False
pilot6,1740482658178,False
pilot6,1740482717440,False
pilot6,1740482777628,False
pilot6,1740482837913,False
pilot6,1740482898154,False
pilot6,1740482959226,True
pilot6,1740483019154,False
pilot6,1740483079441,False
pilot6,1740483139632,False
pilot6,1740483199912,False
pilot6,1740483260120,False
pilot6,1740483340401,False
pilot6,1740483401614,False
pilot6,1740483461865,False
pilot6,1740483522078,False
pilot6,1740483582324,False
pilot6,1740483653588,False
pilot6,1740483748920,False
pilot6,1740483845208,False
pilot6,1740483918286,False
pilot6,1740484005081,False
pilot6,1740484066286,False
pilot6,1740484126534,False
pilot6,1740484186811,False
pilot6,1740484247026,False
pilot6,1740484315506,False
pilot6,1740484437160,False
pilot6,1740484544217,False
pilot6,1740484625877,False
pilot6,1740484689934,False
pilot6,1740484763712,False
pilot6,1740477645604,False
pilot6,1740477738248,False
pilot6,1740477798422,False
pilot6,1740477858690,False
pilot6,1740477918890,False
pilot6,1740477979161,False
pilot6,1740478040288,False
pilot6,1740478104801,False
pilot6,1740478165051,False
pilot6,1740478237249,False
pilot6,1740478317318,False
pilot6,1740478380172,False
pilot6,1740478440370,False
pilot6,1740478544856,False
pilot6,1740478651405,False
pilot6,1740478711619,False
pilot6,1740478771828,False
pilot6,1740478832065,False
pilot6,1740478905827,False
pilot6,1740479002157,False
pilot6,1740479080577,False
pilot6,1740479162381,False
pilot6,1740479163155,False
pilot6,1740479238096,True
pilot6,1740479298733,True
pilot6,1740479358532,False
pilot6,1740479419369,True
pilot6,1740479479452,False
pilot6,1740479543671,False
pilot6,1740479602424,False
pilot6,1740479666147,False
pilot6,1740479734647,False
pilot6,1740479795031,False
pilot6,1740479857018,False
pilot6,1740479917237,True
pilot6,1740479967594,True
pilot6,1740480037761,True
pilot6,1740480106502,True
pilot6,1740480167397,True
pilot6,1740480241678,False
pilot6,1740480333904,False
pilot6,1740480417740,False
pilot6,1740480506548,False
pilot6,1740480627938,False
pilot6,1740480741482,False
pilot6,1740480805017,False
pilot6,1740480886854,False
pilot6,1740480955124,False
pilot6,1740481037141,False
pilot6,1740481146450,True
pilot6,1740481196731,True
pilot6,1740484858663,False
pilot6,1740484930595,False
pilot6,1740484990738,True
pilot6,1740485051096,True
pilot6,1740485118486,False
pilot6,1740485178658,True
pilot6,1740485240032,True
pilot6,1740485300255,True
pilot6,1740485360648,True
pilot6,1740485421501,True
pilot6,1740485482435,True
pilot6,1740485541648,True
pilot6,1740485603174,True
pilot6,1740485662669,True
pilot6,1740485722990,True
pilot6,1740485794103,False
pilot6,1740485860612,False
pilot6,1740485916719,True
pilot6,1740485986176,False
pilot6,1740486052467,False
pilot6,1740486113377,True
pilot6,1740486173747,True
pilot6,1740486235189,False
pilot6,1740486308187,False
pilot6,1740486365491,False
pilot6,1740486436245,False
pilot6,1740486506307,False
pilot6,1740486563703,False
pilot6,1740486624291,False
pilot6,1740486684890,False
pilot6,1740486745279,False
pilot6,1740486805568,True
pilot6,1740486865888,True
pilot6,1740486925648,True
pilot6,1740486985829,True
pilot6,1740487046195,True
pilot6,1740487106222,True
pilot6,1740487166549,True
pilot6,1740487227336,False
pilot6,1740487299917,False
pilot6,1740487360174,False
pilot6,1740487441824,False
pilot6,1740487501521,False
pilot6,1740487561761,True
pilot6,1740487622007,True
pilot6,1740487682155,True
pilot6,1740487744137,True
pilot6,1740487802877,True
pilot6,1740487862407,False
pilot6,1740487863044,False
pilot6,1740487926385,False
pilot6,1740488004204,False
pilot6,1740488067060,True
pilot6,1740488125640,True
pilot6,1740488197283,False
pilot6,1740488264194,False
pilot6,1740488341310,False
pilot6,1740502860114,False
pilot6,1740502928084,False
pilot6,1740502992639,False
pilot6,1740503052724,True
pilot6,1740503112960,True
pilot6,1740503173236,False
pilot6,1740503234123,False
pilot6,1740503319091,False
pilot6,1740503393838,False
pilot6,1740503459577,False
pilot6,1740503524824,False
pilot6,1740503601792,False
pilot6,1740503682759,False
pilot6,1740503746890,False
pilot6,1740503840622,False
pilot6,1740503951939,False
pilot6,1740504044941,False
pilot6,1740504120405,False
pilot6,1740504214287,True
pilot6,1740504274533,True
pilot6,1740504335169,True
pilot6,1740504395272,True
pilot6,1740504455336,True
pilot6,1740504515553,True
pilot6,1740504575878,False
pilot6,1740504643814,True
pilot6,1740504704136,True
pilot6,1740504764284,True
pilot6,1740504824569,True
pilot6,1740504898967,False
pilot6,1740504962533,False
pilot6,1740504963157,False
pilot6,1740505054181,False
pilot6,1740505117740,False
pilot6,1740505194696,False
pilot6,1740505260958,False
pilot6,1740505362320,False
pilot6,1740505452198,False
pilot6,1740505534138,False
pilot6,1740505636029,False
pilot6,1740505698691,False
pilot6,1740505769536,False
pilot6,1740505841837,False
pilot6,1740505946477,False
pilot6,1740506010194,False
pilot6,1740506094086,False
pilot6,1740506183673,False
pilot6,1740506184361,False
pilot6,1740506245529,False
pilot6,1740506305784,False
pilot6,1740506366068,False
pilot6,1740488401663,False
pilot6,1740488463203,False
pilot6,1740488546753,False
pilot6,1740488610924,False
pilot6,1740488692771,False
pilot6,1740488762627,False
pilot6,1740488856353,False
pilot6,1740488941131,False
pilot6,1740489014298,False
pilot6,1740489074481,False
pilot6,1740489139715,False
pilot6,1740489203550,False
pilot6,1740489305104,False
pilot6,1740489363392,False
pilot6,1740489364185,False
pilot6,1740489437936,False
pilot6,1740489499311,False
pilot6,1740489566803,False
pilot6,1740489659963,False
pilot6,1740489759229,False
pilot6,1740489856723,False
pilot6,1740489923785,False
pilot6,1740489997924,True
pilot6,1740490058097,True
pilot6,1740490133834,False
pilot6,1740490196740,False
pilot6,1740490262387,False
pilot6,1740490263121,False
pilot6,1740490362432,False
pilot6,1740490452926,False
pilot6,1740490534873,False
pilot6,1740490605551,False
pilot6,1740490682513,False
pilot6,1740490774446,False
pilot6,1740490862366,False
pilot6,1740490863017,False
pilot6,1740490932917,False
pilot6,1740491044597,False
pilot6,1740491149900,False
pilot6,1740491243265,False
pilot6,1740491322464,False
pilot6,1740491383992,False
pilot6,1740491444283,False
pilot6,1740491504467,False
pilot6,1740491564778,False
pilot6,1740491663577,False
pilot6,1740491723864,False
pilot6,1740491784069,False
pilot6,1740491844300,False
pilot6,1740491914351,False
pilot6,1740491975269,False
pilot6,1740517259113,True
pilot6,1740517318637,True
pilot6,1740517380128,True
pilot6,1740517440576,True
pilot6,1740517500882,True
pilot6,1740517561485,True
pilot6,1740517621983,True
pilot6,1740517682253,True
pilot6,1740517767397,False
pilot6,1740517864472,True
pilot6,1740517936961,True
pilot6,1740517997169,True
pilot6,1740518057341,True
pilot6,1740518117539,True
pilot6,1740518178153,True
pilot6,1740518238392,True
pilot6,1740518298423,True
pilot6,1740518358755,True
pilot6,1740518418965,True
pilot6,1740518479290,True
pilot6,1740518577217,False
pilot6,1740518643994,False
pilot6,1740518709325,False
pilot6,1740518763744,False
pilot6,1740518764425,False
pilot6,1740518850169,False
pilot6,1740518962919,False
pilot6,1740519059325,False
pilot6,1740519115356,True
pilot6,1740519175582,True
pilot6,1740519244021,False
pilot6,1740519321534,False
pilot6,1740519418547,False
pilot6,1740519485930,False
pilot6,1740519564514,False
pilot6,1740519633799,False
pilot6,1740519694979,True
pilot6,1740519755268,True
pilot6,1740519817318,True
pilot6,1740519876365,True
pilot6,1740519936138,True
pilot6,1740519997087,True
pilot6,1740520058296,True
pilot6,1740520118209,True
pilot6,1740520178451,True
pilot6,1740520263061,False
pilot6,1740520406091,False
pilot6,1740520459079,False
pilot6,1740520520893,True
pilot6,1740520580281,True
pilot6,1740520657720,False
pilot6,1740520745514,False
pilot6,1740495647235,False
pilot6,1740495714822,False
pilot6,1740495786031,False
pilot6,1740495878428,False
pilot6,1740495964219,False
pilot6,1740495965097,False
pilot6,1740495965853,False
pilot6,1740496024347,True
pilot6,1740496084631,True
pilot6,1740496165079,False
pilot6,1740496247508,False
pilot6,1740496306283,False
pilot6,1740496373158,False
pilot6,1740496451984,False
pilot6,1740496512226,False
pilot6,1740496562464,False
pilot6,1740496563163,False
pilot6,1740496634542,False
pilot6,1740496708877,False
pilot6,1740496769053,True
pilot6,1740496829412,False
pilot6,1740496889614,False
pilot6,1740496949848,False
pilot6,1740497010110,False
pilot6,1740497070364,False
pilot6,1740497130584,False
pilot6,1740497190830,False
pilot6,1740497251128,False
pilot6,1740497311352,False
pilot6,1740497371569,False
pilot6,1740497431859,False
pilot6,1740497492060,False
pilot6,1740497552265,False
pilot6,1740497612540,False
pilot6,1740497672848,False
pilot6,1740497733108,True
pilot6,1740497793381,True
pilot6,1740497853721,False
pilot6,1740497913865,True
pilot6,1740497974188,True
pilot6,1740498034540,False
pilot6,1740498094837,False
pilot6,1740498155087,False
pilot6,1740498215333,True
pilot6,1740498275619,False
pilot6,1740498335773,False
pilot6,1740498396016,False
pilot6,1740498458619,False
pilot6,1740498532396,False
pilot6,1740498610420,False
pilot6,1740498662353,False
pilot6,1740498663085,False
pilot6,1740498758334,False
pilot6,1740498824223,False
pilot6,1740498889367,True
pilot6,1740498947204,False
pilot6,1740499049803,False
pilot6,1740499115040,False
pilot6,1740499194381,False
pilot6,1740524437244,False
pilot6,1740524526793,False
pilot6,1740524604495,False
pilot6,1740524668697,False
pilot6,1740524742238,False
pilot6,1740524802991,False
pilot6,1740524926095,False
pilot6,1740525030701,False
pilot6,1740525068983,False
pilot6,1740525160208,False
pilot6,1740525219510,True
pilot6,1740525279594,True
pilot6,1740525357951,False
pilot6,1740525438636,False
pilot6,1740525495853,False
pilot6,1740525564018,False
pilot6,1740525640691,False
pilot6,1740525734351,False
pilot6,1740525801810,False
pilot6,1740525964525,False
pilot6,1740526024896,True
pilot6,1740526085342,True
pilot6,1740526144899,False
pilot6,1740526205875,True
pilot6,1740526266303,True
pilot6,1740526327450,False
pilot6,1740526410456,False
pilot6,1740526517352,False
pilot6,1740526562847,False
pilot6,1740526701515,False
pilot6,1740526728991,False
pilot6,1740526793200,False
pilot6,1740526864093,False
pilot6,1740526991510,False
pilot6,1740527108130,False
pilot6,1740527165421,False
pilot6,1740527228288,True
pilot6,1740527284574,True
pilot6,1740527344820,True
pilot6,1740527415666,False
pilot6,1740527490742,False
pilot6,1740527575608,False
pilot6,1740527651006,False
pilot6,1740527748719,False
pilot6,1740527822440,False
pilot6,1740527900173,False
pilot6,1740492047029,True
pilot6,1740492105588,False
pilot6,1740492172522,False
pilot6,1740492238081,False
pilot6,1740492341197,False
pilot6,1740492406801,True
pilot6,1740492466364,True
pilot6,1740492527503,True
pilot6,1740492587078,False
pilot6,1740492652792,False
pilot6,1740492718981,False
pilot6,1740492793651,False
pilot6,1740492906580,False
pilot6,1740492962461,True
pilot6,1740492964388,True
pilot6,1740493044144,False
pilot6,1740493114060,False
pilot6,1740493182916,False
pilot6,1740493249811,False
pilot6,1740493313005,False
pilot6,1740493398205,False
pilot6,1740493469015,False
pilot6,1740493531592,False
pilot6,1740493595422,False
pilot6,1740493689963,False
pilot6,1740493780491,False
pilot6,1740493849479,False
pilot6,1740493961973,False
pilot6,1740494082061,False
pilot6,1740494167290,False
pilot6,1740494168119,False
pilot6,1740494230044,True
pilot6,1740494289691,True
pilot6,1740494349961,True
pilot6,1740494410167,True
pilot6,1740494462231,True
pilot6,1740494530657,True
pilot6,1740494590790,True
pilot6,1740494651012,True
pilot6,1740494711291,False
pilot6,1740494762298,False
pilot6,1740494762962,False
pilot6,1740494831802,False
pilot6,1740494892026,False
pilot6,1740494952275,False
pilot6,1740495024069,False
pilot6,1740495085277,False
pilot6,1740495145539,False
pilot6,1740495205769,False
pilot6,1740495266019,False
pilot6,1740495332985,False
pilot6,1740495393327,False
pilot6,1740495455269,True
pilot6,1740495505650,True
pilot6,1740495575654,False
pilot6,1740477052759,False
pilot6,1740477104153,False
pilot6,1740477163747,False
pilot6,1740477223670,False
pilot6,1740477284078,True
pilot6,1740477344347,False
pilot6,1740477404627,False
pilot6,1740477464813,False
pilot6,1740477525059,False
pilot6,1740477585314,False
pilot6,1740506426277,False
pilot6,1740506524147,False
pilot6,1740506584336,True
pilot6,1740506634694,True
pilot6,1740506704900,True
pilot6,1740506765037,True
pilot6,1740506815613,True
pilot6,1740506886670,True
pilot6,1740506946768,True
pilot6,1740507007108,True
pilot6,1740507066761,True
pilot6,1740507127083,True
pilot6,1740507187546,True
pilot6,1740507247553,True
pilot6,1740507307877,False
pilot6,1740507363497,True
pilot6,1740507432387,True
pilot6,1740507492927,True
pilot6,1740507552419,True
pilot6,1740507612713,True
pilot6,1740507672797,True
pilot6,1740507733180,True
pilot6,1740507793345,True
pilot6,1740507853572,True
pilot6,1740507913769,True
pilot6,1740507974840,True
pilot6,1740508034611,True
pilot6,1740508094920,True
pilot6,1740508155309,True
pilot6,1740508215493,True
pilot6,1740508278052,True
pilot6,1740508336336,True
pilot6,1740508396439,True
pilot6,1740508457033,True
pilot6,1740508517167,True
pilot6,1740508577505,True
pilot6,1740508637602,True
pilot6,1740508697790,True
pilot6,1740508758073,True
pilot6,1740508818606,True
pilot6,1740508878649,True
pilot6,1740508938838,True
pilot6,1740508999074,True
pilot6,1740509059282,True
pilot6,1740509119495,True
pilot6,1740509179780,True
pilot6,1740509240007,True
pilot6,1740509300279,True
pilot6,1740509360480,True
pilot6,1740509421104,True
pilot6,1740509481058,True
pilot6,1740509541293,True
pilot6,1740509601627,True
pilot6,1740509661869,True
pilot6,1740509722063,True
pilot6,1740509782204,True
pilot6,1740509842500,True
pilot6,1740509903819,True
pilot6,1740509963282,True
pilot6,1740520825972,False
pilot6,1740520886384,True
pilot6,1740520946195,True
pilot6,1740521007412,True
pilot6,1740521159821,False
pilot6,1740521331274,False
pilot6,1740521392808,False
pilot6,1740521463078,False
pilot6,1740521598788,False
pilot6,1740521667264,False
pilot6,1740521750496,False
pilot6,1740521849412,False
pilot6,1740521919769,False
pilot6,1740522022724,False
pilot6,1740522137805,False
pilot6,1740522200773,False
pilot6,1740522320321,False
pilot6,1740522393756,False
pilot6,1740522464825,False
pilot6,1740522525304,False
pilot6,1740522585823,False
pilot6,1740522646640,False
pilot6,1740522731114,False
pilot6,1740522791839,False
pilot6,1740522852496,False
pilot6,1740522912677,False
pilot6,1740522963316,False
pilot6,1740523063702,False
pilot6,1740523137411,False
pilot6,1740523233405,False
pilot6,1740523350464,False
pilot6,1740523435794,False
pilot6,1740523534307,False
pilot6,1740523597096,False
pilot6,1740523693784,False
pilot6,1740523841410,False
pilot6,1740523952327,False
pilot6,1740524034191,False
pilot6,1740524129033,True
pilot6,1740524187529,True
pilot6,1740524247939,True
pilot6,1740524308494,True
pilot6,1740524369566,False
pilot6,1740510023929,True
pilot6,1740510083875,True
pilot6,1740510144090,True
pilot6,1740510204282,True
pilot6,1740510264744,True
pilot6,1740510324729,True
pilot6,1740510384910,True
pilot6,1740510445245,True
pilot6,1740510505478,True
pilot6,1740510565702,True
pilot6,1740510625919,True
pilot6,1740510686076,True
pilot6,1740510746496,True
pilot6,1740510807243,True
pilot6,1740510866987,True
pilot6,1740510927227,True
pilot6,1740510987471,True
pilot6,1740511048299,True
pilot6,1740511108311,True
pilot6,1740511168537,True
pilot6,1740511228819,True
pilot6,1740511289048,True
pilot6,1740511349273,True
pilot6,1740511409512,True
pilot6,1740511469708,True
pilot6,1740511530851,False
pilot6,1740511591746,False
pilot6,1740511652373,False
pilot6,1740511712697,False
pilot6,1740511773300,False
pilot6,1740511863122,False
pilot6,1740511925575,True
pilot6,1740511976011,True
pilot6,1740512045473,False
pilot6,1740512105714,False
pilot6,1740512162447,False
pilot6,1740512163194,False
pilot6,1740512226170,True
pilot6,1740512276619,True
pilot6,1740512346616,True
pilot6,1740512406853,False
pilot6,1740512462375,False
pilot6,1740512463069,False
pilot6,1740512527364,False
pilot6,1740512587600,False
pilot6,1740512648132,True
pilot6,1740512708181,False
pilot6,1740512762316,False
pilot6,1740512762969,False
pilot6,1740512828574,False
pilot6,1740512888807,False
pilot6,1740512949033,False
pilot6,1740513032149,False
pilot6,1740513092416,False
pilot6,1740513152668,False
pilot6,1740513212884,False
pilot6,1740513285468,False
pilot6,1740513363746,False
pilot6,1740513519574,False
pilot6,1740513582428,False
pilot6,1740513652348,False
pilot6,1740513721035,False
pilot6,1740513870772,False
pilot6,1740513931982,False
pilot6,1740513992230,False
pilot6,1740514052553,False
pilot6,1740514112732,False
pilot6,1740514224165,False
pilot6,1740514310058,False
pilot6,1740514407374,False
pilot6,1740514505459,True
pilot6,1740514562464,False
pilot6,1740514563205,False
pilot6,1740514659119,False
pilot6,1740514785993,False
pilot6,1740514862649,False
pilot6,1740514950914,False
pilot6,1740515061798,False
pilot6,1740515127194,False
pilot6,1740515235863,False
pilot6,1740515284760,False
pilot6,1740515387403,False
pilot6,1740515463853,False
pilot6,1740515464682,False
pilot6,1740515561174,False
pilot6,1740515635406,False
pilot6,1740515721558,False
pilot6,1740515783135,False
pilot6,1740515843599,True
pilot6,1740515932185,False
pilot6,1740516060893,False
pilot6,1740516133455,True
pilot6,1740516191922,True
pilot6,1740516251975,True
pilot6,1740516312243,True
pilot6,1740516372392,True
pilot6,1740516432599,True
pilot6,1740516492819,True
pilot6,1740516553103,True
pilot6,1740516613334,True
pilot6,1740516673852,True
pilot6,1740516752512,False
pilot6,1740516847038,False
pilot6,1740516911357,False
pilot6,1740516973193,False
pilot6,1740517076362,False
pilot6,1740517136594,True
pilot6,1740517196709,True
pilot7,1740538835981,False
pilot7,1740538886338,False
pilot7,1740538946605,False
pilot7,1740538996853,False
pilot7,1740539057154,False
pilot7,1740539107416,False
pilot7,1740539167668,False
pilot7,1740539217922,False
pilot7,1740539278193,False
pilot7,1740539328438,False
pilot7,1740539388676,False
pilot7,1740539438936,False
pilot7,1740539498707,False
pilot7,1740539548997,False
pilot7,1740539609495,False
pilot7,1740539669836,False
pilot7,1740539730115,False
pilot7,1740539787116,False
pilot7,1740539847380,False
pilot7,1740539907942,False
pilot7,1740539968076,False
pilot7,1740540018432,False
pilot7,1740540078711,False
pilot7,1740540129031,False
pilot7,1740540189259,False
pilot7,1740540239589,False
pilot7,1740540299818,False
pilot7,1740540350096,False
pilot7,1740540402630,False
pilot7,1740540455250,False
pilot7,1740540515551,False
pilot7,1740540565871,False
pilot7,1740540626128,False
pilot7,1740540676436,False
pilot7,1740540736643,False
pilot7,1740540787018,False
pilot7,1740540847234,False
pilot7,1740540897539,False
pilot7,1740540957740,False
pilot7,1740541008068,False
pilot7,1740541065540,False
pilot7,1740541115938,False
pilot7,1740541176249,False
pilot7,1740541226561,False
pilot7,1740541286814,False
pilot7,1740541337115,False
pilot7,1740541397396,False
pilot7,1740541447733,False
pilot7,1740541507965,False
pilot7,1740541558320,False
pilot7,1740541618553,False
pilot7,1740541668784,False
pilot7,1740541728409,False
pilot7,1740541778756,False
pilot7,1740541838960,False
pilot7,1740541889294,False
pilot7,1740541949552,False
pilot7,1740541999846,False
pilot7,1740542060100,False
pilot7,1740542110400,False
pilot7,1740542170642,False
pilot7,1740542220945,False
pilot7,1740542281230,False
pilot7,1740542331572,False
pilot7,1740542391443,False
pilot7,1740585649904,True
pilot7,1740585710121,True
pilot7,1740585770364,True
pilot7,1740585820622,True
pilot7,1740585880877,True
pilot7,1740585931157,True
pilot7,1740585991375,True
pilot7,1740586051585,True
pilot7,1740586111768,True
pilot7,1740586170412,True
pilot7,1740586230618,True
pilot7,1740586290878,True
pilot7,1740586351131,True
pilot7,1740586411323,True
pilot7,1740586461638,True
pilot7,1740586512910,True
pilot7,1740586573232,True
pilot7,1740586573597,True
pilot7,1740586633420,True
pilot7,1740586683783,True
pilot7,1740586744059,True
pilot7,1740586804315,True
pilot7,1740586864600,True
pilot7,1740586914938,True
pilot7,1740586975167,True
pilot7,1740587035391,True
pilot7,1740587089927,True
pilot7,1740587150181,True
pilot7,1740587210396,True
pilot7,1740587270670,True
pilot7,1740587321003,True
pilot7,1740587381195,True
pilot7,1740587431498,False
pilot7,1740587491715,True
pilot7,1740587541987,True
pilot7,1740587597354,True
pilot7,1740587647708,True
pilot7,1740587707972,True
pilot7,1740587758210,True
pilot7,1740587818467,True
pilot7,1740587868768,True
pilot7,1740587929002,True
pilot7,1740587979276,True
pilot7,1740588039487,True
pilot7,1740588089960,False
pilot7,1740588150247,False
pilot7,1740588200488,False
pilot7,1740588260221,False
pilot7,1740588310616,False
pilot7,1740588370864,False
pilot7,1740588431166,True
pilot7,1740588491430,True
pilot7,1740588541712,True
pilot7,1740588601945,True
pilot7,1740588652217,True
pilot7,1740588712528,True
pilot7,1740588762838,False
pilot7,1740588823102,False
pilot7,1740588873424,False
pilot7,1740588933619,False
pilot7,1740588983901,False
pilot7,1740589043667,False
pilot7,1740589094098,False
pilot7,1740589154365,False
pilot7,1740542441781,False
pilot7,1740542502108,False
pilot7,1740542552460,False
pilot7,1740542612689,False
pilot7,1740542662980,False
pilot7,1740542723255,False
pilot7,1740542773576,False
pilot7,1740542833837,False
pilot7,1740542884106,False
pilot7,1740542944444,False
pilot7,1740542994661,False
pilot7,1740543054551,False
pilot7,1740543104904,False
pilot7,1740543165171,False
pilot7,1740543215562,False
pilot7,1740543275808,False
pilot7,1740543326135,False
pilot7,1740543386414,False
pilot7,1740543436726,False
pilot7,1740543496956,False
pilot7,1740543547247,False
pilot7,1740543607435,False
pilot7,1740543657688,False
pilot7,1740543717569,False
pilot7,1740543767938,False
pilot7,1740543828193,False
pilot7,1740543878543,False
pilot7,1740543938806,False
pilot7,1740543989139,False
pilot7,1740544049357,False
pilot7,1740544099761,False
pilot7,1740544160011,False
pilot7,1740544220230,False
pilot7,1740544280569,False
pilot7,1740544330842,False
pilot7,1740544391154,False
pilot7,1740544441414,False
pilot7,1740544501012,False
pilot7,1740544551295,False
pilot7,1740544611580,False
pilot7,1740544661996,False
pilot7,1740544722258,False
pilot7,1740544772551,False
pilot7,1740544832787,False
pilot7,1740544883124,False
pilot7,1740544943363,False
pilot7,1740544993728,False
pilot7,1740545053949,False
pilot7,1740545104293,False
pilot7,1740545164209,False
pilot7,1740545214556,False
pilot7,1740545274897,False
pilot7,1740545325164,False
pilot7,1740545385384,False
pilot7,1740545435781,False
pilot7,1740545496022,False
pilot7,1740545546320,False
pilot7,1740545606558,False
pilot7,1740545656856,False
pilot7,1740545717083,False
pilot7,1740545777289,False
pilot7,1740545837496,False
pilot7,1740545897738,False
pilot7,1740545957919,False
pilot7,1740567624514,False
pilot7,1740567684833,False
pilot7,1740567745041,False
pilot7,1740567795324,False
pilot7,1740567855554,False
pilot7,1740567905846,False
pilot7,1740567966109,False
pilot7,1740568016333,False
pilot7,1740568076187,False
pilot7,1740568126470,False
pilot7,1740568186748,False
pilot7,1740568246989,False
pilot7,1740568307252,False
pilot7,1740568357612,False
pilot7,1740568417861,False
pilot7,1740568468154,False
pilot7,1740568528412,False
pilot7,1740568588646,False
pilot7,1740568648918,False
pilot7,1740568699224,False
pilot7,1740568759457,False
pilot7,1740568809744,False
pilot7,1740568869948,False
pilot7,1740568920093,True
pilot7,1740568980074,True
pilot7,1740568980600,True
pilot7,1740569030963,False
pilot7,1740569091215,False
pilot7,1740569141505,False
pilot7,1740569201756,False
pilot7,1740569252010,False
pilot7,1740569312273,False
pilot7,1740569362549,False
pilot7,1740569422821,False
pilot7,1740569473095,False
pilot7,1740569533346,False
pilot7,1740569583599,False
pilot7,1740569642849,False
pilot7,1740569703168,False
pilot7,1740569703457,False
pilot7,1740569757438,True
pilot7,1740569817688,True
pilot7,1740569867985,True
pilot7,1740569928244,True
pilot7,1740569988431,True
pilot7,1740570048723,True
pilot7,1740570099005,False
pilot7,1740570159264,False
pilot7,1740570219468,False
pilot7,1740570273497,False
pilot7,1740570333748,False
pilot7,1740570393992,False
pilot7,1740570446272,True
pilot7,1740570506601,True
pilot7,1740570566769,False
pilot7,1740570627052,False
pilot7,1740570687300,False
pilot7,1740570737579,False
pilot7,1740570797791,False
pilot7,1740570847910,False
pilot7,1740570848396,False
pilot7,1740570908284,True
pilot7,1740570958609,True
pilot7,1740571018852,True
pilot7,1740571079214,True
pilot7,1740571139400,True
pilot7,1740571139924,True
pilot7,1740535251244,False
pilot7,1740535301513,False
pilot7,1740535361722,False
pilot7,1740535412054,False
pilot7,1740535472219,False
pilot7,1740535522504,False
pilot7,1740535582226,False
pilot7,1740535632519,False
pilot7,1740535692814,False
pilot7,1740535743071,False
pilot7,1740535803283,False
pilot7,1740535853597,False
pilot7,1740535913834,False
pilot7,1740535964088,False
pilot7,1740536024356,False
pilot7,1740536074649,False
pilot7,1740536134849,False
pilot7,1740536185222,False
pilot7,1740536245096,False
pilot7,1740536295354,False
pilot7,1740536355609,False
pilot7,1740536405840,False
pilot7,1740536466111,False
pilot7,1740536516427,False
pilot7,1740536576623,False
pilot7,1740536626957,False
pilot7,1740536687174,False
pilot7,1740536737415,False
pilot7,1740536797635,False
pilot7,1740536847619,False
pilot7,1740536897936,False
pilot7,1740536958194,False
pilot7,1740537008523,False
pilot7,1740537068793,False
pilot7,1740537119057,False
pilot7,1740537179349,False
pilot7,1740537229589,False
pilot7,1740537289800,False
pilot7,1740537340111,False
pilot7,1740537400519,False
pilot7,1740537450716,False
pilot7,1740537510440,False
pilot7,1740537560797,False
pilot7,1740537621002,False
pilot7,1740537671233,False
pilot7,1740537731499,False
pilot7,1740537781746,False
pilot7,1740537841991,False
pilot7,1740537892268,False
pilot7,1740537952477,False
pilot7,1740538002725,False
pilot7,1740538063014,False
pilot7,1740538113263,False
pilot7,1740538173198,False
pilot7,1740538223500,False
pilot7,1740538283752,False
pilot7,1740538334005,False
pilot7,1740538394225,False
pilot7,1740538444541,False
pilot7,1740538504774,False
pilot7,1740538555030,False
pilot7,1740538615249,False
pilot7,1740538665468,False
pilot7,1740538725662,False
pilot7,1740538775700,False
pilot7,1740538776266,False
pilot7,1740564009729,True
pilot7,1740564070028,False
pilot7,1740564130376,True
pilot7,1740564190596,True
pilot7,1740564250821,True
pilot7,1740564301122,True
pilot7,1740564361380,True
pilot7,1740564421686,True
pilot7,1740564481864,True
pilot7,1740564542143,True
pilot7,1740564602349,False
pilot7,1740564662648,False
pilot7,1740564722948,False
pilot7,1740564783189,False
pilot7,1740564843480,True
pilot7,1740564893707,True
pilot7,1740564953989,True
pilot7,1740565014196,True
pilot7,1740565074484,False
pilot7,1740565124727,False
pilot7,1740565183639,False
pilot7,1740565234049,False
pilot7,1740565294347,False
pilot7,1740565344622,False
pilot7,1740565404847,False
pilot7,1740565455129,False
pilot7,1740565515358,False
pilot7,1740565565608,False
pilot7,1740565625900,False
pilot7,1740565676159,False
pilot7,1740565736394,False
pilot7,1740565786763,False
pilot7,1740565846557,False
pilot7,1740565896921,False
pilot7,1740565957188,False
pilot7,1740566007460,False
pilot7,1740566067668,False
pilot7,1740566118012,False
pilot7,1740566178312,False
pilot7,1740566228578,False
pilot7,1740566288796,False
pilot7,1740566339172,False
pilot7,1740566399389,False
pilot7,1740566449608,False
pilot7,1740566509387,False
pilot7,1740566559715,False
pilot7,1740566619992,False
pilot7,1740566670262,False
pilot7,1740566730531,False
pilot7,1740566780813,True
pilot7,1740566841076,False
pilot7,1740566891423,False
pilot7,1740566951636,False
pilot7,1740567001854,False
pilot7,1740567062057,False
pilot7,1740567112323,False
pilot7,1740567172253,False
pilot7,1740567222501,False
pilot7,1740567282835,False
pilot7,1740567343098,False
pilot7,1740567403357,False
pilot7,1740567453689,False
pilot7,1740567513954,False
pilot7,1740567564238,False
pilot7,1740571200254,True
pilot7,1740571250498,True
pilot7,1740571310777,True
pilot7,1740571361037,True
pilot7,1740571421234,True
pilot7,1740571471509,False
pilot7,1740571531757,False
pilot7,1740571582000,False
pilot7,1740571642240,False
pilot7,1740571702476,False
pilot7,1740571762661,False
pilot7,1740571822869,False
pilot7,1740571873157,False
pilot7,1740571932471,True
pilot7,1740571982761,True
pilot7,1740572043053,False
pilot7,1740572093364,False
pilot7,1740572153611,False
pilot7,1740572203947,False
pilot7,1740572264197,False
pilot7,1740572324419,False
pilot7,1740572384623,False
pilot7,1740572444804,False
pilot7,1740572505078,False
pilot7,1740572555356,False
pilot7,1740572615562,False
pilot7,1740572665893,False
pilot7,1740572726104,False
pilot7,1740572776148,False
pilot7,1740572836400,False
pilot7,1740572836717,False
pilot7,1740572887062,False
pilot7,1740572947361,False
pilot7,1740572997730,False
pilot7,1740573057984,False
pilot7,1740573118249,False
pilot7,1740573178446,False
pilot7,1740573238646,False
pilot7,1740573298898,False
pilot7,1740573359132,False
pilot7,1740573419442,False
pilot7,1740573469809,False
pilot7,1740573530023,False
pilot7,1740573580373,False
pilot7,1740573640595,False
pilot7,1740573700796,False
pilot7,1740573752683,False
pilot7,1740573812909,False
pilot7,1740573863180,False
pilot7,1740573921143,False
pilot7,1740573971443,False
pilot7,1740574031711,False
pilot7,1740574081989,False
pilot7,1740574142219,True
pilot7,1740574192511,True
pilot7,1740574252727,True
pilot7,1740574302969,True
pilot7,1740574363207,True
pilot7,1740574423462,False
pilot7,1740574483682,False
pilot7,1740574533938,False
pilot7,1740574594162,False
pilot7,1740574654387,False
pilot7,1740574714629,False
pilot7,1740574764970,False
pilot7,1740556838615,False
pilot7,1740556898901,False
pilot7,1740556949170,False
pilot7,1740557009415,False
pilot7,1740557059707,False
pilot7,1740557119926,False
pilot7,1740557170244,False
pilot7,1740557230152,False
pilot7,1740557280550,False
pilot7,1740557340879,False
pilot7,1740557391254,False
pilot7,1740557451567,False
pilot7,1740557501850,False
pilot7,1740557562167,False
pilot7,1740557612421,False
pilot7,1740557672658,False
pilot7,1740557722944,False
pilot7,1740557783197,False
pilot7,1740557833425,False
pilot7,1740557893002,False
pilot7,1740557943368,False
pilot7,1740558003695,False
pilot7,1740558054001,False
pilot7,1740558114308,False
pilot7,1740558164660,False
pilot7,1740558224917,False
pilot7,1740558275219,False
pilot7,1740558335489,False
pilot7,1740558385801,False
pilot7,1740558446033,False
pilot7,1740558496249,False
pilot7,1740558555960,False
pilot7,1740558616554,True
pilot7,1740558616928,True
pilot7,1740558676548,False
pilot7,1740558736853,False
pilot7,1740558737131,False
pilot7,1740558787408,False
pilot7,1740558847660,False
pilot7,1740558897973,False
pilot7,1740558958246,False
pilot7,1740559018513,False
pilot7,1740559078724,False
pilot7,1740559138994,False
pilot7,1740559189237,False
pilot7,1740559249483,False
pilot7,1740559299737,False
pilot7,1740559359958,False
pilot7,1740559410243,False
pilot7,1740559470492,True
pilot7,1740559520716,False
pilot7,1740559580658,False
pilot7,1740559631022,False
pilot7,1740559691281,False
pilot7,1740559741545,False
pilot7,1740559801841,False
pilot7,1740559862071,False
pilot7,1740559922316,False
pilot7,1740559972577,False
pilot7,1740560032830,False
pilot7,1740560083130,True
pilot7,1740560143390,True
pilot7,1740560193650,True
pilot7,1740560253910,True
pilot7,1740560304145,True
pilot7,1740560363913,True
pilot7,1740589204719,False
pilot7,1740589265008,True
pilot7,1740589325281,True
pilot7,1740589385489,True
pilot7,1740589435800,True
pilot7,1740589496066,False
pilot7,1740589546364,False
pilot7,1740589606657,False
pilot7,1740589656937,False
pilot7,1740589717269,True
pilot7,1740589767490,False
pilot7,1740589827076,False
pilot7,1740589877394,False
pilot7,1740589937646,False
pilot7,1740589988047,False
pilot7,1740590048279,False
pilot7,1740590098574,False
pilot7,1740590158839,False
pilot7,1740590209147,False
pilot7,1740590269387,False
pilot7,1740590319653,False
pilot7,1740590379862,False
pilot7,1740590430126,False
pilot7,1740590490006,True
pilot7,1740590550118,False
pilot7,1740590550424,False
pilot7,1740590610366,False
pilot7,1740590670615,False
pilot7,1740590670931,False
pilot7,1740590721214,True
pilot7,1740590781472,False
pilot7,1740590831810,False
pilot7,1740590892096,False
pilot7,1740590952353,True
pilot7,1740591007724,True
pilot7,1740591067956,True
pilot7,1740591118245,True
pilot7,1740591178452,True
pilot7,1740591228779,True
pilot7,1740591288952,True
pilot7,1740591339177,True
pilot7,1740591393831,True
pilot7,1740591453978,True
pilot7,1740591454351,True
pilot7,1740591514348,False
pilot7,1740591514815,False
pilot7,1740591565215,False
pilot7,1740591625477,False
pilot7,1740591675786,False
pilot7,1740591736029,False
pilot7,1740591786400,False
pilot7,1740591846708,True
pilot7,1740591897031,False
pilot7,1740591957235,False
pilot7,1740592007510,False
pilot7,1740592067716,False
pilot7,1740592118009,False
pilot7,1740592177220,False
pilot7,1740592227503,False
pilot7,1740592287740,False
pilot7,1740592338067,False
pilot7,1740592398370,False
pilot7,1740592448742,False
pilot7,1740592509038,False
pilot7,1740592569340,False
pilot7,1740592629596,False
pilot7,1740592679957,False
pilot7,1740592740176,False
pilot7,1740574824839,False
pilot7,1740574875117,False
pilot7,1740574935363,True
pilot7,1740574985706,True
pilot7,1740575045859,True
pilot7,1740575096192,False
pilot7,1740575156424,False
pilot7,1740575206796,False
pilot7,1740575267090,False
pilot7,1740575317355,False
pilot7,1740575377621,False
pilot7,1740575427946,True
pilot7,1740575487810,True
pilot7,1740575538218,True
pilot7,1740575598476,True
pilot7,1740575648709,True
pilot7,1740575709043,True
pilot7,1740575759298,True
pilot7,1740575819602,True
pilot7,1740575869890,False
pilot7,1740575930099,False
pilot7,1740575990386,True
pilot7,1740576046686,False
pilot7,1740576106868,False
pilot7,1740576157129,False
pilot7,1740576210830,False
pilot7,1740576262227,False
pilot7,1740576322474,False
pilot7,1740576372781,False
pilot7,1740576433096,True
pilot7,1740576483411,True
pilot7,1740576543620,True
pilot7,1740576593855,True
pilot7,1740576654081,False
pilot7,1740576714333,False
pilot7,1740576774570,False
pilot7,1740576824816,False
pilot7,1740576885035,False
pilot7,1740576945203,False
pilot7,1740577005419,False
pilot7,1740577065621,False
pilot7,1740577125823,False
pilot7,1740577176102,False
pilot7,1740577235120,False
pilot7,1740577285425,False
pilot7,1740577345661,False
pilot7,1740577405868,False
pilot7,1740577466137,False
pilot7,1740577516458,False
pilot7,1740577576678,False
pilot7,1740577626922,False
pilot7,1740577687165,False
pilot7,1740577737596,False
pilot7,1740577797866,False
pilot7,1740577858106,False
pilot7,1740577918414,True
pilot7,1740577978627,True
pilot7,1740578038875,True
pilot7,1740578099047,True
pilot7,1740578159325,True
pilot7,1740578219529,True
pilot7,1740578269861,False
pilot7,1740578330118,False
pilot7,1740578380340,False
pilot7,1740603656992,False
pilot7,1740603707373,False
pilot7,1740603767701,False
pilot7,1740603827940,False
pilot7,1740603888146,False
pilot7,1740603948428,False
pilot7,1740604008664,False
pilot7,1740604058969,False
pilot7,1740604109496,False
pilot7,1740604164108,False
pilot7,1740604224432,False
pilot7,1740604284703,False
pilot7,1740604345011,False
pilot7,1740604405250,False
pilot7,1740604465577,False
pilot7,1740604515946,False
pilot7,1740604576345,False
pilot7,1740604626673,False
pilot7,1740604686885,False
pilot7,1740604737236,False
pilot7,1740604797435,True
pilot7,1740604847749,True
pilot7,1740604907923,True
pilot7,1740604958246,True
pilot7,1740605013276,True
pilot7,1740605063614,True
pilot7,1740605123896,False
pilot7,1740605184117,False
pilot7,1740605244369,True
pilot7,1740605294782,True
pilot7,1740605355033,True
pilot7,1740605415275,True
pilot7,1740605475321,True
pilot7,1740605475766,True
pilot7,1740605536061,False
pilot7,1740605586423,True
pilot7,1740605646662,True
pilot7,1740605696940,True
pilot7,1740605757173,True
pilot7,1740605807477,True
pilot7,1740605867735,True
pilot7,1740605927928,True
pilot7,1740605988125,True
pilot7,1740606038387,True
pilot7,1740606097767,True
pilot7,1740606148123,True
pilot7,1740606208472,True
pilot7,1740606268721,True
pilot7,1740606328977,True
pilot7,1740606379328,True
pilot7,1740606439622,True
pilot7,1740606499889,True
pilot7,1740606560175,True
pilot7,1740606610467,True
pilot7,1740606670712,True
pilot7,1740606721041,True
pilot7,1740606781288,True
pilot7,1740606831560,True
pilot7,1740606891804,True
pilot7,1740606942065,True
pilot7,1740607001450,True
pilot7,1740607061687,True
pilot7,1740607062272,True
pilot7,1740607115821,True
pilot7,1740607176200,True
pilot7,1740549655177,False
pilot7,1740549705482,False
pilot7,1740549765732,False
pilot7,1740549816021,False
pilot7,1740549876286,False
pilot7,1740549926494,False
pilot7,1740549986397,False
pilot7,1740550036785,False
pilot7,1740550097040,False
pilot7,1740550147361,False
pilot7,1740550207586,False
pilot7,1740550257902,False
pilot7,1740550318183,False
pilot7,1740550368483,False
pilot7,1740550428736,False
pilot7,1740550479109,False
pilot7,1740550539305,False
pilot7,1740550589669,False
pilot7,1740550649572,False
pilot7,1740550699890,False
pilot7,1740550760227,False
pilot7,1740550810570,False
pilot7,1740550870871,False
pilot7,1740550921174,False
pilot7,1740550981418,False
pilot7,1740551031749,False
pilot7,1740551091978,False
pilot7,1740551142301,False
pilot7,1740551202560,False
pilot7,1740551262775,False
pilot7,1740551323027,False
pilot7,1740551373462,False
pilot7,1740551433304,False
pilot7,1740551483649,False
pilot7,1740551543948,False
pilot7,1740551594272,False
pilot7,1740551654549,False
pilot7,1740551704828,False
pilot7,1740551765075,False
pilot7,1740551815398,False
pilot7,1740551875624,False
pilot7,1740551925975,False
pilot7,1740551986142,False
pilot7,1740552046346,False
pilot7,1740552106587,False
pilot7,1740552156635,False
pilot7,1740552157205,False
pilot7,1740552216924,False
pilot7,1740552267259,False
pilot7,1740552327562,False
pilot7,1740552377854,False
pilot7,1740552438126,False
pilot7,1740552488456,False
pilot7,1740552548712,False
pilot7,1740552598992,False
pilot7,1740552659280,False
pilot7,1740552709569,False
pilot7,1740552769789,False
pilot7,1740552820021,False
pilot7,1740552879923,False
pilot7,1740552930290,False
pilot7,1740552990586,False
pilot7,1740553040931,False
pilot7,1740553101172,False
pilot7,1740553151434,False
pilot7,1740582054869,True
pilot7,1740582055160,True
pilot7,1740582115119,True
pilot7,1740582165404,True
pilot7,1740582225607,True
pilot7,1740582275951,True
pilot7,1740582336395,True
pilot7,1740582386655,True
pilot7,1740582446906,True
pilot7,1740582497222,True
pilot7,1740582557472,True
pilot7,1740582607703,True
pilot7,1740582667994,True
pilot7,1740582718308,True
pilot7,1740582778010,True
pilot7,1740582828350,True
pilot7,1740582888625,True
pilot7,1740582938893,True
pilot7,1740582999159,True
pilot7,1740583049479,True
pilot7,1740583109754,True
pilot7,1740583160042,True
pilot7,1740583220269,True
pilot7,1740583270540,True
pilot7,1740583330775,True
pilot7,1740583381015,True
pilot7,1740583440488,True
pilot7,1740583490757,True
pilot7,1740583551033,True
pilot7,1740583601356,True
pilot7,1740583661638,True
pilot7,1740583711952,True
pilot7,1740583772278,True
pilot7,1740583832538,True
pilot7,1740583886038,True
pilot7,1740583946320,True
pilot7,1740584006562,True
pilot7,1740584066734,True
pilot7,1740584117008,True
pilot7,1740584177218,True
pilot7,1740584227518,True
pilot7,1740584283957,True
pilot7,1740584344182,True
pilot7,1740584344531,True
pilot7,1740584404434,True
pilot7,1740584454774,True
pilot7,1740584515032,True
pilot7,1740584575306,True
pilot7,1740584635586,True
pilot7,1740584685913,True
pilot7,1740584746130,True
pilot7,1740584796376,True
pilot7,1740584856639,True
pilot7,1740584906980,True
pilot7,1740584967268,True
pilot7,1740585017553,True
pilot7,1740585077835,True
pilot7,1740585138050,True
pilot7,1740585198332,True
pilot7,1740585248647,True
pilot7,1740585308103,True
pilot7,1740585358415,True
pilot7,1740585418677,True
pilot7,1740585469027,True
pilot7,1740585529279,False
pilot7,1740585589634,True
pilot7,1740531646119,False
pilot7,1740531706429,False
pilot7,1740531756769,False
pilot7,1740531817047,False
pilot7,1740531867332,False
pilot7,1740531927589,False
pilot7,1740531977843,False
pilot7,1740532038116,False
pilot7,1740532088323,False
pilot7,1740532148103,False
pilot7,1740532198422,False
pilot7,1740532258698,False
pilot7,1740532309050,False
pilot7,1740532369283,False
pilot7,1740532419597,False
pilot7,1740532479867,False
pilot7,1740532530145,False
pilot7,1740532590379,False
pilot7,1740532640681,False
pilot7,1740532700878,False
pilot7,1740532751076,False
pilot7,1740532810866,False
pilot7,1740532861262,False
pilot7,1740532921498,False
pilot7,1740532971753,False
pilot7,1740533032018,False
pilot7,1740533082399,False
pilot7,1740533142662,False
pilot7,1740533192921,False
pilot7,1740533253165,False
pilot7,1740533303444,False
pilot7,1740533363649,False
pilot7,1740533413928,False
pilot7,1740533473710,False
pilot7,1740533524024,False
pilot7,1740533584297,False
pilot7,1740533634601,False
pilot7,1740533694888,False
pilot7,1740533745171,False
pilot7,1740533805400,False
pilot7,1740533855678,False
pilot7,1740533915907,False
pilot7,1740533966238,False
pilot7,1740534026477,False
pilot7,1740534086750,False
pilot7,1740534147031,False
pilot7,1740534197209,False
pilot7,1740534256826,False
pilot7,1740534307183,False
pilot7,1740534367458,False
pilot7,1740534417721,False
pilot7,1740534477987,False
pilot7,1740534528254,False
pilot7,1740534588501,False
pilot7,1740534638786,False
pilot7,1740534699011,False
pilot7,1740534749277,False
pilot7,1740534809503,False
pilot7,1740534859714,False
pilot7,1740534919553,False
pilot7,1740534969900,False
pilot7,1740535030181,False
pilot7,1740535080444,False
pilot7,1740535140658,False
pilot7,1740535190980,False
pilot7,1740578439994,False
pilot7,1740578490366,False
pilot7,1740578550693,False
pilot7,1740578600978,False
pilot7,1740578661242,False
pilot7,1740578711654,False
pilot7,1740578771901,False
pilot7,1740578822173,False
pilot7,1740578882436,False
pilot7,1740578932696,False
pilot7,1740578992884,False
pilot7,1740579043116,False
pilot7,1740579102798,False
pilot7,1740579153053,False
pilot7,1740579213329,False
pilot7,1740579263571,False
pilot7,1740579323972,True
pilot7,1740579374277,True
pilot7,1740579434537,True
pilot7,1740579484838,True
pilot7,1740579545058,True
pilot7,1740579595350,True
pilot7,1740579655598,True
pilot7,1740579705811,True
pilot7,1740579765540,True
pilot7,1740579815899,True
pilot7,1740579876199,True
pilot7,1740579926550,False
pilot7,1740579986865,False
pilot7,1740580037182,False
pilot7,1740580097414,False
pilot7,1740580147723,False
pilot7,1740580207936,False
pilot7,1740580258262,False
pilot7,1740580318501,False
pilot7,1740580368791,True
pilot7,1740580428372,True
pilot7,1740580478636,True
pilot7,1740580538974,True
pilot7,1740580589267,True
pilot7,1740580649538,True
pilot7,1740580699792,True
pilot7,1740580760004,True
pilot7,1740580810291,True
pilot7,1740580870515,True
pilot7,1740580920822,True
pilot7,1740580980994,True
pilot7,1740581031389,True
pilot7,1740581090920,False
pilot7,1740581141267,False
pilot7,1740581201474,False
pilot7,1740581251783,True
pilot7,1740581312076,True
pilot7,1740581362390,True
pilot7,1740581422657,True
pilot7,1740581472918,True
pilot7,1740581533164,True
pilot7,1740581593414,True
pilot7,1740581653636,True
pilot7,1740581703910,True
pilot7,1740581764191,True
pilot7,1740581814459,True
pilot7,1740581874136,True
pilot7,1740581934461,True
pilot7,1740581934880,True
pilot7,1740581994667,True
pilot7,1740553211772,False
pilot7,1740553262088,False
pilot7,1740553312754,False
pilot7,1740553367159,False
pilot7,1740553427362,False
pilot7,1740553477627,False
pilot7,1740553537879,False
pilot7,1740553588206,False
pilot7,1740553648478,False
pilot7,1740553698776,False
pilot7,1740553759032,False
pilot7,1740553809300,False
pilot7,1740553869584,False
pilot7,1740553919842,False
pilot7,1740553975773,False
pilot7,1740554026042,False
pilot7,1740554086314,False
pilot7,1740554136701,False
pilot7,1740554196986,False
pilot7,1740554247294,False
pilot7,1740554307583,False
pilot7,1740554357932,False
pilot7,1740554418151,False
pilot7,1740554468484,False
pilot7,1740554528626,False
pilot7,1740554578883,False
pilot7,1740554638693,False
pilot7,1740554688966,False
pilot7,1740554749229,False
pilot7,1740554799512,False
pilot7,1740554859780,False
pilot7,1740554910037,False
pilot7,1740554970262,False
pilot7,1740555020540,False
pilot7,1740555080775,False
pilot7,1740555131040,False
pilot7,1740555181046,False
pilot7,1740555236084,False
pilot7,1740555296341,False
pilot7,1740555346679,False
pilot7,1740555406976,False
pilot7,1740555457340,False
pilot7,1740555517581,False
pilot7,1740555567922,False
pilot7,1740555628170,False
pilot7,1740555688392,False
pilot7,1740555741339,False
pilot7,1740555801605,False
pilot7,1740555851851,False
pilot7,1740555904233,False
pilot7,1740555957023,False
pilot7,1740556017290,False
pilot7,1740556067561,False
pilot7,1740556127788,False
pilot7,1740556178061,False
pilot7,1740556238307,False
pilot7,1740556288599,False
pilot7,1740556348873,False
pilot7,1740556399149,False
pilot7,1740556459369,False
pilot7,1740556509632,False
pilot7,1740556567124,False
pilot7,1740556617449,False
pilot7,1740556677700,False
pilot7,1740556728037,False
pilot7,1740556788299,False
pilot7,1740560414207,True
pilot7,1740560474375,True
pilot7,1740560524653,True
pilot7,1740560584895,True
pilot7,1740560635139,True
pilot7,1740560695427,False
pilot7,1740560745689,False
pilot7,1740560805896,False
pilot7,1740560856188,True
pilot7,1740560906224,True
pilot7,1740560961173,True
pilot7,1740561021428,True
pilot7,1740561071778,True
pilot7,1740561132021,False
pilot7,1740561182371,False
pilot7,1740561242593,False
pilot7,1740561292902,False
pilot7,1740561353097,False
pilot7,1740561413371,False
pilot7,1740561473584,False
pilot7,1740561526573,False
pilot7,1740561586846,False
pilot7,1740561647059,False
pilot7,1740561707263,False
pilot7,1740561757557,False
pilot7,1740561809761,False
pilot7,1740561870057,False
pilot7,1740561870333,False
pilot7,1740561924369,False
pilot7,1740561984633,False
pilot7,1740562035027,False
pilot7,1740562095266,False
pilot7,1740562155482,False
pilot7,1740562215705,False
pilot7,1740562266108,False
pilot7,1740562326308,False
pilot7,1740562376620,False
pilot7,1740562436831,False
pilot7,1740562497043,True
pilot7,1740562552304,False
pilot7,1740562612514,False
pilot7,1740562672740,False
pilot7,1740562732962,True
pilot7,1740562783230,True
pilot7,1740562834013,False
pilot7,1740562894225,False
pilot7,1740562894480,False
pilot7,1740562954597,True
pilot7,1740562954897,True
pilot7,1740563005164,True
pilot7,1740563065409,False
pilot7,1740563115686,False
pilot7,1740563175927,False
pilot7,1740563226233,False
pilot7,1740563286477,False
pilot7,1740563346742,False
pilot7,1740563402167,True
pilot7,1740563462459,True
pilot7,1740563512793,True
pilot7,1740563573047,False
pilot7,1740563623328,False
pilot7,1740563677597,True
pilot7,1740563728517,True
pilot7,1740563788679,True
pilot7,1740563838969,True
pilot7,1740563899149,True
pilot7,1740563949430,True
pilot7,1740592800390,False
pilot7,1740592857415,False
pilot7,1740592917682,False
pilot7,1740592977899,False
pilot7,1740593038150,False
pilot7,1740593088428,False
pilot7,1740593141300,False
pilot7,1740593201668,False
pilot7,1740593201975,False
pilot7,1740593261729,False
pilot7,1740593312088,False
pilot7,1740593372399,False
pilot7,1740593422888,True
pilot7,1740593483135,True
pilot7,1740593543362,True
pilot7,1740593603682,True
pilot7,1740593663984,False
pilot7,1740593714293,False
pilot7,1740593774512,False
pilot7,1740593824847,False
pilot7,1740593885063,False
pilot7,1740593935337,False
pilot7,1740593995533,False
pilot7,1740594045797,False
pilot7,1740594105530,False
pilot7,1740594155868,False
pilot7,1740594216136,False
pilot7,1740594266488,False
pilot7,1740594326712,False
pilot7,1740594377015,False
pilot7,1740594437255,False
pilot7,1740594497506,False
pilot7,1740594557736,False
pilot7,1740594608011,False
pilot7,1740594668247,False
pilot7,1740594718516,False
pilot7,1740594778777,False
pilot7,1740594829063,False
pilot7,1740594888859,False
pilot7,1740594949066,False
pilot7,1740594949367,False
pilot7,1740595009406,False
pilot7,1740595009736,False
pilot7,1740595060046,False
pilot7,1740595120338,False
pilot7,1740595170640,False
pilot7,1740595230873,False
pilot7,1740595281198,False
pilot7,1740595341438,False
pilot7,1740595391757,False
pilot7,1740595451968,False
pilot7,1740595502428,True
pilot7,1740595562744,True
pilot7,1740595613017,True
pilot7,1740595672346,False
pilot7,1740595722662,False
pilot7,1740595782946,False
pilot7,1740595833465,False
pilot7,1740595893558,False
pilot7,1740595943867,False
pilot7,1740596004113,False
pilot7,1740596054443,False
pilot7,1740596114695,False
pilot7,1740596174919,False
pilot7,1740596235134,False
pilot7,1740596285432,False
pilot7,1740596345668,False
pilot7,1740596395900,False
pilot7,1740607226506,True
pilot7,1740607286817,True
pilot7,1740607337161,True
pilot7,1740607397477,True
pilot7,1740607398365,True
pilot7,1740607458582,True
pilot7,1740607508898,True
pilot7,1740607569161,True
pilot7,1740607629404,True
pilot7,1740607689625,True
pilot7,1740607739909,True
pilot7,1740607800140,True
pilot7,1740607850404,True
pilot7,1740607905031,True
pilot7,1740607955459,True
pilot7,1740528040496,True
pilot7,1740528100789,True
pilot7,1740528161050,True
pilot7,1740528211306,True
pilot7,1740528271518,True
pilot7,1740528331752,True
pilot7,1740528391976,True
pilot7,1740528442283,True
pilot7,1740528502573,True
pilot7,1740528562840,True
pilot7,1740528623060,False
pilot7,1740528683349,False
pilot7,1740528733750,False
pilot7,1740528794012,False
pilot7,1740528844331,False
pilot7,1740528904563,False
pilot7,1740528964798,False
pilot7,1740529020065,False
pilot7,1740529074946,False
pilot7,1740529135174,False
pilot7,1740529135459,False
pilot7,1740529195558,False
pilot7,1740529195837,False
pilot7,1740529246160,False
pilot7,1740529306481,False
pilot7,1740529366738,False
pilot7,1740529426972,False
pilot7,1740529487272,False
pilot7,1740529547752,False
pilot7,1740529608074,False
pilot7,1740529658375,False
pilot7,1740529718640,False
pilot7,1740529768886,False
pilot7,1740529829151,False
pilot7,1740529879410,False
pilot7,1740529939651,False
pilot7,1740529989934,False
pilot7,1740530050154,False
pilot7,1740530100417,False
pilot7,1740530159707,False
pilot7,1740530209971,False
pilot7,1740530270253,False
pilot7,1740530320659,False
pilot7,1740530380900,False
pilot7,1740530431284,False
pilot7,1740530491557,False
pilot7,1740530541824,False
pilot7,1740530601985,False
pilot7,1740530652220,False
pilot7,1740530712398,False
pilot7,1740530762684,False
pilot7,1740530822411,False
pilot7,1740530872762,False
pilot7,1740530933008,False
pilot7,1740530983300,False
pilot7,1740531043740,False
pilot7,1740531093955,False
pilot7,1740531154414,False
pilot7,1740531204630,False
pilot7,1740531264925,False
pilot7,1740531315134,False
pilot7,1740531375351,False
pilot7,1740531425551,False
pilot7,1740531485210,False
pilot7,1740531535493,False
pilot7,1740531595755,False
pilot7,1740546008050,False
pilot7,1740546058424,False
pilot7,1740546118738,False
pilot7,1740546169105,False
pilot7,1740546229340,False
pilot7,1740546279742,False
pilot7,1740546340038,False
pilot7,1740546390388,False
pilot7,1740546450672,False
pilot7,1740546500988,False
pilot7,1740546561229,False
pilot7,1740546611550,False
pilot7,1740546670991,False
pilot7,1740546721288,False
pilot7,1740546781546,False
pilot7,1740546831915,False
pilot7,1740546892148,False
pilot7,1740546942372,False
pilot7,1740547002628,False
pilot7,1740547052960,False
pilot7,1740547113164,False
pilot7,1740547163553,False
pilot7,1740547223750,False
pilot7,1740547274131,False
pilot7,1740547334012,False
pilot7,1740547384376,False
pilot7,1740547444837,False
pilot7,1740547495094,False
pilot7,1740547555352,False
pilot7,1740547605651,False
pilot7,1740547665889,False
pilot7,1740547716179,False
pilot7,1740547776422,False
pilot7,1740547826741,False
pilot7,1740547886996,False
pilot7,1740547937234,False
pilot7,1740547997003,False
pilot7,1740548047364,False
pilot7,1740548107630,False
pilot7,1740548158037,False
pilot7,1740548218264,False
pilot7,1740548268567,False
pilot7,1740548328793,False
pilot7,1740548379114,False
pilot7,1740548439400,False
pilot7,1740548489742,False
pilot7,1740548549951,False
pilot7,1740548600270,False
pilot7,1740548660139,False
pilot7,1740548710426,False
pilot7,1740548770700,False
pilot7,1740548821009,False
pilot7,1740548881301,False
pilot7,1740548931704,False
pilot7,1740548992022,False
pilot7,1740549042279,False
pilot7,1740549102576,False
pilot7,1740549152926,False
pilot7,1740549213217,False
pilot7,1740549263434,False
pilot7,1740549323175,False
pilot7,1740549373573,False
pilot7,1740549433851,False
pilot7,1740549484196,False
pilot7,1740549544418,False
pilot7,1740549594843,False
pilot7,1740596455832,False
pilot7,1740596515997,False
pilot7,1740596516281,False
pilot7,1740596576332,False
pilot7,1740596576672,False
pilot7,1740596636631,False
pilot7,1740596696843,False
pilot7,1740596697141,False
pilot7,1740596757094,True
pilot7,1740596817320,True
pilot7,1740596817655,True
pilot7,1740596877541,True
pilot7,1740596927866,True
pilot7,1740596988191,False
pilot7,1740597038513,False
pilot7,1740597098825,False
pilot7,1740597149121,False
pilot7,1740597209401,False
pilot7,1740597269665,False
pilot7,1740597329920,False
pilot7,1740597380302,False
pilot7,1740597440613,False
pilot7,1740597490922,False
pilot7,1740597551143,False
pilot7,1740597611358,False
pilot7,1740597671555,False
pilot7,1740597721803,False
pilot7,1740597781509,False
pilot7,1740597831861,False
pilot7,1740597892110,False
pilot7,1740597942447,False
pilot7,1740598002637,False
pilot7,1740598053024,False
pilot7,1740598113278,False
pilot7,1740598163713,False
pilot7,1740598223928,False
pilot7,1740598284155,False
pilot7,1740598344427,False
pilot7,1740598404637,False
pilot7,1740598464848,False
pilot7,1740598515155,False
pilot7,1740598575369,False
pilot7,1740598625686,False
pilot7,1740598685514,False
pilot7,1740598735906,False
pilot7,1740598796172,False
pilot7,1740598846505,False
pilot7,1740598906833,True
pilot7,1740598957122,True
pilot7,1740599017302,False
pilot7,1740599067589,False
pilot7,1740599127789,False
pilot7,1740599178111,False
pilot7,1740599238322,False
pilot7,1740599288363,False
pilot7,1740599289007,False
pilot7,1740599348619,False
pilot7,1740599398950,False
pilot7,1740599459279,False
pilot7,1740599509587,False
pilot7,1740599569852,False
pilot7,1740599620176,False
pilot7,1740599680424,False
pilot7,1740599740649,False
pilot7,1740599800914,False
pilot7,1740599851241,False
pilot7,1740599911552,False
pilot7,1740599961910,False
pilot7,1740600022181,False
pilot7,1740600082403,False
pilot7,1740600142709,False
pilot7,1740600193021,False
pilot7,1740600252717,False
pilot7,1740600303050,False
pilot7,1740600363342,False
pilot7,1740600413677,False
pilot7,1740600473955,False
pilot7,1740600524259,False
pilot7,1740600584552,False
pilot7,1740600644741,False
pilot7,1740600704954,False
pilot7,1740600755284,False
pilot7,1740600815594,False
pilot7,1740600865927,False
pilot7,1740600926149,False
pilot7,1740600976412,False
pilot7,1740601036222,True
pilot7,1740601086539,False
pilot7,1740601146856,False
pilot7,1740601197313,True
pilot7,1740601257556,True
pilot7,1740601307804,True
pilot7,1740601368087,False
pilot7,1740601428414,False
pilot7,1740601488647,False
pilot7,1740601548899,False
pilot7,1740601599196,False
pilot7,1740601659435,False
pilot7,1740601709720,False
pilot7,1740601770011,False
pilot7,1740601830240,False
pilot7,1740601890505,False
pilot7,1740601940830,False
pilot7,1740602000492,False
pilot7,1740602050928,False
pilot7,1740602111219,False
pilot7,1740602171550,True
pilot7,1740602231843,True
pilot7,1740602292079,False
pilot7,1740602352389,False
pilot7,1740602402723,False
pilot7,1740602462973,False
pilot7,1740602513302,False
pilot7,1740602573558,False
pilot7,1740602623885,False
pilot7,1740602684204,False
pilot7,1740602734551,False
pilot7,1740602794810,False
pilot7,1740602845120,False
pilot7,1740602904430,True
pilot7,1740602954819,True
pilot7,1740603014972,True
pilot7,1740603075241,True
pilot7,1740603135593,True
pilot7,1740603195895,True
pilot7,1740603254961,True
pilot7,1740603315283,True
pilot7,1740603375539,True
pilot7,1740603435763,True
pilot7,1740603486057,True
pilot7,1740603546315,False
pilot7,1740603596688,False
pilot7,1740744046309,True
pilot7,1740744106511,True
pilot7,1740744166833,True
pilot7,1740744217222,True
pilot7,1740744277442,True
pilot7,1740744327750,True
pilot7,1740744387989,True
pilot7,1740744438372,True
pilot7,1740744498655,True
pilot7,1740744549007,True
pilot7,1740744609353,True
pilot7,1740744669662,True
pilot7,1740744729944,True
pilot7,1740744780196,True
pilot7,1740744839634,True
pilot7,1740744899781,True
pilot7,1740744900055,True
pilot7,1740744960129,True
pilot7,1740744960442,True
pilot7,1740745010746,True
pilot7,1740745070954,True
pilot7,1740745121132,True
pilot7,1740745181404,True
pilot7,1740745231605,True
pilot7,1740745291890,True
pilot7,1740745342124,True
pilot7,1740745402315,True
pilot7,1740745452600,True
pilot7,1740745512720,True
pilot7,1740745562965,True
pilot7,1740745622701,True
pilot7,1740745682986,True
pilot7,1740745683220,True
pilot7,1740745743229,True
pilot7,1740745743588,True
pilot7,1740745793832,True
pilot7,1740745854080,True
pilot7,1740745904358,True
pilot7,1740745964608,True
pilot7,1740746014856,True
pilot7,1740746075166,True
pilot7,1740746125444,True
pilot7,1740746185623,True
pilot7,1740746236001,True
pilot7,1740746287450,True
pilot7,1740746341025,True
pilot7,1740746401351,True
pilot7,1740746451648,True
pilot7,1740746511801,True
pilot7,1740746562114,True
pilot7,1740746622368,True
pilot7,1740746686956,True
pilot7,1740746747181,True
pilot7,1740746747408,True
pilot7,1740746807396,True
pilot7,1740746857707,True
pilot7,1740746917933,True
pilot7,1740746978252,True
pilot7,1740747038140,True
pilot7,1740747098333,True
pilot7,1740747158587,True
pilot7,1740747218872,True
pilot7,1740747269234,True
pilot7,1740747326246,True
pilot7,1740747386467,True
pilot7,1740747386690,True
pilot7,1740747441535,True
pilot7,1740747501834,True
pilot7,1740747562060,True
pilot7,1740747622398,False
pilot7,1740747672688,False
pilot7,1740747732951,False
pilot7,1740747793245,False
pilot7,1740747853524,False
pilot7,1740747913755,False
pilot7,1740747973987,False
pilot7,1740748024265,False
pilot7,1740748084519,False
pilot7,1740748134813,False
pilot7,1740748195060,False
pilot7,1740748245353,False
pilot7,1740748305622,False
pilot7,1740748365838,False
pilot7,1740748416286,True
pilot7,1740748471398,True
pilot7,1740748521750,True
pilot7,1740748582016,True
pilot7,1740748632269,True
pilot7,1740748692449,True
pilot7,1740748742697,False
pilot7,1740748802980,False
pilot7,1740748863267,False
pilot7,1740748923554,True
pilot7,1740748983765,True
pilot7,1740749043995,True
pilot7,1740749104250,True
pilot7,1740749164509,True
pilot7,1740749224746,True
pilot7,1740749275030,True
pilot7,1740749335299,True
pilot7,1740749395529,True
pilot7,1740749455761,True
pilot7,1740749516014,True
pilot7,1740749570125,True
pilot7,1740749630389,True
pilot7,1740749680636,True
pilot7,1740749736433,True
pilot7,1740749796705,True
pilot7,1740749797046,True
pilot7,1740749849328,True
pilot7,1740749909606,True
pilot7,1740749969884,True
pilot7,1740750024007,True
pilot7,1740750084270,True
pilot7,1740750134555,True
pilot7,1740750194816,True
pilot7,1740750245088,True
pilot7,1740750305380,True
pilot7,1740750355658,True
pilot7,1740750415828,True
pilot7,1740750466085,True
pilot7,1740750519548,True
pilot7,1740750571143,True
pilot7,1740750631440,True
pilot7,1740750681779,True
pilot7,1740750742015,True
pilot7,1740750802243,True
pilot7,1740750862505,True
pilot7,1740750912769,True
pilot7,1740750973019,True
pilot7,1740751033267,True
pilot7,1740751093531,True
pilot7,1740751143801,True
pilot7,1740742912106,True
pilot7,1740742962338,True
pilot7,1740743022613,True
pilot7,1740743082904,True
pilot7,1740743143204,True
pilot7,1740743193443,True
pilot7,1740743253679,False
pilot7,1740743303962,True
pilot7,1740743364238,True
pilot7,1740743414468,True
pilot7,1740743474670,True
pilot7,1740743534925,True
pilot7,1740743595113,True
pilot7,1740743645405,True
pilot7,1740743705644,True
pilot7,1740743755880,True
pilot7,1740743815459,True
pilot7,1740743875741,True
pilot7,1740743876016,True
pilot7,1740743935900,True
pilot7,1740743986121,True
pilot7,1740499209942,True
pilot7,1740499261600,True
pilot7,1740499314703,True
pilot7,1740499374957,True
pilot7,1740499425265,True
pilot7,1740499485509,True
pilot7,1740499535816,True
pilot7,1740499596023,True
pilot7,1740499656278,True
pilot7,1740499708479,True
pilot7,1740499768702,True
pilot7,1740499818964,True
pilot7,1740499879166,True
pilot7,1740499929421,True
pilot7,1740499984275,True
pilot7,1740500044458,True
pilot7,1740500044738,True
pilot7,1740500095488,True
pilot7,1740500155740,True
pilot7,1740500206039,True
pilot7,1740500266238,True
pilot7,1740500316517,True
pilot7,1740500376726,True
pilot7,1740500426974,True
pilot7,1740500487200,True
pilot7,1740500537516,True
pilot7,1740500597696,True
pilot7,1740500647945,True
pilot7,1740500706991,True
pilot7,1740500757256,True
pilot7,1740500817495,True
pilot7,1740500867733,True
pilot7,1740500927971,True
pilot7,1740500978238,True
pilot7,1740501038490,True
pilot7,1740501088747,True
pilot7,1740501148955,True
pilot7,1740501199204,True
pilot7,1740501259403,False
pilot7,1740501309624,False
pilot7,1740501369436,False
pilot7,1740501419708,False
pilot7,1740501479929,False
pilot7,1740501540177,False
pilot7,1740501600399,False
pilot7,1740501650713,False
pilot7,1740501710955,False
pilot7,1740501761227,False
pilot7,1740501821430,False
pilot7,1740501881633,False
pilot7,1740501941853,False
pilot7,1740501992134,False
pilot7,1740502052370,False
pilot7,1740502102614,False
pilot7,1740502162831,False
pilot7,1740502213087,False
pilot7,1740502272773,True
pilot7,1740502323021,True
pilot7,1740502383267,True
pilot7,1740502433707,True
pilot7,1740502494097,True
pilot7,1740502544292,True
pilot7,1740502604504,False
pilot7,1740502654809,True
pilot7,1740502714988,False
pilot7,1740502775284,True
pilot7,1740502835494,True
pilot7,1740502892432,True
pilot7,1740502952655,True
pilot7,1740503002934,True
pilot7,1740503055782,True
pilot7,1740503107953,True
pilot7,1740503168217,True
pilot7,1740503218480,True
pilot7,1740503278704,True
pilot7,1740503338938,True
pilot7,1740503391142,True
pilot7,1740503451315,True
pilot7,1740503501544,True
pilot7,1740503561732,True
pilot7,1740503621939,True
pilot7,1740503674554,True
pilot7,1740503734741,True
pilot7,1740503784971,True
pilot7,1740503838621,True
pilot7,1740503890010,True
pilot7,1740503950212,True
pilot7,1740504000462,True
pilot7,1740504060643,True
pilot7,1740504110999,True
pilot7,1740504171184,True
pilot7,1740504221417,True
pilot7,1740504281633,True
pilot7,1740504331853,True
pilot7,1740504392079,True
pilot7,1740504442348,True
pilot7,1740504500807,True
pilot7,1740504551038,True
pilot7,1740504611287,True
pilot7,1740504661528,True
pilot7,1740504721754,True
pilot7,1740504772047,True
pilot7,1740504832303,True
pilot7,1740504882560,True
pilot7,1740504942800,True
pilot7,1740504993046,True
pilot7,1740505053342,True
pilot7,1740505103536,True
pilot7,1740505163263,True
pilot7,1740505213575,True
pilot7,1740505273730,True
pilot7,1740505323996,True
pilot7,1740505384257,True
pilot7,1740505434531,True
pilot7,1740505494785,True
pilot7,1740505545082,True
pilot7,1740505605359,True
pilot7,1740505655622,False
pilot7,1740505715861,False
pilot7,1740505766091,False
pilot7,1740505826052,True
pilot7,1740505886206,True
pilot7,1740505886677,True
pilot7,1740505936989,False
pilot7,1740505997211,False
pilot7,1740506047535,False
pilot7,1740506107804,True
pilot7,1740506167998,True
pilot7,1740506228230,True
pilot7,1740506288438,True
pilot7,1740506348687,True
pilot7,1740489504662,True
pilot7,1740489564878,True
pilot7,1740489565179,True
pilot7,1740489625173,True
pilot7,1740489625475,True
pilot7,1740489685391,True
pilot7,1740489745589,True
pilot7,1740489745867,True
pilot7,1740489805782,True
pilot7,1740489866042,True
pilot7,1740489866326,True
pilot7,1740489916687,True
pilot7,1740489976944,True
pilot7,1740490027223,True
pilot7,1740490087515,True
pilot7,1740490137754,True
pilot7,1740490198040,True
pilot7,1740490248342,True
pilot7,1740490308623,True
pilot7,1740490358861,True
pilot7,1740490419091,True
pilot7,1740490469310,True
pilot7,1740490528606,True
pilot7,1740490578948,False
pilot7,1740490639226,False
pilot7,1740490689545,False
pilot7,1740490749841,True
pilot7,1740490800082,False
pilot7,1740490860317,False
pilot7,1740490910586,False
pilot7,1740490970868,False
pilot7,1740491031153,False
pilot7,1740491083741,False
pilot7,1740491143940,False
pilot7,1740491194204,False
pilot7,1740491251146,False
pilot7,1740491301414,False
pilot7,1740491361636,False
pilot7,1740491411944,True
pilot7,1740491472207,False
pilot7,1740491522444,False
pilot7,1740491582684,False
pilot7,1740491632933,True
pilot7,1740491693146,True
pilot7,1740491743429,True
pilot7,1740491803627,True
pilot7,1740491854198,True
pilot7,1740491913788,True
pilot7,1740491974091,True
pilot7,1740491974377,True
pilot7,1740517224379,True
pilot7,1740517284583,False
pilot7,1740517334837,False
pilot7,1740517384901,False
pilot7,1740517439924,False
pilot7,1740517500195,False
pilot7,1740517550655,False
pilot7,1740517610901,True
pilot7,1740517661132,True
pilot7,1740517721341,True
pilot7,1740517771614,True
pilot7,1740517831817,True
pilot7,1740517882036,True
pilot7,1740517942246,True
pilot7,1740517992486,True
pilot7,1740518047470,True
pilot7,1740518097728,True
pilot7,1740518157972,False
pilot7,1740518208350,False
pilot7,1740518268613,False
pilot7,1740518318888,False
pilot7,1740518379249,True
pilot7,1740518429557,True
pilot7,1740518489806,True
pilot7,1740518540092,True
pilot7,1740518600286,True
pilot7,1740518650517,True
pilot7,1740518710268,True
pilot7,1740518760513,True
pilot7,1740518820828,True
pilot7,1740518881081,True
pilot7,1740518939112,True
pilot7,1740518999393,True
pilot7,1740519049737,True
pilot7,1740519109965,True
pilot7,1740519170169,True
pilot7,1740519230425,True
pilot7,1740519280686,True
pilot7,1740519340867,True
pilot7,1740519391112,True
pilot7,1740519451321,True
pilot7,1740519501570,True
pilot7,1740519553575,True
pilot7,1740519613785,True
pilot7,1740519614148,True
pilot7,1740519674123,True
pilot7,1740519724465,True
pilot7,1740519784775,False
pilot7,1740519835097,False
pilot7,1740519895356,False
pilot7,1740519945643,True
pilot7,1740520005882,True
pilot7,1740520056153,True
pilot7,1740520116384,True
pilot7,1740520166687,True
pilot7,1740520226869,True
pilot7,1740520277313,True
pilot7,1740520337093,True
pilot7,1740520387395,True
pilot7,1740520447640,True
pilot7,1740520497931,True
pilot7,1740520558207,True
pilot7,1740520608518,True
pilot7,1740520668708,True
pilot7,1740520718968,True
pilot7,1740520779156,False
pilot7,1740495628312,True
pilot7,1740495678594,True
pilot7,1740495738882,True
pilot7,1740495799102,True
pilot7,1740495851330,True
pilot7,1740495911566,True
pilot7,1740495961853,True
pilot7,1740496022157,True
pilot7,1740496082449,True
pilot7,1740496135301,True
pilot7,1740496189987,False
pilot7,1740496240320,False
pilot7,1740496300623,False
pilot7,1740496350885,False
pilot7,1740496411069,False
pilot7,1740496471382,True
pilot7,1740496531674,True
pilot7,1740496591870,True
pilot7,1740496652063,True
pilot7,1740496712324,True
pilot7,1740496772548,True
pilot7,1740496832751,True
pilot7,1740496883058,True
pilot7,1740496943223,True
pilot7,1740496993509,False
pilot7,1740497053709,False
pilot7,1740497103965,False
pilot7,1740497164192,False
pilot7,1740497214402,False
pilot7,1740497274103,False
pilot7,1740497334428,True
pilot7,1740497334744,True
pilot7,1740497394646,True
pilot7,1740497444995,True
pilot7,1740497505275,False
pilot7,1740497555540,True
pilot7,1740497615778,True
pilot7,1740497666029,True
pilot7,1740497726267,True
pilot7,1740497776567,True
pilot7,1740497836834,True
pilot7,1740497897084,True
pilot7,1740497950343,False
pilot7,1740498010553,False
pilot7,1740498060817,False
pilot7,1740498117410,True
pilot7,1740498177678,True
pilot7,1740498177955,True
pilot7,1740498229376,True
pilot7,1740498289623,True
pilot7,1740498339953,True
pilot7,1740498400290,True
pilot7,1740498460536,True
pilot7,1740498514050,True
pilot7,1740498574259,True
pilot7,1740498634566,False
pilot7,1740498694752,True
pilot7,1740498753174,True
pilot7,1740498813471,True
pilot7,1740498873724,True
pilot7,1740498926158,True
pilot7,1740498986353,True
pilot7,1740499036631,True
pilot7,1740499096817,True
pilot7,1740499157069,True
pilot7,1740524415486,False
pilot7,1740524476058,True
pilot7,1740524526459,True
pilot7,1740524586759,False
pilot7,1740524637148,False
pilot7,1740524697441,False
pilot7,1740524757649,False
pilot7,1740524817922,False
pilot7,1740524868246,False
pilot7,1740524928555,False
pilot7,1740524978806,False
pilot7,1740525037953,False
pilot7,1740525088282,False
pilot7,1740525148581,False
pilot7,1740525198842,False
pilot7,1740525259139,False
pilot7,1740525309425,False
pilot7,1740525369678,False
pilot7,1740525419979,True
pilot7,1740525480215,False
pilot7,1740525530595,False
pilot7,1740525590769,False
pilot7,1740525650955,False
pilot7,1740525711192,False
pilot7,1740525761446,False
pilot7,1740525821304,False
pilot7,1740525871595,False
pilot7,1740525931846,False
pilot7,1740525982196,False
pilot7,1740526042500,False
pilot7,1740526092763,False
pilot7,1740526153005,True
pilot7,1740526203332,False
pilot7,1740526263587,False
pilot7,1740526313937,True
pilot7,1740526374101,True
pilot7,1740526424364,True
pilot7,1740526483970,False
pilot7,1740526534330,True
pilot7,1740526594577,True
pilot7,1740526644793,True
pilot7,1740526705068,True
pilot7,1740526755350,True
pilot7,1740526815632,False
pilot7,1740526865936,True
pilot7,1740526926161,True
pilot7,1740526976483,True
pilot7,1740527036717,True
pilot7,1740527086923,False
pilot7,1740527146761,True
pilot7,1740527197105,True
pilot7,1740527257382,True
pilot7,1740527307616,True
pilot7,1740527367905,True
pilot7,1740527418259,False
pilot7,1740527478475,False
pilot7,1740527528770,True
pilot7,1740527589087,True
pilot7,1740527649341,False
pilot7,1740527699674,True
pilot7,1740527759875,True
pilot7,1740527810116,True
pilot7,1740527869701,True
pilot7,1740527920023,True
pilot7,1740527980200,True
pilot7,1740492026300,True
pilot7,1740492086589,True
pilot7,1740492136897,True
pilot7,1740492197163,False
pilot7,1740492247417,False
pilot7,1740492307670,False
pilot7,1740492367913,False
pilot7,1740492428131,False
pilot7,1740492478472,False
pilot7,1740492538736,False
pilot7,1740492588991,False
pilot7,1740492649195,False
pilot7,1740492699443,False
pilot7,1740492757018,False
pilot7,1740492807265,False
pilot7,1740492867456,False
pilot7,1740492917723,True
pilot7,1740492977942,False
pilot7,1740493028185,False
pilot7,1740493088456,False
pilot7,1740493148688,False
pilot7,1740493202194,False
pilot7,1740493262380,False
pilot7,1740493312616,False
pilot7,1740493372811,False
pilot7,1740493423060,False
pilot7,1740493479960,False
pilot7,1740493530286,False
pilot7,1740493590541,False
pilot7,1740493640802,False
pilot7,1740493700995,False
pilot7,1740493751250,False
pilot7,1740493811491,False
pilot7,1740493871694,False
pilot7,1740493927752,False
pilot7,1740493988013,False
pilot7,1740494038228,False
pilot7,1740494098515,True
pilot7,1740494158721,True
pilot7,1740494218983,True
pilot7,1740494269264,True
pilot7,1740494322948,True
pilot7,1740494374316,True
pilot7,1740494434583,True
pilot7,1740494484744,True
pilot7,1740494545013,True
pilot7,1740494595307,True
pilot7,1740494655607,True
pilot7,1740494705898,True
pilot7,1740494766152,True
pilot7,1740494816437,True
pilot7,1740494876626,True
pilot7,1740494926838,True
pilot7,1740494985544,False
pilot7,1740495035858,False
pilot7,1740495096098,False
pilot7,1740495156289,False
pilot7,1740495216558,True
pilot7,1740495276819,True
pilot7,1740495337044,True
pilot7,1740495397286,True
pilot7,1740495457520,True
pilot7,1740495517787,True
pilot7,1740495568028,True
pilot7,1740506408975,False
pilot7,1740506461302,False
pilot7,1740506521581,True
pilot7,1740506571852,True
pilot7,1740506632087,True
pilot7,1740506682356,True
pilot7,1740506742579,False
pilot7,1740506802743,False
pilot7,1740506862981,False
pilot7,1740506913169,False
pilot7,1740506970047,False
pilot7,1740507030273,False
pilot7,1740507030542,False
pilot7,1740507090520,False
pilot7,1740507140910,False
pilot7,1740507201146,False
pilot7,1740507251426,False
pilot7,1740507311617,False
pilot7,1740507371830,False
pilot7,1740507432052,False
pilot7,1740507482337,False
pilot7,1740507542527,False
pilot7,1740507592817,False
pilot7,1740507653042,False
pilot7,1740507703330,False
pilot7,1740507763502,False
pilot7,1740507813714,False
pilot7,1740507873537,False
pilot7,1740507933823,False
pilot7,1740507934293,False
pilot7,1740507994104,True
pilot7,1740508044381,True
pilot7,1740508104659,False
pilot7,1740508154989,False
pilot7,1740508215238,False
pilot7,1740508265554,True
pilot7,1740508325846,True
pilot7,1740508376159,True
pilot7,1740508436405,False
pilot7,1740508486684,False
pilot7,1740508546895,False
pilot7,1740508597136,False
pilot7,1740508656723,False
pilot7,1740508707025,False
pilot7,1740508767300,False
pilot7,1740508817610,False
pilot7,1740508877927,False
pilot7,1740508928266,False
pilot7,1740508988519,False
pilot7,1740509038883,False
pilot7,1740509099120,False
pilot7,1740509149398,False
pilot7,1740509209618,False
pilot7,1740509259862,False
pilot7,1740509319286,False
pilot7,1740509369663,False
pilot7,1740509430371,False
pilot7,1740509480602,False
pilot7,1740509540788,False
pilot7,1740509591138,False
pilot7,1740509651375,False
pilot7,1740509701635,False
pilot7,1740509761864,False
pilot7,1740509812124,False
pilot7,1740509872377,False
pilot7,1740509922677,False
pilot7,1740509973244,False
pilot7,1740520829426,False
pilot7,1740520889655,True
pilot7,1740520940044,True
pilot7,1740520999888,True
pilot7,1740521050283,True
pilot7,1740521110543,True
pilot7,1740521161013,True
pilot7,1740521221178,False
pilot7,1740521271492,False
pilot7,1740521331702,False
pilot7,1740521391999,False
pilot7,1740521452190,False
pilot7,1740521502457,False
pilot7,1740521562669,False
pilot7,1740521612928,False
pilot7,1740521673142,False
pilot7,1740521723331,False
pilot7,1740521783209,False
pilot7,1740521833562,False
pilot7,1740521893833,False
pilot7,1740521944159,False
pilot7,1740522004386,False
pilot7,1740522064644,False
pilot7,1740522124885,False
pilot7,1740522175268,False
pilot7,1740522235528,True
pilot7,1740522285785,True
pilot7,1740522346008,True
pilot7,1740522406263,True
pilot7,1740522466549,True
pilot7,1740522516843,True
pilot7,1740522577116,False
pilot7,1740522627361,False
pilot7,1740522686801,False
pilot7,1740522737170,False
pilot7,1740522797477,False
pilot7,1740522847837,False
pilot7,1740522908128,True
pilot7,1740522968416,False
pilot7,1740523028699,True
pilot7,1740523078905,False
pilot7,1740523139237,False
pilot7,1740523189530,False
pilot7,1740523249727,False
pilot7,1740523299975,False
pilot7,1740523360173,False
pilot7,1740523410230,False
pilot7,1740523410779,False
pilot7,1740523470546,False
pilot7,1740523520845,False
pilot7,1740523581125,False
pilot7,1740523631409,False
pilot7,1740523691719,True
pilot7,1740523742031,False
pilot7,1740523802313,False
pilot7,1740523862595,False
pilot7,1740523922843,False
pilot7,1740523973146,False
pilot7,1740524033416,False
pilot7,1740524083694,False
pilot7,1740524143951,False
pilot7,1740524194204,True
pilot7,1740524194920,True
pilot7,1740524254294,True
pilot7,1740524304763,True
pilot7,1740524365084,False
pilot7,1740510027837,False
pilot7,1740510088102,False
pilot7,1740510138393,False
pilot7,1740510198666,False
pilot7,1740510248910,False
pilot7,1740510309203,False
pilot7,1740510359515,False
pilot7,1740510419909,False
pilot7,1740510470190,False
pilot7,1740510530411,False
pilot7,1740510580747,False
pilot7,1740510636248,False
pilot7,1740510686663,False
pilot7,1740510746957,False
pilot7,1740510797266,False
pilot7,1740510857608,False
pilot7,1740510907977,False
pilot7,1740510968220,False
pilot7,1740511018572,True
pilot7,1740511079033,True
pilot7,1740511129428,True
pilot7,1740511189652,True
pilot7,1740511239888,True
pilot7,1740511299450,False
pilot7,1740511349754,True
pilot7,1740511410111,True
pilot7,1740511460382,True
pilot7,1740511520644,True
pilot7,1740511570882,True
pilot7,1740511631157,True
pilot7,1740511681416,True
pilot7,1740511741643,True
pilot7,1740511791868,True
pilot7,1740511852063,False
pilot7,1740511902284,False
pilot7,1740511962152,False
pilot7,1740512012433,False
pilot7,1740512072725,False
pilot7,1740512132945,False
pilot7,1740512193200,True
pilot7,1740512253440,False
pilot7,1740512312527,True
pilot7,1740512372765,True
pilot7,1740512423023,True
pilot7,1740512483254,True
pilot7,1740512533526,True
pilot7,1740512593791,True
pilot7,1740512654037,True
pilot7,1740512714249,True
pilot7,1740512774489,True
pilot7,1740512834780,True
pilot7,1740512894987,True
pilot7,1740512955186,True
pilot7,1740513015431,True
pilot7,1740513075655,True
pilot7,1740513125949,True
pilot7,1740513186155,True
pilot7,1740513236434,True
pilot7,1740513287355,True
pilot7,1740513341544,True
pilot7,1740513401788,True
pilot7,1740513462093,True
pilot7,1740513522335,True
pilot7,1740513582606,True
pilot7,1740513642900,True
pilot7,1740513693208,True
pilot7,1740513753476,True
pilot7,1740513813734,True
pilot7,1740513873965,True
pilot7,1740513934172,True
pilot7,1740513994380,True
pilot7,1740514044718,True
pilot7,1740514105015,True
pilot7,1740514165287,True
pilot7,1740514225030,True
pilot7,1740514285336,True
pilot7,1740514345614,True
pilot7,1740514405874,True
pilot7,1740514466068,True
pilot7,1740514526272,True
pilot7,1740514586527,True
pilot7,1740514636938,True
pilot7,1740514697181,True
pilot7,1740514757406,True
pilot7,1740514809940,True
pilot7,1740514870162,True
pilot7,1740514930453,False
pilot7,1740514990732,True
pilot7,1740515040975,False
pilot7,1740515095021,False
pilot7,1740515155276,False
pilot7,1740515155629,False
pilot7,1740515215205,False
pilot7,1740515215915,False
pilot7,1740515275993,False
pilot7,1740515276349,False
pilot7,1740515336195,False
pilot7,1740515396473,False
pilot7,1740515396809,False
pilot7,1740515447198,False
pilot7,1740515507436,False
pilot7,1740515567712,False
pilot7,1740515620727,False
pilot7,1740515680885,False
pilot7,1740515741084,False
pilot7,1740515801306,False
pilot7,1740515851569,False
pilot7,1740515911792,False
pilot7,1740515972038,False
pilot7,1740516032227,False
pilot7,1740516092495,True
pilot7,1740516142768,True
pilot7,1740516202987,True
pilot7,1740516253284,True
pilot7,1740516313478,True
pilot7,1740516373735,True
pilot7,1740516423971,True
pilot7,1740516481357,True
pilot7,1740516541420,True
pilot7,1740516541895,True
pilot7,1740516601699,True
pilot7,1740516652018,True
pilot7,1740516712282,True
pilot7,1740516762517,True
pilot7,1740516822758,True
pilot7,1740516872992,True
pilot7,1740516933189,True
pilot7,1740516993410,True
pilot7,1740517053722,True
pilot7,1740517113922,True
pilot7,1740517174139,True
pilot8,1741230858098,False
pilot8,1741231758125,False
pilot8,1741232658127,False
pilot8,1741233558021,False
pilot8,1741277018015,False
pilot8,1741277358739,False
pilot8,1741277658627,False
pilot8,1741277778790,False
pilot8,1741277958671,False
pilot8,1741278023905,False
pilot8,1741278257714,False
pilot8,1741278557790,False
pilot8,1741278558208,False
pilot8,1741278858670,False
pilot8,1741279158665,False
pilot8,1741279458714,False
pilot8,1741279579945,False
pilot8,1741279757658,False
pilot8,1741280045046,False
pilot8,1741280287540,False
pilot8,1741280357701,False
pilot8,1741233696202,False
pilot8,1741234458042,False
pilot8,1741234742081,False
pilot8,1741235305063,False
pilot8,1741236258238,False
pilot8,1741236258595,False
pilot8,1741237158023,False
pilot8,1741237159011,False
pilot8,1741259058879,False
pilot8,1741259259299,False
pilot8,1741259357853,False
pilot8,1741259657793,False
pilot8,1741259958883,False
pilot8,1741260218417,False
pilot8,1741260558806,False
pilot8,1741260857810,False
pilot8,1741261158046,False
pilot8,1741261158455,False
pilot8,1741261458826,False
pilot8,1741261758805,False
pilot8,1741261999332,False
pilot8,1741262057830,False
pilot8,1741262301410,False
pilot8,1741226488022,False
pilot8,1741227258334,False
pilot8,1741227258690,False
pilot8,1741228158096,False
pilot8,1741229058127,False
pilot8,1741229958160,False
pilot8,1741229959161,False
pilot8,1741255458924,False
pilot8,1741255758916,False
pilot8,1741255880609,False
pilot8,1741256058922,False
pilot8,1741256300525,False
pilot8,1741256631186,False
pilot8,1741256958901,False
pilot8,1741257258865,False
pilot8,1741257374696,False
pilot8,1741257557827,False
pilot8,1741257679074,False
pilot8,1741257858821,False
pilot8,1741257950496,False
pilot8,1741258157864,False
pilot8,1741258458959,False
pilot8,1741258459408,False
pilot8,1741258758810,False
pilot8,1741262658776,False
pilot8,1741262766937,False
pilot8,1741262767822,False
pilot8,1741262958825,False
pilot8,1741263081754,False
pilot8,1741263257905,False
pilot8,1741263557887,False
pilot8,1741263858784,False
pilot8,1741264157781,False
pilot8,1741264399566,False
pilot8,1741264579214,False
pilot8,1741264757808,False
pilot8,1741264927836,False
pilot8,1741265058811,False
pilot8,1741265357884,False
pilot8,1741265358311,False
pilot8,1741265658877,False
pilot8,1741265844077,False
pilot8,1741265964912,False
pilot8,1741248005944,False
pilot8,1741248247381,False
pilot8,1741248557886,False
pilot8,1741248558214,False
pilot8,1741248799840,False
pilot8,1741249159066,False
pilot8,1741249159475,False
pilot8,1741249457936,False
pilot8,1741249759001,False
pilot8,1741249999475,False
pilot8,1741250359109,False
pilot8,1741250359484,False
pilot8,1741250658928,False
pilot8,1741250659771,False
pilot8,1741250958881,False
pilot8,1741251075230,False
pilot8,1741251257882,False
pilot8,1741251373338,False
pilot8,1741251559051,False
pilot8,1741280657743,False
pilot8,1741280957605,False
pilot8,1741281258013,False
pilot8,1741281258404,False
pilot8,1741281388745,False
pilot8,1741281558930,False
pilot8,1741281858670,False
pilot8,1741282157686,False
pilot8,1741282458633,False
pilot8,1741282590269,False
pilot8,1741282758712,False
pilot8,1741282759291,False
pilot8,1741283058575,False
pilot8,1741283183241,False
pilot8,1741283358964,False
pilot8,1741283359481,False
pilot8,1741283457996,False
pilot8,1741283657585,False
pilot8,1741283790098,False
pilot8,1741283957577,False
pilot8,1741266206119,False
pilot8,1741266558779,False
pilot8,1741266857777,False
pilot8,1741266858768,False
pilot8,1741267158886,False
pilot8,1741267440677,False
pilot8,1741267757691,False
pilot8,1741268058736,False
pilot8,1741268124516,False
pilot8,1741268357707,False
pilot8,1741268488683,False
pilot8,1741268658739,False
pilot8,1741268937362,False
pilot8,1741269258772,False
pilot8,1741269480295,False
pilot8,1741269481039,False
pilot8,1741269544773,False
pilot8,1741295058671,False
pilot8,1741295358461,False
pilot8,1741295560983,False
pilot8,1741295658553,False
pilot8,1741295797475,False
pilot8,1741295958577,False
pilot8,1741296258562,False
pilot8,1741296558519,False
pilot8,1741296858510,False
pilot8,1741296979712,False
pilot8,1741297158479,False
pilot8,1741297245384,False
pilot8,1741297418443,False
pilot8,1741297758462,False
pilot8,1741298058485,False
pilot8,1741298358449,False
pilot8,1741240820076,False
pilot8,1741241058995,False
pilot8,1741241357999,False
pilot8,1741241658006,False
pilot8,1741241659003,False
pilot8,1741241958026,False
pilot8,1741242258049,False
pilot8,1741242480409,False
pilot8,1741242557991,False
pilot8,1741242711436,False
pilot8,1741242858949,False
pilot8,1741243099949,False
pilot8,1741243457981,False
pilot8,1741243757935,False
pilot8,1741244058993,False
pilot8,1741244168915,False
pilot8,1741244357981,False
pilot8,1741273457799,False
pilot8,1741273758727,False
pilot8,1741274058763,False
pilot8,1741274164032,False
pilot8,1741274357800,False
pilot8,1741274599474,False
pilot8,1741274957736,False
pilot8,1741275258789,False
pilot8,1741275558941,False
pilot8,1741275857771,False
pilot8,1741276157667,False
pilot8,1741276398148,False
pilot8,1741276586572,False
pilot8,1741276757734,False
pilot8,1741223658186,False
pilot8,1741224558108,False
pilot8,1741225458154,False
pilot8,1741226216374,False
pilot8,1741226216883,False
pilot8,1741226286260,False
pilot8,1741226286636,False
pilot8,1741302258452,False
pilot8,1741302558396,False
pilot8,1741302759645,False
pilot8,1741302858530,False
pilot8,1741302999198,False
pilot8,1741303158387,False
pilot8,1741303400081,False
pilot8,1741303758374,False
pilot8,1741303759054,False
pilot8,1741304058449,False
pilot8,1741304357599,False
pilot8,1741304358173,False
pilot8,1741304658394,False
pilot8,1741304958396,False
pilot8,1741305199204,False
pilot8,1741305400003,False
pilot8,1741305558478,False
pilot8,1741269605848,False
pilot8,1741269758746,False
pilot8,1741269858726,False
pilot8,1741270158738,False
pilot8,1741270458749,False
pilot8,1741270581892,False
pilot8,1741270758702,False
pilot8,1741271017997,False
pilot8,1741271358765,False
pilot8,1741271657744,False
pilot8,1741271957780,False
pilot8,1741272066496,False
pilot8,1741272258689,False
pilot8,1741272500439,False
pilot8,1741272858708,False
pilot8,1741272859619,False
pilot8,1741273158742,False
pilot8,1741244508900,False
pilot8,1741244658003,False
pilot8,1741244780626,False
pilot8,1741244958965,False
pilot8,1741245254357,False
pilot8,1741245411182,False
pilot8,1741245557982,False
pilot8,1741245833042,False
pilot8,1741246158909,False
pilot8,1741246457929,False
pilot8,1741246569894,False
pilot8,1741246758937,False
pilot8,1741247058912,False
pilot8,1741247358932,False
pilot8,1741247480320,False
pilot8,1741247657925,False
pilot8,1741247848257,False
pilot8,1741247848730,False
pilot8,1741247944159,False
pilot8,1741247944514,False
pilot8,1741251800419,False
pilot8,1741252125719,False
pilot8,1741252458877,False
pilot8,1741252757914,False
pilot8,1741252879021,False
pilot8,1741253057934,False
pilot8,1741253357974,False
pilot8,1741253658911,False
pilot8,1741253659893,False
pilot8,1741253957880,False
pilot8,1741253958714,False
pilot8,1741254258903,False
pilot8,1741254379812,False
pilot8,1741254557875,False
pilot8,1741254858053,False
pilot8,1741254858493,False
pilot8,1741255157908,False
pilot8,1741284186153,False
pilot8,1741284258688,False
pilot8,1741284557657,False
pilot8,1741284858599,False
pilot8,1741285157754,False
pilot8,1741285457624,False
pilot8,1741285578405,False
pilot8,1741285757616,False
pilot8,1741286058799,False
pilot8,1741286059182,False
pilot8,1741286358763,False
pilot8,1741286359164,False
pilot8,1741286658669,False
pilot8,1741286958615,False
pilot8,1741287218962,False
pilot8,1741287411985,False
pilot8,1741287558582,False
pilot8,1741298658522,False
pilot8,1741298905793,False
pilot8,1741299258997,False
pilot8,1741299259622,False
pilot8,1741299558495,False
pilot8,1741299858462,False
pilot8,1741300157440,False
pilot8,1741300458560,False
pilot8,1741300758601,False
pilot8,1741301058448,False
pilot8,1741301358627,False
pilot8,1741301600225,False
pilot8,1741301877689,False
pilot8,1741301959130,False
pilot8,1741219458175,False
pilot8,1741219758181,False
pilot8,1741219977485,False
pilot8,1741220058169,False
pilot8,1741220179825,False
pilot8,1741220358195,False
pilot8,1741220600137,False
pilot8,1741220892836,False
pilot8,1741220982569,False
pilot8,1741221073793,False
pilot8,1741221858221,False
pilot8,1741222758307,False
pilot8,1741238058015,False
pilot8,1741238958047,False
pilot8,1741239858074,False
pilot8,1741240561123,False
pilot8,1741240758144,False
pilot8,1741240758517,False
pilot8,1741287858668,False
pilot8,1741288101291,False
pilot8,1741288458623,False
pilot8,1741288758565,False
pilot8,1741289058697,False
pilot8,1741289357547,False
pilot8,1741289487935,False
pilot8,1741289658646,False
pilot8,1741289792728,False
pilot8,1741289958578,False
pilot8,1741290258744,False
pilot8,1741290558558,False
pilot8,1741290679554,False
pilot8,1741290858586,False
pilot8,1741290994259,False
pilot8,1741291114834,False
pilot8,1741291115399,False
pilot8,1741291201646,False
pilot8,1741291322637,False
pilot8,1741291458504,False
pilot8,1741291757521,False
pilot8,1741292058791,False
pilot8,1741292358515,False
pilot8,1741292657561,False
pilot8,1741292958784,False
pilot8,1741293258586,False
pilot8,1741293395931,False
pilot8,1741293478281,False
pilot8,1741293557552,False
pilot8,1741293858685,False
pilot8,1741293859363,False
pilot8,1741294157505,False
pilot8,1741294397777,False
pilot8,1741294457545,False
pilot8,1741294458172,False
pilot8,1741294758695,False
pilot8,1741316958337,False
pilot8,1741317858267,False
pilot8,1741318181595,False
pilot8,1741318758332,False
pilot8,1741319658132,False
pilot8,1741319658542,False
pilot8,1741363327084,False
pilot8,1741363627061,False
pilot8,1741363927085,False
pilot8,1741364063974,False
pilot8,1741364233150,False
pilot8,1741364234045,False
pilot8,1741364528048,False
pilot8,1741364815251,False
pilot8,1741365127114,False
pilot8,1741365427136,False
pilot8,1741365607235,False
pilot8,1741365728075,False
pilot8,1741366028062,False
pilot8,1741366328100,False
pilot8,1741366466557,False
pilot8,1741366632154,False
pilot8,1741366632965,False
pilot8,1741320558301,False
pilot8,1741321458221,False
pilot8,1741321594274,False
pilot8,1741322358274,False
pilot8,1741322728233,False
pilot8,1741323258240,False
pilot8,1741345279448,False
pilot8,1741345459090,False
pilot8,1741345759171,False
pilot8,1741345759661,False
pilot8,1741346058218,False
pilot8,1741346359198,False
pilot8,1741346658062,False
pilot8,1741346958044,False
pilot8,1741347258047,False
pilot8,1741347379186,False
pilot8,1741347557993,False
pilot8,1741347819081,False
pilot8,1741348105681,False
pilot8,1741348457963,False
pilot8,1741348458456,False
pilot8,1741348758080,False
pilot8,1741312816529,False
pilot8,1741312816996,False
pilot8,1741313358355,False
pilot8,1741313676137,False
pilot8,1741314257924,False
pilot8,1741314906095,False
pilot8,1741315158358,False
pilot8,1741316055933,False
pilot8,1741341858105,False
pilot8,1741342158125,False
pilot8,1741342458100,False
pilot8,1741342758070,False
pilot8,1741342900036,False
pilot8,1741343058326,False
pilot8,1741343058737,False
pilot8,1741343358032,False
pilot8,1741343658098,False
pilot8,1741343659121,False
pilot8,1741343959069,False
pilot8,1741344258039,False
pilot8,1741344435733,False
pilot8,1741344557199,False
pilot8,1741344858055,False
pilot8,1741345158006,False
pilot8,1741348896379,False
pilot8,1741349057217,False
pilot8,1741349239352,False
pilot8,1741349358218,False
pilot8,1741349618850,False
pilot8,1741349958033,False
pilot8,1741350259252,False
pilot8,1741350557999,False
pilot8,1741350858153,False
pilot8,1741350858631,False
pilot8,1741351157972,False
pilot8,1741351458973,False
pilot8,1741351541647,True
pilot8,1741351542165,True
pilot8,1741351604584,True
pilot8,1741351605406,True
pilot8,1741351605833,True
pilot8,1741351684785,False
pilot8,1741351926698,False
pilot8,1741352023258,False
pilot8,1741352141149,False
pilot8,1741352227527,False
pilot8,1741334419194,False
pilot8,1741334541841,False
pilot8,1741334658148,False
pilot8,1741334958105,False
pilot8,1741335258157,False
pilot8,1741335558163,False
pilot8,1741335668324,False
pilot8,1741335799405,False
pilot8,1741335863125,False
pilot8,1741336158163,False
pilot8,1741336159172,False
pilot8,1741336458177,False
pilot8,1741336759337,False
pilot8,1741336913266,False
pilot8,1741337058141,False
pilot8,1741337358070,False
pilot8,1741337658116,False
pilot8,1741337785083,False
pilot8,1741337958117,False
pilot8,1741366928676,False
pilot8,1741367227040,False
pilot8,1741367527265,False
pilot8,1741367828010,False
pilot8,1741368128067,False
pilot8,1741368428038,False
pilot8,1741368727045,False
pilot8,1741369028024,False
pilot8,1741369327079,False
pilot8,1741369516107,False
pilot8,1741369628743,False
pilot8,1741369927104,False
pilot8,1741370045895,False
pilot8,1741370228165,False
pilot8,1741352533442,False
pilot8,1741352827256,False
pilot8,1741353090504,False
pilot8,1741353219102,False
pilot8,1741353426342,False
pilot8,1741353728128,False
pilot8,1741353820381,False
pilot8,1741353880513,False
pilot8,1741354027560,False
pilot8,1741354028506,False
pilot8,1741354327630,False
pilot8,1741354628536,False
pilot8,1741354629448,False
pilot8,1741354773561,False
pilot8,1741354927153,False
pilot8,1741355227594,False
pilot8,1741355228523,False
pilot8,1741355289927,False
pilot8,1741355290749,False
pilot8,1741355291643,False
pilot8,1741355360158,False
pilot8,1741355527442,False
pilot8,1741355528414,False
pilot8,1741355618707,False
pilot8,1741355678944,False
pilot8,1741355827189,False
pilot8,1741355917015,False
pilot8,1741381327045,False
pilot8,1741381627461,False
pilot8,1741381654963,False
pilot8,1741381927611,False
pilot8,1741382228466,False
pilot8,1741382527964,False
pilot8,1741382826910,False
pilot8,1741383127985,False
pilot8,1741383427896,False
pilot8,1741383607958,False
pilot8,1741383731872,False
pilot8,1741384026911,False
pilot8,1741384327915,False
pilot8,1741384626728,False
pilot8,1741327683641,False
pilot8,1741327758606,False
pilot8,1741328658336,False
pilot8,1741328658710,False
pilot8,1741328821261,False
pilot8,1741328944075,False
pilot8,1741329015126,False
pilot8,1741329076937,False
pilot8,1741329321788,False
pilot8,1741329445790,False
pilot8,1741329558238,False
pilot8,1741329818272,False
pilot8,1741330149023,False
pilot8,1741330458189,False
pilot8,1741330758133,False
pilot8,1741359726712,False
pilot8,1741359727627,False
pilot8,1741359818680,False
pilot8,1741360028470,False
pilot8,1741360029422,False
pilot8,1741360328547,False
pilot8,1741360329480,False
pilot8,1741360420780,False
pilot8,1741360627105,False
pilot8,1741360770075,False
pilot8,1741360927401,False
pilot8,1741361138672,False
pilot8,1741361228191,False
pilot8,1741361370067,False
pilot8,1741361527174,False
pilot8,1741361827097,False
pilot8,1741362127173,False
pilot8,1741362359774,False
pilot8,1741362432308,False
pilot8,1741362521562,False
pilot8,1741362713603,False
pilot8,1741362719969,False
pilot8,1741363028172,False
pilot8,1741309758525,False
pilot8,1741310657286,False
pilot8,1741311165061,False
pilot8,1741311558359,False
pilot8,1741312456698,False
pilot8,1741312746560,False
pilot8,1741312746983,False
pilot8,1741388527197,False
pilot8,1741388587644,False
pilot8,1741388831861,False
pilot8,1741389126915,False
pilot8,1741389427171,False
pilot8,1741389726929,False
pilot8,1741390027900,False
pilot8,1741390327900,False
pilot8,1741390627548,False
pilot8,1741390927920,False
pilot8,1741391227863,False
pilot8,1741391527825,False
pilot8,1741391811344,False
pilot8,1741356127599,False
pilot8,1741356128459,False
pilot8,1741356218618,False
pilot8,1741356427532,False
pilot8,1741356428355,False
pilot8,1741356490311,False
pilot8,1741356575319,False
pilot8,1741356707085,False
pilot8,1741356821425,False
pilot8,1741356885226,False
pilot8,1741357027527,False
pilot8,1741357028454,False
pilot8,1741357327561,False
pilot8,1741357328501,False
pilot8,1741357476659,False
pilot8,1741357627433,False
pilot8,1741357628387,False
pilot8,1741357928632,False
pilot8,1741357929495,False
pilot8,1741358019726,False
pilot8,1741358227163,False
pilot8,1741358527598,False
pilot8,1741358528537,False
pilot8,1741358619774,False
pilot8,1741358827482,False
pilot8,1741358828389,False
pilot8,1741359126680,False
pilot8,1741359127597,False
pilot8,1741359218470,False
pilot8,1741359427535,False
pilot8,1741359428458,False
pilot8,1741331059295,False
pilot8,1741331358243,False
pilot8,1741331658138,False
pilot8,1741331746919,False
pilot8,1741331959483,False
pilot8,1741331964170,False
pilot8,1741332258270,False
pilot8,1741332558339,False
pilot8,1741332828787,False
pilot8,1741333159491,False
pilot8,1741333458196,False
pilot8,1741333759299,False
pilot8,1741334058183,False
pilot8,1741334358201,False
pilot8,1741338258141,False
pilot8,1741338558069,False
pilot8,1741338858112,False
pilot8,1741339030596,False
pilot8,1741339158091,False
pilot8,1741339458085,False
pilot8,1741339459051,False
pilot8,1741339758063,False
pilot8,1741340058054,False
pilot8,1741340298917,False
pilot8,1741340359192,False
pilot8,1741340658108,False
pilot8,1741340958072,False
pilot8,1741341140009,False
pilot8,1741341258064,False
pilot8,1741341558084,False
pilot8,1741341559150,False
pilot8,1741370527572,False
pilot8,1741370827073,False
pilot8,1741371127030,False
pilot8,1741371427025,False
pilot8,1741371727013,False
pilot8,1741371866718,False
pilot8,1741372027112,False
pilot8,1741372326976,False
pilot8,1741372627971,False
pilot8,1741372750150,False
pilot8,1741372932827,False
pilot8,1741373227026,False
pilot8,1741373527047,False
pilot8,1741373828040,False
pilot8,1741384927013,False
pilot8,1741385226908,False
pilot8,1741385526957,False
pilot8,1741385827932,False
pilot8,1741386128178,False
pilot8,1741386427930,False
pilot8,1741386726923,False
pilot8,1741387027862,False
pilot8,1741387285774,False
pilot8,1741387627865,False
pilot8,1741387926856,False
pilot8,1741388014272,False
pilot8,1741388231648,False
pilot8,1741305858452,False
pilot8,1741306158387,False
pilot8,1741306417752,False
pilot8,1741306601560,False
pilot8,1741306758575,False
pilot8,1741307058619,False
pilot8,1741307185809,False
pilot8,1741307186705,False
pilot8,1741307357767,False
pilot8,1741307658459,False
pilot8,1741307832942,False
pilot8,1741307958347,False
pilot8,1741308258355,False
pilot8,1741308558373,False
pilot8,1741308855322,False
pilot8,1741324158530,False
pilot8,1741324159039,False
pilot8,1741325058187,False
pilot8,1741325958203,False
pilot8,1741326657934,False
pilot8,1741326658969,False
pilot8,1741326858567,False
pilot8,1741374021364,False
pilot8,1741374128423,False
pilot8,1741374427127,False
pilot8,1741374727092,False
pilot8,1741375027003,False
pilot8,1741375328013,False
pilot8,1741375627995,False
pilot8,1741375928022,False
pilot8,1741376228006,False
pilot8,1741376527108,False
pilot8,1741376827103,False
pilot8,1741376955880,False
pilot8,1741377030236,False
pilot8,1741377132476,False
pilot8,1741377228967,False
pilot8,1741377428201,False
pilot8,1741377731812,False
pilot8,1741377974831,False
pilot8,1741378227362,False
pilot8,1741378332260,False
pilot8,1741378627936,False
pilot8,1741378927052,False
pilot8,1741379208657,False
pilot8,1741379526947,False
pilot8,1741379827982,False
pilot8,1741380126417,False
pilot8,1741380427370,False
pilot8,1741380727977,False
pilot8,1741380818095,False
pilot8,1741380967092,False
pilot8,1741381032679,False
pilot8,1741190548758,False
pilot8,1741190658547,False
pilot8,1741190958437,False
pilot8,1741191257392,False
pilot8,1741191558477,False
pilot8,1741191857668,False
pilot8,1741192158506,False
pilot8,1741192458435,False
pilot8,1741192699214,False
pilot8,1741193058392,False
pilot8,1741193358468,False
pilot8,1741193658440,False
pilot8,1741193958427,False
pilot8,1741179329245,False
pilot8,1741179391661,False
pilot8,1741179452049,False
pilot8,1741179558976,False
pilot8,1741194258518,False
pilot8,1741194500172,False
pilot8,1741194818818,False
pilot8,1741195158417,False
pilot8,1741195458444,False
pilot8,1741195758386,False
pilot8,1741195879884,False
pilot8,1741196058439,False
pilot8,1741196285617,False
pilot8,1741196358400,False
pilot8,1741196658361,False
pilot8,1741196957464,False
pilot8,1741197258363,False
pilot8,1741197558410,False
pilot8,1741179621190,False
pilot8,1741179784042,False
pilot8,1741179858564,False
pilot8,1741179932668,False
pilot8,1741180158621,False
pilot8,1741180293552,False
pilot8,1741180417888,False
pilot8,1741180758703,False
pilot8,1741180759094,False
pilot8,1741181056310,False
pilot8,1741181193648,False
pilot8,1741181358875,False
pilot8,1741181359610,False
pilot8,1741181419352,False
pilot8,1741181481446,False
pilot8,1741181617806,False
pilot8,1741181947015,False
pilot8,1741182060643,False
pilot8,1741182224470,False
pilot8,1741182557820,False
pilot8,1741182558249,False
pilot8,1741182818901,False
pilot8,1741182923986,False
pilot8,1741182924470,False
pilot8,1741182924950,False
pilot8,1741183003658,False
pilot8,1741183158580,False
pilot8,1741208658444,False
pilot8,1741208779566,False
pilot8,1741208958335,False
pilot8,1741209258373,False
pilot8,1741209557251,False
pilot8,1741209858260,False
pilot8,1741210024590,False
pilot8,1741210158285,False
pilot8,1741210458531,False
pilot8,1741210459070,False
pilot8,1741210758298,False
pilot8,1741211058322,False
pilot8,1741211172676,False
pilot8,1741211358314,False
pilot8,1741211658272,False
pilot8,1741211958420,False
pilot8,1741187058532,False
pilot8,1741187059485,False
pilot8,1741187358462,False
pilot8,1741187658509,False
pilot8,1741187958548,False
pilot8,1741188200355,False
pilot8,1741188558491,False
pilot8,1741188858498,False
pilot8,1741189157473,False
pilot8,1741189458456,False
pilot8,1741189753284,False
pilot8,1741190058446,False
pilot8,1741190154675,False
pilot8,1741190155141,False
pilot8,1741190216558,False
pilot8,1741190394993,False
pilot8,1741215858325,False
pilot8,1741216158238,False
pilot8,1741216246751,False
pilot8,1741216457757,False
pilot8,1741216699991,False
pilot8,1741216763882,False
pilot8,1741217058210,False
pilot8,1741217358340,False
pilot8,1741217479987,False
pilot8,1741217658422,False
pilot8,1741217659212,False
pilot8,1741217958445,False
pilot8,1741217958995,False
pilot8,1741218258324,False
pilot8,1741218332401,False
pilot8,1741218558260,False
pilot8,1741218858270,False
pilot8,1741219158350,False
pilot8,1741183418716,False
pilot8,1741183758528,False
pilot8,1741184017308,False
pilot8,1741184357676,False
pilot8,1741184358046,False
pilot8,1741184658531,False
pilot8,1741184957556,False
pilot8,1741185199645,False
pilot8,1741185276127,False
pilot8,1741185558495,False
pilot8,1741185858497,False
pilot8,1741185859250,False
pilot8,1741186157475,False
pilot8,1741186458533,False
pilot8,1741186758576,False
pilot8,1741197857422,False
pilot8,1741198098251,False
pilot8,1741198428332,False
pilot8,1741198758522,False
pilot8,1741198759478,False
pilot8,1741199057394,False
pilot8,1741199357397,False
pilot8,1741199658520,False
pilot8,1741199658932,False
pilot8,1741199958345,False
pilot8,1741199959211,False
pilot8,1741200258376,False
pilot8,1741200557342,False
pilot8,1741200679394,False
pilot8,1741200858408,False
pilot8,1741201157392,False
pilot8,1741212258253,False
pilot8,1741212558195,False
pilot8,1741212799167,False
pilot8,1741212859444,False
pilot8,1741213158208,False
pilot8,1741213215231,False
pilot8,1741213457323,False
pilot8,1741213698033,False
pilot8,1741213759049,False
pilot8,1741214058273,False
pilot8,1741214358237,False
pilot8,1741214658228,False
pilot8,1741214958255,False
pilot8,1741215258268,False
pilot8,1741215379440,False
pilot8,1741215558216,False
pilot8,1741201458447,False
pilot8,1741201758376,False
pilot8,1741202058396,False
pilot8,1741202358387,False
pilot8,1741202564471,False
pilot8,1741202658318,False
pilot8,1741202958369,False
pilot8,1741203258438,False
pilot8,1741203558441,False
pilot8,1741203858351,False
pilot8,1741204157297,False
pilot8,1741204458342,False
pilot8,1741204585335,False
pilot8,1741204658410,False
pilot8,1741204758484,False
pilot8,1741204759017,False
pilot8,1741205018701,False
pilot8,1741205358603,False
pilot8,1741205658416,False
pilot8,1741205958297,False
pilot8,1741206257359,False
pilot8,1741206558228,False
pilot8,1741206799566,False
pilot8,1741206858928,False
pilot8,1741207158427,False
pilot8,1741207158948,False
pilot8,1741207458358,False
pilot8,1741207699981,False
pilot8,1741207940552,False
pilot8,1741208058373,False
pilot8,1741208352722,False
pilot8,1741593607489,False
pilot8,1741593669783,False
pilot8,1741593969403,False
pilot8,1741594337891,False
pilot8,1741594877480,False
pilot8,1741594991455,False
pilot8,1741595469422,False
pilot8,1741595727565,False
pilot8,1741595763084,False
pilot8,1741595890368,False
pilot8,1741596191170,False
pilot8,1741596669919,False
pilot8,1741596852078,False
pilot8,1741596969960,False
pilot8,1741626070198,False
pilot8,1741626208927,False
pilot8,1741626486855,False
pilot8,1741626669799,False
pilot8,1741627213773,False
pilot8,1741627408206,False
pilot8,1741627870443,False
pilot8,1741628290611,False
pilot8,1741628608793,False
pilot8,1741629051859,False
pilot8,1741629489744,False
pilot8,1741600870328,False
pilot8,1741600994590,False
pilot8,1741601470377,False
pilot8,1741601769521,False
pilot8,1741602195412,False
pilot8,1741602382700,False
pilot8,1741602669553,False
pilot8,1741603029733,False
pilot8,1741603285773,False
pilot8,1741603569290,False
pilot8,1741603869318,False
pilot8,1741604188980,False
pilot8,1741604309842,False
pilot8,1741629670406,False
pilot8,1741629810576,False
pilot8,1741630053392,False
pilot8,1741630294435,False
pilot8,1741630416021,False
pilot8,1741630570010,False
pilot8,1741630899716,False
pilot8,1741631138782,False
pilot8,1741631469475,False
pilot8,1741631783423,False
pilot8,1741632210569,False
pilot8,1741632962130,False
pilot8,1741604596687,False
pilot8,1741605067349,False
pilot8,1741605307033,False
pilot8,1741605611362,False
pilot8,1741605775658,False
pilot8,1741605970561,False
pilot8,1741606121193,False
pilot8,1741606417401,False
pilot8,1741606997709,False
pilot8,1741607546950,False
pilot8,1741586469132,False
pilot8,1741587369025,False
pilot8,1741588269393,False
pilot8,1741588270242,False
pilot8,1741588982534,False
pilot8,1741588983420,False
pilot8,1741589168496,False
pilot8,1741589469403,False
pilot8,1741589531799,False
pilot8,1741589619518,False
pilot8,1741589769040,False
pilot8,1741589832404,False
pilot8,1741618869816,False
pilot8,1741619002608,False
pilot8,1741619183144,False
pilot8,1741619346972,False
pilot8,1741619468303,False
pilot8,1741619769083,False
pilot8,1741620017113,False
pilot8,1741620204392,False
pilot8,1741620369338,False
pilot8,1741620676534,False
pilot8,1741620968662,False
pilot8,1741621269539,False
pilot8,1741621404224,False
pilot8,1741621578582,False
pilot8,1741622206790,False
pilot8,1741579269879,False
pilot8,1741580170948,False
pilot8,1741581069273,False
pilot8,1741611670529,False
pilot8,1741611800638,False
pilot8,1741612207533,False
pilot8,1741612268887,False
pilot8,1741612340022,False
pilot8,1741612427591,False
pilot8,1741612559070,False
pilot8,1741612710474,False
pilot8,1741612868774,False
pilot8,1741612955866,False
pilot8,1741613022442,False
pilot8,1741613169783,False
pilot8,1741613235638,False
pilot8,1741613468807,False
pilot8,1741613595450,False
pilot8,1741613769778,False
pilot8,1741614068776,False
pilot8,1741614136270,False
pilot8,1741614205134,False
pilot8,1741614368784,False
pilot8,1741614498177,False
pilot8,1741614669791,False
pilot8,1741614820927,False
pilot8,1741614969809,False
pilot8,1741615036688,False
pilot8,1741572071223,False
pilot8,1741572969584,False
pilot8,1741573262134,False
pilot8,1741573869118,False
pilot8,1741574126911,False
pilot8,1741574127811,False
pilot8,1741574128576,False
pilot8,1741574470654,False
pilot8,1741575066255,False
pilot8,1741622590025,False
pilot8,1741622710071,False
pilot8,1741623069263,False
pilot8,1741623220606,False
pilot8,1741623368978,False
pilot8,1741623509249,False
pilot8,1741623671146,False
pilot8,1741623806491,False
pilot8,1741624089267,False
pilot8,1741624270794,False
pilot8,1741624570153,False
pilot8,1741625007418,False
pilot8,1741625139192,False
pilot8,1741625315818,False
pilot8,1741625579031,False
pilot8,1741590004802,False
pilot8,1741590069063,False
pilot8,1741590187901,False
pilot8,1741590567446,False
pilot8,1741590787069,False
pilot8,1741590865592,False
pilot8,1741591389632,False
pilot8,1741591661688,False
pilot8,1741592018035,False
pilot8,1741592170354,False
pilot8,1741592469891,False
pilot8,1741592590626,False
pilot8,1741592950519,False
pilot8,1741593070765,False
pilot8,1741593369169,False
pilot8,1741615205252,False
pilot8,1741615268796,False
pilot8,1741615522762,False
pilot8,1741615939234,False
pilot8,1741616019125,False
pilot8,1741616469980,False
pilot8,1741616602537,False
pilot8,1741617068264,False
pilot8,1741617260605,False
pilot8,1741617391792,False
pilot8,1741617515525,False
pilot8,1741617653433,False
pilot8,1741617969933,False
pilot8,1741618210235,False
pilot8,1741575967757,False
pilot8,1741576569546,False
pilot8,1741576860609,False
pilot8,1741577469101,False
pilot8,1741578368785,False
pilot8,1741564869080,False
pilot8,1741565402796,False
pilot8,1741565471148,False
pilot8,1741565775769,False
pilot8,1741566069738,False
pilot8,1741566333050,False
pilot8,1741566669481,False
pilot8,1741567268769,False
pilot8,1741567580727,False
pilot8,1741567740703,False
pilot8,1741567991384,False
pilot8,1741568381226,False
pilot8,1741633270092,False
pilot8,1741633411747,False
pilot8,1741633627548,False
pilot8,1741633868877,False
pilot8,1741634020693,False
pilot8,1741634265905,False
pilot8,1741634566356,False
pilot8,1741634762575,False
pilot8,1741635047004,False
pilot8,1741635550854,False
pilot8,1741635812723,False
pilot8,1741635968887,False
pilot8,1741636509402,False
pilot8,1741597269450,False
pilot8,1741597690286,False
pilot8,1741597869672,False
pilot8,1741598168205,False
pilot8,1741598470175,False
pilot8,1741598593681,False
pilot8,1741598774854,False
pilot8,1741599267409,False
pilot8,1741599669113,False
pilot8,1741599793594,False
pilot8,1741600089107,False
pilot8,1741600550005,False
pilot8,1741608069402,False
pilot8,1741608161604,False
pilot8,1741608490324,False
pilot8,1741608817393,False
pilot8,1741609398656,False
pilot8,1741609522003,False
pilot8,1741609870180,False
pilot8,1741610300893,False
pilot8,1741610469519,False
pilot8,1741610600102,False
pilot8,1741611081244,False
pilot8,1741611370139,False
pilot8,1741582869476,False
pilot8,1741583024513,False
pilot8,1741583769047,False
pilot8,1741584669073,False
pilot8,1741584821988,False
pilot8,1741585422871,False
pilot8,1741585569035,False
pilot8,1741568470429,False
pilot8,1741568619264,False
pilot8,1741568710318,False
pilot8,1741569367276,False
pilot8,1741569486452,False
pilot8,1741569671169,False
pilot8,1741569819521,False
pilot8,1741570271988,False
pilot8,1741571169193,False
pilot8,1741571169978,False
pilot8,1740586311934,True
pilot8,1740586372611,False
pilot8,1740586441380,False
pilot8,1740586524721,False
pilot8,1740586585046,False
pilot8,1740586658184,False
pilot8,1740586659086,False
pilot8,1740586659913,False
pilot8,1740586733199,False
pilot8,1740586797166,False
pilot8,1740586857598,False
pilot8,1740586955053,False
pilot8,1740587007048,False
pilot8,1740587069078,False
pilot8,1740587132627,False
pilot8,1740587193384,False
pilot8,1740587253609,False
pilot8,1740587314590,False
pilot8,1740587376523,False
pilot8,1740587436982,False
pilot8,1740587500645,False
pilot8,1740587557848,False
pilot8,1740587658759,False
pilot8,1740587719018,False
pilot8,1740587779521,False
pilot8,1740587846868,False
pilot8,1740587954589,False
pilot8,1740588039939,False
pilot8,1740588133683,False
pilot8,1740588228298,False
pilot8,1740588290678,False
pilot8,1740588382640,False
pilot8,1740588438075,False
pilot8,1740588508626,False
pilot8,1740588594291,False
pilot8,1740588665422,False
pilot8,1740588739121,False
pilot8,1740588819640,False
pilot8,1740588897955,False
pilot8,1740588959976,False
pilot8,1740589043810,False
pilot8,1740589123250,False
pilot8,1740589207340,False
pilot8,1740589280610,False
pilot8,1740589358110,False
pilot8,1740589359042,False
pilot8,1740589359864,False
pilot8,1740589476160,False
pilot8,1740589566408,False
pilot8,1740589640143,False
pilot8,1740589756078,False
pilot8,1740589847980,False
pilot8,1740589932104,False
pilot8,1740590011456,False
pilot8,1740590112465,False
pilot8,1740590215766,False
pilot8,1740590295135,False
pilot8,1740590355691,False
pilot8,1740590450846,False
pilot8,1740590531409,False
pilot8,1740590653135,False
pilot8,1740590757619,False
pilot8,1740590828764,False
pilot8,1740590921481,False
pilot8,1740591013180,False
pilot8,1740591014061,False
pilot8,1740591077889,False
pilot8,1740591078728,False
pilot8,1740591158688,False
pilot8,1740591159640,False
pilot8,1740591160465,False
pilot8,1740591161195,False
pilot8,1740591277898,False
pilot8,1740591278777,False
pilot8,1740591373260,False
pilot8,1740591374157,False
pilot8,1740591459106,False
pilot8,1740591459965,False
pilot8,1740591460809,False
pilot8,1740591461573,False
pilot8,1740591554696,False
pilot8,1740591555573,False
pilot8,1740591648472,False
pilot8,1740591649352,False
pilot8,1740591714925,False
pilot8,1740591778506,False
pilot8,1740591779378,False
pilot8,1740591780249,False
pilot8,1740591905813,False
pilot8,1740592004628,False
pilot8,1740592005486,False
pilot8,1740592109215,False
pilot8,1740592110079,False
pilot8,1740592175729,False
pilot8,1740592230642,True
pilot8,1740592321269,False
pilot8,1740592446893,False
pilot8,1740592508275,False
pilot8,1740592575617,False
pilot8,1740592675444,False
pilot8,1740592676288,False
pilot8,1740592754797,False
pilot8,1740592755579,False
pilot8,1740603614836,False
pilot8,1740603675045,False
pilot8,1740603793351,False
pilot8,1740603874571,False
pilot8,1740603965184,False
pilot8,1740604038318,False
pilot8,1740604098605,False
pilot8,1740604163060,False
pilot8,1740604214432,False
pilot8,1740604325986,False
pilot8,1740604326821,False
pilot8,1740604327599,False
pilot8,1740604402830,False
pilot8,1740604463700,False
pilot8,1740604514131,False
pilot8,1740604705643,False
pilot8,1740604808380,False
pilot8,1740604881437,False
pilot8,1740604988395,False
pilot8,1740605048662,False
pilot8,1740605108992,False
pilot8,1740605169222,False
pilot8,1740605243581,False
pilot8,1740605346261,False
pilot8,1740605414401,False
pilot8,1740605415291,False
pilot8,1740605515166,False
pilot8,1740605601411,False
pilot8,1740605681497,False
pilot8,1740605756654,False
pilot8,1740605846201,False
pilot8,1740605933724,False
pilot8,1740606021976,False
pilot8,1740606022867,False
pilot8,1740606025017,False
pilot8,1740606086758,False
pilot8,1740606215068,False
pilot8,1740606325833,False
pilot8,1740606426125,False
pilot8,1740606504737,False
pilot8,1740606592802,False
pilot8,1740606687100,False
pilot8,1740606756931,False
pilot8,1740606845798,False
pilot8,1740606905951,False
pilot8,1740606981129,False
pilot8,1740607056016,False
pilot8,1740607130732,False
pilot8,1740607191362,False
pilot8,1740610815426,False
pilot8,1740610877555,False
pilot8,1740611241428,False
pilot8,1740611715002,False
pilot8,1740611787871,False
pilot8,1740611871260,False
pilot8,1740611938076,False
pilot8,1740612018343,False
pilot8,1740612100825,False
pilot8,1740612183485,False
pilot8,1740612284295,False
pilot8,1740612370839,False
pilot8,1740612468101,False
pilot8,1740612548446,False
pilot8,1740612613572,False
pilot8,1740612722076,False
pilot8,1740612786845,False
pilot8,1740612877667,False
pilot8,1740612966858,False
pilot8,1740613037726,False
pilot8,1740613102596,False
pilot8,1740613185293,False
pilot8,1740613249952,False
pilot8,1740613314574,False
pilot8,1740613378827,False
pilot8,1740613447821,False
pilot8,1740613514083,False
pilot8,1740613581264,False
pilot8,1740613650923,False
pilot8,1740613752445,False
pilot8,1740613812710,False
pilot8,1740613891242,False
pilot8,1740613963584,False
pilot8,1740614070552,False
pilot8,1740614147801,False
pilot8,1740614237837,False
pilot8,1740614297884,False
pilot8,1740614376773,False
pilot8,1740592821033,False
pilot8,1740592885148,False
pilot8,1740592951133,False
pilot8,1740592952017,False
pilot8,1740593022222,False
pilot8,1740593103950,False
pilot8,1740593187488,False
pilot8,1740593266897,False
pilot8,1740593360415,False
pilot8,1740593440708,False
pilot8,1740593441517,False
pilot8,1740593530252,False
pilot8,1740593531145,False
pilot8,1740593611028,False
pilot8,1740593611861,False
pilot8,1740593672087,False
pilot8,1740593734383,False
pilot8,1740593815506,False
pilot8,1740593884162,False
pilot8,1740593954837,False
pilot8,1740594041450,False
pilot8,1740594042264,False
pilot8,1740594043115,False
pilot8,1740594043919,False
pilot8,1740594162821,False
pilot8,1740594163684,False
pilot8,1740594269408,False
pilot8,1740594347565,False
pilot8,1740594430585,False
pilot8,1740594523497,False
pilot8,1740594621775,False
pilot8,1740594710988,False
pilot8,1740594795775,False
pilot8,1740594880172,False
pilot8,1740594940521,False
pilot8,1740594941441,False
pilot8,1740595000808,False
pilot8,1740595081464,False
pilot8,1740595155652,False
pilot8,1740595241838,False
pilot8,1740595242713,False
pilot8,1740595243534,False
pilot8,1740595330115,False
pilot8,1740595422081,False
pilot8,1740595482487,False
pilot8,1740595542436,False
pilot8,1740595614004,False
pilot8,1740595701112,False
pilot8,1740595761526,False
pilot8,1740595841821,False
pilot8,1740595842744,False
pilot8,1740595843544,False
pilot8,1740595962569,False
pilot8,1740596065623,False
pilot8,1740596141825,False
pilot8,1740596241970,False
pilot8,1740596302222,False
pilot8,1740607270259,False
pilot8,1740607348195,False
pilot8,1740607501178,False
pilot8,1740607578045,False
pilot8,1740607650089,False
pilot8,1740607719120,False
pilot8,1740607802356,False
pilot8,1740607891998,False
pilot8,1740608029788,False
pilot8,1740608091760,False
pilot8,1740608230084,False
pilot8,1740608368724,False
pilot8,1740608454267,False
pilot8,1740608549796,False
pilot8,1740608641768,False
pilot8,1740609015293,False
pilot8,1740609315838,False
pilot8,1740609376149,False
pilot8,1740609615315,False
pilot8,1740609956978,False
pilot8,1740610215298,False
pilot8,1740610501838,False
pilot8,1740610516383,False
pilot8,1740596415303,False
pilot8,1740596476646,False
pilot8,1740596539055,False
pilot8,1740596604412,False
pilot8,1740596689575,False
pilot8,1740596762756,False
pilot8,1740596828346,True
pilot8,1740596828735,True
pilot8,1740596889648,False
pilot8,1740596963261,False
pilot8,1740597041144,False
pilot8,1740597117343,False
pilot8,1740597217096,False
pilot8,1740597289786,False
pilot8,1740597374585,False
pilot8,1740597436744,False
pilot8,1740597497050,False
pilot8,1740597557326,False
pilot8,1740597644320,False
pilot8,1740597714800,False
pilot8,1740597821762,False
pilot8,1740597952866,False
pilot8,1740598041077,False
pilot8,1740598118010,False
pilot8,1740598218003,False
pilot8,1740598318277,False
pilot8,1740598400051,False
pilot8,1740598489880,False
pilot8,1740598579619,False
pilot8,1740598640218,False
pilot8,1740598754409,False
pilot8,1740598825847,False
pilot8,1740598887917,False
pilot8,1740598959681,False
pilot8,1740599019947,False
pilot8,1740599203295,False
pilot8,1740599263526,False
pilot8,1740599407771,False
pilot8,1740599567568,False
pilot8,1740599568407,False
pilot8,1740599664923,False
pilot8,1740599853278,False
pilot8,1740599951774,False
pilot8,1740600012200,False
pilot8,1740600072696,False
pilot8,1740600179056,False
pilot8,1740600265692,False
pilot8,1740600367886,False
pilot8,1740600446152,False
pilot8,1740600548386,True
pilot8,1740600608456,True
pilot8,1740600744714,False
pilot8,1740600805708,False
pilot8,1740600913268,False
pilot8,1740600992317,False
pilot8,1740601080221,False
pilot8,1740601154369,False
pilot8,1740601214105,False
pilot8,1740601285687,False
pilot8,1740601371784,False
pilot8,1740601457962,False
pilot8,1740601514118,False
pilot8,1740601636878,False
pilot8,1740601722828,False
pilot8,1740601815745,False
pilot8,1740601816756,False
pilot8,1740601817575,False
pilot8,1740601910363,False
pilot8,1740601998061,False
pilot8,1740602075496,False
pilot8,1740602151204,False
pilot8,1740602270914,False
pilot8,1740602331268,False
pilot8,1740602415139,False
pilot8,1740602416050,False
pilot8,1740602416972,False
pilot8,1740602494372,False
pilot8,1740602560071,False
pilot8,1740602621805,False
pilot8,1740602714986,False
pilot8,1740602715987,False
pilot8,1740602716852,False
pilot8,1740602814057,False
pilot8,1740602907603,False
pilot8,1740602998179,False
pilot8,1740603076354,False
pilot8,1740603170809,False
pilot8,1740603247917,False
pilot8,1740603314217,False
pilot8,1740603314985,False
pilot8,1740603446580,False
pilot8,1740603548910,False
pilot8,1741507270383,False
pilot8,1741507570679,False
pilot8,1741507870226,False
pilot8,1741508169550,False
pilot8,1741508411606,False
pilot8,1741508680135,False
pilot8,1741508769855,False
pilot8,1741509039941,False
pilot8,1741509217335,False
pilot8,1741509250483,False
pilot8,1741509473408,False
pilot8,1741509670397,False
pilot8,1741510090162,False
pilot8,1741510312809,False
pilot8,1741510313710,False
pilot8,1741510582475,False
pilot8,1741539669232,False
pilot8,1741539803700,False
pilot8,1741539969197,False
pilot8,1741540095169,False
pilot8,1741540207314,False
pilot8,1741540270683,False
pilot8,1741540568195,False
pilot8,1741540807588,False
pilot8,1741541004443,False
pilot8,1741541258547,False
pilot8,1741541469159,False
pilot8,1741541769789,False
pilot8,1741542011633,False
pilot8,1741542369442,False
pilot8,1741542611235,False
pilot8,1741542813549,False
pilot8,1741542911742,False
pilot8,1741514470176,False
pilot8,1741514769784,False
pilot8,1741514965021,False
pilot8,1741515170527,False
pilot8,1741515633191,False
pilot8,1741515634069,False
pilot8,1741515957440,False
pilot8,1741516267373,False
pilot8,1741516570167,False
pilot8,1741516763152,False
pilot8,1741516870136,False
pilot8,1741517169537,False
pilot8,1741517436593,False
pilot8,1741517604084,False
pilot8,1741517890287,False
pilot8,1741543201147,False
pilot8,1741543269486,False
pilot8,1741543511215,False
pilot8,1741543601545,False
pilot8,1741544139391,False
pilot8,1741544317680,False
pilot8,1741544607155,False
pilot8,1741544888727,False
pilot8,1741545069978,False
pilot8,1741545190249,False
pilot8,1741545466465,False
pilot8,1741545780993,False
pilot8,1741545970347,False
pilot8,1741546021611,False
pilot8,1741546340464,False
pilot8,1741561413748,False
pilot8,1741561689555,False
pilot8,1741562019148,False
pilot8,1741562169700,False
pilot8,1741562572527,False
pilot8,1741562768841,False
pilot8,1741563070220,False
pilot8,1741563636250,False
pilot8,1741563969402,False
pilot8,1741564269537,False
pilot8,1741564569606,False
pilot8,1741518069639,False
pilot8,1741518475320,False
pilot8,1741518667588,False
pilot8,1741518970129,False
pilot8,1741519385854,False
pilot8,1741519688818,False
pilot8,1741519701086,False
pilot8,1741519870046,False
pilot8,1741520017157,False
pilot8,1741520044626,False
pilot8,1741520177720,False
pilot8,1741520270717,False
pilot8,1741520528765,False
pilot8,1741520532620,False
pilot8,1741520647710,False
pilot8,1741520769256,False
pilot8,1741520847431,False
pilot8,1741521070061,False
pilot8,1741521295027,False
pilot8,1741521401397,False
pilot8,1741500669850,False
pilot8,1741500818474,False
pilot8,1741501424973,False
pilot8,1741501896977,False
pilot8,1741501897839,False
pilot8,1741502100243,False
pilot8,1741502470440,False
pilot8,1741503003864,False
pilot8,1741503368815,False
pilot8,1741503551711,False
pilot8,1741532410468,False
pilot8,1741532600982,False
pilot8,1741532768113,False
pilot8,1741532903320,False
pilot8,1741533268074,False
pilot8,1741533665888,False
pilot8,1741533925352,False
pilot8,1741534269588,False
pilot8,1741534570262,False
pilot8,1741534631114,False
pilot8,1741534867271,False
pilot8,1741534870069,False
pilot8,1741535003380,False
pilot8,1741535170008,False
pilot8,1741535518295,False
pilot8,1741535722711,False
pilot8,1741493089217,False
pilot8,1741493470423,False
pilot8,1741494370077,False
pilot8,1741494862194,False
pilot8,1741495269913,False
pilot8,1741495998727,False
pilot8,1741496169184,False
pilot8,1741496170022,False
pilot8,1741525270062,False
pilot8,1741525397451,False
pilot8,1741525569219,False
pilot8,1741525869885,False
pilot8,1741526168202,False
pilot8,1741526442389,False
pilot8,1741526768192,False
pilot8,1741527069086,False
pilot8,1741527184263,False
pilot8,1741527185211,False
pilot8,1741527369665,False
pilot8,1741527749963,False
pilot8,1741528239667,False
pilot8,1741528258162,False
pilot8,1741528568816,False
pilot8,1741528691084,False
pilot8,1741482075816,False
pilot8,1741482657975,False
pilot8,1741483318740,False
pilot8,1741483559819,False
pilot8,1741483993754,False
pilot8,1741484053990,False
pilot8,1741484502758,False
pilot8,1741484883332,False
pilot8,1741485369004,False
pilot8,1741536069777,False
pilot8,1741536190938,False
pilot8,1741536368106,False
pilot8,1741536551693,False
pilot8,1741536677332,False
pilot8,1741536996717,False
pilot8,1741537388855,False
pilot8,1741537571572,False
pilot8,1741537869574,False
pilot8,1741538289663,False
pilot8,1741538403855,False
pilot8,1741538470721,False
pilot8,1741538770086,False
pilot8,1741539010711,False
pilot8,1741539191896,False
pilot8,1741539369299,False
pilot8,1741504269795,False
pilot8,1741504635413,False
pilot8,1741504900112,False
pilot8,1741504983340,False
pilot8,1741504984187,False
pilot8,1741505076032,False
pilot8,1741505168393,False
pilot8,1741505241640,False
pilot8,1741505416566,False
pilot8,1741505781832,False
pilot8,1741506068819,False
pilot8,1741506489537,False
pilot8,1741506583831,False
pilot8,1741506680821,False
pilot8,1741506913061,False
pilot8,1741528869666,False
pilot8,1741528999248,False
pilot8,1741529932388,False
pilot8,1741530070146,False
pilot8,1741530200446,False
pilot8,1741530369905,False
pilot8,1741530669558,False
pilot8,1741530856710,False
pilot8,1741531038061,False
pilot8,1741531268931,False
pilot8,1741531400584,False
pilot8,1741531570199,False
pilot8,1741531870275,False
pilot8,1741532289596,False
pilot8,1741489869229,False
pilot8,1741490102417,False
pilot8,1741490467984,False
pilot8,1741490770903,False
pilot8,1741490826695,False
pilot8,1741490983474,False
pilot8,1741491076471,False
pilot8,1741491631449,False
pilot8,1741491633770,False
pilot8,1741492569914,False
pilot8,1741557668042,False
pilot8,1741557813222,False
pilot8,1741558810333,False
pilot8,1741559013815,False
pilot8,1741559257855,False
pilot8,1741559618302,False
pilot8,1741559915079,False
pilot8,1741560129463,False
pilot8,1741560215337,False
pilot8,1741560369506,False
pilot8,1741560669694,False
pilot8,1741561104081,False
pilot8,1741546822007,False
pilot8,1741547169742,False
pilot8,1741547500867,False
pilot8,1741547682281,False
pilot8,1741547946610,False
pilot8,1741548068397,False
pilot8,1741548218219,False
pilot8,1741548489773,False
pilot8,1741548669500,False
pilot8,1741548990568,False
pilot8,1741549230885,False
pilot8,1741549417923,False
pilot8,1741549474165,False
pilot8,1741549572589,False
pilot8,1741549630096,False
pilot8,1741549869382,False
pilot8,1741549980193,False
pilot8,1741550169449,False
pilot8,1741510869832,False
pilot8,1741510990895,False
pilot8,1741511468756,False
pilot8,1741511693199,False
pilot8,1741511891438,False
pilot8,1741512069235,False
pilot8,1741512191535,False
pilot8,1741512247376,False
pilot8,1741512369177,False
pilot8,1741512545091,False
pilot8,1741512744827,False
pilot8,1741512819119,False
pilot8,1741512941614,False
pilot8,1741513053704,False
pilot8,1741513234315,False
pilot8,1741513663024,False
pilot8,1741513819429,False
pilot8,1741514153563,False
pilot8,1741478469135,False
pilot8,1741478769143,False
pilot8,1741479069414,False
pilot8,1741479472412,False
pilot8,1741479669716,False
pilot8,1741479818781,False
pilot8,1741480086684,False
pilot8,1741480087586,False
pilot8,1741480214406,False
pilot8,1741480215263,False
pilot8,1741480393410,False
pilot8,1741480572909,False
pilot8,1741480869928,False
pilot8,1741481769983,False
pilot8,1741554069683,False
pilot8,1741554211129,False
pilot8,1741554668900,False
pilot8,1741555086578,False
pilot8,1741555411461,False
pilot8,1741555569022,False
pilot8,1741555849951,False
pilot8,1741556110062,False
pilot8,1741556469309,False
pilot8,1741556618834,False
pilot8,1741556855287,False
pilot8,1741557513605,False
pilot8,1741521668705,False
pilot8,1741521796596,False
pilot8,1741521971023,False
pilot8,1741522276831,False
pilot8,1741522569903,False
pilot8,1741522780324,False
pilot8,1741522995234,False
pilot8,1741523170082,False
pilot8,1741523469588,False
pilot8,1741523768646,False
pilot8,1741524195950,False
pilot8,1741524369602,False
pilot8,1741524646658,False
pilot8,1741525068436,False
pilot8,1741496874090,False
pilot8,1741497355718,False
pilot8,1741497356605,False
pilot8,1741497818422,False
pilot8,1741497967683,False
pilot8,1741498869908,False
pilot8,1741499530728,False
pilot8,1741499768813,False
pilot8,1741550468743,False
pilot8,1741550532486,False
pilot8,1741550618803,False
pilot8,1741550711312,False
pilot8,1741550778414,False
pilot8,1741550900638,False
pilot8,1741551068393,False
pilot8,1741551218751,False
pilot8,1741551369370,False
pilot8,1741551546869,False
pilot8,1741551788766,False
pilot8,1741551810651,False
pilot8,1741552088623,False
pilot8,1741552269975,False
pilot8,1741552489279,False
pilot8,1741552564550,False
pilot8,1741552734510,False
pilot8,1741552869140,False
pilot8,1741553010974,False
pilot8,1741553100043,False
pilot8,1741553170455,False
pilot8,1741553233078,False
pilot8,1741553728915,False
pilot8,1741403022309,False
pilot8,1741403524979,False
pilot8,1741403525840,False
pilot8,1741403620016,False
pilot8,1741404425060,False
pilot8,1741404425886,False
pilot8,1741404819061,False
pilot8,1741405325028,False
pilot8,1741405325870,False
pilot8,1741405385469,False
pilot8,1741405445782,False
pilot8,1741405642719,False
pilot8,1741406019145,False
pilot8,1741406223666,False
pilot8,1741406285572,False
pilot8,1741449840624,False
pilot8,1741450441637,False
pilot8,1741450568506,False
pilot8,1741450738823,False
pilot8,1741451018681,False
pilot8,1741451339733,False
pilot8,1741451340626,False
pilot8,1741451544935,False
pilot8,1741451618663,False
pilot8,1741451939709,False
pilot8,1741451940634,False
pilot8,1741452218969,False
pilot8,1741452539713,False
pilot8,1741452601453,False
pilot8,1741452662321,False
pilot8,1741452818890,False
pilot8,1741453061123,False
pilot8,1741453140273,False
pilot8,1741407124734,False
pilot8,1741407221604,False
pilot8,1741407816766,False
pilot8,1741407817501,False
pilot8,1741407878645,False
pilot8,1741408024687,False
pilot8,1741408468024,False
pilot8,1741408923758,False
pilot8,1741408979665,False
pilot8,1741409439756,False
pilot8,1741409824667,False
pilot8,1741409825467,False
pilot8,1741431724446,False
pilot8,1741431868043,False
pilot8,1741432024381,False
pilot8,1741432324940,False
pilot8,1741432624394,False
pilot8,1741432924501,False
pilot8,1741433224439,False
pilot8,1741433524566,False
pilot8,1741433823675,False
pilot8,1741434123138,False
pilot8,1741434424432,False
pilot8,1741434724714,False
pilot8,1741435024413,False
pilot8,1741399924722,False
pilot8,1741399988756,False
pilot8,1741400460216,False
pilot8,1741400585239,False
pilot8,1741400586113,False
pilot8,1741400586951,False
pilot8,1741400648724,False
pilot8,1741400823725,False
pilot8,1741401115306,False
pilot8,1741401225312,False
pilot8,1741401628581,False
pilot8,1741401724070,False
pilot8,1741401724919,False
pilot8,1741401819955,False
pilot8,1741402244695,False
pilot8,1741402317523,False
pilot8,1741402478557,False
pilot8,1741402624712,False
pilot8,1741428123529,False
pilot8,1741428412508,False
pilot8,1741428724560,False
pilot8,1741428725358,False
pilot8,1741428974966,False
pilot8,1741429024691,False
pilot8,1741429323456,False
pilot8,1741429624507,False
pilot8,1741429924963,False
pilot8,1741430224479,False
pilot8,1741430523328,False
pilot8,1741430825013,False
pilot8,1741431124538,False
pilot8,1741431424989,False
pilot8,1741435323122,False
pilot8,1741435624394,False
pilot8,1741435924835,False
pilot8,1741436223534,False
pilot8,1741436523374,False
pilot8,1741436765757,False
pilot8,1741436829957,False
pilot8,1741437124503,False
pilot8,1741437424444,False
pilot8,1741437592084,False
pilot8,1741437723496,False
pilot8,1741437906133,False
pilot8,1741438007524,False
pilot8,1741438324372,False
pilot8,1741438624433,False
pilot8,1741420924561,False
pilot8,1741421224169,False
pilot8,1741421229956,False
pilot8,1741421230845,False
pilot8,1741421524557,False
pilot8,1741421823741,False
pilot8,1741422052810,False
pilot8,1741422123538,False
pilot8,1741422246250,False
pilot8,1741422367949,False
pilot8,1741422672136,False
pilot8,1741422865813,False
pilot8,1741423024704,False
pilot8,1741423324538,False
pilot8,1741423329295,False
pilot8,1741423623827,False
pilot8,1741423924471,False
pilot8,1741424219197,False
pilot8,1741424341388,False
pilot8,1741453426150,False
pilot8,1741453739331,False
pilot8,1741454040852,False
pilot8,1741454041691,False
pilot8,1741454340293,False
pilot8,1741454618840,False
pilot8,1741454940800,False
pilot8,1741455240621,False
pilot8,1741455540580,False
pilot8,1741455541489,False
pilot8,1741455818692,False
pilot8,1741456026934,False
pilot8,1741456140247,False
pilot8,1741456419809,False
pilot8,1741456740803,False
pilot8,1741438923828,False
pilot8,1741439044655,False
pilot8,1741439224782,False
pilot8,1741439524369,False
pilot8,1741439677258,False
pilot8,1741439824606,False
pilot8,1741440124160,False
pilot8,1741440125041,False
pilot8,1741440424401,False
pilot8,1741440724339,False
pilot8,1741441024325,False
pilot8,1741441324218,False
pilot8,1741441624415,False
pilot8,1741441924330,False
pilot8,1741442224332,False
pilot8,1741467669262,False
pilot8,1741467968672,False
pilot8,1741468293324,False
pilot8,1741468414768,False
pilot8,1741468568845,False
pilot8,1741469068637,False
pilot8,1741469446841,False
pilot8,1741469563773,False
pilot8,1741469709869,False
pilot8,1741469802585,False
pilot8,1741470071166,False
pilot8,1741470203493,False
pilot8,1741470694341,False
pilot8,1741470930621,False
pilot8,1741413971707,False
pilot8,1741414324597,False
pilot8,1741414719600,False
pilot8,1741414991780,False
pilot8,1741415224564,False
pilot8,1741415462318,False
pilot8,1741415463199,False
pilot8,1741415526247,False
pilot8,1741415708058,False
pilot8,1741416123932,False
pilot8,1741416124794,False
pilot8,1741416667195,False
pilot8,1741417024739,False
pilot8,1741446124394,False
pilot8,1741446338147,False
pilot8,1741446423805,False
pilot8,1741446685170,False
pilot8,1741446846644,False
pilot8,1741447024401,False
pilot8,1741447201738,False
pilot8,1741447323311,False
pilot8,1741447623306,False
pilot8,1741447923193,False
pilot8,1741448224406,False
pilot8,1741448524290,False
pilot8,1741448824448,False
pilot8,1741448885028,True
pilot8,1741449000273,False
pilot8,1741449082652,False
pilot8,1741449240524,False
pilot8,1741449362778,False
pilot8,1741449540526,False
pilot8,1741396027781,False
pilot8,1741396821746,False
pilot8,1741396904395,True
pilot8,1741396985465,False
pilot8,1741397224139,False
pilot8,1741397523840,False
pilot8,1741397823122,False
pilot8,1741397968862,False
pilot8,1741398124143,False
pilot8,1741398196624,False
pilot8,1741398423853,False
pilot8,1741398724077,False
pilot8,1741398877062,False
pilot8,1741399016850,False
pilot8,1741399077138,False
pilot8,1741474869313,False
pilot8,1741474934670,False
pilot8,1741475470267,False
pilot8,1741475769097,False
pilot8,1741476181983,False
pilot8,1741476412159,False
pilot8,1741476485041,False
pilot8,1741476697469,False
pilot8,1741477164081,False
pilot8,1741477568512,False
pilot8,1741477739143,False
pilot8,1741477897822,False
pilot8,1741478171545,False
pilot8,1741442523923,False
pilot8,1741442526644,False
pilot8,1741442823939,False
pilot8,1741443080659,False
pilot8,1741443424388,False
pilot8,1741443724411,False
pilot8,1741443878444,False
pilot8,1741443964392,False
pilot8,1741444010262,False
pilot8,1741444324325,False
pilot8,1741444624330,False
pilot8,1741444924385,False
pilot8,1741445019447,False
pilot8,1741445223346,False
pilot8,1741445481418,False
pilot8,1741445824346,False
pilot8,1741417323646,False
pilot8,1741417623599,False
pilot8,1741417867654,False
pilot8,1741418224386,False
pilot8,1741418229314,False
pilot8,1741418524953,False
pilot8,1741418824555,False
pilot8,1741418905550,False
pilot8,1741419124594,False
pilot8,1741419423736,False
pilot8,1741419557879,False
pilot8,1741419729370,False
pilot8,1741420024775,False
pilot8,1741420324603,False
pilot8,1741420623533,False
pilot8,1741424524576,False
pilot8,1741424747830,False
pilot8,1741424825087,False
pilot8,1741425124480,False
pilot8,1741425424511,False
pilot8,1741425724470,False
pilot8,1741425881009,False
pilot8,1741426025009,False
pilot8,1741426323587,False
pilot8,1741426324521,False
pilot8,1741426624495,False
pilot8,1741426924567,False
pilot8,1741427173127,False
pilot8,1741427471345,False
pilot8,1741427643246,False
pilot8,1741427824922,False
pilot8,1741456983783,False
pilot8,1741457044228,False
pilot8,1741457339210,False
pilot8,1741457619672,False
pilot8,1741457940258,False
pilot8,1741458223499,False
pilot8,1741458539223,False
pilot8,1741458656083,True
pilot8,1741458656572,True
pilot8,1741458729615,False
pilot8,1741458730490,False
pilot8,1741458820571,False
pilot8,1741458966977,False
pilot8,1741459269178,False
pilot8,1741459420837,False
pilot8,1741459569245,False
pilot8,1741459745303,False
pilot8,1741459888736,False
pilot8,1741460169210,False
pilot8,1741471200975,False
pilot8,1741471399175,False
pilot8,1741471820837,False
pilot8,1741471894883,False
pilot8,1741472289243,False
pilot8,1741472562549,False
pilot8,1741472923699,False
pilot8,1741472946978,False
pilot8,1741473067567,False
pilot8,1741473489268,False
pilot8,1741473703813,False
pilot8,1741473860991,False
pilot8,1741474222055,False
pilot8,1741474295901,False
pilot8,1741474569116,False
pilot8,1741392127910,False
pilot8,1741392426861,False
pilot8,1741392727799,False
pilot8,1741393028096,False
pilot8,1741393153278,False
pilot8,1741393327798,False
pilot8,1741393627821,False
pilot8,1741394227521,False
pilot8,1741395128081,False
pilot8,1741410724768,False
pilot8,1741411623781,False
pilot8,1741412524647,False
pilot8,1741413423905,False
pilot8,1741460468341,False
pilot8,1741460621505,False
pilot8,1741460769886,False
pilot8,1741460974307,False
pilot8,1741461069230,False
pilot8,1741461220209,False
pilot8,1741461369202,False
pilot8,1741461495206,False
pilot8,1741461555401,False
pilot8,1741461629171,False
pilot8,1741461969232,False
pilot8,1741462269147,False
pilot8,1741462330270,False
pilot8,1741462331248,False
pilot8,1741462393230,False
pilot8,1741462453584,False
pilot8,1741462560922,False
pilot8,1741462869260,False
pilot8,1741463002618,False
pilot8,1741463138712,False
pilot8,1741463353270,False
pilot8,1741463470160,False
pilot8,1741463622333,False
pilot8,1741463769201,False
pilot8,1741463895801,False
pilot8,1741464069549,False
pilot8,1741464219009,False
pilot8,1741464369131,False
pilot8,1741464560372,False
pilot8,1741464669153,False
pilot8,1741464825419,False
pilot8,1741464969144,False
pilot8,1741465154821,False
pilot8,1741465269131,False
pilot8,1741465401403,False
pilot8,1741465806715,False
pilot8,1741465868956,False
pilot8,1741466169579,False
pilot8,1741466469961,False
pilot8,1741466770077,False
pilot8,1741466953531,False
pilot8,1741467023978,False
pilot8,1741467093063,False
pilot8,1741467574711,False
pilot8,1740712184464,False
pilot8,1740712632227,False
pilot8,1740712876029,False
pilot8,1740713082985,False
pilot8,1740713466538,False
pilot8,1740713984309,False
pilot8,1740714884401,False
pilot8,1740758455468,False
pilot8,1740758549983,False
pilot8,1740758623030,False
pilot8,1740758683991,False
pilot8,1740758781865,False
pilot8,1740758907518,False
pilot8,1740758983108,False
pilot8,1740759078645,False
pilot8,1740759188514,False
pilot8,1740759265418,False
pilot8,1740759359489,False
pilot8,1740759517171,False
pilot8,1740759583639,False
pilot8,1740759735453,False
pilot8,1740759829460,False
pilot8,1740759884941,False
pilot8,1740760014210,False
pilot8,1740760121539,False
pilot8,1740760184351,False
pilot8,1740760273827,False
pilot8,1740760338191,False
pilot8,1740760401955,False
pilot8,1740760467051,False
pilot8,1740760525077,False
pilot8,1740760593325,False
pilot8,1740760660989,False
pilot8,1740760751741,False
pilot8,1740760811809,True
pilot8,1740760872294,False
pilot8,1740760932294,True
pilot8,1740760992384,True
pilot8,1740761052594,True
pilot8,1740761112773,True
pilot8,1740761113409,True
pilot8,1740761173300,True
pilot8,1740761233453,True
pilot8,1740761293671,True
pilot8,1740761353959,True
pilot8,1740761354698,True
pilot8,1740761414144,True
pilot8,1740761474442,True
pilot8,1740761475083,True
pilot8,1740761534870,True
pilot8,1740761595027,True
pilot8,1740761595769,True
pilot8,1740761655275,True
pilot8,1740761715638,True
pilot8,1740761716388,True
pilot8,1740761775640,True
pilot8,1740761835932,True
pilot8,1740761836516,True
pilot8,1740761896057,True
pilot8,1740761956506,True
pilot8,1740715784346,False
pilot8,1740715991938,False
pilot8,1740716159682,False
pilot8,1740716385836,False
pilot8,1740716414045,False
pilot8,1740716684357,False
pilot8,1740717159503,False
pilot8,1740717585005,False
pilot8,1740718484484,False
pilot8,1740740451254,False
pilot8,1740740546287,False
pilot8,1740740627263,False
pilot8,1740740699188,False
pilot8,1740740839372,False
pilot8,1740740939090,False
pilot8,1740741051758,False
pilot8,1740741174154,False
pilot8,1740741280531,False
pilot8,1740741418106,False
pilot8,1740741522534,False
pilot8,1740741627889,False
pilot8,1740741787065,False
pilot8,1740741884497,False
pilot8,1740742043155,False
pilot8,1740742168738,False
pilot8,1740742257764,False
pilot8,1740742375978,False
pilot8,1740742484995,False
pilot8,1740742551741,False
pilot8,1740742617530,False
pilot8,1740742784290,False
pilot8,1740742785199,False
pilot8,1740742883571,False
pilot8,1740742945194,False
pilot8,1740743043141,False
pilot8,1740743105089,False
pilot8,1740743211670,False
pilot8,1740743288514,False
pilot8,1740743384452,False
pilot8,1740743385181,False
pilot8,1740743461145,False
pilot8,1740743588687,False
pilot8,1740743652498,False
pilot8,1740743752306,False
pilot8,1740743819747,False
pilot8,1740743904546,False
pilot8,1740743985049,False
pilot8,1740708584342,False
pilot8,1740708689634,False
pilot8,1740709484568,False
pilot8,1740709860910,False
pilot8,1740710384331,False
pilot8,1740711067418,False
pilot8,1740711284291,False
pilot8,1740736840665,False
pilot8,1740736887832,False
pilot8,1740736965684,False
pilot8,1740737040860,False
pilot8,1740737101355,False
pilot8,1740737169211,False
pilot8,1740737263307,False
pilot8,1740737341181,False
pilot8,1740737410354,False
pilot8,1740737539800,False
pilot8,1740737631047,False
pilot8,1740737684167,False
pilot8,1740737785677,False
pilot8,1740737921296,False
pilot8,1740737984568,False
pilot8,1740738097731,False
pilot8,1740738202204,False
pilot8,1740738284623,False
pilot8,1740738355653,False
pilot8,1740738421607,False
pilot8,1740738519339,False
pilot8,1740738585181,False
pilot8,1740738585993,False
pilot8,1740738753348,False
pilot8,1740738866038,False
pilot8,1740738989113,False
pilot8,1740739064882,False
pilot8,1740739186304,False
pilot8,1740739252745,False
pilot8,1740739429069,False
pilot8,1740739484163,False
pilot8,1740739651762,False
pilot8,1740739707052,False
pilot8,1740739784499,False
pilot8,1740739785388,False
pilot8,1740739786229,False
pilot8,1740739885824,False
pilot8,1740739935150,False
pilot8,1740740018400,False
pilot8,1740740084475,False
pilot8,1740740169378,False
pilot8,1740740262743,False
pilot8,1740740379810,False
pilot8,1740744062481,False
pilot8,1740744139962,False
pilot8,1740744216732,False
pilot8,1740744285156,False
pilot8,1740744285892,False
pilot8,1740744476916,False
pilot8,1740744585273,False
pilot8,1740744586172,False
pilot8,1740744668857,False
pilot8,1740744765257,False
pilot8,1740744833907,False
pilot8,1740744885238,False
pilot8,1740745000088,False
pilot8,1740745090398,False
pilot8,1740745184092,False
pilot8,1740745184897,False
pilot8,1740745263879,False
pilot8,1740745432153,False
pilot8,1740745484070,False
pilot8,1740745648304,False
pilot8,1740745750917,False
pilot8,1740745932099,False
pilot8,1740745992526,False
pilot8,1740746083188,False
pilot8,1740746084080,False
pilot8,1740746146170,False
pilot8,1740746293364,False
pilot8,1740746384285,False
pilot8,1740746547310,False
pilot8,1740746684855,False
pilot8,1740746752966,False
pilot8,1740746813760,False
pilot8,1740746908280,False
pilot8,1740746991612,False
pilot8,1740747115954,False
pilot8,1740747234100,False
pilot8,1740747296558,False
pilot8,1740747361988,False
pilot8,1740747523238,False
pilot8,1740729884163,False
pilot8,1740730184238,False
pilot8,1740730419547,False
pilot8,1740730489158,False
pilot8,1740730784187,False
pilot8,1740731084248,False
pilot8,1740731383609,False
pilot8,1740731684112,False
pilot8,1740731984127,False
pilot8,1740732074633,False
pilot8,1740732284800,False
pilot8,1740732505621,False
pilot8,1740732570601,False
pilot8,1740732661731,False
pilot8,1740732753896,False
pilot8,1740732828747,False
pilot8,1740732940145,False
pilot8,1740732995079,False
pilot8,1740733070689,False
pilot8,1740733139592,False
pilot8,1740762016545,True
pilot8,1740762076719,True
pilot8,1740762136977,True
pilot8,1740762137688,True
pilot8,1740762197306,True
pilot8,1740762257774,True
pilot8,1740762317937,True
pilot8,1740762378103,True
pilot8,1740762438343,True
pilot8,1740762498738,True
pilot8,1740762559122,True
pilot8,1740762619261,True
pilot8,1740762620021,True
pilot8,1740762679455,True
pilot8,1740762739859,True
pilot8,1740762740450,True
pilot8,1740762800807,True
pilot8,1740762865219,True
pilot8,1740762925558,True
pilot8,1740762986030,True
pilot8,1740763046561,True
pilot8,1740763107092,True
pilot8,1740763167534,True
pilot8,1740763228022,True
pilot8,1740763288552,True
pilot8,1740763349056,True
pilot8,1740763408766,True
pilot8,1740763468989,True
pilot8,1740763529238,True
pilot8,1740763589439,True
pilot8,1740763649746,True
pilot8,1740763650444,True
pilot8,1740763709950,True
pilot8,1740763770135,True
pilot8,1740763830415,True
pilot8,1740763890630,True
pilot8,1740763950818,True
pilot8,1740764011085,True
pilot8,1740764071294,True
pilot8,1740764131587,True
pilot8,1740764191755,True
pilot8,1740764251977,True
pilot8,1740764252703,True
pilot8,1740764312530,True
pilot8,1740764372592,True
pilot8,1740764373145,True
pilot8,1740764374066,True
pilot8,1740764432812,True
pilot8,1740764493049,True
pilot8,1740764553497,True
pilot8,1740764613803,True
pilot8,1740764674035,True
pilot8,1740764734272,True
pilot8,1740764798952,True
pilot8,1740764859233,True
pilot8,1740764963282,False
pilot8,1740765040279,False
pilot8,1740765148700,False
pilot8,1740765237305,False
pilot8,1740747643072,False
pilot8,1740747708789,False
pilot8,1740747873605,False
pilot8,1740747939433,False
pilot8,1740748062922,False
pilot8,1740748155395,False
pilot8,1740748254974,False
pilot8,1740748359711,False
pilot8,1740748543704,False
pilot8,1740748546597,False
pilot8,1740748639605,False
pilot8,1740748783984,False
pilot8,1740748848588,False
pilot8,1740748904894,False
pilot8,1740748967087,False
pilot8,1740749056858,False
pilot8,1740749117456,False
pilot8,1740749223081,False
pilot8,1740749283397,False
pilot8,1740749442585,False
pilot8,1740749443873,False
pilot8,1740749684542,False
pilot8,1740749984303,False
pilot8,1740750065121,False
pilot8,1740750284406,False
pilot8,1740750451229,False
pilot8,1740750584367,False
pilot8,1740750883990,False
pilot8,1740751154473,False
pilot8,1740751186017,False
pilot8,1740722955924,False
pilot8,1740723016052,False
pilot8,1740723083976,False
pilot8,1740723284566,False
pilot8,1740723345101,False
pilot8,1740723405355,False
pilot8,1740723583757,False
pilot8,1740723884624,False
pilot8,1740724184223,False
pilot8,1740724484165,False
pilot8,1740724784179,False
pilot8,1740725083195,False
pilot8,1740725384244,False
pilot8,1740725654712,False
pilot8,1740725944917,False
pilot8,1740754856810,False
pilot8,1740754917911,False
pilot8,1740754987629,False
pilot8,1740755070506,False
pilot8,1740755180455,False
pilot8,1740755273559,False
pilot8,1740755384371,False
pilot8,1740755525030,False
pilot8,1740755669840,False
pilot8,1740755771252,False
pilot8,1740755918400,False
pilot8,1740755983951,False
pilot8,1740756080073,False
pilot8,1740756223909,False
pilot8,1740756255707,False
pilot8,1740756408599,False
pilot8,1740756514146,False
pilot8,1740756583956,False
pilot8,1740756831189,False
pilot8,1740756883155,False
pilot8,1740756955399,False
pilot8,1740757058649,False
pilot8,1740757171862,False
pilot8,1740757249760,False
pilot8,1740757360044,False
pilot8,1740757481646,False
pilot8,1740757544654,False
pilot8,1740757617851,False
pilot8,1740757690650,False
pilot8,1740757758393,False
pilot8,1740757836436,False
pilot8,1740757918217,False
pilot8,1740757989489,False
pilot8,1740758049898,False
pilot8,1740758115375,False
pilot8,1740758244095,False
pilot8,1740758313012,False
pilot8,1740758383053,False
pilot8,1740704984381,False
pilot8,1740705884535,False
pilot8,1740706256570,False
pilot8,1740706784327,False
pilot8,1740707684223,False
pilot8,1740751266655,False
pilot8,1740751484057,False
pilot8,1740751641708,False
pilot8,1740751784032,False
pilot8,1740751879881,False
pilot8,1740752071957,False
pilot8,1740752314767,False
pilot8,1740752384005,False
pilot8,1740752642360,False
pilot8,1740752984124,False
pilot8,1740753217762,False
pilot8,1740753284012,False
pilot8,1740753584423,False
pilot8,1740753668818,False
pilot8,1740753790247,False
pilot8,1740753864953,False
pilot8,1740753919740,False
pilot8,1740754030509,False
pilot8,1740754154119,False
pilot8,1740754242077,False
pilot8,1740754321397,False
pilot8,1740754436632,False
pilot8,1740754549002,False
pilot8,1740754668272,False
pilot8,1740754773988,False
pilot8,1740726284736,False
pilot8,1740726584325,False
pilot8,1740726884196,False
pilot8,1740726947126,False
pilot8,1740727149505,False
pilot8,1740727484630,False
pilot8,1740727784208,False
pilot8,1740728084250,False
pilot8,1740728384598,False
pilot8,1740728684306,False
pilot8,1740728798236,False
pilot8,1740728984188,False
pilot8,1740729284222,False
pilot8,1740729584130,False
pilot8,1740733214294,False
pilot8,1740733281388,False
pilot8,1740733362318,False
pilot8,1740733460866,False
pilot8,1740733541149,False
pilot8,1740733631340,False
pilot8,1740733694185,False
pilot8,1740733775947,False
pilot8,1740733846158,False
pilot8,1740733906471,False
pilot8,1740734006863,False
pilot8,1740734083608,False
pilot8,1740734187366,False
pilot8,1740734274396,False
pilot8,1740734364371,False
pilot8,1740734488768,False
pilot8,1740734592665,False
pilot8,1740734684618,False
pilot8,1740734764319,False
pilot8,1740734887126,False
pilot8,1740734946539,False
pilot8,1740735013727,False
pilot8,1740735098856,False
pilot8,1740735240835,False
pilot8,1740735347574,False
pilot8,1740735407798,False
pilot8,1740735476514,False
pilot8,1740735543797,False
pilot8,1740735608241,False
pilot8,1740735668748,False
pilot8,1740735669661,False
pilot8,1740735781035,False
pilot8,1740735846303,False
pilot8,1740735909021,False
pilot8,1740735969349,False
pilot8,1740736040672,False
pilot8,1740736140777,False
pilot8,1740736227538,False
pilot8,1740736308167,False
pilot8,1740736440728,False
pilot8,1740736505481,False
pilot8,1740736565726,False
pilot8,1740736629701,False
pilot8,1740765876416,False
pilot8,1740765966258,False
pilot8,1740766056726,False
pilot8,1740766189081,False
pilot8,1740766260793,False
pilot8,1740766558744,False
pilot8,1740766808925,False
pilot8,1740766882103,False
pilot8,1740767158747,False
pilot8,1740700872296,False
pilot8,1740701084677,False
pilot8,1740701089372,False
pilot8,1740701161875,False
pilot8,1740701384516,False
pilot8,1740701684915,False
pilot8,1740701745648,False
pilot8,1740701746644,False
pilot8,1740701904715,False
pilot8,1740701967808,False
pilot8,1740702253004,False
pilot8,1740702650897,False
pilot8,1740703184450,False
pilot8,1740704083662,False
pilot8,1740719384260,False
pilot8,1740720284449,False
pilot8,1740720674366,False
pilot8,1740721184391,False
pilot8,1740721573884,False
pilot8,1740721879410,False
pilot8,1740722084080,False
pilot8,1740722341387,False
pilot8,1740625260684,False
pilot8,1740625486623,False
pilot8,1740625654954,False
pilot8,1740625839059,False
pilot8,1740626003541,False
pilot8,1740626084718,False
pilot8,1740626245318,False
pilot8,1740626372529,False
pilot8,1740626643979,False
pilot8,1740626822840,False
pilot8,1740626991696,False
pilot8,1740627097765,False
pilot8,1740627266150,False
pilot8,1740627442085,False
pilot8,1740627642432,False
pilot8,1740627813127,False
pilot8,1740628017312,False
pilot8,1740628251998,False
pilot8,1740628264968,False
pilot8,1740628423331,False
pilot8,1740628622188,False
pilot8,1740628794850,False
pilot8,1740672052825,False
pilot8,1740672123118,False
pilot8,1740672284043,False
pilot8,1740672284974,False
pilot8,1740672550325,False
pilot8,1740672830041,False
pilot8,1740672901463,False
pilot8,1740672968419,False
pilot8,1740673037043,False
pilot8,1740673283982,False
pilot8,1740673553627,False
pilot8,1740673666875,False
pilot8,1740673730337,False
pilot8,1740673881769,False
pilot8,1740674010557,False
pilot8,1740674084961,False
pilot8,1740674284635,False
pilot8,1740674364793,False
pilot8,1740674520816,False
pilot8,1740674644795,False
pilot8,1740674881708,False
pilot8,1740674961714,False
pilot8,1740675257258,False
pilot8,1740675431181,False
pilot8,1740675542322,False
pilot8,1740628875526,False
pilot8,1740628980615,False
pilot8,1740629115518,False
pilot8,1740629434033,False
pilot8,1740629586657,False
pilot8,1740629723482,False
pilot8,1740629790332,False
pilot8,1740629967688,False
pilot8,1740630151439,False
pilot8,1740630279370,False
pilot8,1740630514696,False
pilot8,1740630656934,False
pilot8,1740630918659,False
pilot8,1740631053649,False
pilot8,1740631154459,False
pilot8,1740631391379,False
pilot8,1740631495146,False
pilot8,1740631682632,False
pilot8,1740631852909,False
pilot8,1740631853749,False
pilot8,1740632057879,False
pilot8,1740632222917,False
pilot8,1740654061369,False
pilot8,1740654131359,False
pilot8,1740654200697,False
pilot8,1740654297503,False
pilot8,1740654388397,False
pilot8,1740654484408,False
pilot8,1740654556518,False
pilot8,1740654617008,False
pilot8,1740654747302,False
pilot8,1740654815929,False
pilot8,1740654876282,False
pilot8,1740654969280,False
pilot8,1740655056336,False
pilot8,1740655147302,False
pilot8,1740655245116,False
pilot8,1740655367084,False
pilot8,1740655484905,False
pilot8,1740655568722,False
pilot8,1740655742318,False
pilot8,1740655815748,False
pilot8,1740655984799,False
pilot8,1740656045030,False
pilot8,1740656131009,False
pilot8,1740656207480,False
pilot8,1740656272579,False
pilot8,1740656384557,False
pilot8,1740656451999,False
pilot8,1740656530837,False
pilot8,1740656718694,False
pilot8,1740656793324,False
pilot8,1740656869168,False
pilot8,1740656955257,False
pilot8,1740657046155,False
pilot8,1740657108635,False
pilot8,1740657168997,False
pilot8,1740657230938,False
pilot8,1740657231866,False
pilot8,1740657337437,False
pilot8,1740657397942,False
pilot8,1740657495582,False
pilot8,1740657583720,False
pilot8,1740657584681,False
pilot8,1740657585498,False
pilot8,1740621656840,False
pilot8,1740621718154,False
pilot8,1740621917812,False
pilot8,1740622062519,False
pilot8,1740622262035,False
pilot8,1740622493175,False
pilot8,1740622670973,False
pilot8,1740622841250,False
pilot8,1740623114183,False
pilot8,1740623298770,False
pilot8,1740623359039,False
pilot8,1740623576800,False
pilot8,1740623715142,False
pilot8,1740623934409,False
pilot8,1740624180000,False
pilot8,1740624182375,False
pilot8,1740624460177,False
pilot8,1740624651085,False
pilot8,1740624934455,False
pilot8,1740625107259,False
pilot8,1740650478349,False
pilot8,1740650585611,False
pilot8,1740650653497,False
pilot8,1740650714067,False
pilot8,1740650781930,False
pilot8,1740650917262,False
pilot8,1740650985882,False
pilot8,1740651054074,False
pilot8,1740651146336,False
pilot8,1740651238358,False
pilot8,1740651312989,False
pilot8,1740651418355,False
pilot8,1740651510377,False
pilot8,1740651594111,False
pilot8,1740651676786,False
pilot8,1740651766703,False
pilot8,1740651860387,False
pilot8,1740651952934,False
pilot8,1740652054466,False
pilot8,1740652141346,False
pilot8,1740652215271,False
pilot8,1740652216153,False
pilot8,1740652350592,False
pilot8,1740652437025,False
pilot8,1740652515277,False
pilot8,1740652635485,False
pilot8,1740652712574,False
pilot8,1740652773976,False
pilot8,1740652866930,False
pilot8,1740652954883,False
pilot8,1740653050517,False
pilot8,1740653114145,False
pilot8,1740653277925,False
pilot8,1740653375500,False
pilot8,1740653408627,False
pilot8,1740653492315,False
pilot8,1740653584438,False
pilot8,1740653669268,False
pilot8,1740653765782,False
pilot8,1740653848927,False
pilot8,1740653973830,False
pilot8,1740657645424,False
pilot8,1740657705747,False
pilot8,1740657769321,False
pilot8,1740657885050,False
pilot8,1740657886007,False
pilot8,1740658022771,False
pilot8,1740658117996,False
pilot8,1740658184402,False
pilot8,1740658185295,False
pilot8,1740658186234,False
pilot8,1740658288874,False
pilot8,1740658367680,False
pilot8,1740658484236,False
pilot8,1740658648693,False
pilot8,1740658743925,False
pilot8,1740658886129,False
pilot8,1740658979667,False
pilot8,1740659062974,False
pilot8,1740659165374,False
pilot8,1740659166223,False
pilot8,1740659258621,False
pilot8,1740659351848,False
pilot8,1740659474562,False
pilot8,1740659576410,False
pilot8,1740659684285,False
pilot8,1740659831085,False
pilot8,1740659920512,False
pilot8,1740659983032,False
pilot8,1740660147116,False
pilot8,1740660290292,False
pilot8,1740660348654,False
pilot8,1740660421465,False
pilot8,1740660514504,False
pilot8,1740660574572,False
pilot8,1740660709803,False
pilot8,1740660780131,False
pilot8,1740660881187,False
pilot8,1740661018289,False
pilot8,1740661111069,False
pilot8,1740661161509,False
pilot8,1740643215005,False
pilot8,1740643396330,False
pilot8,1740643515331,False
pilot8,1740643575406,False
pilot8,1740643671126,False
pilot8,1740643843162,False
pilot8,1740644007500,False
pilot8,1740644037346,False
pilot8,1740644115367,False
pilot8,1740644310606,False
pilot8,1740644397811,False
pilot8,1740644478990,False
pilot8,1740644590055,False
pilot8,1740644718489,False
pilot8,1740644865119,False
pilot8,1740645014697,False
pilot8,1740645129813,False
pilot8,1740645205499,False
pilot8,1740645293678,False
pilot8,1740645461537,False
pilot8,1740645568144,False
pilot8,1740645651271,False
pilot8,1740645833521,False
pilot8,1740645915306,False
pilot8,1740646079002,False
pilot8,1740646157984,False
pilot8,1740646325295,False
pilot8,1740646405681,False
pilot8,1740646540436,False
pilot8,1740646541337,False
pilot8,1740646660958,False
pilot8,1740646756628,False
pilot8,1740675633551,False
pilot8,1740675702201,False
pilot8,1740675884661,False
pilot8,1740675978148,False
pilot8,1740676083041,False
pilot8,1740676178449,False
pilot8,1740676298726,False
pilot8,1740676370975,False
pilot8,1740676484720,False
pilot8,1740676557954,False
pilot8,1740676710362,False
pilot8,1740676784596,False
pilot8,1740676906444,False
pilot8,1740677083133,False
pilot8,1740677266106,False
pilot8,1740677355217,False
pilot8,1740677423947,False
pilot8,1740677704474,False
pilot8,1740677791868,False
pilot8,1740677852108,False
pilot8,1740678024669,False
pilot8,1740678101910,False
pilot8,1740678162849,False
pilot8,1740678289527,False
pilot8,1740678452014,False
pilot8,1740678518175,False
pilot8,1740678584615,False
pilot8,1740678780904,False
pilot8,1740678873067,False
pilot8,1740678942042,False
pilot8,1740679026785,False
pilot8,1740679144361,False
pilot8,1740661236820,False
pilot8,1740661301342,False
pilot8,1740661418626,False
pilot8,1740661483964,False
pilot8,1740661484707,False
pilot8,1740661580996,False
pilot8,1740661782335,False
pilot8,1740661852249,False
pilot8,1740662045223,False
pilot8,1740662118700,False
pilot8,1740662195507,False
pilot8,1740662328984,False
pilot8,1740662383669,False
pilot8,1740662482062,False
pilot8,1740662808437,False
pilot8,1740663433263,False
pilot8,1740663584803,False
pilot8,1740664329924,False
pilot8,1740664401480,False
pilot8,1740664533171,False
pilot8,1740664661051,False
pilot8,1740690091654,False
pilot8,1740690151847,False
pilot8,1740690225452,False
pilot8,1740690283154,False
pilot8,1740690346003,False
pilot8,1740690419114,False
pilot8,1740690479491,False
pilot8,1740690543812,False
pilot8,1740690651978,False
pilot8,1740690789567,False
pilot8,1740690853599,False
pilot8,1740690913944,False
pilot8,1740691060825,False
pilot8,1740691136652,False
pilot8,1740691205939,False
pilot8,1740691292791,False
pilot8,1740691377678,False
pilot8,1740691485093,False
pilot8,1740691596621,False
pilot8,1740691733629,False
pilot8,1740691794744,False
pilot8,1740691859767,False
pilot8,1740691962553,False
pilot8,1740692058676,False
pilot8,1740692111313,False
pilot8,1740692256168,False
pilot8,1740692377832,False
pilot8,1740692471338,False
pilot8,1740692582076,False
pilot8,1740692672248,False
pilot8,1740692741695,False
pilot8,1740692925978,False
pilot8,1740693037089,False
pilot8,1740693111750,False
pilot8,1740693192785,False
pilot8,1740693278082,False
pilot8,1740693388812,False
pilot8,1740693467035,False
pilot8,1740693531316,False
pilot8,1740636011406,False
pilot8,1740636018365,False
pilot8,1740636072965,False
pilot8,1740636177701,False
pilot8,1740636333775,False
pilot8,1740636631139,False
pilot8,1740636737385,False
pilot8,1740636903441,False
pilot8,1740637087384,False
pilot8,1740637191470,False
pilot8,1740637274929,False
pilot8,1740637460936,False
pilot8,1740637551733,False
pilot8,1740637739312,False
pilot8,1740637903999,False
pilot8,1740637983601,False
pilot8,1740638100739,False
pilot8,1740638167157,False
pilot8,1740638254718,False
pilot8,1740638367153,False
pilot8,1740638465824,False
pilot8,1740638628355,False
pilot8,1740638720129,False
pilot8,1740638816709,False
pilot8,1740638961113,False
pilot8,1740639120692,False
pilot8,1740639219268,False
pilot8,1740639359450,False
pilot8,1740639499355,False
pilot8,1740668461101,False
pilot8,1740668524506,False
pilot8,1740668589462,False
pilot8,1740668789567,False
pilot8,1740668875666,False
pilot8,1740668983046,False
pilot8,1740669080704,False
pilot8,1740669145759,False
pilot8,1740669395344,False
pilot8,1740669554430,False
pilot8,1740669695250,False
pilot8,1740669868218,False
pilot8,1740670049738,False
pilot8,1740670170256,False
pilot8,1740670235150,False
pilot8,1740670338217,False
pilot8,1740670484757,False
pilot8,1740670671089,False
pilot8,1740670783930,False
pilot8,1740670784827,False
pilot8,1740670879087,False
pilot8,1740670879981,False
pilot8,1740670971251,False
pilot8,1740671147332,False
pilot8,1740671384852,False
pilot8,1740671478098,False
pilot8,1740671569975,False
pilot8,1740671669571,False
pilot8,1740671759768,False
pilot8,1740671902161,False
pilot8,1740618017483,False
pilot8,1740618082584,False
pilot8,1740618265008,False
pilot8,1740618372293,False
pilot8,1740618543553,False
pilot8,1740618724805,False
pilot8,1740618830012,False
pilot8,1740619061205,False
pilot8,1740619253491,False
pilot8,1740619473416,False
pilot8,1740619697279,False
pilot8,1740619703703,False
pilot8,1740619865665,False
pilot8,1740619867870,False
pilot8,1740619985907,False
pilot8,1740620126510,False
pilot8,1740620354739,False
pilot8,1740620607986,False
pilot8,1740620702764,False
pilot8,1740620878826,False
pilot8,1740621051159,False
pilot8,1740621340951,False
pilot8,1740621554721,False
pilot8,1740621589544,False
pilot8,1740697344918,False
pilot8,1740697405269,False
pilot8,1740697483719,False
pilot8,1740697637411,False
pilot8,1740697782317,False
pilot8,1740698030585,False
pilot8,1740698165333,False
pilot8,1740698271132,False
pilot8,1740698383417,False
pilot8,1740698465564,False
pilot8,1740698551873,False
pilot8,1740698683650,False
pilot8,1740698814420,False
pilot8,1740698919950,False
pilot8,1740699025395,False
pilot8,1740699258062,False
pilot8,1740699358880,False
pilot8,1740699476994,False
pilot8,1740699556811,False
pilot8,1740699696038,False
pilot8,1740699824041,False
pilot8,1740699951911,False
pilot8,1740700224573,False
pilot8,1740700406476,False
pilot8,1740700483461,False
pilot8,1740700693774,False
pilot8,1740700784767,False
pilot8,1740664997507,False
pilot8,1740665385170,False
pilot8,1740665385966,False
pilot8,1740665386860,False
pilot8,1740665593452,False
pilot8,1740665699910,False
pilot8,1740665821214,False
pilot8,1740666044183,False
pilot8,1740666178054,False
pilot8,1740666280454,False
pilot8,1740666382413,False
pilot8,1740666495994,False
pilot8,1740666585179,False
pilot8,1740666586184,False
pilot8,1740666587053,False
pilot8,1740666721127,False
pilot8,1740666802663,False
pilot8,1740666862871,False
pilot8,1740667066626,False
pilot8,1740667185265,False
pilot8,1740667186100,False
pilot8,1740667186864,False
pilot8,1740667267167,False
pilot8,1740667365861,False
pilot8,1740667429065,False
pilot8,1740667592965,False
pilot8,1740667690377,False
pilot8,1740667784090,False
pilot8,1740667784984,False
pilot8,1740667919149,False
pilot8,1740667992424,False
pilot8,1740668084510,False
pilot8,1740668085454,False
pilot8,1740668167296,False
pilot8,1740668297806,False
pilot8,1740639615441,False
pilot8,1740639701767,False
pilot8,1740639829288,False
pilot8,1740639915071,False
pilot8,1740639981889,False
pilot8,1740640049772,False
pilot8,1740640215944,False
pilot8,1740640344336,False
pilot8,1740640514137,False
pilot8,1740640515033,False
pilot8,1740640623851,False
pilot8,1740640692288,False
pilot8,1740640801609,False
pilot8,1740640959761,False
pilot8,1740641113062,False
pilot8,1740641265929,False
pilot8,1740641341582,False
pilot8,1740641415357,False
pilot8,1740641416272,False
pilot8,1740641518549,False
pilot8,1740641601054,False
pilot8,1740641703331,False
pilot8,1740641878139,False
pilot8,1740641982594,False
pilot8,1740642057191,False
pilot8,1740642186248,False
pilot8,1740642297436,False
pilot8,1740642511714,False
pilot8,1740642615372,False
pilot8,1740642687618,False
pilot8,1740642782769,False
pilot8,1740642915078,False
pilot8,1740643052549,False
pilot8,1740643124145,False
pilot8,1740646816980,False
pilot8,1740646908987,False
pilot8,1740647009681,False
pilot8,1740647152734,False
pilot8,1740647179207,False
pilot8,1740647288067,False
pilot8,1740647461346,False
pilot8,1740647567352,False
pilot8,1740647660305,False
pilot8,1740647720743,False
pilot8,1740647808171,False
pilot8,1740647930753,False
pilot8,1740648006911,False
pilot8,1740648103385,False
pilot8,1740648197302,False
pilot8,1740648329968,False
pilot8,1740648330849,False
pilot8,1740648542755,False
pilot8,1740648614997,False
pilot8,1740648779737,False
pilot8,1740648845449,False
pilot8,1740648926404,False
pilot8,1740648927323,False
pilot8,1740649073060,False
pilot8,1740649156290,False
pilot8,1740649216635,False
pilot8,1740649298905,False
pilot8,1740649459954,False
pilot8,1740649565381,False
pilot8,1740649646996,False
pilot8,1740649729362,False
pilot8,1740649817306,False
pilot8,1740649885506,False
pilot8,1740650040597,False
pilot8,1740650115664,False
pilot8,1740650222552,False
pilot8,1740650322167,False
pilot8,1740650399149,False
pilot8,1740679205003,False
pilot8,1740679290602,False
pilot8,1740679463627,False
pilot8,1740679548846,False
pilot8,1740679731756,False
pilot8,1740679792148,False
pilot8,1740679881474,False
pilot8,1740679991736,False
pilot8,1740680083591,False
pilot8,1740680150261,False
pilot8,1740680236504,False
pilot8,1740680303321,False
pilot8,1740680387864,False
pilot8,1740680485953,False
pilot8,1740680573580,False
pilot8,1740680684633,False
pilot8,1740680839790,False
pilot8,1740680984760,False
pilot8,1740680985602,False
pilot8,1740681109831,False
pilot8,1740681211717,False
pilot8,1740681283362,False
pilot8,1740681284218,False
pilot8,1740681545272,False
pilot8,1740681751686,False
pilot8,1740681859994,False
pilot8,1740682019783,False
pilot8,1740682219143,False
pilot8,1740682353852,False
pilot8,1740682476416,False
pilot8,1740682604179,False
pilot8,1740682778832,False
pilot8,1740693622728,False
pilot8,1740693687154,False
pilot8,1740693747455,False
pilot8,1740693807819,False
pilot8,1740693883391,False
pilot8,1740693884367,False
pilot8,1740693943871,False
pilot8,1740694027616,False
pilot8,1740694157630,False
pilot8,1740694310828,False
pilot8,1740694405145,False
pilot8,1740694483205,False
pilot8,1740694543706,False
pilot8,1740694661800,False
pilot8,1740694783592,False
pilot8,1740694784569,False
pilot8,1740694989417,False
pilot8,1740695084468,False
pilot8,1740695219852,False
pilot8,1740695328114,False
pilot8,1740695452487,False
pilot8,1740695623876,False
pilot8,1740695731504,False
pilot8,1740695984190,False
pilot8,1740696167382,False
pilot8,1740696283179,False
pilot8,1740696512602,False
pilot8,1740696651193,False
pilot8,1740696653480,False
pilot8,1740696776526,False
pilot8,1740696889910,False
pilot8,1740697184737,False
pilot8,1740614426485,False
pilot8,1740614486809,False
pilot8,1740614538905,False
pilot8,1740614616837,False
pilot8,1740614714253,False
pilot8,1740614808122,False
pilot8,1740614981267,False
pilot8,1740615064561,False
pilot8,1740615148065,False
pilot8,1740615249713,False
pilot8,1740615314066,False
pilot8,1740615391281,False
pilot8,1740615530513,False
pilot8,1740615604534,False
pilot8,1740615669976,False
pilot8,1740615743063,False
pilot8,1740615829881,False
pilot8,1740615895167,False
pilot8,1740616015517,False
pilot8,1740616071120,False
pilot8,1740616149249,False
pilot8,1740616215283,False
pilot8,1740616354687,False
pilot8,1740616444990,False
pilot8,1740616514224,False
pilot8,1740616596545,False
pilot8,1740616743622,False
pilot8,1740616810285,False
pilot8,1740616905727,False
pilot8,1740616987594,False
pilot8,1740617090275,False
pilot8,1740617182681,False
pilot8,1740617293368,False
pilot8,1740617354439,False
pilot8,1740617444912,False
pilot8,1740617576959,False
pilot8,1740617821924,False
pilot8,1740617937800,False
pilot8,1740632413545,False
pilot8,1740632478701,False
pilot8,1740632590579,False
pilot8,1740632715048,False
pilot8,1740632938093,False
pilot8,1740633079113,False
pilot8,1740633255400,False
pilot8,1740633454757,False
pilot8,1740633652620,False
pilot8,1740633657181,False
pilot8,1740633845134,False
pilot8,1740634051914,False
pilot8,1740634270156,False
pilot8,1740634383660,False
pilot8,1740634561823,False
pilot8,1740634847380,False
pilot8,1740634993831,False
pilot8,1740635218725,False
pilot8,1740635346348,False
pilot8,1740635440903,False
pilot8,1740635555349,False
pilot8,1740635818326,False
pilot8,1740635824591,False
pilot8,1740682862990,False
pilot8,1740683017758,False
pilot8,1740683083620,False
pilot8,1740683222172,False
pilot8,1740683286834,False
pilot8,1740683344699,False
pilot8,1740683426457,False
pilot8,1740683518011,False
pilot8,1740683683392,False
pilot8,1740683684327,False
pilot8,1740683743896,False
pilot8,1740683821185,False
pilot8,1740683898481,False
pilot8,1740683983619,False
pilot8,1740684055237,False
pilot8,1740684121147,False
pilot8,1740684216421,False
pilot8,1740684283210,False
pilot8,1740684284055,False
pilot8,1740684360931,False
pilot8,1740684435061,False
pilot8,1740684509296,False
pilot8,1740684593636,False
pilot8,1740684673524,False
pilot8,1740684749153,False
pilot8,1740684842350,False
pilot8,1740684976754,False
pilot8,1740685183161,False
pilot8,1740685183956,False
pilot8,1740685282574,False
pilot8,1740685364032,False
pilot8,1740685459398,False
pilot8,1740685525577,False
pilot8,1740685621918,False
pilot8,1740685704461,False
pilot8,1740685803684,False
pilot8,1740685867941,False
pilot8,1740686053728,False
pilot8,1740686221991,False
pilot8,1740686282364,False
pilot8,1740686385552,False
pilot8,1740686458051,False
pilot8,1740686580913,False
pilot8,1740686642068,False
pilot8,1740686702582,False
pilot8,1740686791235,False
pilot8,1740686849571,False
pilot8,1740686983960,False
pilot8,1740687119340,False
pilot8,1740687184484,False
pilot8,1740687242797,False
pilot8,1740687361263,False
pilot8,1740687425810,False
pilot8,1740687485990,False
pilot8,1740687546331,False
pilot8,1740687644174,False
pilot8,1740687704485,False
pilot8,1740687764821,False
pilot8,1740687839031,False
pilot8,1740687897858,False
pilot8,1740688022056,False
pilot8,1740688085670,False
pilot8,1740688161133,False
pilot8,1740688214738,False
pilot8,1740688275151,False
pilot8,1740688335263,False
pilot8,1740688399662,False
pilot8,1740688468488,False
pilot8,1740688528841,False
pilot8,1740688596317,False
pilot8,1740688660844,False
pilot8,1740688726704,False
pilot8,1740688784745,False
pilot8,1740688930545,False
pilot8,1740689026048,False
pilot8,1740689083682,False
pilot8,1740689156548,False
pilot8,1740689285991,False
pilot8,1740689383057,False
pilot8,1740689495476,False
pilot8,1740689685910,False
pilot8,1740689686869,False
pilot8,1740689687720,False
pilot8,1740689779824,False
pilot8,1740689879593,False
pilot8,1740689984731,False
pilot8,1740689985522,False
pilot9,1740970840297,False
pilot9,1740970841088,False
pilot9,1740970981002,True
pilot9,1740970981413,True
pilot9,1740970981696,True
pilot9,1740971056542,False
pilot9,1740971194471,False
pilot9,1740971287960,False
pilot9,1740971394746,False
pilot9,1740971589877,False
pilot9,1740971650125,False
pilot9,1740971710406,False
pilot9,1740971823207,False
pilot9,1740971883486,False
pilot9,1740972036603,False
pilot9,1740972096871,False
pilot9,1740972190409,False
pilot9,1740972272433,False
pilot9,1740972489446,False
pilot9,1740972549215,False
pilot9,1740972609488,False
pilot9,1740972669747,False
pilot9,1740972730081,False
pilot9,1740972794853,False
pilot9,1740972795421,False
pilot9,1740972854629,False
pilot9,1740972914923,False
pilot9,1740972975212,False
pilot9,1740973035517,False
pilot9,1740973108960,False
pilot9,1740973109342,False
pilot9,1740973450324,False
pilot9,1740973787142,False
pilot9,1740973893750,False
pilot9,1740974009111,False
pilot9,1740974009600,False
pilot9,1740974609173,False
pilot9,1740974701244,False
pilot9,1740974909184,False
pilot9,1740975079607,False
pilot9,1740975808933,False
pilot9,1740976708993,False
pilot9,1740977104399,False
pilot9,1740977608941,False
pilot9,1740977736043,False
pilot9,1740999630008,False
pilot9,1740999690343,False
pilot9,1740999756958,False
pilot9,1740999820043,False
pilot9,1740999820478,False
pilot9,1740999902440,False
pilot9,1740999962674,False
pilot9,1741000018090,False
pilot9,1741000085411,False
pilot9,1741000149870,False
pilot9,1741000211728,False
pilot9,1741000271783,True
pilot9,1741000332011,True
pilot9,1741000332308,True
pilot9,1741000392213,True
pilot9,1741000450069,True
pilot9,1741000512521,True
pilot9,1741000572716,True
pilot9,1741000632910,True
pilot9,1741000693093,True
pilot9,1741000748904,True
pilot9,1741000813480,True
pilot9,1741000873663,True
pilot9,1741000873955,True
pilot9,1741000933845,True
pilot9,1741000994001,True
pilot9,1741001054227,True
pilot9,1741001054503,True
pilot9,1741001054805,True
pilot9,1741001114399,True
pilot9,1741001174766,False
pilot9,1741001235864,False
pilot9,1741001296138,False
pilot9,1741001358091,False
pilot9,1741001418374,False
pilot9,1741001470952,False
pilot9,1741001539084,False
pilot9,1741001600158,False
pilot9,1741001662101,False
pilot9,1741001723403,False
pilot9,1741001788185,False
pilot9,1741001848396,False
pilot9,1741001910247,False
pilot9,1741001970499,False
pilot9,1741002032137,False
pilot9,1741002097229,False
pilot9,1741002171832,False
pilot9,1741002232068,False
pilot9,1741002313828,False
pilot9,1741002371304,False
pilot9,1741002443997,False
pilot9,1741002504247,False
pilot9,1741002564532,False
pilot9,1741002624792,False
pilot9,1741002685054,False
pilot9,1741002745314,False
pilot9,1741002805591,False
pilot9,1741002865864,False
pilot9,1741002926150,False
pilot9,1741002985179,False
pilot9,1741003045102,False
pilot9,1741003045514,False
pilot9,1741003105336,False
pilot9,1741003165577,False
pilot9,1740967888257,False
pilot9,1740968442420,False
pilot9,1740968534726,False
pilot9,1740968596297,False
pilot9,1740968775734,False
pilot9,1740968840147,False
pilot9,1740969734092,False
pilot9,1740970082283,True
pilot9,1740970175891,False
pilot9,1740970394010,False
pilot9,1740970490893,False
pilot9,1740970640527,False
pilot9,1740970700794,False
pilot9,1740970701249,False
pilot9,1740996044577,False
pilot9,1740996104848,False
pilot9,1740996154910,False
pilot9,1740996251229,False
pilot9,1740996251796,False
pilot9,1740996312996,False
pilot9,1740996373239,False
pilot9,1740996433571,False
pilot9,1740996493786,False
pilot9,1740996553992,False
pilot9,1740996604191,False
pilot9,1740996674518,False
pilot9,1740996734806,False
pilot9,1740996795049,False
pilot9,1740996855252,False
pilot9,1740996915529,False
pilot9,1740996915970,False
pilot9,1740996916832,False
pilot9,1740996975797,False
pilot9,1740996976678,False
pilot9,1740997036017,False
pilot9,1740997096230,False
pilot9,1740997156727,True
pilot9,1740997216751,False
pilot9,1740997276843,True
pilot9,1740997337211,False
pilot9,1740997397433,False
pilot9,1740997457711,False
pilot9,1740997517979,False
pilot9,1740997578070,True
pilot9,1740997638285,True
pilot9,1740997638566,True
pilot9,1740997698632,False
pilot9,1740997758888,False
pilot9,1740997819226,False
pilot9,1740997879578,False
pilot9,1740997939719,False
pilot9,1740997995147,False
pilot9,1740998053234,True
pilot9,1740998114917,True
pilot9,1740998175102,True
pilot9,1740998235292,True
pilot9,1740998295463,True
pilot9,1740998357612,True
pilot9,1740998416986,False
pilot9,1740998477188,False
pilot9,1740998537493,False
pilot9,1740998597700,False
pilot9,1740998656038,False
pilot9,1740998722460,False
pilot9,1740998782753,False
pilot9,1740998848441,False
pilot9,1740998908697,False
pilot9,1740998968959,False
pilot9,1740999029228,False
pilot9,1740999089514,False
pilot9,1740999149826,False
pilot9,1740999210126,False
pilot9,1740999300883,False
pilot9,1740999361143,False
pilot9,1740999417898,False
pilot9,1740999490900,False
pilot9,1740999551186,False
pilot9,1741003225884,False
pilot9,1741003282519,False
pilot9,1741003352740,False
pilot9,1741003421960,False
pilot9,1741003491300,False
pilot9,1741003551264,True
pilot9,1741003616474,False
pilot9,1741003697440,False
pilot9,1741003769689,False
pilot9,1741003843132,False
pilot9,1741003903385,False
pilot9,1741003963655,False
pilot9,1741004028569,False
pilot9,1741004088627,True
pilot9,1741004148972,False
pilot9,1741004213775,False
pilot9,1741004274047,False
pilot9,1741004334345,False
pilot9,1741004394769,False
pilot9,1741004455034,False
pilot9,1741004515402,True
pilot9,1741004575535,False
pilot9,1741004635582,True
pilot9,1741004700389,False
pilot9,1741004772933,False
pilot9,1741004833150,False
pilot9,1741004906544,False
pilot9,1741004966832,False
pilot9,1741005038137,False
pilot9,1741005098191,True
pilot9,1741005158354,True
pilot9,1741005218558,True
pilot9,1741005278753,True
pilot9,1741005338873,True
pilot9,1741005399309,True
pilot9,1741005459531,False
pilot9,1741005603889,False
pilot9,1741005720419,False
pilot9,1741005805609,False
pilot9,1741005861447,True
pilot9,1741005921667,True
pilot9,1741005981777,True
pilot9,1741006042144,False
pilot9,1741006153395,False
pilot9,1741006213438,True
pilot9,1741006273664,True
pilot9,1741006333845,True
pilot9,1741006394238,False
pilot9,1741006494648,False
pilot9,1741006557563,False
pilot9,1741006678720,False
pilot9,1741006679125,False
pilot9,1740988856725,True
pilot9,1740988916918,True
pilot9,1740988977148,True
pilot9,1740988977415,True
pilot9,1740988977695,True
pilot9,1740989037279,True
pilot9,1740989097510,True
pilot9,1740989157767,True
pilot9,1740989158062,True
pilot9,1740989158345,True
pilot9,1740989217887,True
pilot9,1740989278115,True
pilot9,1740989338277,True
pilot9,1740989398472,True
pilot9,1740989458880,False
pilot9,1740989519135,False
pilot9,1740989579398,False
pilot9,1740989639672,False
pilot9,1740989699934,False
pilot9,1740989789025,False
pilot9,1740989789626,False
pilot9,1740989848812,False
pilot9,1740989909136,False
pilot9,1740989969349,False
pilot9,1740990029642,False
pilot9,1740990167606,False
pilot9,1740990299724,False
pilot9,1740990452632,False
pilot9,1740990545685,True
pilot9,1740990605541,True
pilot9,1740990665910,False
pilot9,1740990726180,False
pilot9,1740990786625,False
pilot9,1740990846897,False
pilot9,1740990907134,False
pilot9,1740990967418,False
pilot9,1740991027514,True
pilot9,1740991087730,True
pilot9,1740991147946,True
pilot9,1740991208160,True
pilot9,1740991208456,True
pilot9,1740991268343,True
pilot9,1740991328656,True
pilot9,1740991388720,True
pilot9,1740991448951,True
pilot9,1740991509123,True
pilot9,1740991569328,True
pilot9,1740991629559,True
pilot9,1740991629839,True
pilot9,1740991689699,True
pilot9,1740991750104,False
pilot9,1740991810369,False
pilot9,1740991810783,False
pilot9,1740991870663,False
pilot9,1740991930933,False
pilot9,1740991991192,False
pilot9,1740992053680,False
pilot9,1740992054185,False
pilot9,1740992113441,False
pilot9,1740992173702,False
pilot9,1740992233982,False
pilot9,1740992294211,False
pilot9,1741006872305,False
pilot9,1741006948740,False
pilot9,1741007131599,False
pilot9,1741007192475,False
pilot9,1741007286897,False
pilot9,1741007517508,False
pilot9,1741007593776,False
pilot9,1741007644422,False
pilot9,1741007785723,False
pilot9,1741007883800,False
pilot9,1741007941060,True
pilot9,1741008001293,True
pilot9,1741008061493,True
pilot9,1741008121645,True
pilot9,1741008181826,True
pilot9,1741008242017,True
pilot9,1741008302210,True
pilot9,1741008362399,True
pilot9,1741008413236,True
pilot9,1741008473496,True
pilot9,1741008473762,True
pilot9,1741008542828,True
pilot9,1741008603031,True
pilot9,1741008654900,True
pilot9,1741008715146,True
pilot9,1741008715438,True
pilot9,1741008781340,True
pilot9,1741008781609,True
pilot9,1741008843795,True
pilot9,1741008903917,True
pilot9,1741008954911,True
pilot9,1741009024318,True
pilot9,1741009084536,True
pilot9,1741009144730,True
pilot9,1741009145009,True
pilot9,1741009204897,True
pilot9,1741009287521,False
pilot9,1741009347777,False
pilot9,1741009428628,False
pilot9,1741009495570,False
pilot9,1741009554457,False
pilot9,1741009718128,False
pilot9,1741009847386,True
pilot9,1741009907591,True
pilot9,1741009967754,True
pilot9,1741010028198,False
pilot9,1741010178113,False
pilot9,1741010300402,False
pilot9,1741010384079,True
pilot9,1740982108965,False
pilot9,1740982865656,False
pilot9,1740983008875,False
pilot9,1740983641903,False
pilot9,1740983705949,False
pilot9,1740983885983,False
pilot9,1740983992490,False
pilot9,1740984117271,False
pilot9,1740984207874,False
pilot9,1740984301062,False
pilot9,1740984401059,False
pilot9,1740984508864,False
pilot9,1740984660552,False
pilot9,1740984808905,False
pilot9,1740984922184,False
pilot9,1740984991861,False
pilot9,1740985107621,False
pilot9,1740985174800,False
pilot9,1741014032618,True
pilot9,1741014092740,True
pilot9,1741014152940,True
pilot9,1741014153196,True
pilot9,1741014153455,True
pilot9,1741014213105,True
pilot9,1741014213607,True
pilot9,1741014273272,True
pilot9,1741014333488,True
pilot9,1741014393685,True
pilot9,1741014453861,True
pilot9,1741014514100,True
pilot9,1741014514379,True
pilot9,1741014514644,True
pilot9,1741014574300,True
pilot9,1741014634436,True
pilot9,1741014694688,True
pilot9,1741014694969,True
pilot9,1741014695228,True
pilot9,1741014754891,True
pilot9,1741014815064,True
pilot9,1741014815338,True
pilot9,1741014875297,True
pilot9,1741014935502,True
pilot9,1741014995624,True
pilot9,1741015055801,True
pilot9,1741015116004,True
pilot9,1741015176257,True
pilot9,1741015236428,True
pilot9,1741015296619,True
pilot9,1741015356809,True
pilot9,1741015357123,True
pilot9,1741015357543,True
pilot9,1741015416990,True
pilot9,1741015417514,True
pilot9,1741015477193,True
pilot9,1741015537403,True
pilot9,1741015597625,True
pilot9,1741015597910,True
pilot9,1741015598189,True
pilot9,1741015657803,True
pilot9,1741015717987,True
pilot9,1741015778189,True
pilot9,1741015838396,True
pilot9,1741015898594,True
pilot9,1741015958768,True
pilot9,1741015959067,True
pilot9,1741015959568,True
pilot9,1741016018964,True
pilot9,1741016079153,True
pilot9,1740964334236,False
pilot9,1740965019081,False
pilot9,1740965234193,False
pilot9,1740966134365,False
pilot9,1740967034017,False
pilot9,1741010444336,True
pilot9,1741010504481,False
pilot9,1741010576021,False
pilot9,1741010646118,False
pilot9,1741010722481,True
pilot9,1741010782545,True
pilot9,1741010842698,True
pilot9,1741010842956,True
pilot9,1741010902870,True
pilot9,1741010963014,True
pilot9,1741011023202,True
pilot9,1741011083403,True
pilot9,1741011143576,True
pilot9,1741011143866,True
pilot9,1741011144319,True
pilot9,1741011203738,True
pilot9,1741011263930,True
pilot9,1741011264194,True
pilot9,1741011324132,True
pilot9,1741011384236,True
pilot9,1741011444458,True
pilot9,1741011444743,True
pilot9,1741011444993,True
pilot9,1741011504629,True
pilot9,1741011564816,True
pilot9,1741011565089,True
pilot9,1741011624994,True
pilot9,1741011685134,True
pilot9,1741011745372,True
pilot9,1741011805554,True
pilot9,1741011865779,True
pilot9,1741011866045,True
pilot9,1741011925982,True
pilot9,1741011986210,True
pilot9,1741011986470,True
pilot9,1741011986720,True
pilot9,1741012046416,True
pilot9,1741012046903,True
pilot9,1741012106592,True
pilot9,1741012166778,True
pilot9,1741012226887,True
pilot9,1741012287018,True
pilot9,1741012287283,True
pilot9,1741012347157,True
pilot9,1741012407404,True
pilot9,1741012467535,True
pilot9,1741012467857,True
pilot9,1741012527725,True
pilot9,1741012587933,True
pilot9,1741012648074,True
pilot9,1741012708287,True
pilot9,1741012708570,True
pilot9,1741012768500,True
pilot9,1741012828748,True
pilot9,1741012829025,True
pilot9,1741012829266,True
pilot9,1741012888897,True
pilot9,1741012949113,True
pilot9,1741013009352,True
pilot9,1741013069506,True
pilot9,1741013069781,True
pilot9,1741013070264,True
pilot9,1741013129729,True
pilot9,1741013130271,True
pilot9,1741013189875,True
pilot9,1741013250091,True
pilot9,1741013310283,True
pilot9,1741013370473,True
pilot9,1741013370773,True
pilot9,1741013371028,True
pilot9,1741013430692,True
pilot9,1741013490904,True
pilot9,1741013551113,True
pilot9,1741013611372,True
pilot9,1741013611651,True
pilot9,1741013611886,True
pilot9,1741013671520,True
pilot9,1741013731692,True
pilot9,1741013782527,True
pilot9,1741013842698,True
pilot9,1741013842965,True
pilot9,1741013912276,True
pilot9,1741013972490,True
pilot9,1740985250974,False
pilot9,1740985408862,False
pilot9,1740985469198,False
pilot9,1740985560025,False
pilot9,1740985670874,False
pilot9,1740985906497,False
pilot9,1740985966554,True
pilot9,1740986026764,True
pilot9,1740986086978,True
pilot9,1740986147162,True
pilot9,1740986207297,True
pilot9,1740986267504,True
pilot9,1740986327649,True
pilot9,1740986416094,False
pilot9,1740986531205,False
pilot9,1740986601113,True
pilot9,1740986661354,True
pilot9,1740986776486,False
pilot9,1740986981674,False
pilot9,1740987177038,False
pilot9,1740987247744,False
pilot9,1740987314199,False
pilot9,1740987445828,False
pilot9,1740987595982,False
pilot9,1740987596488,False
pilot9,1740987861244,False
pilot9,1740987921830,False
pilot9,1740987982060,False
pilot9,1740988082364,False
pilot9,1740988142688,False
pilot9,1740988195154,False
pilot9,1740988253619,True
pilot9,1740988314888,True
pilot9,1740988375081,True
pilot9,1740988435304,True
pilot9,1740988495491,True
pilot9,1740988555687,True
pilot9,1740988615894,True
pilot9,1740988676093,True
pilot9,1740988736503,False
pilot9,1740988796576,True
pilot9,1740992418859,True
pilot9,1740992475559,False
pilot9,1740992539045,False
pilot9,1740992599349,False
pilot9,1740992659653,False
pilot9,1740992719933,False
pilot9,1740992780218,False
pilot9,1740992840523,False
pilot9,1740992912303,False
pilot9,1740992972542,False
pilot9,1740993029104,False
pilot9,1740993306148,True
pilot9,1740993307063,True
pilot9,1740993365808,False
pilot9,1740993426047,False
pilot9,1740993486319,False
pilot9,1740993555335,False
pilot9,1740993616755,False
pilot9,1740993676878,True
pilot9,1740993737061,True
pilot9,1740993797265,True
pilot9,1740993857391,True
pilot9,1740993917635,True
pilot9,1740993977815,True
pilot9,1740994038037,True
pilot9,1740994098200,True
pilot9,1740994158449,True
pilot9,1740994218563,True
pilot9,1740994278840,True
pilot9,1740994338988,True
pilot9,1740994399214,True
pilot9,1740994459382,True
pilot9,1740994519594,True
pilot9,1740994579743,True
pilot9,1740994639950,True
pilot9,1740994700145,True
pilot9,1740994700443,True
pilot9,1740994760301,True
pilot9,1740994820512,True
pilot9,1740994820791,True
pilot9,1740994897452,False
pilot9,1740995020253,True
pilot9,1740995080549,True
pilot9,1740995140677,True
pilot9,1740995200909,True
pilot9,1740995261279,False
pilot9,1740995312441,False
pilot9,1740995372716,False
pilot9,1740995373117,False
pilot9,1740995433420,False
pilot9,1740995433835,False
pilot9,1740995494142,False
pilot9,1740995494531,False
pilot9,1740995554845,False
pilot9,1740995555282,False
pilot9,1740995615564,False
pilot9,1740995615968,False
pilot9,1740995683000,False
pilot9,1740995743256,False
pilot9,1740995803511,False
pilot9,1740995863754,False
pilot9,1740995924018,False
pilot9,1740995984305,False
pilot9,1740995984766,False
pilot9,1740995985490,False
pilot9,1740960062270,False
pilot9,1740960133413,False
pilot9,1740960194966,False
pilot9,1740960315578,False
pilot9,1740960471944,False
pilot9,1740960734166,False
pilot9,1740960734587,False
pilot9,1740961251780,False
pilot9,1740961344961,False
pilot9,1740961405100,False
pilot9,1740961634306,False
pilot9,1740961634744,False
pilot9,1740961931991,False
pilot9,1740962472947,False
pilot9,1740962534238,False
pilot9,1740962646627,False
pilot9,1740963434305,False
pilot9,1740978219274,False
pilot9,1740978220200,False
pilot9,1740978280876,False
pilot9,1740978507874,False
pilot9,1740978508351,False
pilot9,1740979408938,False
pilot9,1740979409416,False
pilot9,1740979926641,False
pilot9,1740980308920,False
pilot9,1740980446843,False
pilot9,1740981208895,False
pilot9,1740711904652,False
pilot9,1740711986342,False
pilot9,1740712804372,False
pilot9,1740713113117,False
pilot9,1740713704559,False
pilot9,1740713778272,False
pilot9,1740713838337,False
pilot9,1740713954290,False
pilot9,1740714304465,False
pilot9,1740714481116,False
pilot9,1740714733204,False
pilot9,1740714904372,False
pilot9,1740714978232,False
pilot9,1740758441252,False
pilot9,1740758501488,False
pilot9,1740758584492,False
pilot9,1740758647889,False
pilot9,1740758710895,False
pilot9,1740758779211,False
pilot9,1740758841273,False
pilot9,1740758915603,False
pilot9,1740759001954,False
pilot9,1740759089095,False
pilot9,1740759154621,False
pilot9,1740759261802,False
pilot9,1740759374241,False
pilot9,1740759434564,False
pilot9,1740759596652,False
pilot9,1740759664849,False
pilot9,1740759742245,False
pilot9,1740759850050,False
pilot9,1740759912542,False
pilot9,1740759987814,False
pilot9,1740760069877,False
pilot9,1740760131088,False
pilot9,1740760253316,False
pilot9,1740760348195,False
pilot9,1740760469377,False
pilot9,1740760562225,False
pilot9,1740760644512,False
pilot9,1740760704629,False
pilot9,1740760767072,False
pilot9,1740760821179,True
pilot9,1740760887347,True
pilot9,1740760947510,True
pilot9,1740761050254,False
pilot9,1740761121684,False
pilot9,1740761224073,False
pilot9,1740761308120,False
pilot9,1740761416375,False
pilot9,1740761528252,False
pilot9,1740761613230,False
pilot9,1740761769278,False
pilot9,1740761851625,False
pilot9,1740761852073,False
pilot9,1740761939569,False
pilot9,1740715804398,False
pilot9,1740716704387,False
pilot9,1740717604354,False
pilot9,1740717605350,False
pilot9,1740718077719,False
pilot9,1740718504349,False
pilot9,1740740448409,False
pilot9,1740740508661,False
pilot9,1740740568703,True
pilot9,1740740646104,False
pilot9,1740740715089,False
pilot9,1740740775319,False
pilot9,1740740835571,False
pilot9,1740740906400,False
pilot9,1740740972297,True
pilot9,1740741032779,True
pilot9,1740741092905,True
pilot9,1740741153065,True
pilot9,1740741205007,True
pilot9,1740741273425,True
pilot9,1740741333603,True
pilot9,1740741394519,False
pilot9,1740741468945,False
pilot9,1740741530459,False
pilot9,1740741595721,False
pilot9,1740741680391,False
pilot9,1740741762340,False
pilot9,1740741822430,False
pilot9,1740741882456,True
pilot9,1740741942689,True
pilot9,1740741996750,True
pilot9,1740742096389,False
pilot9,1740742156648,False
pilot9,1740742216857,False
pilot9,1740742277139,False
pilot9,1740742355220,False
pilot9,1740742428096,False
pilot9,1740742501881,False
pilot9,1740742561985,True
pilot9,1740742622184,True
pilot9,1740742682399,True
pilot9,1740742682631,True
pilot9,1740742682926,True
pilot9,1740742750536,False
pilot9,1740742837666,False
pilot9,1740742913860,False
pilot9,1740742983947,False
pilot9,1740743053147,False
pilot9,1740743113420,False
pilot9,1740743186062,False
pilot9,1740743246309,False
pilot9,1740743305397,False
pilot9,1740743378891,False
pilot9,1740743459866,False
pilot9,1740743519906,True
pilot9,1740743580047,True
pilot9,1740743640198,True
pilot9,1740743700382,True
pilot9,1740743760585,True
pilot9,1740743820805,True
pilot9,1740743880983,True
pilot9,1740743941164,True
pilot9,1740743941427,True
pilot9,1740708009001,False
pilot9,1740708009585,False
pilot9,1740708068739,False
pilot9,1740708128982,False
pilot9,1740708189220,False
pilot9,1740708249524,False
pilot9,1740708303418,False
pilot9,1740708371328,False
pilot9,1740708431577,False
pilot9,1740708491818,False
pilot9,1740708552085,False
pilot9,1740708603337,False
pilot9,1740708672593,False
pilot9,1740708732890,False
pilot9,1740708793205,False
pilot9,1740708853406,False
pilot9,1740708913637,False
pilot9,1740708996095,False
pilot9,1740709086717,False
pilot9,1740709190761,False
pilot9,1740709298113,False
pilot9,1740709461125,False
pilot9,1740709598818,False
pilot9,1740709662576,False
pilot9,1740709776402,False
pilot9,1740709831635,False
pilot9,1740709912843,False
pilot9,1740710012568,False
pilot9,1740710103241,False
pilot9,1740710103658,False
pilot9,1740710187435,False
pilot9,1740710855536,False
pilot9,1740711004347,False
pilot9,1740711308123,False
pilot9,1740711472892,False
pilot9,1740736855998,True
pilot9,1740736916222,True
pilot9,1740736976309,True
pilot9,1740737036516,True
pilot9,1740737096642,True
pilot9,1740737156858,True
pilot9,1740737217087,True
pilot9,1740737277283,True
pilot9,1740737337416,True
pilot9,1740737397589,True
pilot9,1740737457759,True
pilot9,1740737517981,True
pilot9,1740737578120,True
pilot9,1740737638309,True
pilot9,1740737699129,False
pilot9,1740737758879,True
pilot9,1740737819035,True
pilot9,1740737819308,True
pilot9,1740737879233,True
pilot9,1740737939399,True
pilot9,1740737999747,False
pilot9,1740738059990,False
pilot9,1740738120249,False
pilot9,1740738180541,False
pilot9,1740738240766,False
pilot9,1740738293682,False
pilot9,1740738294549,False
pilot9,1740738353469,False
pilot9,1740738413695,False
pilot9,1740738474029,False
pilot9,1740738534286,False
pilot9,1740738594495,False
pilot9,1740738654724,False
pilot9,1740738714982,False
pilot9,1740738775224,False
pilot9,1740738835608,False
pilot9,1740738895799,False
pilot9,1740738956075,False
pilot9,1740739016342,False
pilot9,1740739076558,False
pilot9,1740739130536,False
pilot9,1740739197066,False
pilot9,1740739257315,False
pilot9,1740739317577,False
pilot9,1740739377653,True
pilot9,1740739437816,True
pilot9,1740739498169,False
pilot9,1740739558404,False
pilot9,1740739618678,False
pilot9,1740739678893,False
pilot9,1740739739187,False
pilot9,1740739815457,False
pilot9,1740739876953,False
pilot9,1740739937263,False
pilot9,1740739997475,False
pilot9,1740740050975,False
pilot9,1740740120432,False
pilot9,1740740184832,False
pilot9,1740740252981,False
pilot9,1740740327890,False
pilot9,1740740388183,False
pilot9,1740744001403,True
pilot9,1740744061593,True
pilot9,1740744061849,True
pilot9,1740744062085,True
pilot9,1740744121747,True
pilot9,1740744181893,True
pilot9,1740744242122,True
pilot9,1740744302328,True
pilot9,1740744362544,True
pilot9,1740744422697,True
pilot9,1740744482865,True
pilot9,1740744543085,True
pilot9,1740744603218,True
pilot9,1740744663425,True
pilot9,1740744723648,True
pilot9,1740744723912,True
pilot9,1740744783810,True
pilot9,1740744843948,True
pilot9,1740744899053,True
pilot9,1740744964305,True
pilot9,1740745024498,True
pilot9,1740745084734,True
pilot9,1740745144894,True
pilot9,1740745205072,True
pilot9,1740745265295,True
pilot9,1740745325396,True
pilot9,1740745385618,True
pilot9,1740745445792,True
pilot9,1740745446038,True
pilot9,1740745446469,True
pilot9,1740745505970,True
pilot9,1740745566157,True
pilot9,1740745626334,True
pilot9,1740745686495,True
pilot9,1740745746701,True
pilot9,1740745806891,True
pilot9,1740745867082,True
pilot9,1740745927291,True
pilot9,1740745927530,True
pilot9,1740745987467,True
pilot9,1740746047668,True
pilot9,1740746107864,True
pilot9,1740746168074,True
pilot9,1740746228239,True
pilot9,1740746288474,True
pilot9,1740746288702,True
pilot9,1740746288948,True
pilot9,1740746348649,True
pilot9,1740746349115,True
pilot9,1740746408828,True
pilot9,1740746469016,True
pilot9,1740746529226,True
pilot9,1740746589410,True
pilot9,1740746589666,True
pilot9,1740746589883,True
pilot9,1740746649587,True
pilot9,1740746650062,True
pilot9,1740746709762,True
pilot9,1740746769960,True
pilot9,1740746830114,True
pilot9,1740746830379,True
pilot9,1740746830795,True
pilot9,1740746890305,True
pilot9,1740746950505,True
pilot9,1740747010641,True
pilot9,1740747070843,True
pilot9,1740747130999,True
pilot9,1740747191175,True
pilot9,1740747251426,True
pilot9,1740747311613,True
pilot9,1740747371769,True
pilot9,1740747431946,True
pilot9,1740747492128,True
pilot9,1740747552273,True
pilot9,1740729616161,True
pilot9,1740729676293,True
pilot9,1740729736495,True
pilot9,1740729796619,True
pilot9,1740729796857,True
pilot9,1740729856796,True
pilot9,1740729917016,True
pilot9,1740729977155,True
pilot9,1740730037331,True
pilot9,1740730037577,True
pilot9,1740730097479,True
pilot9,1740730157655,True
pilot9,1740730217799,True
pilot9,1740730278021,True
pilot9,1740730338179,True
pilot9,1740730398319,True
pilot9,1740730458439,True
pilot9,1740730518620,True
pilot9,1740730578814,True
pilot9,1740730638995,True
pilot9,1740730699173,True
pilot9,1740730699509,True
pilot9,1740730759282,True
pilot9,1740730819432,True
pilot9,1740730879638,True
pilot9,1740730939863,True
pilot9,1740730940119,True
pilot9,1740731000014,True
pilot9,1740731060206,True
pilot9,1740731157287,False
pilot9,1740731278309,False
pilot9,1740731373246,False
pilot9,1740731373759,False
pilot9,1740731435229,True
pilot9,1740731495233,True
pilot9,1740731555448,True
pilot9,1740731615830,False
pilot9,1740731673036,True
pilot9,1740731733283,False
pilot9,1740731793550,False
pilot9,1740731856676,False
pilot9,1740731916953,False
pilot9,1740731917399,False
pilot9,1740731977181,False
pilot9,1740732037466,False
pilot9,1740732097719,False
pilot9,1740732157933,False
pilot9,1740732158333,False
pilot9,1740732159031,False
pilot9,1740732218252,False
pilot9,1740732219015,False
pilot9,1740732278438,False
pilot9,1740732338697,False
pilot9,1740732398728,True
pilot9,1740732459063,False
pilot9,1740732519320,False
pilot9,1740732579560,False
pilot9,1740732579957,False
pilot9,1740732580662,False
pilot9,1740732639809,False
pilot9,1740732700034,False
pilot9,1740732760274,False
pilot9,1740732760743,False
pilot9,1740732761566,False
pilot9,1740732820538,False
pilot9,1740732821409,False
pilot9,1740732880769,False
pilot9,1740732941033,False
pilot9,1740733001290,False
pilot9,1740733061554,False
pilot9,1740733121809,False
pilot9,1740733182051,False
pilot9,1740762006285,False
pilot9,1740762101456,False
pilot9,1740762151946,False
pilot9,1740762296129,False
pilot9,1740762433743,False
pilot9,1740762512628,False
pilot9,1740762513394,False
pilot9,1740762581837,False
pilot9,1740762642106,False
pilot9,1740762702370,False
pilot9,1740762752880,False
pilot9,1740762812088,False
pilot9,1740762872329,False
pilot9,1740762932569,False
pilot9,1740762992848,False
pilot9,1740763051507,False
pilot9,1740763113309,False
pilot9,1740763199188,False
pilot9,1740763334795,False
pilot9,1740763431220,False
pilot9,1740763502568,False
pilot9,1740763593067,False
pilot9,1740763647278,False
pilot9,1740763741684,False
pilot9,1740763843221,False
pilot9,1740763952913,False
pilot9,1740763953338,False
pilot9,1740764021082,False
pilot9,1740764115363,False
pilot9,1740764175524,False
pilot9,1740764252476,False
pilot9,1740764252994,False
pilot9,1740764368177,False
pilot9,1740764491529,False
pilot9,1740764551595,False
pilot9,1740764612872,False
pilot9,1740764770445,False
pilot9,1740764851922,False
pilot9,1740765003428,False
pilot9,1740765109779,False
pilot9,1740765188914,False
pilot9,1740765277678,False
pilot9,1740765426671,False
pilot9,1740765529167,False
pilot9,1740747612463,True
pilot9,1740747672653,True
pilot9,1740747732819,True
pilot9,1740747792963,True
pilot9,1740747853161,True
pilot9,1740747905702,True
pilot9,1740747973490,True
pilot9,1740748033656,True
pilot9,1740748093822,True
pilot9,1740748154010,True
pilot9,1740748214122,True
pilot9,1740748274298,True
pilot9,1740748334462,True
pilot9,1740748394614,True
pilot9,1740748394928,True
pilot9,1740748395395,True
pilot9,1740748454759,True
pilot9,1740748514984,True
pilot9,1740748576615,False
pilot9,1740748683914,False
pilot9,1740748756249,False
pilot9,1740748828395,False
pilot9,1740748894181,False
pilot9,1740748964552,False
pilot9,1740749034810,False
pilot9,1740749107101,False
pilot9,1740749165564,False
pilot9,1740749244469,False
pilot9,1740749319464,False
pilot9,1740749379742,True
pilot9,1740749439708,True
pilot9,1740749499863,True
pilot9,1740749560077,True
pilot9,1740749620244,True
pilot9,1740749680402,True
pilot9,1740749740592,True
pilot9,1740749800801,True
pilot9,1740749860964,True
pilot9,1740749921167,True
pilot9,1740749971725,True
pilot9,1740750031922,True
pilot9,1740750032177,True
pilot9,1740750092448,True
pilot9,1740750092791,True
pilot9,1740750153005,True
pilot9,1740750153326,True
pilot9,1740750213568,True
pilot9,1740750213826,True
pilot9,1740750277001,True
pilot9,1740750277270,True
pilot9,1740750337451,True
pilot9,1740750337718,True
pilot9,1740750406084,False
pilot9,1740750492998,False
pilot9,1740750589565,False
pilot9,1740750669736,False
pilot9,1740750670129,False
pilot9,1740750738317,False
pilot9,1740750805192,False
pilot9,1740750865262,True
pilot9,1740750925498,True
pilot9,1740750925764,True
pilot9,1740750985708,True
pilot9,1740751045917,True
pilot9,1740751106084,True
pilot9,1740751166299,True
pilot9,1740776422048,False
pilot9,1740776488388,False
pilot9,1740776577054,False
pilot9,1740776577429,False
pilot9,1740776685839,False
pilot9,1740776771112,False
pilot9,1740776894655,False
pilot9,1740776895079,False
pilot9,1740776954398,False
pilot9,1740777014692,False
pilot9,1740777074909,False
pilot9,1740777135173,False
pilot9,1740777194157,False
pilot9,1740777254058,False
pilot9,1740777314409,False
pilot9,1740777374548,False
pilot9,1740777434802,False
pilot9,1740777530304,False
pilot9,1740777613464,False
pilot9,1740777701284,False
pilot9,1740777777825,False
pilot9,1740777778318,False
pilot9,1740777941774,False
pilot9,1740778036347,False
pilot9,1740778107086,False
pilot9,1740778179445,False
pilot9,1740778296330,False
pilot9,1740778364440,False
pilot9,1740778546643,False
pilot9,1740778669186,False
pilot9,1740778756072,False
pilot9,1740778835565,False
pilot9,1740778895562,False
pilot9,1740778977768,False
pilot9,1740779195382,False
pilot9,1740779277800,False
pilot9,1740779465862,False
pilot9,1740779557289,False
pilot9,1740779713700,False
pilot9,1740779848632,False
pilot9,1740779948127,False
pilot9,1740722406120,False
pilot9,1740722466350,False
pilot9,1740722526607,False
pilot9,1740722587221,False
pilot9,1740722647479,False
pilot9,1740722827572,False
pilot9,1740722942383,False
pilot9,1740723002659,False
pilot9,1740723062882,False
pilot9,1740723133157,False
pilot9,1740723193436,False
pilot9,1740723253702,False
pilot9,1740723313956,False
pilot9,1740723374200,False
pilot9,1740723434432,False
pilot9,1740723494684,False
pilot9,1740723554957,False
pilot9,1740723615202,False
pilot9,1740723675420,False
pilot9,1740723750420,False
pilot9,1740723810660,False
pilot9,1740723870931,False
pilot9,1740723931195,False
pilot9,1740723991477,False
pilot9,1740724051704,False
pilot9,1740724111956,False
pilot9,1740724172205,False
pilot9,1740724232476,False
pilot9,1740724446441,False
pilot9,1740724566648,False
pilot9,1740724684133,False
pilot9,1740724796635,False
pilot9,1740724912794,False
pilot9,1740724980337,False
pilot9,1740725103264,False
pilot9,1740725169541,False
pilot9,1740725345797,False
pilot9,1740725406053,False
pilot9,1740725466320,False
pilot9,1740725647283,False
pilot9,1740725710112,False
pilot9,1740725777576,False
pilot9,1740725837831,False
pilot9,1740725932467,False
pilot9,1740754852252,False
pilot9,1740754912397,True
pilot9,1740754972604,True
pilot9,1740755032800,True
pilot9,1740755092958,True
pilot9,1740755153170,True
pilot9,1740755153462,True
pilot9,1740755213322,True
pilot9,1740755273504,True
pilot9,1740755333684,True
pilot9,1740755393898,True
pilot9,1740755454090,True
pilot9,1740755454326,True
pilot9,1740755454591,True
pilot9,1740755514259,True
pilot9,1740755514770,True
pilot9,1740755574450,True
pilot9,1740755634638,True
pilot9,1740755694831,True
pilot9,1740755755044,True
pilot9,1740755815239,True
pilot9,1740755815534,True
pilot9,1740755875398,True
pilot9,1740755935655,True
pilot9,1740755935921,True
pilot9,1740755936181,True
pilot9,1740755995821,True
pilot9,1740756056032,True
pilot9,1740756056287,True
pilot9,1740756116205,True
pilot9,1740756176401,True
pilot9,1740756236578,True
pilot9,1740756296751,True
pilot9,1740756356942,True
pilot9,1740756420191,False
pilot9,1740756515255,False
pilot9,1740756601100,False
pilot9,1740756689433,False
pilot9,1740756771788,False
pilot9,1740756866049,False
pilot9,1740756958828,False
pilot9,1740757008929,False
pilot9,1740757130613,False
pilot9,1740757240397,False
pilot9,1740757310135,False
pilot9,1740757310706,False
pilot9,1740757394065,False
pilot9,1740757480997,False
pilot9,1740757580242,False
pilot9,1740757733825,False
pilot9,1740757819749,False
pilot9,1740757820325,False
pilot9,1740757879561,False
pilot9,1740757939790,False
pilot9,1740758000053,False
pilot9,1740758060309,False
pilot9,1740758112578,False
pilot9,1740758113432,False
pilot9,1740758172371,False
pilot9,1740758232628,False
pilot9,1740758292871,False
pilot9,1740758353123,False
pilot9,1740704456467,False
pilot9,1740704516727,False
pilot9,1740704576979,False
pilot9,1740704637237,False
pilot9,1740704724753,False
pilot9,1740704787317,False
pilot9,1740704847594,False
pilot9,1740704907863,False
pilot9,1740704964456,False
pilot9,1740705055356,False
pilot9,1740705123382,False
pilot9,1740705250417,False
pilot9,1740705313094,False
pilot9,1740705414938,False
pilot9,1740705532472,False
pilot9,1740705533353,False
pilot9,1740705592230,False
pilot9,1740705652488,False
pilot9,1740705712753,False
pilot9,1740705773022,False
pilot9,1740705865710,False
pilot9,1740705866158,False
pilot9,1740705938233,False
pilot9,1740706062944,False
pilot9,1740706146867,False
pilot9,1740706207124,False
pilot9,1740706345473,False
pilot9,1740706447071,True
pilot9,1740706447667,True
pilot9,1740706509227,False
pilot9,1740706569424,False
pilot9,1740706629700,False
pilot9,1740706689933,False
pilot9,1740706750189,False
pilot9,1740706803639,False
pilot9,1740706885646,False
pilot9,1740706988843,False
pilot9,1740707076644,False
pilot9,1740707160427,False
pilot9,1740707242375,False
pilot9,1740707391384,False
pilot9,1740707489406,False
pilot9,1740707616538,False
pilot9,1740707704628,False
pilot9,1740707705059,False
pilot9,1740707797695,False
pilot9,1740707857933,False
pilot9,1740707930255,False
pilot9,1740783614454,False
pilot9,1740783674301,False
pilot9,1740783777700,False
pilot9,1740783854160,False
pilot9,1740783981771,False
pilot9,1740784078789,False
pilot9,1740784135595,False
pilot9,1740784212026,False
pilot9,1740784348968,False
pilot9,1740784431624,False
pilot9,1740784620261,False
pilot9,1740784741309,False
pilot9,1740784889293,False
pilot9,1740784962189,False
pilot9,1740785148053,False
pilot9,1740785277685,False
pilot9,1740785501208,False
pilot9,1740785604857,False
pilot9,1740785720935,False
pilot9,1740785878163,False
pilot9,1740785878648,False
pilot9,1740786006809,False
pilot9,1740786127983,False
pilot9,1740786313590,False
pilot9,1740786478710,False
pilot9,1740786721629,False
pilot9,1740786824407,False
pilot9,1740787047833,False
pilot9,1740787151230,False
pilot9,1740751226482,True
pilot9,1740751286700,True
pilot9,1740751346926,True
pilot9,1740751407092,True
pilot9,1740751467288,True
pilot9,1740751527500,True
pilot9,1740751587708,True
pilot9,1740751647895,True
pilot9,1740751708075,True
pilot9,1740751768246,True
pilot9,1740751828499,True
pilot9,1740751828753,True
pilot9,1740751888590,True
pilot9,1740751948823,True
pilot9,1740752008961,True
pilot9,1740752069165,True
pilot9,1740752129348,True
pilot9,1740752189548,True
pilot9,1740752249758,True
pilot9,1740752309910,True
pilot9,1740752310168,True
pilot9,1740752370082,True
pilot9,1740752430293,True
pilot9,1740752430515,True
pilot9,1740752490470,True
pilot9,1740752550591,True
pilot9,1740752550839,True
pilot9,1740752610767,True
pilot9,1740752670935,True
pilot9,1740752731118,True
pilot9,1740752791389,True
pilot9,1740752791688,True
pilot9,1740752791961,True
pilot9,1740752851608,True
pilot9,1740752852080,True
pilot9,1740752911709,True
pilot9,1740752971855,True
pilot9,1740753032068,True
pilot9,1740753032330,True
pilot9,1740753092259,True
pilot9,1740753152423,True
pilot9,1740753212629,True
pilot9,1740753212894,True
pilot9,1740753213366,True
pilot9,1740753272801,True
pilot9,1740753273246,True
pilot9,1740753332917,True
pilot9,1740753393110,True
pilot9,1740753453306,True
pilot9,1740753513454,True
pilot9,1740753573691,True
pilot9,1740753633886,True
pilot9,1740753694075,True
pilot9,1740753754279,True
pilot9,1740753814437,True
pilot9,1740753874626,True
pilot9,1740753874887,True
pilot9,1740753954427,False
pilot9,1740754016810,False
pilot9,1740754127872,False
pilot9,1740754180104,False
pilot9,1740754343576,False
pilot9,1740754408552,False
pilot9,1740754474083,False
pilot9,1740754534186,False
pilot9,1740754655318,False
pilot9,1740754715662,False
pilot9,1740754792014,False
pilot9,1740726003227,False
pilot9,1740726233120,False
pilot9,1740726304228,False
pilot9,1740726482106,False
pilot9,1740726603263,False
pilot9,1740726850592,False
pilot9,1740726966939,False
pilot9,1740727032092,False
pilot9,1740727204223,False
pilot9,1740727301014,False
pilot9,1740727478499,False
pilot9,1740727598386,False
pilot9,1740727681712,True
pilot9,1740727682456,True
pilot9,1740727743631,True
pilot9,1740727803814,True
pilot9,1740727863972,True
pilot9,1740727924144,True
pilot9,1740727977249,True
pilot9,1740728044642,True
pilot9,1740728104807,True
pilot9,1740728156797,True
pilot9,1740728219519,True
pilot9,1740728219766,True
pilot9,1740728279527,True
pilot9,1740728345510,True
pilot9,1740728405689,True
pilot9,1740728459025,True
pilot9,1740728519233,True
pilot9,1740728519488,True
pilot9,1740728579262,True
pilot9,1740728639449,True
pilot9,1740728639740,True
pilot9,1740728706492,True
pilot9,1740728766585,True
pilot9,1740728826788,True
pilot9,1740728886942,True
pilot9,1740728947132,True
pilot9,1740728947366,True
pilot9,1740729007275,True
pilot9,1740729067415,True
pilot9,1740729127573,True
pilot9,1740729187735,True
pilot9,1740729248136,False
pilot9,1740729315283,True
pilot9,1740729375441,True
pilot9,1740729435596,True
pilot9,1740729495778,True
pilot9,1740729555957,True
pilot9,1740729556238,True
pilot9,1740733242311,False
pilot9,1740733302552,False
pilot9,1740733363174,False
pilot9,1740733434050,False
pilot9,1740733434456,False
pilot9,1740733494733,False
pilot9,1740733495187,False
pilot9,1740733567283,False
pilot9,1740733567955,False
pilot9,1740733650516,False
pilot9,1740733650913,False
pilot9,1740733712164,False
pilot9,1740733772407,False
pilot9,1740733832647,False
pilot9,1740733892881,False
pilot9,1740733893348,False
pilot9,1740733894063,False
pilot9,1740733953141,False
pilot9,1740734013392,False
pilot9,1740734073624,False
pilot9,1740734074084,False
pilot9,1740734074780,False
pilot9,1740734133888,False
pilot9,1740734194138,False
pilot9,1740734254405,False
pilot9,1740734314513,True
pilot9,1740734374797,False
pilot9,1740734435027,False
pilot9,1740734486043,False
pilot9,1740734549170,False
pilot9,1740734549555,False
pilot9,1740734615772,False
pilot9,1740734676000,False
pilot9,1740734736278,False
pilot9,1740734736738,False
pilot9,1740734737412,False
pilot9,1740734796509,False
pilot9,1740734856777,False
pilot9,1740734917119,False
pilot9,1740734917754,False
pilot9,1740734918361,False
pilot9,1740734977299,False
pilot9,1740735037526,False
pilot9,1740735095066,False
pilot9,1740735158027,False
pilot9,1740735218250,False
pilot9,1740735279187,False
pilot9,1740735279766,False
pilot9,1740735338874,False
pilot9,1740735399127,False
pilot9,1740735459363,False
pilot9,1740735519631,False
pilot9,1740735579889,False
pilot9,1740735640162,False
pilot9,1740735748188,False
pilot9,1740735808288,True
pilot9,1740735868661,False
pilot9,1740735928887,False
pilot9,1740735988968,True
pilot9,1740736049357,False
pilot9,1740736109618,False
pilot9,1740736169833,False
pilot9,1740736229855,True
pilot9,1740736290020,True
pilot9,1740736290303,True
pilot9,1740736350463,False
pilot9,1740736410629,False
pilot9,1740736470886,False
pilot9,1740736531112,False
pilot9,1740736591343,False
pilot9,1740736651724,True
pilot9,1740736735693,True
pilot9,1740736795827,True
pilot9,1740765620813,False
pilot9,1740765681053,False
pilot9,1740765752869,False
pilot9,1740765850285,False
pilot9,1740765922153,False
pilot9,1740766012356,False
pilot9,1740766153308,False
pilot9,1740766249769,False
pilot9,1740766342627,False
pilot9,1740766446874,False
pilot9,1740766598901,False
pilot9,1740766694947,False
pilot9,1740766798398,False
pilot9,1740766886081,False
pilot9,1740766953161,False
pilot9,1740767068411,False
pilot9,1740767151483,False
pilot9,1740767251485,False
pilot9,1740767317902,False
pilot9,1740767383015,False
pilot9,1740767482647,False
pilot9,1740767546475,False
pilot9,1740767611987,False
pilot9,1740767708048,False
pilot9,1740767780999,False
pilot9,1740767841029,True
pilot9,1740767901300,True
pilot9,1740767901553,True
pilot9,1740767901801,True
pilot9,1740767961502,True
pilot9,1740768021653,True
pilot9,1740768081834,True
pilot9,1740768141977,True
pilot9,1740768202149,True
pilot9,1740768262353,True
pilot9,1740768262599,True
pilot9,1740768322485,True
pilot9,1740768382709,True
pilot9,1740768442901,True
pilot9,1740768503092,True
pilot9,1740768563211,True
pilot9,1740768623461,True
pilot9,1740768683528,True
pilot9,1740768743749,True
pilot9,1740768803958,True
pilot9,1740768864099,True
pilot9,1740768924264,True
pilot9,1740768984428,True
pilot9,1740769044621,True
pilot9,1740769044867,True
pilot9,1740769045272,True
pilot9,1740769104817,True
pilot9,1740769105266,True
pilot9,1740780011349,False
pilot9,1740780092840,False
pilot9,1740780177839,False
pilot9,1740780264912,False
pilot9,1740780412587,False
pilot9,1740780477072,False
pilot9,1740780560514,False
pilot9,1740780723741,False
pilot9,1740780963460,False
pilot9,1740781078470,False
pilot9,1740781203393,False
pilot9,1740781348380,False
pilot9,1740781608644,False
pilot9,1740781677753,False
pilot9,1740781795628,False
pilot9,1740781907438,False
pilot9,1740781977776,False
pilot9,1740782077325,False
pilot9,1740782278095,False
pilot9,1740782366253,False
pilot9,1740782436760,False
pilot9,1740782577651,False
pilot9,1740782578077,False
pilot9,1740782713450,False
pilot9,1740782877662,False
pilot9,1740782878132,False
pilot9,1740783087721,False
pilot9,1740783179199,False
pilot9,1740783256762,False
pilot9,1740783398511,False
pilot9,1740783458787,False
pilot9,1740700862430,False
pilot9,1740700945848,False
pilot9,1740701020552,False
pilot9,1740701020926,False
pilot9,1740701225182,False
pilot9,1740701284474,False
pilot9,1740701403081,False
pilot9,1740701495320,False
pilot9,1740701620628,False
pilot9,1740701715108,False
pilot9,1740701837743,False
pilot9,1740701919230,False
pilot9,1740701988801,False
pilot9,1740702049066,False
pilot9,1740702109318,False
pilot9,1740702169644,True
pilot9,1740702229788,True
pilot9,1740702289921,True
pilot9,1740702350048,True
pilot9,1740702410225,True
pilot9,1740702470362,True
pilot9,1740702470631,True
pilot9,1740702530475,True
pilot9,1740702590721,True
pilot9,1740702650895,True
pilot9,1740702651164,True
pilot9,1740702651615,True
pilot9,1740702711115,True
pilot9,1740702771291,True
pilot9,1740702831472,True
pilot9,1740702891728,True
pilot9,1740702891975,True
pilot9,1740702892215,True
pilot9,1740702951884,True
pilot9,1740703012047,True
pilot9,1740703072258,True
pilot9,1740703132450,True
pilot9,1740703192581,True
pilot9,1740703252772,True
pilot9,1740703312990,True
pilot9,1740703373169,True
pilot9,1740703433318,True
pilot9,1740703493507,True
pilot9,1740703553706,True
pilot9,1740703613874,True
pilot9,1740703674017,True
pilot9,1740703734313,True
pilot9,1740703794353,True
pilot9,1740703854560,True
pilot9,1740703914713,True
pilot9,1740703974896,True
pilot9,1740704035079,True
pilot9,1740704095216,True
pilot9,1740704155387,True
pilot9,1740704215550,True
pilot9,1740704275700,True
pilot9,1740704335832,True
pilot9,1740704396206,False
pilot9,1740718832109,False
pilot9,1740719404392,False
pilot9,1740719497411,False
pilot9,1740720304340,False
pilot9,1740720638262,False
pilot9,1740720948801,False
pilot9,1740721008902,False
pilot9,1740721193313,False
pilot9,1740721974597,False
pilot9,1740722104304,False
pilot9,1740722164836,False
pilot9,1740722263932,False
pilot9,1740722345884,False
pilot9,1740769221869,False
pilot9,1740769313196,False
pilot9,1740769419999,False
pilot9,1740769493830,False
pilot9,1740769555123,True
pilot9,1740769614170,True
pilot9,1740769674321,True
pilot9,1740769734497,True
pilot9,1740769829288,False
pilot9,1740769911912,False
pilot9,1740769988381,False
pilot9,1740770059364,False
pilot9,1740770172736,False
pilot9,1740770285081,False
pilot9,1740770367922,False
pilot9,1740770368320,False
pilot9,1740770432835,False
pilot9,1740770554993,False
pilot9,1740770655654,False
pilot9,1740770727095,False
pilot9,1740770837884,False
pilot9,1740770934097,False
pilot9,1740771013348,False
pilot9,1740771113007,False
pilot9,1740771193313,False
pilot9,1740771265023,False
pilot9,1740771360557,False
pilot9,1740771466338,False
pilot9,1740771467365,False
pilot9,1740771526184,False
pilot9,1740771586405,False
pilot9,1740771646696,False
pilot9,1740771706917,False
pilot9,1740771767211,False
pilot9,1740771867071,False
pilot9,1740771867483,False
pilot9,1740771934862,False
pilot9,1740771995141,False
pilot9,1740772066013,False
pilot9,1740772144894,False
pilot9,1740772200588,False
pilot9,1740772271755,False
pilot9,1740772353458,False
pilot9,1740772468944,False
pilot9,1740772564855,False
pilot9,1740772665700,False
pilot9,1740772749881,True
pilot9,1740772810060,True
pilot9,1740772810302,True
pilot9,1740772870259,True
pilot9,1740772930515,True
pilot9,1740772930769,True
pilot9,1740772931021,True
pilot9,1740772990644,True
pilot9,1740772991378,True
pilot9,1740773050799,True
pilot9,1740773111054,True
pilot9,1740773111372,True
pilot9,1740773171190,True
pilot9,1740773231427,True
pilot9,1740773231685,True
pilot9,1740773231935,True
pilot9,1740773291562,True
pilot9,1740773292022,True
pilot9,1740773351771,True
pilot9,1740773411964,True
pilot9,1740773472056,True
pilot9,1740773532406,False
pilot9,1740773600569,False
pilot9,1740773695007,False
pilot9,1740773755258,False
pilot9,1740773830525,False
pilot9,1740773909624,False
pilot9,1740773992824,False
pilot9,1740774053660,False
pilot9,1740774127698,False
pilot9,1740774187941,False
pilot9,1740774302776,False
pilot9,1740774402692,False
pilot9,1740774474358,False
pilot9,1740774549929,False
pilot9,1740774610201,False
pilot9,1740774703243,False
pilot9,1740774771696,False
pilot9,1740774875980,False
pilot9,1740774939366,False
pilot9,1740775024357,False
pilot9,1740775115085,False
pilot9,1740775208266,False
pilot9,1740775266901,False
pilot9,1740775359856,False
pilot9,1740775453270,False
pilot9,1740775453635,False
pilot9,1740775524232,False
pilot9,1740775622307,False
pilot9,1740775692212,False
pilot9,1740775755288,False
pilot9,1740775832981,False
pilot9,1740775898186,False
pilot9,1740775977283,False
pilot9,1740775977685,False
pilot9,1740776136600,False
pilot9,1740776204014,False
pilot9,1740776277803,False
pilot9,1740776278256,False
pilot9,1740776354389,False
pilot9,1740672043353,False
pilot9,1740672161972,False
pilot9,1740672240854,False
pilot9,1740672327645,False
pilot9,1740672394992,False
pilot9,1740672472642,False
pilot9,1740672545991,False
pilot9,1740672610048,False
pilot9,1740672695927,False
pilot9,1740672764801,False
pilot9,1740672901360,False
pilot9,1740672957810,False
pilot9,1740673018714,False
pilot9,1740673078995,False
pilot9,1740673139263,False
pilot9,1740673199515,False
pilot9,1740673279888,False
pilot9,1740673340894,False
pilot9,1740673401166,False
pilot9,1740673461419,False
pilot9,1740673521688,False
pilot9,1740673586121,False
pilot9,1740673671750,False
pilot9,1740673766095,False
pilot9,1740673828485,False
pilot9,1740673888787,False
pilot9,1740673982120,False
pilot9,1740674046910,False
pilot9,1740674119304,False
pilot9,1740674185324,False
pilot9,1740674245499,False
pilot9,1740674324190,False
pilot9,1740674394085,False
pilot9,1740674474013,False
pilot9,1740674534336,False
pilot9,1740674594651,False
pilot9,1740674667618,False
pilot9,1740674741307,False
pilot9,1740674801563,False
pilot9,1740674861827,False
pilot9,1740674936238,False
pilot9,1740675004007,False
pilot9,1740675080059,False
pilot9,1740675139547,False
pilot9,1740675199631,True
pilot9,1740675259946,True
pilot9,1740675320061,True
pilot9,1740675320316,True
pilot9,1740675380232,True
pilot9,1740675440826,False
pilot9,1740675500965,False
pilot9,1740675561217,False
pilot9,1740657646614,True
pilot9,1740657706747,True
pilot9,1740657767002,True
pilot9,1740657827433,False
pilot9,1740657887626,False
pilot9,1740657947889,False
pilot9,1740658008138,False
pilot9,1740658071795,True
pilot9,1740658132928,False
pilot9,1740658133426,False
pilot9,1740658134180,False
pilot9,1740658193183,False
pilot9,1740658253289,True
pilot9,1740658313723,False
pilot9,1740658373978,False
pilot9,1740658434253,False
pilot9,1740658494512,False
pilot9,1740658554753,False
pilot9,1740658628231,False
pilot9,1740658688508,False
pilot9,1740658748778,False
pilot9,1740658808987,False
pilot9,1740658865593,False
pilot9,1740658934353,False
pilot9,1740659032315,False
pilot9,1740659094545,False
pilot9,1740659158048,False
pilot9,1740659224158,False
pilot9,1740659284395,False
pilot9,1740659344524,True
pilot9,1740659404734,True
pilot9,1740659464842,True
pilot9,1740659525045,True
pilot9,1740659585413,False
pilot9,1740659646700,False
pilot9,1740659732307,False
pilot9,1740659792531,False
pilot9,1740659871670,False
pilot9,1740659957256,False
pilot9,1740660017345,False
pilot9,1740660077581,False
pilot9,1740660138231,False
pilot9,1740660211706,False
pilot9,1740660271966,False
pilot9,1740660331984,True
pilot9,1740660396976,True
pilot9,1740660457184,True
pilot9,1740660517283,True
pilot9,1740660517536,True
pilot9,1740660577504,True
pilot9,1740660578060,True
pilot9,1740660637879,False
pilot9,1740660697905,True
pilot9,1740660758314,False
pilot9,1740660818618,False
pilot9,1740660878622,True
pilot9,1740660939012,False
pilot9,1740660999266,False
pilot9,1740661059505,False
pilot9,1740661119769,False
pilot9,1740661180030,False
pilot9,1740675621532,False
pilot9,1740675681807,False
pilot9,1740675741794,False
pilot9,1740675810448,False
pilot9,1740675872029,False
pilot9,1740675952162,False
pilot9,1740676009957,False
pilot9,1740676085532,False
pilot9,1740676172928,False
pilot9,1740676253182,False
pilot9,1740676314572,False
pilot9,1740676374721,True
pilot9,1740676434831,True
pilot9,1740676495016,True
pilot9,1740676555165,True
pilot9,1740676607400,True
pilot9,1740676667620,True
pilot9,1740676667887,True
pilot9,1740676728087,True
pilot9,1740676728348,True
pilot9,1740676788584,True
pilot9,1740676788821,True
pilot9,1740676849063,True
pilot9,1740676849335,True
pilot9,1740676909587,True
pilot9,1740676909821,True
pilot9,1740676969995,True
pilot9,1740676970264,True
pilot9,1740677036625,True
pilot9,1740677096814,True
pilot9,1740677157046,True
pilot9,1740677157413,True
pilot9,1740677157668,True
pilot9,1740677217211,True
pilot9,1740677277437,True
pilot9,1740677337628,True
pilot9,1740677397887,True
pilot9,1740677398147,True
pilot9,1740677398383,True
pilot9,1740677458046,True
pilot9,1740677518265,True
pilot9,1740677578456,True
pilot9,1740677638681,True
pilot9,1740677698776,True
pilot9,1740677759008,True
pilot9,1740677819183,True
pilot9,1740677879392,True
pilot9,1740677879629,True
pilot9,1740677879864,True
pilot9,1740677939567,True
pilot9,1740677999787,True
pilot9,1740678059979,True
pilot9,1740678120133,True
pilot9,1740678180335,True
pilot9,1740678180626,True
pilot9,1740678180871,True
pilot9,1740678240517,True
pilot9,1740678300684,True
pilot9,1740678360921,True
pilot9,1740678433560,False
pilot9,1740678493821,True
pilot9,1740678554048,False
pilot9,1740678622479,False
pilot9,1740678691666,False
pilot9,1740678752408,False
pilot9,1740678804663,False
pilot9,1740678875585,False
pilot9,1740678943308,False
pilot9,1740679004467,False
pilot9,1740679080209,False
pilot9,1740679158201,False
pilot9,1740661240356,False
pilot9,1740661300589,False
pilot9,1740661360810,False
pilot9,1740661421081,False
pilot9,1740661481354,False
pilot9,1740661541592,False
pilot9,1740661601842,False
pilot9,1740661662109,False
pilot9,1740661722348,False
pilot9,1740661782629,False
pilot9,1740661842892,False
pilot9,1740661903132,False
pilot9,1740661963391,False
pilot9,1740662023628,False
pilot9,1740662083897,False
pilot9,1740662144129,False
pilot9,1740662204414,False
pilot9,1740662264634,False
pilot9,1740662324908,False
pilot9,1740662385145,False
pilot9,1740662445414,False
pilot9,1740662505658,False
pilot9,1740662565765,True
pilot9,1740662625935,True
pilot9,1740662626386,True
pilot9,1740662686384,False
pilot9,1740662746635,False
pilot9,1740662806832,False
pilot9,1740662867092,False
pilot9,1740662927364,False
pilot9,1740662987618,False
pilot9,1740663047830,False
pilot9,1740663108052,False
pilot9,1740663168357,False
pilot9,1740663228351,False
pilot9,1740663289434,False
pilot9,1740663349693,False
pilot9,1740663409982,False
pilot9,1740663470246,False
pilot9,1740663528057,False
pilot9,1740663590733,False
pilot9,1740663650985,False
pilot9,1740663711228,False
pilot9,1740663771537,False
pilot9,1740663828068,False
pilot9,1740663892028,False
pilot9,1740663952287,False
pilot9,1740664012534,False
pilot9,1740664072785,False
pilot9,1740664131244,False
pilot9,1740664192330,False
pilot9,1740664252571,False
pilot9,1740664312825,False
pilot9,1740664373098,False
pilot9,1740664428100,False
pilot9,1740664488798,False
pilot9,1740664489294,False
pilot9,1740664555731,False
pilot9,1740664615997,False
pilot9,1740664676271,False
pilot9,1740664728082,False
pilot9,1740664796783,False
pilot9,1740690079249,False
pilot9,1740690151771,False
pilot9,1740690272241,False
pilot9,1740690354646,False
pilot9,1740690477025,False
pilot9,1740690598726,False
pilot9,1740690705903,False
pilot9,1740690828038,False
pilot9,1740690950867,False
pilot9,1740691012873,False
pilot9,1740691135481,False
pilot9,1740691207562,False
pilot9,1740691267833,False
pilot9,1740691376321,False
pilot9,1740691543497,False
pilot9,1740691605695,False
pilot9,1740691714904,False
pilot9,1740691837994,False
pilot9,1740691898306,False
pilot9,1740692035283,False
pilot9,1740692125930,False
pilot9,1740692206020,False
pilot9,1740692358476,False
pilot9,1740692431652,False
pilot9,1740692515204,False
pilot9,1740692575224,True
pilot9,1740692640455,False
pilot9,1740692707903,False
pilot9,1740692778009,False
pilot9,1740692850090,False
pilot9,1740692997069,False
pilot9,1740693059005,False
pilot9,1740693180897,False
pilot9,1740693248753,False
pilot9,1740693373230,False
pilot9,1740693446803,False
pilot9,1740693507047,False
pilot9,1740668410122,False
pilot9,1740668470331,False
pilot9,1740668538453,False
pilot9,1740668603718,False
pilot9,1740668668518,False
pilot9,1740668728886,False
pilot9,1740668795294,False
pilot9,1740668865806,False
pilot9,1740668938751,False
pilot9,1740669010574,False
pilot9,1740669089331,False
pilot9,1740669149682,False
pilot9,1740669223633,False
pilot9,1740669289728,False
pilot9,1740669367048,False
pilot9,1740669432481,False
pilot9,1740669521641,False
pilot9,1740669593369,False
pilot9,1740669661941,False
pilot9,1740669726399,False
pilot9,1740669801209,False
pilot9,1740669872444,False
pilot9,1740669872916,False
pilot9,1740669933780,False
pilot9,1740669994058,False
pilot9,1740670054263,False
pilot9,1740670114521,False
pilot9,1740670169049,False
pilot9,1740670229343,False
pilot9,1740670229778,False
pilot9,1740670320587,False
pilot9,1740670380785,False
pilot9,1740670441053,False
pilot9,1740670501324,False
pilot9,1740670584055,False
pilot9,1740670661520,False
pilot9,1740670721775,False
pilot9,1740670782012,False
pilot9,1740670842279,False
pilot9,1740670902550,False
pilot9,1740670962796,False
pilot9,1740671023060,False
pilot9,1740671083831,False
pilot9,1740671144787,False
pilot9,1740671205067,False
pilot9,1740671265304,False
pilot9,1740671325527,False
pilot9,1740671381272,False
pilot9,1740671464823,False
pilot9,1740671545951,True
pilot9,1740671606159,True
pilot9,1740671666288,True
pilot9,1740671666558,True
pilot9,1740671726487,True
pilot9,1740671787804,False
pilot9,1740671851105,False
pilot9,1740671921598,False
pilot9,1740671983430,False
pilot9,1740697237799,True
pilot9,1740697297965,True
pilot9,1740697298315,True
pilot9,1740697358276,False
pilot9,1740697418547,False
pilot9,1740697478853,False
pilot9,1740697539065,False
pilot9,1740697599355,False
pilot9,1740697655309,False
pilot9,1740697716386,False
pilot9,1740697776802,False
pilot9,1740697836898,False
pilot9,1740697897165,False
pilot9,1740697952760,False
pilot9,1740698017747,False
pilot9,1740698108684,False
pilot9,1740698170424,False
pilot9,1740698230711,False
pilot9,1740698290950,False
pilot9,1740698366993,False
pilot9,1740698434768,False
pilot9,1740698494999,False
pilot9,1740698553809,False
pilot9,1740698704019,False
pilot9,1740698778833,False
pilot9,1740698880230,False
pilot9,1740698880939,False
pilot9,1740698940310,False
pilot9,1740699000475,False
pilot9,1740699060731,False
pilot9,1740699120972,False
pilot9,1740699181254,False
pilot9,1740699332862,False
pilot9,1740699454195,False
pilot9,1740699613363,False
pilot9,1740699703849,False
pilot9,1740699754433,False
pilot9,1740699755395,False
pilot9,1740699880593,False
pilot9,1740699948280,False
pilot9,1740700012449,False
pilot9,1740700072463,True
pilot9,1740700135883,False
pilot9,1740700210556,False
pilot9,1740700270815,False
pilot9,1740700332053,True
pilot9,1740700333037,True
pilot9,1740700392210,True
pilot9,1740700393048,True
pilot9,1740700573203,False
pilot9,1740700644598,False
pilot9,1740700720521,False
pilot9,1740664857030,False
pilot9,1740664917319,False
pilot9,1740664977599,False
pilot9,1740665028305,False
pilot9,1740665098180,False
pilot9,1740665158378,False
pilot9,1740665218659,False
pilot9,1740665278871,False
pilot9,1740665339192,False
pilot9,1740665399386,False
pilot9,1740665459641,False
pilot9,1740665519910,False
pilot9,1740665580157,False
pilot9,1740665640437,False
pilot9,1740665700737,False
pilot9,1740665760939,False
pilot9,1740665821192,False
pilot9,1740665881492,False
pilot9,1740665941737,False
pilot9,1740666002006,False
pilot9,1740666062256,False
pilot9,1740666122501,False
pilot9,1740666182764,False
pilot9,1740666243064,False
pilot9,1740666303289,False
pilot9,1740666363514,False
pilot9,1740666423764,False
pilot9,1740666484019,False
pilot9,1740666544317,False
pilot9,1740666604607,False
pilot9,1740666664833,False
pilot9,1740666725071,False
pilot9,1740666785320,False
pilot9,1740666845572,False
pilot9,1740666905654,True
pilot9,1740666957277,True
pilot9,1740667021332,True
pilot9,1740667021607,True
pilot9,1740667086142,True
pilot9,1740667146484,False
pilot9,1740667210181,False
pilot9,1740667279029,False
pilot9,1740667339076,True
pilot9,1740667415899,False
pilot9,1740667479422,True
pilot9,1740667540016,False
pilot9,1740667600518,False
pilot9,1740667661575,False
pilot9,1740667722113,False
pilot9,1740667794949,False
pilot9,1740667857313,False
pilot9,1740667946997,False
pilot9,1740668017559,False
pilot9,1740668093208,False
pilot9,1740668179941,False
pilot9,1740668252742,False
pilot9,1740668324425,False
pilot9,1740679218303,True
pilot9,1740679278596,True
pilot9,1740679338665,True
pilot9,1740679398852,True
pilot9,1740679459025,True
pilot9,1740679519173,True
pilot9,1740679579380,True
pilot9,1740679639562,True
pilot9,1740679699762,True
pilot9,1740679759935,True
pilot9,1740679820128,True
pilot9,1740679880373,True
pilot9,1740679940537,True
pilot9,1740680000698,True
pilot9,1740680060956,True
pilot9,1740680121147,True
pilot9,1740680181340,True
pilot9,1740680241531,True
pilot9,1740680241776,True
pilot9,1740680242049,True
pilot9,1740680301747,True
pilot9,1740680361927,True
pilot9,1740680422159,True
pilot9,1740680422417,True
pilot9,1740680422693,True
pilot9,1740680482335,True
pilot9,1740680542504,True
pilot9,1740680602660,True
pilot9,1740680662858,True
pilot9,1740680723040,True
pilot9,1740680783245,True
pilot9,1740680843451,True
pilot9,1740680903631,True
pilot9,1740680963800,True
pilot9,1740681023964,True
pilot9,1740681084149,True
pilot9,1740681144344,True
pilot9,1740681144651,True
pilot9,1740681212764,False
pilot9,1740681275699,False
pilot9,1740681360892,False
pilot9,1740681426578,False
pilot9,1740681537932,False
pilot9,1740681713610,False
pilot9,1740681764729,False
pilot9,1740681814858,False
pilot9,1740681949962,False
pilot9,1740682031722,True
pilot9,1740682091885,True
pilot9,1740682092139,True
pilot9,1740682152195,True
pilot9,1740682212309,True
pilot9,1740682212631,True
pilot9,1740682213086,True
pilot9,1740682272443,True
pilot9,1740682332632,True
pilot9,1740682392798,True
pilot9,1740682452989,True
pilot9,1740682453238,True
pilot9,1740682513191,True
pilot9,1740682573367,True
pilot9,1740682633517,True
pilot9,1740682693652,True
pilot9,1740682753823,True
pilot9,1740693626741,False
pilot9,1740693743374,False
pilot9,1740693856928,False
pilot9,1740693917182,False
pilot9,1740693978989,False
pilot9,1740694048743,False
pilot9,1740694100894,False
pilot9,1740694162003,False
pilot9,1740694222284,False
pilot9,1740694282507,False
pilot9,1740694342791,False
pilot9,1740694404668,False
pilot9,1740694465569,True
pilot9,1740694525749,True
pilot9,1740694585875,True
pilot9,1740694646119,True
pilot9,1740694646437,True
pilot9,1740694706312,True
pilot9,1740694766525,True
pilot9,1740694826637,True
pilot9,1740694886796,True
pilot9,1740694947113,False
pilot9,1740695007375,False
pilot9,1740695067604,False
pilot9,1740695127884,False
pilot9,1740695188161,False
pilot9,1740695250414,False
pilot9,1740695311491,False
pilot9,1740695371732,False
pilot9,1740695431801,True
pilot9,1740695492248,True
pilot9,1740695492619,True
pilot9,1740695552347,False
pilot9,1740695612601,False
pilot9,1740695672640,True
pilot9,1740695732990,False
pilot9,1740695792993,True
pilot9,1740695853130,True
pilot9,1740695853456,True
pilot9,1740695913308,True
pilot9,1740695973455,True
pilot9,1740696033663,True
pilot9,1740696093844,True
pilot9,1740696153986,True
pilot9,1740696214210,True
pilot9,1740696274614,False
pilot9,1740696334706,True
pilot9,1740696394856,True
pilot9,1740696455040,True
pilot9,1740696515292,True
pilot9,1740696575447,True
pilot9,1740696635677,True
pilot9,1740696695859,True
pilot9,1740696756217,False
pilot9,1740696816425,False
pilot9,1740696876711,False
pilot9,1740696936973,False
pilot9,1740696997071,True
pilot9,1740697057242,True
pilot9,1740697117428,True
pilot9,1740697177630,True
pilot9,1740682816220,False
pilot9,1740682876457,False
pilot9,1740682937297,False
pilot9,1740683040983,False
pilot9,1740683109930,False
pilot9,1740683110593,False
pilot9,1740683328945,False
pilot9,1740683409679,False
pilot9,1740683499512,False
pilot9,1740683688738,True
pilot9,1740683748751,True
pilot9,1740683749111,True
pilot9,1740683808993,True
pilot9,1740683869055,True
pilot9,1740683929219,True
pilot9,1740683989444,True
pilot9,1740684049561,True
pilot9,1740684109754,True
pilot9,1740684178388,False
pilot9,1740684246380,False
pilot9,1740684306579,False
pilot9,1740684366823,False
pilot9,1740684427080,False
pilot9,1740684515313,False
pilot9,1740684608859,False
pilot9,1740684669114,False
pilot9,1740684729335,False
pilot9,1740684797488,False
pilot9,1740684860859,False
pilot9,1740684921264,False
pilot9,1740685006065,False
pilot9,1740685006861,False
pilot9,1740685158800,False
pilot9,1740685273870,False
pilot9,1740685341814,False
pilot9,1740685432191,False
pilot9,1740685524008,False
pilot9,1740685606213,False
pilot9,1740685667217,False
pilot9,1740685727486,False
pilot9,1740685787741,False
pilot9,1740685848029,False
pilot9,1740685904856,False
pilot9,1740685970618,False
pilot9,1740686030841,False
pilot9,1740686091168,False
pilot9,1740686151375,False
pilot9,1740686204863,False
pilot9,1740686344796,False
pilot9,1740686440881,False
pilot9,1740686505702,False
pilot9,1740686506127,False
pilot9,1740686626006,False
pilot9,1740686686220,False
pilot9,1740686749909,False
pilot9,1740686806770,False
pilot9,1740686995670,False
pilot9,1740687106808,False
pilot9,1740687107317,False
pilot9,1740687176246,False
pilot9,1740687295727,False
pilot9,1740687357075,False
pilot9,1740687417259,False
pilot9,1740687541568,False
pilot9,1740687601828,False
pilot9,1740687667880,False
pilot9,1740687727998,False
pilot9,1740687851063,False
pilot9,1740687963647,False
pilot9,1740688128558,False
pilot9,1740688251852,False
pilot9,1740688306638,False
pilot9,1740688561204,False
pilot9,1740688730717,False
pilot9,1740688906637,False
pilot9,1740688907550,False
pilot9,1740689033837,False
pilot9,1740689094123,False
pilot9,1740689205032,False
pilot9,1740689205698,False
pilot9,1740689337232,False
pilot9,1740689461298,False
pilot9,1740689607879,False
pilot9,1740689687978,False
pilot9,1740689748230,False
pilot9,1740689805790,False
pilot9,1740689889880,False
pilot9,1740689989594,False
pilot9,1740798067379,False
pilot9,1740798388660,False
pilot9,1740798478765,False
pilot9,1740798662232,False
pilot9,1740798933662,False
pilot9,1740799092200,False
pilot9,1740799248270,False
pilot9,1740799403185,False
pilot9,1740799498680,False
pilot9,1740799677845,False
pilot9,1740799745081,False
pilot9,1740799964766,False
pilot9,1740800196010,False
pilot9,1740800255746,False
pilot9,1740800373985,False
pilot9,1740800566291,False
pilot9,1740800845784,False
pilot9,1740801097435,False
pilot9,1740801098426,False
pilot9,1740801186668,False
pilot9,1740801337042,False
pilot9,1740844844883,False
pilot9,1740844905143,False
pilot9,1740844978195,False
pilot9,1740844978640,False
pilot9,1740845115730,False
pilot9,1740845175938,False
pilot9,1740845279632,False
pilot9,1740845280074,False
pilot9,1740845280520,False
pilot9,1740845363724,False
pilot9,1740845423965,False
pilot9,1740845507356,False
pilot9,1740845579208,False
pilot9,1740845677266,False
pilot9,1740845814072,False
pilot9,1740845874509,False
pilot9,1740846113243,False
pilot9,1740846178617,False
pilot9,1740846279050,False
pilot9,1740846346573,False
pilot9,1740846442096,False
pilot9,1740846516459,False
pilot9,1740846590437,False
pilot9,1740846761680,False
pilot9,1740846847639,False
pilot9,1740846928184,False
pilot9,1740847020730,False
pilot9,1740847080815,True
pilot9,1740847161532,False
pilot9,1740847256046,False
pilot9,1740847323942,False
pilot9,1740847385578,False
pilot9,1740847455621,False
pilot9,1740847584813,False
pilot9,1740847657403,False
pilot9,1740847710568,False
pilot9,1740847763330,False
pilot9,1740847833756,False
pilot9,1740847946628,False
pilot9,1740848008992,False
pilot9,1740848009381,False
pilot9,1740848080844,False
pilot9,1740848224004,False
pilot9,1740848289092,False
pilot9,1740848353864,False
pilot9,1740801624993,False
pilot9,1740801685264,False
pilot9,1740801816568,False
pilot9,1740802078899,False
pilot9,1740802079357,False
pilot9,1740802279684,False
pilot9,1740802461958,False
pilot9,1740802721489,False
pilot9,1740802897743,False
pilot9,1740802977010,False
pilot9,1740803073169,False
pilot9,1740803349087,False
pilot9,1740803632116,False
pilot9,1740803871183,False
pilot9,1740804031292,False
pilot9,1740804092182,False
pilot9,1740804176561,False
pilot9,1740804274464,False
pilot9,1740804478773,False
pilot9,1740804784448,False
pilot9,1740804966089,False
pilot9,1740805076720,False
pilot9,1740826867888,False
pilot9,1740826945475,False
pilot9,1740827011072,False
pilot9,1740827089587,False
pilot9,1740827090283,False
pilot9,1740827192420,False
pilot9,1740827298885,False
pilot9,1740827359114,False
pilot9,1740827466687,False
pilot9,1740827551826,False
pilot9,1740827644696,False
pilot9,1740827835318,False
pilot9,1740827957706,False
pilot9,1740828083837,False
pilot9,1740828178324,False
pilot9,1740828238568,False
pilot9,1740828307007,False
pilot9,1740828367265,False
pilot9,1740828427501,False
pilot9,1740828480268,False
pilot9,1740828541342,False
pilot9,1740828601629,False
pilot9,1740828661859,False
pilot9,1740828722106,False
pilot9,1740828805403,False
pilot9,1740828865664,False
pilot9,1740828960812,False
pilot9,1740829091893,False
pilot9,1740829188365,False
pilot9,1740829188962,False
pilot9,1740829338902,False
pilot9,1740829399126,False
pilot9,1740829459366,False
pilot9,1740829519640,False
pilot9,1740829579923,False
pilot9,1740829640166,False
pilot9,1740829700408,False
pilot9,1740829760653,False
pilot9,1740829820927,False
pilot9,1740829821401,False
pilot9,1740829822081,False
pilot9,1740829881159,False
pilot9,1740829941408,False
pilot9,1740830001658,False
pilot9,1740830061888,False
pilot9,1740830122133,False
pilot9,1740830182405,False
pilot9,1740830242667,False
pilot9,1740830302915,False
pilot9,1740830363387,False
pilot9,1740794417635,False
pilot9,1740794692398,False
pilot9,1740794824473,False
pilot9,1740795002923,False
pilot9,1740795227315,False
pilot9,1740795455201,False
pilot9,1740795598296,False
pilot9,1740795780554,False
pilot9,1740795866342,False
pilot9,1740796101125,False
pilot9,1740796313415,False
pilot9,1740796609914,False
pilot9,1740796696471,False
pilot9,1740796750198,False
pilot9,1740796946072,False
pilot9,1740797175811,False
pilot9,1740797375907,False
pilot9,1740797588186,False
pilot9,1740797937155,False
pilot9,1740823261286,False
pilot9,1740823344648,False
pilot9,1740823473298,False
pilot9,1740823564767,False
pilot9,1740823632144,False
pilot9,1740823692408,False
pilot9,1740823802171,False
pilot9,1740823882987,False
pilot9,1740823952215,False
pilot9,1740823953241,False
pilot9,1740824012077,False
pilot9,1740824072296,False
pilot9,1740824132569,False
pilot9,1740824192801,False
pilot9,1740824305110,False
pilot9,1740824305872,False
pilot9,1740824367014,False
pilot9,1740824427310,False
pilot9,1740824487511,False
pilot9,1740824547783,False
pilot9,1740824608117,False
pilot9,1740824668273,False
pilot9,1740824736505,False
pilot9,1740824796764,False
pilot9,1740824856996,False
pilot9,1740824917242,False
pilot9,1740824974226,False
pilot9,1740825037708,False
pilot9,1740825115434,False
pilot9,1740825259360,False
pilot9,1740825333494,False
pilot9,1740825384409,False
pilot9,1740825505535,False
pilot9,1740825565790,False
pilot9,1740825670448,False
pilot9,1740825737107,False
pilot9,1740825813490,False
pilot9,1740825985130,False
pilot9,1740825985794,False
pilot9,1740826062642,False
pilot9,1740826122702,True
pilot9,1740826182906,True
pilot9,1740826243130,True
pilot9,1740826303328,True
pilot9,1740826363498,True
pilot9,1740826423689,True
pilot9,1740826483842,True
pilot9,1740826544052,True
pilot9,1740826604223,True
pilot9,1740826664453,True
pilot9,1740826715483,True
pilot9,1740826784791,True
pilot9,1740830423551,False
pilot9,1740830483786,False
pilot9,1740830544025,False
pilot9,1740830604689,False
pilot9,1740830605080,False
pilot9,1740830664614,False
pilot9,1740830724874,False
pilot9,1740830785121,False
pilot9,1740830845380,False
pilot9,1740830905652,False
pilot9,1740830965902,False
pilot9,1740830966364,False
pilot9,1740830967030,False
pilot9,1740831026169,False
pilot9,1740831026930,False
pilot9,1740831086387,False
pilot9,1740831146620,False
pilot9,1740831206920,False
pilot9,1740831267169,False
pilot9,1740831327648,False
pilot9,1740831398218,False
pilot9,1740831399224,False
pilot9,1740831459121,False
pilot9,1740831519433,False
pilot9,1740831579635,False
pilot9,1740831639903,False
pilot9,1740831700138,False
pilot9,1740831760221,True
pilot9,1740831820340,True
pilot9,1740831820634,True
pilot9,1740831880546,True
pilot9,1740831881027,True
pilot9,1740831940683,True
pilot9,1740832000992,False
pilot9,1740832061278,False
pilot9,1740832121546,False
pilot9,1740832181763,False
pilot9,1740832241986,False
pilot9,1740832242652,False
pilot9,1740832243370,False
pilot9,1740832302280,False
pilot9,1740832362517,False
pilot9,1740832422797,False
pilot9,1740832483040,False
pilot9,1740832483435,False
pilot9,1740832484141,False
pilot9,1740832543247,False
pilot9,1740832603522,False
pilot9,1740832653785,False
pilot9,1740832724026,False
pilot9,1740832784300,False
pilot9,1740832844570,False
pilot9,1740832904916,False
pilot9,1740832905865,False
pilot9,1740832965019,False
pilot9,1740833025299,False
pilot9,1740833085559,False
pilot9,1740833145805,False
pilot9,1740833206077,False
pilot9,1740833266315,False
pilot9,1740833326424,True
pilot9,1740833386711,True
pilot9,1740833386965,True
pilot9,1740833387217,True
pilot9,1740833446828,True
pilot9,1740833506985,True
pilot9,1740833567133,True
pilot9,1740833627312,True
pilot9,1740833687445,True
pilot9,1740833747613,True
pilot9,1740833799470,True
pilot9,1740833868002,True
pilot9,1740833928179,True
pilot9,1740833988384,True
pilot9,1740816025406,False
pilot9,1740816079253,False
pilot9,1740816139560,False
pilot9,1740816199761,False
pilot9,1740816260057,False
pilot9,1740816320087,True
pilot9,1740816380279,True
pilot9,1740816440447,True
pilot9,1740816500616,True
pilot9,1740816560816,True
pilot9,1740816620954,True
pilot9,1740816681125,True
pilot9,1740816741302,True
pilot9,1740816801518,True
pilot9,1740816861697,True
pilot9,1740816921898,True
pilot9,1740816922164,True
pilot9,1740816922401,True
pilot9,1740816982076,True
pilot9,1740817042217,True
pilot9,1740817102476,True
pilot9,1740817162600,True
pilot9,1740817222777,True
pilot9,1740817282969,True
pilot9,1740817343129,True
pilot9,1740817343421,True
pilot9,1740817403291,True
pilot9,1740817463516,True
pilot9,1740817523675,True
pilot9,1740817584058,False
pilot9,1740817644289,False
pilot9,1740817704505,False
pilot9,1740817764776,False
pilot9,1740817825051,False
pilot9,1740817883913,False
pilot9,1740817945498,False
pilot9,1740818005772,False
pilot9,1740818066015,False
pilot9,1740818126284,False
pilot9,1740818183870,False
pilot9,1740818246805,False
pilot9,1740818307045,False
pilot9,1740818367299,False
pilot9,1740818427578,False
pilot9,1740818483838,False
pilot9,1740818548017,False
pilot9,1740818608314,False
pilot9,1740818668535,False
pilot9,1740818728843,False
pilot9,1740818789206,False
pilot9,1740818849357,False
pilot9,1740818909562,False
pilot9,1740819001012,False
pilot9,1740819070846,False
pilot9,1740819143369,False
pilot9,1740819238558,False
pilot9,1740819298814,False
pilot9,1740819383341,False
pilot9,1740819443432,False
pilot9,1740819534428,False
pilot9,1740848414307,True
pilot9,1740848474320,True
pilot9,1740848534474,True
pilot9,1740848594681,True
pilot9,1740848654914,True
pilot9,1740848655178,True
pilot9,1740848655417,True
pilot9,1740848715130,True
pilot9,1740848715612,True
pilot9,1740848775301,True
pilot9,1740848835480,True
pilot9,1740848895660,True
pilot9,1740848955798,True
pilot9,1740849016019,True
pilot9,1740849066769,True
pilot9,1740849136351,True
pilot9,1740849196515,True
pilot9,1740849256702,True
pilot9,1740849316867,True
pilot9,1740849317136,True
pilot9,1740849317580,True
pilot9,1740849377061,True
pilot9,1740849437258,True
pilot9,1740849497480,True
pilot9,1740849557650,True
pilot9,1740849617871,True
pilot9,1740849678128,True
pilot9,1740849738306,True
pilot9,1740849798488,True
pilot9,1740849858704,True
pilot9,1740849858964,True
pilot9,1740849859207,True
pilot9,1740849918911,True
pilot9,1740849979047,True
pilot9,1740850039242,True
pilot9,1740850099478,True
pilot9,1740850099735,True
pilot9,1740850100007,True
pilot9,1740850159699,True
pilot9,1740850160174,True
pilot9,1740850219902,True
pilot9,1740850280113,True
pilot9,1740850340259,True
pilot9,1740850340528,True
pilot9,1740850340947,True
pilot9,1740850400452,True
pilot9,1740850460669,True
pilot9,1740850520820,True
pilot9,1740850581036,True
pilot9,1740850641269,True
pilot9,1740850701457,True
pilot9,1740850701734,True
pilot9,1740850701967,True
pilot9,1740850761657,True
pilot9,1740850762107,True
pilot9,1740850824657,False
pilot9,1740850889652,False
pilot9,1740850949867,False
pilot9,1740851010117,False
pilot9,1740851070201,True
pilot9,1740851130405,True
pilot9,1740851190589,True
pilot9,1740851190833,True
pilot9,1740851250768,True
pilot9,1740851310965,True
pilot9,1740851371144,True
pilot9,1740851371392,True
pilot9,1740851431335,True
pilot9,1740851491515,True
pilot9,1740851491759,True
pilot9,1740851551636,True
pilot9,1740851611809,True
pilot9,1740851612075,True
pilot9,1740851672039,True
pilot9,1740851732183,True
pilot9,1740851792421,True
pilot9,1740851792660,True
pilot9,1740851792897,True
pilot9,1740851852579,True
pilot9,1740851912757,True
pilot9,1740851972963,True
pilot9,1740834043204,True
pilot9,1740834108702,True
pilot9,1740834168828,True
pilot9,1740834229078,True
pilot9,1740834289221,True
pilot9,1740834349366,True
pilot9,1740834349627,True
pilot9,1740834409522,True
pilot9,1740834469739,True
pilot9,1740834529885,True
pilot9,1740834590061,True
pilot9,1740834590315,True
pilot9,1740834590751,True
pilot9,1740834650259,True
pilot9,1740834710481,True
pilot9,1740834770609,True
pilot9,1740834830794,True
pilot9,1740834890959,True
pilot9,1740834951112,True
pilot9,1740835011323,True
pilot9,1740835011641,True
pilot9,1740835011913,True
pilot9,1740835071513,True
pilot9,1740835131723,True
pilot9,1740835191885,True
pilot9,1740835252045,True
pilot9,1740835312216,True
pilot9,1740835372370,True
pilot9,1740835432592,True
pilot9,1740835432879,True
pilot9,1740835492817,True
pilot9,1740835552979,True
pilot9,1740835553261,True
pilot9,1740835553704,True
pilot9,1740835613166,True
pilot9,1740835613704,True
pilot9,1740835673355,True
pilot9,1740835733535,True
pilot9,1740835793894,False
pilot9,1740835854198,False
pilot9,1740835914247,True
pilot9,1740835974405,True
pilot9,1740836034542,True
pilot9,1740836094695,True
pilot9,1740836154935,True
pilot9,1740836155188,True
pilot9,1740836155435,True
pilot9,1740836215084,True
pilot9,1740836215559,True
pilot9,1740836275247,True
pilot9,1740836335375,True
pilot9,1740836395803,False
pilot9,1740836456000,False
pilot9,1740836516267,False
pilot9,1740836576538,False
pilot9,1740836636787,False
pilot9,1740836697048,False
pilot9,1740836794418,False
pilot9,1740836854621,False
pilot9,1740836914870,False
pilot9,1740836971374,False
pilot9,1740837035341,False
pilot9,1740837095596,False
pilot9,1740837155877,False
pilot9,1740837216068,False
pilot9,1740837272263,False
pilot9,1740837361578,False
pilot9,1740837435759,False
pilot9,1740837495743,True
pilot9,1740837555963,True
pilot9,1740862971332,False
pilot9,1740863033544,False
pilot9,1740863093854,False
pilot9,1740863335301,False
pilot9,1740863668654,False
pilot9,1740863975235,False
pilot9,1740863975810,False
pilot9,1740864141927,False
pilot9,1740864203165,False
pilot9,1740864274198,False
pilot9,1740864575976,False
pilot9,1740864648623,False
pilot9,1740864811715,False
pilot9,1740864872710,False
pilot9,1740864932938,False
pilot9,1740865036496,False
pilot9,1740865143372,False
pilot9,1740865437233,False
pilot9,1740865776009,False
pilot9,1740865838512,False
pilot9,1740865944802,False
pilot9,1740866076172,False
pilot9,1740866076762,False
pilot9,1740866136431,False
pilot9,1740866201092,False
pilot9,1740866297516,False
pilot9,1740866374971,False
pilot9,1740866375540,False
pilot9,1740808837144,False
pilot9,1740808906037,False
pilot9,1740808989580,False
pilot9,1740809113579,False
pilot9,1740809228419,False
pilot9,1740809384872,False
pilot9,1740809562931,False
pilot9,1740809672119,False
pilot9,1740809855906,False
pilot9,1740809947227,False
pilot9,1740810089974,True
pilot9,1740810150163,True
pilot9,1740810210294,True
pilot9,1740810270458,True
pilot9,1740810337524,False
pilot9,1740810429365,False
pilot9,1740810514984,False
pilot9,1740810590419,False
pilot9,1740810687755,False
pilot9,1740810814422,False
pilot9,1740810894682,False
pilot9,1740810895178,False
pilot9,1740810997338,False
pilot9,1740811067394,False
pilot9,1740811186548,False
pilot9,1740811267830,False
pilot9,1740811327891,True
pilot9,1740811388085,True
pilot9,1740811448211,True
pilot9,1740811508360,True
pilot9,1740811568564,True
pilot9,1740811628775,True
pilot9,1740811688954,True
pilot9,1740811749141,True
pilot9,1740811800375,True
pilot9,1740811860535,True
pilot9,1740811860789,True
pilot9,1740811921050,True
pilot9,1740811921291,True
pilot9,1740811981506,True
pilot9,1740811981770,True
pilot9,1740812044731,True
pilot9,1740812044992,True
pilot9,1740812105217,True
pilot9,1740812105510,True
pilot9,1740812188406,False
pilot9,1740812251692,False
pilot9,1740812317453,False
pilot9,1740841301606,False
pilot9,1740841452135,False
pilot9,1740841512366,False
pilot9,1740841573891,True
pilot9,1740841682687,False
pilot9,1740841742892,False
pilot9,1740841803190,False
pilot9,1740841863425,False
pilot9,1740841923705,False
pilot9,1740842024951,False
pilot9,1740842085226,False
pilot9,1740842145287,True
pilot9,1740842205640,False
pilot9,1740842265913,False
pilot9,1740842326151,False
pilot9,1740842386408,False
pilot9,1740842446671,False
pilot9,1740842506927,False
pilot9,1740842575175,False
pilot9,1740842635394,False
pilot9,1740842695646,False
pilot9,1740842752431,False
pilot9,1740842815942,True
pilot9,1740842876095,False
pilot9,1740842937892,False
pilot9,1740843008021,False
pilot9,1740843068251,False
pilot9,1740843170929,False
pilot9,1740843231178,False
pilot9,1740843331632,False
pilot9,1740843391893,False
pilot9,1740843474436,False
pilot9,1740843540583,False
pilot9,1740843630318,False
pilot9,1740843698771,False
pilot9,1740843778485,False
pilot9,1740843778944,False
pilot9,1740843779427,False
pilot9,1740843870286,False
pilot9,1740843981632,False
pilot9,1740844057265,False
pilot9,1740844114864,False
pilot9,1740844192972,False
pilot9,1740844296269,False
pilot9,1740844378505,False
pilot9,1740844378946,False
pilot9,1740844379335,False
pilot9,1740844447927,False
pilot9,1740844448325,False
pilot9,1740844509847,False
pilot9,1740844570089,False
pilot9,1740844630377,False
pilot9,1740844724378,False
pilot9,1740844784583,False
pilot9,1740790905374,False
pilot9,1740791155311,False
pilot9,1740791258477,False
pilot9,1740791540640,False
pilot9,1740791855953,False
pilot9,1740792099248,False
pilot9,1740792244001,False
pilot9,1740792360704,False
pilot9,1740792625460,False
pilot9,1740792866099,False
pilot9,1740793056081,False
pilot9,1740793277538,False
pilot9,1740793452808,False
pilot9,1740793636304,False
pilot9,1740793789367,False
pilot9,1740793965969,False
pilot9,1740794347693,False
pilot9,1740870100003,False
pilot9,1740870164613,False
pilot9,1740870275977,False
pilot9,1740870371663,False
pilot9,1740870453802,False
pilot9,1740870574723,False
pilot9,1740870817537,False
pilot9,1740871176066,False
pilot9,1740871176629,False
pilot9,1740871389991,False
pilot9,1740871475896,False
pilot9,1740871641682,False
pilot9,1740871722323,False
pilot9,1740871854602,False
pilot9,1740871914856,False
pilot9,1740872024732,False
pilot9,1740872189574,False
pilot9,1740872260655,False
pilot9,1740872340267,False
pilot9,1740872400510,False
pilot9,1740872494131,False
pilot9,1740872615350,False
pilot9,1740872675595,False
pilot9,1740872822562,False
pilot9,1740872976001,False
pilot9,1740873046910,False
pilot9,1740873245846,False
pilot9,1740873335388,False
pilot9,1740873424380,False
pilot9,1740873525605,False
pilot9,1740837663426,False
pilot9,1740837732328,False
pilot9,1740837792572,False
pilot9,1740837852870,False
pilot9,1740837913027,False
pilot9,1740837973292,False
pilot9,1740838033538,False
pilot9,1740838093815,False
pilot9,1740838152696,False
pilot9,1740838214265,False
pilot9,1740838274518,False
pilot9,1740838334772,False
pilot9,1740838395035,False
pilot9,1740838452670,False
pilot9,1740838515532,False
pilot9,1740838575767,False
pilot9,1740838636022,False
pilot9,1740838696269,False
pilot9,1740838753437,False
pilot9,1740838816712,False
pilot9,1740838889800,False
pilot9,1740838953056,False
pilot9,1740839020843,False
pilot9,1740839079887,False
pilot9,1740839140913,False
pilot9,1740839201139,False
pilot9,1740839261421,False
pilot9,1740839321661,False
pilot9,1740839426545,False
pilot9,1740839486811,False
pilot9,1740839547096,False
pilot9,1740839607383,False
pilot9,1740839681555,False
pilot9,1740839773309,False
pilot9,1740839833519,False
pilot9,1740839917032,False
pilot9,1740839979443,False
pilot9,1740840056998,False
pilot9,1740840136266,False
pilot9,1740840207655,False
pilot9,1740840333656,False
pilot9,1740840437071,False
pilot9,1740840529640,False
pilot9,1740840693147,False
pilot9,1740840753383,False
pilot9,1740840814292,False
pilot9,1740840874620,False
pilot9,1740841055433,False
pilot9,1740841128104,False
pilot9,1740841188280,False
pilot9,1740812425902,False
pilot9,1740812479619,False
pilot9,1740812539711,True
pilot9,1740812599962,True
pilot9,1740812600213,True
pilot9,1740812660111,True
pilot9,1740812720281,True
pilot9,1740812780408,True
pilot9,1740812840611,True
pilot9,1740812900803,True
pilot9,1740812960903,True
pilot9,1740813013935,True
pilot9,1740813081413,False
pilot9,1740813141529,True
pilot9,1740813201683,True
pilot9,1740813201931,True
pilot9,1740813261850,True
pilot9,1740813262383,True
pilot9,1740813322043,True
pilot9,1740813382240,True
pilot9,1740813442426,True
pilot9,1740813502593,True
pilot9,1740813562755,True
pilot9,1740813622973,True
pilot9,1740813683145,True
pilot9,1740813743327,True
pilot9,1740813803546,True
pilot9,1740813803975,True
pilot9,1740813804304,True
pilot9,1740813863721,True
pilot9,1740813923878,True
pilot9,1740813924157,True
pilot9,1740813984093,True
pilot9,1740814044306,True
pilot9,1740814104453,True
pilot9,1740814164618,True
pilot9,1740814224834,True
pilot9,1740814225104,True
pilot9,1740814309582,True
pilot9,1740814369519,True
pilot9,1740814429714,True
pilot9,1740814429990,True
pilot9,1740814430228,True
pilot9,1740814489880,True
pilot9,1740814550013,True
pilot9,1740814610170,True
pilot9,1740814670330,True
pilot9,1740814730484,True
pilot9,1740814790659,True
pilot9,1740814850850,True
pilot9,1740814911077,True
pilot9,1740814911395,True
pilot9,1740814971167,True
pilot9,1740815031349,True
pilot9,1740815031597,True
pilot9,1740815091519,True
pilot9,1740815151774,True
pilot9,1740815211929,True
pilot9,1740815272098,True
pilot9,1740815332232,True
pilot9,1740815392466,True
pilot9,1740815392702,True
pilot9,1740815452662,True
pilot9,1740815512776,True
pilot9,1740815572971,True
pilot9,1740815633091,True
pilot9,1740815693335,True
pilot9,1740815753463,True
pilot9,1740815813607,True
pilot9,1740815873810,True
pilot9,1740815934609,False
pilot9,1740819614024,False
pilot9,1740819674322,False
pilot9,1740819734530,False
pilot9,1740819794798,False
pilot9,1740819855048,False
pilot9,1740819915300,False
pilot9,1740819975554,False
pilot9,1740820035884,False
pilot9,1740820130546,False
pilot9,1740820131267,False
pilot9,1740820194079,False
pilot9,1740820254336,False
pilot9,1740820314604,False
pilot9,1740820409906,False
pilot9,1740820470120,False
pilot9,1740820530426,False
pilot9,1740820590615,False
pilot9,1740820650911,False
pilot9,1740820711151,False
pilot9,1740820771488,False
pilot9,1740820831675,False
pilot9,1740820891940,False
pilot9,1740820952202,False
pilot9,1740821012454,False
pilot9,1740821072700,False
pilot9,1740821132975,False
pilot9,1740821193200,False
pilot9,1740821253451,False
pilot9,1740821313701,False
pilot9,1740821373910,False
pilot9,1740821434232,False
pilot9,1740821494473,False
pilot9,1740821554716,False
pilot9,1740821614766,True
pilot9,1740821674969,True
pilot9,1740821735168,True
pilot9,1740821795383,True
pilot9,1740821855584,True
pilot9,1740821855922,True
pilot9,1740821856287,True
pilot9,1740821915790,True
pilot9,1740821916397,True
pilot9,1740821975986,True
pilot9,1740822036136,True
pilot9,1740822096314,True
pilot9,1740822156600,True
pilot9,1740822156932,True
pilot9,1740822216815,True
pilot9,1740822277017,True
pilot9,1740822277355,True
pilot9,1740822277735,True
pilot9,1740822337227,True
pilot9,1740822337793,True
pilot9,1740822397442,True
pilot9,1740822457628,True
pilot9,1740822517817,True
pilot9,1740822578015,True
pilot9,1740822638339,True
pilot9,1740822698406,True
pilot9,1740822758740,False
pilot9,1740822820751,False
pilot9,1740822910393,False
pilot9,1740822970424,False
pilot9,1740823034153,False
pilot9,1740823166067,False
pilot9,1740852033127,True
pilot9,1740852093321,True
pilot9,1740852153515,True
pilot9,1740852153771,True
pilot9,1740852154031,True
pilot9,1740852213693,True
pilot9,1740852273862,True
pilot9,1740852334016,True
pilot9,1740852334260,True
pilot9,1740852334712,True
pilot9,1740852394194,True
pilot9,1740852454340,True
pilot9,1740852514541,True
pilot9,1740852574791,True
pilot9,1740852575041,True
pilot9,1740852575287,True
pilot9,1740852634988,True
pilot9,1740852695168,True
pilot9,1740852755353,True
pilot9,1740852815588,True
pilot9,1740852815940,True
pilot9,1740852875678,True
pilot9,1740852935874,True
pilot9,1740852936150,True
pilot9,1740852936409,True
pilot9,1740852996058,True
pilot9,1740853056246,True
pilot9,1740853116422,True
pilot9,1740853176670,True
pilot9,1740853176912,True
pilot9,1740853177189,True
pilot9,1740853236815,True
pilot9,1740853297014,True
pilot9,1740853353316,True
pilot9,1740853413540,True
pilot9,1740853413766,True
pilot9,1740853477576,True
pilot9,1740853537782,True
pilot9,1740853597945,True
pilot9,1740853658122,True
pilot9,1740853718303,True
pilot9,1740853778479,True
pilot9,1740853838653,True
pilot9,1740853838900,True
pilot9,1740853839171,True
pilot9,1740853898825,True
pilot9,1740853959007,True
pilot9,1740854019193,True
pilot9,1740854079392,True
pilot9,1740854139552,True
pilot9,1740854199725,True
pilot9,1740854259890,True
pilot9,1740854260138,True
pilot9,1740854320042,True
pilot9,1740854380225,True
pilot9,1740854380481,True
pilot9,1740854380728,True
pilot9,1740854440418,True
pilot9,1740854500568,True
pilot9,1740854560724,True
pilot9,1740854620946,True
pilot9,1740854621193,True
pilot9,1740854621440,True
pilot9,1740854681092,True
pilot9,1740854741232,True
pilot9,1740854801393,True
pilot9,1740854861590,True
pilot9,1740854921782,True
pilot9,1740854922083,True
pilot9,1740854922320,True
pilot9,1740854981934,True
pilot9,1740855042117,True
pilot9,1740855102282,True
pilot9,1740855162439,True
pilot9,1740855222649,True
pilot9,1740855282970,False
pilot9,1740855363815,False
pilot9,1740855430329,True
pilot9,1740855490003,True
pilot9,1740855550184,True
pilot9,1740866495279,False
pilot9,1740866574971,False
pilot9,1740866675927,False
pilot9,1740866736214,False
pilot9,1740866797727,False
pilot9,1740866916813,False
pilot9,1740866975417,False
pilot9,1740867089496,False
pilot9,1740867172123,False
pilot9,1740867274886,False
pilot9,1740867346877,False
pilot9,1740867407160,False
pilot9,1740867467415,False
pilot9,1740867576033,False
pilot9,1740867667534,False
pilot9,1740867727766,False
pilot9,1740867788002,False
pilot9,1740867875978,False
pilot9,1740867876517,False
pilot9,1740868118848,False
pilot9,1740868174943,False
pilot9,1740868304590,False
pilot9,1740868406464,False
pilot9,1740868476341,False
pilot9,1740868546126,False
pilot9,1740868606388,False
pilot9,1740868679944,False
pilot9,1740868775874,False
pilot9,1740868875798,False
pilot9,1740868936042,False
pilot9,1740869046084,False
pilot9,1740869106310,False
pilot9,1740869371687,False
pilot9,1740869511959,False
pilot9,1740869647845,False
pilot9,1740869975926,False
pilot9,1740787237340,False
pilot9,1740787297661,False
pilot9,1740787377757,False
pilot9,1740787443045,False
pilot9,1740787566111,False
pilot9,1740787624681,False
pilot9,1740787754635,False
pilot9,1740787814863,False
pilot9,1740788115687,False
pilot9,1740788266245,False
pilot9,1740788526610,False
pilot9,1740788759980,False
pilot9,1740789013296,False
pilot9,1740789336362,False
pilot9,1740789476555,False
pilot9,1740789598052,False
pilot9,1740789598957,False
pilot9,1740789665347,False
pilot9,1740789841562,False
pilot9,1740790055755,False
pilot9,1740790129757,False
pilot9,1740790386333,False
pilot9,1740790634853,False
pilot9,1740790785646,False
pilot9,1740805242679,False
pilot9,1740805302921,False
pilot9,1740805430312,False
pilot9,1740805661419,False
pilot9,1740805806761,False
pilot9,1740805978519,False
pilot9,1740806260629,False
pilot9,1740806463959,False
pilot9,1740806747182,False
pilot9,1740806970934,False
pilot9,1740807219148,False
pilot9,1740807455425,False
pilot9,1740807671197,False
pilot9,1740807777136,False
pilot9,1740807854226,False
pilot9,1740808129513,False
pilot9,1740808406408,False
pilot9,1740808618557,False
pilot9,1740808741811,False
pilot9,1740855610381,True
pilot9,1740855670588,True
pilot9,1740855670855,True
pilot9,1740855671098,True
pilot9,1740855730831,True
pilot9,1740855791010,True
pilot9,1740855851216,True
pilot9,1740855851581,True
pilot9,1740855851824,True
pilot9,1740855911344,True
pilot9,1740855971576,True
pilot9,1740856076867,False
pilot9,1740856152791,False
pilot9,1740856259174,False
pilot9,1740856381379,False
pilot9,1740856446371,False
pilot9,1740856528200,False
pilot9,1740856597495,False
pilot9,1740856723450,False
pilot9,1740856819625,False
pilot9,1740856905296,False
pilot9,1740856905679,False
pilot9,1740856989925,False
pilot9,1740857093266,False
pilot9,1740857171187,False
pilot9,1740857244633,False
pilot9,1740857331463,False
pilot9,1740857468870,True
pilot9,1740857529362,True
pilot9,1740857589373,True
pilot9,1740857589650,True
pilot9,1740857590054,True
pilot9,1740857649522,True
pilot9,1740857709683,True
pilot9,1740857769867,True
pilot9,1740857830038,True
pilot9,1740857890220,True
pilot9,1740857890536,True
pilot9,1740857890955,True
pilot9,1740857950411,True
pilot9,1740858010510,True
pilot9,1740858070706,True
pilot9,1740858130810,True
pilot9,1740858190296,True
pilot9,1740858190990,True
pilot9,1740858251128,True
pilot9,1740858311289,True
pilot9,1740858371466,True
pilot9,1740858431648,True
pilot9,1740858431909,True
pilot9,1740858491860,True
pilot9,1740858551995,True
pilot9,1740858612207,True
pilot9,1740858672455,True
pilot9,1740858732529,True
pilot9,1740858792817,True
pilot9,1740858852975,True
pilot9,1740858853245,True
pilot9,1740858913152,True
pilot9,1740858973326,True
pilot9,1740859033556,True
pilot9,1740859093764,True
pilot9,1740859094015,True
pilot9,1740859153899,True
pilot9,1740859214081,True
pilot9,1740859274257,True
pilot9,1740859334421,True
pilot9,1740859394591,True
pilot9,1740859482418,False
pilot9,1740859578442,False
pilot9,1740859658616,False
pilot9,1740859741030,False
pilot9,1740859865051,False
pilot9,1740859979084,False
pilot9,1740860041456,False
pilot9,1740860184338,False
pilot9,1740860286003,False
pilot9,1740860346548,False
pilot9,1740860444492,False
pilot9,1740860559472,False
pilot9,1740860619755,False
pilot9,1740860675054,False
pilot9,1740860756917,False
pilot9,1740861028819,False
pilot9,1740861029201,False
pilot9,1740861236303,False
pilot9,1740861301787,False
pilot9,1740861398546,False
pilot9,1740861533453,False
pilot9,1740861534380,False
pilot9,1740861593288,False
pilot9,1740861653548,False
pilot9,1740861713861,False
pilot9,1740861774074,False
pilot9,1740861845053,False
pilot9,1740861845974,False
pilot9,1740861904680,False
pilot9,1740861964936,False
pilot9,1740862025224,False
pilot9,1740862085480,False
pilot9,1740862159284,False
pilot9,1740862253711,False
pilot9,1740862347821,False
pilot9,1740862475999,False
pilot9,1740862476370,False
pilot9,1740862569965,False
pilot9,1740862669909,False
pilot9,1740862765326,False
pilot9,1740884408655,False
pilot9,1740884521180,False
pilot9,1740884609959,False
pilot9,1740884733865,False
pilot9,1740884820588,False
pilot9,1740884908881,False
pilot9,1740885034863,False
pilot9,1740885134617,False
pilot9,1740885242619,False
pilot9,1740885317253,False
pilot9,1740885410281,False
pilot9,1740885467441,False
pilot9,1740885530739,False
pilot9,1740885590872,True
pilot9,1740885651010,True
pilot9,1740885651264,True
pilot9,1740885711227,True
pilot9,1740885711730,True
pilot9,1740885771414,True
pilot9,1740885831568,True
pilot9,1740885882823,True
pilot9,1740885948591,True
pilot9,1740885948865,True
pilot9,1740886012065,True
pilot9,1740886012308,True
pilot9,1740886012576,True
pilot9,1740886072296,True
pilot9,1740886132423,True
pilot9,1740886192590,True
pilot9,1740886252799,True
pilot9,1740886312956,True
pilot9,1740886373129,True
pilot9,1740886433280,True
pilot9,1740886493449,True
pilot9,1740886553677,True
pilot9,1740886613841,True
pilot9,1740886673988,True
pilot9,1740886734199,True
pilot9,1740886794412,True
pilot9,1740886854545,True
pilot9,1740886914716,True
pilot9,1740886914955,True
pilot9,1740886974938,True
pilot9,1740887035051,True
pilot9,1740887095217,True
pilot9,1740887155400,True
pilot9,1740887215620,True
pilot9,1740887275775,True
pilot9,1740887335891,True
pilot9,1740887396141,True
pilot9,1740887456307,True
pilot9,1740887516501,True
pilot9,1740887516778,True
pilot9,1740887576724,True
pilot9,1740887636817,True
pilot9,1740887697009,True
pilot9,1740887757151,True
pilot9,1740887817291,True
pilot9,1740887868757,True
pilot9,1740887928949,True
pilot9,1740887929223,True
pilot9,1740887989436,True
pilot9,1740887989720,True
pilot9,1740931317094,False
pilot9,1740931835365,False
pilot9,1740931992052,False
pilot9,1740932063442,False
pilot9,1740932295568,False
pilot9,1740932564575,False
pilot9,1740932765399,False
pilot9,1740932765852,False
pilot9,1740933014574,False
pilot9,1740933099154,False
pilot9,1740933319937,False
pilot9,1740933591073,False
pilot9,1740933644088,False
pilot9,1740933726370,False
pilot9,1740934083682,False
pilot9,1740934409053,False
pilot9,1740934534067,False
pilot9,1740934649666,False
pilot9,1740888050017,True
pilot9,1740888050284,True
pilot9,1740888110502,True
pilot9,1740888110768,True
pilot9,1740888175744,True
pilot9,1740888176002,True
pilot9,1740888236231,True
pilot9,1740888236509,True
pilot9,1740888296712,True
pilot9,1740888296976,True
pilot9,1740888357171,True
pilot9,1740888357439,True
pilot9,1740888417648,True
pilot9,1740888417920,True
pilot9,1740888478136,True
pilot9,1740888478405,True
pilot9,1740888479279,True
pilot9,1740888545478,False
pilot9,1740888612338,False
pilot9,1740888720332,False
pilot9,1740888803826,False
pilot9,1740888897205,False
pilot9,1740888969368,False
pilot9,1740889045400,False
pilot9,1740889121795,False
pilot9,1740889122229,False
pilot9,1740889192989,False
pilot9,1740889259576,False
pilot9,1740889319827,False
pilot9,1740889380102,False
pilot9,1740889450904,False
pilot9,1740889534014,False
pilot9,1740889598139,False
pilot9,1740889672975,False
pilot9,1740889735491,False
pilot9,1740889735996,False
pilot9,1740889796898,False
pilot9,1740889797333,False
pilot9,1740889797753,False
pilot9,1740889857068,False
pilot9,1740889917319,False
pilot9,1740889977570,False
pilot9,1740890080926,False
pilot9,1740890141143,False
pilot9,1740890201426,False
pilot9,1740890261662,False
pilot9,1740890320144,False
pilot9,1740890382166,False
pilot9,1740890503075,False
pilot9,1740890622188,False
pilot9,1740890875254,False
pilot9,1740891060194,False
pilot9,1740891237373,False
pilot9,1740891476362,False
pilot9,1740891539605,False
pilot9,1740913250630,False
pilot9,1740913251167,False
pilot9,1740913252172,False
pilot9,1740913310770,True
pilot9,1740913371115,False
pilot9,1740913371528,False
pilot9,1740913431211,True
pilot9,1740913431723,True
pilot9,1740913491361,True
pilot9,1740913551504,True
pilot9,1740913611756,True
pilot9,1740913612039,True
pilot9,1740913612307,True
pilot9,1740913672076,True
pilot9,1740913732075,True
pilot9,1740913792208,True
pilot9,1740913792525,True
pilot9,1740913793051,True
pilot9,1740913852571,False
pilot9,1740913914970,False
pilot9,1740913977771,True
pilot9,1740914037897,True
pilot9,1740914098049,True
pilot9,1740914158207,True
pilot9,1740914158534,True
pilot9,1740914218387,True
pilot9,1740914273411,True
pilot9,1740914333656,True
pilot9,1740914333952,True
pilot9,1740914394230,True
pilot9,1740914394512,True
pilot9,1740914455601,True
pilot9,1740914455889,True
pilot9,1740914516071,True
pilot9,1740914516380,True
pilot9,1740914576729,True
pilot9,1740914577072,True
pilot9,1740914637280,True
pilot9,1740914637573,True
pilot9,1740914697751,True
pilot9,1740914698039,True
pilot9,1740914758233,True
pilot9,1740914758534,True
pilot9,1740914818748,True
pilot9,1740914819052,True
pilot9,1740914879256,True
pilot9,1740914879528,True
pilot9,1740914880454,True
pilot9,1740914940641,True
pilot9,1740914940959,True
pilot9,1740914941421,True
pilot9,1740915000783,True
pilot9,1740915001486,True
pilot9,1740915060963,True
pilot9,1740915121127,True
pilot9,1740915181304,True
pilot9,1740915241452,True
pilot9,1740915301674,True
pilot9,1740915361834,True
pilot9,1740915422035,True
pilot9,1740915422329,True
pilot9,1740915422601,True
pilot9,1740915482345,False
pilot9,1740915549061,False
pilot9,1740915609308,False
pilot9,1740915669578,False
pilot9,1740915729839,False
pilot9,1740915790128,False
pilot9,1740915850429,False
pilot9,1740915910649,False
pilot9,1740915970737,True
pilot9,1740915971067,True
pilot9,1740915971526,True
pilot9,1740916030885,True
pilot9,1740916091058,True
pilot9,1740916151236,True
pilot9,1740916211412,True
pilot9,1740916271587,True
pilot9,1740916331840,True
pilot9,1740916391990,True
pilot9,1740916452146,True
pilot9,1740916512359,True
pilot9,1740916572602,True
pilot9,1740916632742,True
pilot9,1740916692957,True
pilot9,1740916693243,True
pilot9,1740916693507,True
pilot9,1740916753081,True
pilot9,1740916753611,True
pilot9,1740880832127,False
pilot9,1740880833056,False
pilot9,1740880891970,False
pilot9,1740880952213,False
pilot9,1740881012498,False
pilot9,1740881072750,False
pilot9,1740881148655,False
pilot9,1740881267824,False
pilot9,1740881268217,False
pilot9,1740881331737,False
pilot9,1740881393593,False
pilot9,1740881497606,False
pilot9,1740881745348,False
pilot9,1740881927882,False
pilot9,1740882062064,False
pilot9,1740882130241,False
pilot9,1740882130702,False
pilot9,1740882458550,False
pilot9,1740882579559,False
pilot9,1740882860249,False
pilot9,1740883107325,False
pilot9,1740883108284,False
pilot9,1740883220689,False
pilot9,1740883221136,False
pilot9,1740883284336,False
pilot9,1740883344608,False
pilot9,1740883404660,False
pilot9,1740883472608,False
pilot9,1740883532894,False
pilot9,1740883603664,False
pilot9,1740883715570,False
pilot9,1740883805666,False
pilot9,1740883878234,False
pilot9,1740883955967,False
pilot9,1740884016364,False
pilot9,1740884016799,False
pilot9,1740884110595,False
pilot9,1740884219533,False
pilot9,1740884277376,False
pilot9,1740909623459,True
pilot9,1740909683669,True
pilot9,1740909743930,True
pilot9,1740909744360,True
pilot9,1740909744751,True
pilot9,1740909804077,True
pilot9,1740909864233,True
pilot9,1740909924488,True
pilot9,1740909924903,True
pilot9,1740909925308,True
pilot9,1740909984617,True
pilot9,1740910044777,True
pilot9,1740910104981,True
pilot9,1740910165156,True
pilot9,1740910225573,False
pilot9,1740910285572,True
pilot9,1740910345769,True
pilot9,1740910405975,True
pilot9,1740910466120,True
pilot9,1740910526342,True
pilot9,1740910586519,True
pilot9,1740910646760,True
pilot9,1740910647176,True
pilot9,1740910647565,True
pilot9,1740911264137,False
pilot9,1740911324346,False
pilot9,1740911384606,False
pilot9,1740911444692,True
pilot9,1740911504887,True
pilot9,1740911565040,True
pilot9,1740911625244,True
pilot9,1740911685432,True
pilot9,1740911745649,True
pilot9,1740911805867,True
pilot9,1740911806149,True
pilot9,1740911806455,True
pilot9,1740911865981,True
pilot9,1740911926195,True
pilot9,1740911986336,True
pilot9,1740912046534,True
pilot9,1740912106689,True
pilot9,1740912166888,True
pilot9,1740912227092,True
pilot9,1740912287285,True
pilot9,1740912347519,True
pilot9,1740912347794,True
pilot9,1740912407712,True
pilot9,1740912467938,True
pilot9,1740912528117,True
pilot9,1740912588328,True
pilot9,1740912648490,True
pilot9,1740912708732,True
pilot9,1740912708997,True
pilot9,1740912709276,True
pilot9,1740912768870,True
pilot9,1740912829092,True
pilot9,1740912889263,True
pilot9,1740912889574,True
pilot9,1740912890097,True
pilot9,1740912949465,True
pilot9,1740913009686,True
pilot9,1740913069837,True
pilot9,1740913130070,True
pilot9,1740913190386,False
pilot9,1740916813944,False
pilot9,1740916874051,False
pilot9,1740916934290,False
pilot9,1740916994592,False
pilot9,1740917054884,False
pilot9,1740917055483,False
pilot9,1740917113753,False
pilot9,1740917174138,False
pilot9,1740917174594,False
pilot9,1740917236179,False
pilot9,1740917296520,False
pilot9,1740917356757,False
pilot9,1740917417054,False
pilot9,1740917477357,False
pilot9,1740917537599,False
pilot9,1740917595025,False
pilot9,1740917658114,False
pilot9,1740917718392,False
pilot9,1740917718865,False
pilot9,1740917779112,False
pilot9,1740917838980,False
pilot9,1740917924871,False
pilot9,1740917975044,False
pilot9,1740918045433,False
pilot9,1740918105607,False
pilot9,1740918165906,False
pilot9,1740918226188,False
pilot9,1740918286438,False
pilot9,1740918352746,False
pilot9,1740918412705,False
pilot9,1740918413158,False
pilot9,1740918472808,False
pilot9,1740918533124,False
pilot9,1740918593235,True
pilot9,1740918653430,True
pilot9,1740918713604,True
pilot9,1740918773768,True
pilot9,1740918833957,True
pilot9,1740918894120,True
pilot9,1740918946327,True
pilot9,1740919006568,True
pilot9,1740919006869,True
pilot9,1740919074619,True
pilot9,1740919134826,True
pilot9,1740919194987,True
pilot9,1740919255200,True
pilot9,1740919255485,True
pilot9,1740919255963,True
pilot9,1740919315346,True
pilot9,1740919375537,True
pilot9,1740919436217,False
pilot9,1740919437123,False
pilot9,1740919496406,False
pilot9,1740919556727,False
pilot9,1740919616968,False
pilot9,1740919677183,False
pilot9,1740919738676,False
pilot9,1740919798494,False
pilot9,1740919799017,False
pilot9,1740919858592,True
pilot9,1740919918986,False
pilot9,1740919979230,False
pilot9,1740920039608,False
pilot9,1740920099845,False
pilot9,1740920160055,False
pilot9,1740920221683,True
pilot9,1740920291769,True
pilot9,1740920351992,True
pilot9,1740902473469,False
pilot9,1740902545679,False
pilot9,1740902621474,False
pilot9,1740902681554,False
pilot9,1740902804460,False
pilot9,1740902872171,False
pilot9,1740902952776,False
pilot9,1740903013026,False
pilot9,1740903013461,False
pilot9,1740903073289,False
pilot9,1740903133494,False
pilot9,1740903193788,False
pilot9,1740903300679,False
pilot9,1740903393982,False
pilot9,1740903484897,False
pilot9,1740903568993,False
pilot9,1740903644575,False
pilot9,1740903723042,False
pilot9,1740903784672,False
pilot9,1740903846900,False
pilot9,1740903944581,False
pilot9,1740904071455,False
pilot9,1740904192552,False
pilot9,1740904252617,True
pilot9,1740904312761,True
pilot9,1740904312993,True
pilot9,1740904373003,True
pilot9,1740904373512,True
pilot9,1740904433165,True
pilot9,1740904493376,True
pilot9,1740904553920,False
pilot9,1740904636205,False
pilot9,1740904732591,False
pilot9,1740904799218,False
pilot9,1740904859080,True
pilot9,1740904919335,True
pilot9,1740904970045,True
pilot9,1740905039643,True
pilot9,1740905099822,True
pilot9,1740905160024,True
pilot9,1740905220165,True
pilot9,1740905280308,True
pilot9,1740905340455,True
pilot9,1740905400637,True
pilot9,1740905460800,True
pilot9,1740905521027,True
pilot9,1740905581160,True
pilot9,1740905641297,True
pilot9,1740905701480,True
pilot9,1740905761629,True
pilot9,1740905821807,True
pilot9,1740905881976,True
pilot9,1740905942137,True
pilot9,1740934852989,False
pilot9,1740935348063,False
pilot9,1740935434140,False
pilot9,1740935603104,False
pilot9,1740935603664,False
pilot9,1740935604135,False
pilot9,1740935784961,False
pilot9,1740936106835,False
pilot9,1740936169022,True
pilot9,1740936228336,True
pilot9,1740936288464,True
pilot9,1740936349019,False
pilot9,1740936409591,False
pilot9,1740936476724,False
pilot9,1740936536929,False
pilot9,1740936591574,False
pilot9,1740936658602,False
pilot9,1740936721814,False
pilot9,1740936782250,True
pilot9,1740936842183,True
pilot9,1740936902551,False
pilot9,1740936962761,False
pilot9,1740937044740,False
pilot9,1740937144560,False
pilot9,1740937199140,False
pilot9,1740937273472,False
pilot9,1740937340994,False
pilot9,1740937408082,False
pilot9,1740937472273,False
pilot9,1740937532306,True
pilot9,1740937592518,True
pilot9,1740937592793,True
pilot9,1740937593257,True
pilot9,1740937652674,True
pilot9,1740937713094,False
pilot9,1740937774989,False
pilot9,1740937835246,False
pilot9,1740937896590,False
pilot9,1740937956805,False
pilot9,1740938054183,False
pilot9,1740938118101,False
pilot9,1740938178314,False
pilot9,1740938267453,False
pilot9,1740938268116,False
pilot9,1740938345569,False
pilot9,1740920412176,True
pilot9,1740920472531,False
pilot9,1740920532751,False
pilot9,1740920593014,False
pilot9,1740920653257,False
pilot9,1740920713550,False
pilot9,1740920802535,False
pilot9,1740920862806,False
pilot9,1740920925242,False
pilot9,1740920985317,True
pilot9,1740921045523,True
pilot9,1740921105910,False
pilot9,1740921166191,False
pilot9,1740921226447,False
pilot9,1740921286803,False
pilot9,1740921347057,False
pilot9,1740921408592,False
pilot9,1740921468517,False
pilot9,1740921528511,True
pilot9,1740921588750,True
pilot9,1740921648954,True
pilot9,1740921709346,False
pilot9,1740921769619,False
pilot9,1740921829890,False
pilot9,1740921890247,False
pilot9,1740921950444,False
pilot9,1740922010514,True
pilot9,1740922070709,True
pilot9,1740922130985,True
pilot9,1740922191135,True
pilot9,1740922251312,True
pilot9,1740922311469,True
pilot9,1740922371714,True
pilot9,1740922432056,False
pilot9,1740922492129,True
pilot9,1740922552336,True
pilot9,1740922612531,True
pilot9,1740922672729,True
pilot9,1740922732910,True
pilot9,1740922793110,True
pilot9,1740922853555,False
pilot9,1740922913733,False
pilot9,1740922973769,True
pilot9,1740923034000,True
pilot9,1740923034277,True
pilot9,1740923094483,False
pilot9,1740923154661,False
pilot9,1740923214794,True
pilot9,1740923275118,False
pilot9,1740923335379,False
pilot9,1740923395683,False
pilot9,1740923455953,True
pilot9,1740923516163,False
pilot9,1740923576431,False
pilot9,1740923636687,False
pilot9,1740923696972,False
pilot9,1740923757252,False
pilot9,1740923817279,True
pilot9,1740923877484,True
pilot9,1740923937652,True
pilot9,1740923997838,True
pilot9,1740949265127,True
pilot9,1740949325212,True
pilot9,1740949385605,False
pilot9,1740949445902,False
pilot9,1740949505920,True
pilot9,1740949566412,False
pilot9,1740949626634,False
pilot9,1740949686906,False
pilot9,1740949747257,False
pilot9,1740949747697,False
pilot9,1740949807517,False
pilot9,1740949873165,False
pilot9,1740949873744,False
pilot9,1740949932824,True
pilot9,1740949993162,False
pilot9,1740950053463,False
pilot9,1740950113757,False
pilot9,1740950174014,False
pilot9,1740950234322,False
pilot9,1740950294573,False
pilot9,1740950380990,False
pilot9,1740950381485,False
pilot9,1740950441219,False
pilot9,1740950501510,False
pilot9,1740950561785,False
pilot9,1740950618435,False
pilot9,1740950815818,False
pilot9,1740950879925,False
pilot9,1740950970542,False
pilot9,1740951048734,False
pilot9,1740951124329,False
pilot9,1740951184595,False
pilot9,1740951330516,False
pilot9,1740951390937,False
pilot9,1740951471240,False
pilot9,1740951522547,False
pilot9,1740951582371,False
pilot9,1740951642636,False
pilot9,1740951702964,False
pilot9,1740951763216,False
pilot9,1740951818440,False
pilot9,1740951905235,False
pilot9,1740952004873,False
pilot9,1740952065159,False
pilot9,1740952119499,False
pilot9,1740952308174,False
pilot9,1740952401200,False
pilot9,1740952522982,False
pilot9,1740952653813,False
pilot9,1740952713872,True
pilot9,1740952774113,True
pilot9,1740895287628,False
pilot9,1740895363283,False
pilot9,1740895495921,False
pilot9,1740895607974,False
pilot9,1740895700984,False
pilot9,1740895761241,False
pilot9,1740895811728,False
pilot9,1740895889456,False
pilot9,1740895956851,False
pilot9,1740896020719,False
pilot9,1740896109893,False
pilot9,1740896226999,False
pilot9,1740896321086,False
pilot9,1740896398551,False
pilot9,1740896465644,False
pilot9,1740896562834,False
pilot9,1740896623069,False
pilot9,1740896711814,False
pilot9,1740896817306,False
pilot9,1740896920141,False
pilot9,1740896999759,False
pilot9,1740897120408,False
pilot9,1740897213518,False
pilot9,1740897279959,False
pilot9,1740897340188,False
pilot9,1740897440811,False
pilot9,1740897512363,False
pilot9,1740897582602,False
pilot9,1740897703404,False
pilot9,1740897808719,False
pilot9,1740897899047,False
pilot9,1740897997469,False
pilot9,1740898120040,False
pilot9,1740898213498,False
pilot9,1740898306431,False
pilot9,1740898389135,False
pilot9,1740898482448,False
pilot9,1740898577146,False
pilot9,1740898695015,False
pilot9,1740898797584,False
pilot9,1740927615238,False
pilot9,1740927787780,False
pilot9,1740928027528,False
pilot9,1740928235663,False
pilot9,1740928236553,False
pilot9,1740928473399,False
pilot9,1740928613625,False
pilot9,1740928966611,False
pilot9,1740929135480,False
pilot9,1740929135897,False
pilot9,1740929316846,False
pilot9,1740929472650,False
pilot9,1740929896643,False
pilot9,1740930035519,False
pilot9,1740930035982,False
pilot9,1740930036465,False
pilot9,1740930126519,False
pilot9,1740930239230,False
pilot9,1740930456173,False
pilot9,1740930609257,False
pilot9,1740930951793,False
pilot9,1740931025270,False
pilot9,1740877255034,False
pilot9,1740877324937,True
pilot9,1740877325184,True
pilot9,1740877386562,True
pilot9,1740877446794,True
pilot9,1740877506988,True
pilot9,1740877507222,True
pilot9,1740877567170,True
pilot9,1740877627375,True
pilot9,1740877687547,True
pilot9,1740877747757,True
pilot9,1740877807901,True
pilot9,1740877868083,True
pilot9,1740877928215,True
pilot9,1740877988394,True
pilot9,1740878048595,True
pilot9,1740878048827,True
pilot9,1740878049066,True
pilot9,1740878108764,True
pilot9,1740878168921,True
pilot9,1740878229133,True
pilot9,1740878289252,True
pilot9,1740878349425,True
pilot9,1740878409608,True
pilot9,1740878469837,True
pilot9,1740878529986,True
pilot9,1740878590279,True
pilot9,1740878590534,True
pilot9,1740878590780,True
pilot9,1740878650372,True
pilot9,1740878710544,True
pilot9,1740878770761,True
pilot9,1740878771002,True
pilot9,1740878771257,True
pilot9,1740878830942,True
pilot9,1740878891130,True
pilot9,1740878951298,True
pilot9,1740879011457,True
pilot9,1740879071667,True
pilot9,1740879071911,True
pilot9,1740879131879,True
pilot9,1740879228099,False
pilot9,1740879299225,False
pilot9,1740879366387,False
pilot9,1740879456036,False
pilot9,1740879600992,False
pilot9,1740879688456,False
pilot9,1740879767598,False
pilot9,1740879768368,False
pilot9,1740879834306,False
pilot9,1740879912073,False
pilot9,1740879989072,False
pilot9,1740880069062,False
pilot9,1740880069553,False
pilot9,1740880174400,False
pilot9,1740880246633,False
pilot9,1740880367497,False
pilot9,1740880368262,False
pilot9,1740880453982,False
pilot9,1740880528884,False
pilot9,1740880589965,False
pilot9,1740880590377,False
pilot9,1740880650189,False
pilot9,1740880710423,False
pilot9,1740880770652,False
pilot9,1740956460977,False
pilot9,1740956534237,False
pilot9,1740956534815,False
pilot9,1740956702765,False
pilot9,1740956821575,False
pilot9,1740956919823,False
pilot9,1740956984419,False
pilot9,1740957077068,False
pilot9,1740957133182,False
pilot9,1740957238861,False
pilot9,1740957353239,False
pilot9,1740957434153,False
pilot9,1740957434723,False
pilot9,1740957494665,False
pilot9,1740957581780,False
pilot9,1740957661517,False
pilot9,1740957742508,False
pilot9,1740957743111,False
pilot9,1740957802234,False
pilot9,1740957862482,False
pilot9,1740957922763,False
pilot9,1740958034930,False
pilot9,1740958035669,False
pilot9,1740958094725,False
pilot9,1740958154984,False
pilot9,1740958215266,False
pilot9,1740958275509,False
pilot9,1740958339490,False
pilot9,1740958634124,False
pilot9,1740958772802,False
pilot9,1740958862752,False
pilot9,1740958933090,False
pilot9,1740959120396,False
pilot9,1740959234103,False
pilot9,1740959479440,False
pilot9,1740959601190,False
pilot9,1740959834289,False
pilot9,1740924057980,True
pilot9,1740924118173,True
pilot9,1740924178321,True
pilot9,1740924238508,True
pilot9,1740924298715,True
pilot9,1740924298985,True
pilot9,1740924358887,True
pilot9,1740924419036,True
pilot9,1740924479207,True
pilot9,1740924539471,True
pilot9,1740924599573,True
pilot9,1740924659917,False
pilot9,1740924719964,True
pilot9,1740924780176,True
pilot9,1740924780461,True
pilot9,1740924840388,True
pilot9,1740924900566,True
pilot9,1740924960727,True
pilot9,1740925020909,True
pilot9,1740925021160,True
pilot9,1740925081094,True
pilot9,1740925141221,True
pilot9,1740925201623,False
pilot9,1740925261971,False
pilot9,1740925321957,True
pilot9,1740925382187,True
pilot9,1740925442353,True
pilot9,1740925502538,True
pilot9,1740925562909,False
pilot9,1740925623184,False
pilot9,1740925683465,False
pilot9,1740925743747,False
pilot9,1740925804047,False
pilot9,1740925895768,False
pilot9,1740925896272,False
pilot9,1740925955698,False
pilot9,1740926015942,False
pilot9,1740926076249,False
pilot9,1740926134116,False
pilot9,1740926339040,False
pilot9,1740926434352,False
pilot9,1740926532180,False
pilot9,1740926623620,False
pilot9,1740926684535,False
pilot9,1740926744875,False
pilot9,1740926805099,False
pilot9,1740926978865,False
pilot9,1740927034432,False
pilot9,1740927165737,False
pilot9,1740927356348,False
pilot9,1740927356768,False
pilot9,1740927453639,False
pilot9,1740898896055,False
pilot9,1740899008192,False
pilot9,1740899101149,False
pilot9,1740899198330,False
pilot9,1740899278848,False
pilot9,1740899397316,False
pilot9,1740899461603,False
pilot9,1740899524891,False
pilot9,1740899615632,False
pilot9,1740899709458,False
pilot9,1740899801867,False
pilot9,1740899867826,False
pilot9,1740899928084,False
pilot9,1740900002493,False
pilot9,1740900105183,False
pilot9,1740900105581,False
pilot9,1740900171519,False
pilot9,1740900246834,False
pilot9,1740900320279,False
pilot9,1740900405854,False
pilot9,1740900406277,False
pilot9,1740900479964,False
pilot9,1740900565112,False
pilot9,1740900690017,False
pilot9,1740900789839,False
pilot9,1740900868117,False
pilot9,1740900932461,False
pilot9,1740901001769,False
pilot9,1740901122040,False
pilot9,1740901240062,False
pilot9,1740901301365,False
pilot9,1740901404074,False
pilot9,1740901515748,False
pilot9,1740901606636,False
pilot9,1740901668175,False
pilot9,1740901771729,False
pilot9,1740901862489,False
pilot9,1740901924639,False
pilot9,1740902044202,False
pilot9,1740902128704,False
pilot9,1740902205647,False
pilot9,1740902352003,False
pilot9,1740906002287,True
pilot9,1740906062455,True
pilot9,1740906122602,True
pilot9,1740906182719,True
pilot9,1740906242906,True
pilot9,1740906303048,True
pilot9,1740906363221,True
pilot9,1740906427008,False
pilot9,1740906495615,False
pilot9,1740906571629,False
pilot9,1740906641257,False
pilot9,1740906701308,True
pilot9,1740906761526,True
pilot9,1740906821734,True
pilot9,1740906881882,True
pilot9,1740906942060,True
pilot9,1740907002203,True
pilot9,1740907062379,True
pilot9,1740907062649,True
pilot9,1740907122569,True
pilot9,1740907182762,True
pilot9,1740907242935,True
pilot9,1740907303169,True
pilot9,1740907303551,True
pilot9,1740907303986,True
pilot9,1740907363355,True
pilot9,1740907364030,True
pilot9,1740907423523,True
pilot9,1740907483671,True
pilot9,1740907543843,True
pilot9,1740907604004,True
pilot9,1740907664187,True
pilot9,1740907664615,True
pilot9,1740907665015,True
pilot9,1740907724385,True
pilot9,1740907784634,True
pilot9,1740907785054,True
pilot9,1740907844818,True
pilot9,1740907845467,True
pilot9,1740907905016,True
pilot9,1740907965195,True
pilot9,1740908017577,True
pilot9,1740908085646,True
pilot9,1740908145842,True
pilot9,1740908146251,True
pilot9,1740908206061,True
pilot9,1740908266292,True
pilot9,1740908266677,True
pilot9,1740908267053,True
pilot9,1740908326409,True
pilot9,1740908386873,True
pilot9,1740908479035,False
pilot9,1740908533651,True
pilot9,1740908724334,False
pilot9,1740908856371,False
pilot9,1740908857035,False
pilot9,1740909021886,False
pilot9,1740909081759,True
pilot9,1740909141968,True
pilot9,1740909202185,True
pilot9,1740909262370,True
pilot9,1740909322571,True
pilot9,1740909323032,True
pilot9,1740909323653,True
pilot9,1740909382722,True
pilot9,1740909442896,True
pilot9,1740909503087,True
pilot9,1740909563275,True
pilot9,1740938427631,False
pilot9,1740938487890,False
pilot9,1740938552911,False
pilot9,1740938633766,False
pilot9,1740938751240,False
pilot9,1740938863059,False
pilot9,1740938992099,False
pilot9,1740939078790,False
pilot9,1740939079218,False
pilot9,1740939146083,False
pilot9,1740939268684,False
pilot9,1740939329787,False
pilot9,1740939420795,False
pilot9,1740939480804,True
pilot9,1740939541301,True
pilot9,1740939641547,False
pilot9,1740939710742,False
pilot9,1740939774172,False
pilot9,1740939867018,False
pilot9,1740939867599,False
pilot9,1740939978902,False
pilot9,1740940052396,False
pilot9,1740940103554,False
pilot9,1740940174748,False
pilot9,1740940238338,False
pilot9,1740940329681,False
pilot9,1740940391156,False
pilot9,1740940463872,False
pilot9,1740940567562,False
pilot9,1740940644029,False
pilot9,1740940703572,False
pilot9,1740940778749,False
pilot9,1740940838260,False
pilot9,1740940898586,False
pilot9,1740940994851,False
pilot9,1740941055057,False
pilot9,1740941115310,False
pilot9,1740941177941,False
pilot9,1740941178579,False
pilot9,1740941237715,False
pilot9,1740941297996,False
pilot9,1740941358241,False
pilot9,1740941418553,False
pilot9,1740941478738,False
pilot9,1740941557245,False
pilot9,1740941665150,False
pilot9,1740941726537,False
pilot9,1740941786758,True
pilot9,1740941846738,True
pilot9,1740941906962,True
pilot9,1740941967176,True
pilot9,1740941967445,True
pilot9,1740952834348,True
pilot9,1740952894506,True
pilot9,1740952954693,True
pilot9,1740953014920,True
pilot9,1740953075086,True
pilot9,1740953135250,True
pilot9,1740953195448,True
pilot9,1740953195797,True
pilot9,1740953255787,True
pilot9,1740953315785,True
pilot9,1740953375966,True
pilot9,1740953436173,True
pilot9,1740953436510,True
pilot9,1740953496347,True
pilot9,1740953556490,True
pilot9,1740953556911,True
pilot9,1740953616749,True
pilot9,1740953676950,True
pilot9,1740953677337,True
pilot9,1740953677894,True
pilot9,1740953737110,True
pilot9,1740953797341,True
pilot9,1740953857500,True
pilot9,1740953917698,True
pilot9,1740953977908,True
pilot9,1740953978242,True
pilot9,1740953978605,True
pilot9,1740954038096,True
pilot9,1740954098283,True
pilot9,1740954395352,False
pilot9,1740954497185,False
pilot9,1740954664545,False
pilot9,1740954733571,False
pilot9,1740954734329,False
pilot9,1740954801777,False
pilot9,1740954862066,False
pilot9,1740954954748,False
pilot9,1740955034202,False
pilot9,1740955034941,False
pilot9,1740955161159,False
pilot9,1740955263601,False
pilot9,1740955334373,False
pilot9,1740955335099,False
pilot9,1740955477703,False
pilot9,1740955560314,False
pilot9,1740955634264,False
pilot9,1740955634908,False
pilot9,1740955751945,False
pilot9,1740955812222,False
pilot9,1740955884041,False
pilot9,1740955934206,False
pilot9,1740956103820,False
pilot9,1740956176979,False
pilot9,1740956234303,False
pilot9,1740873790574,False
pilot9,1740873876037,False
pilot9,1740873939700,False
pilot9,1740874079380,False
pilot9,1740874139741,False
pilot9,1740874201458,False
pilot9,1740874272898,True
pilot9,1740874374841,False
pilot9,1740874487890,False
pilot9,1740874578895,False
pilot9,1740874660242,True
pilot9,1740874720414,True
pilot9,1740874780610,True
pilot9,1740874840758,True
pilot9,1740874900978,True
pilot9,1740874961126,True
pilot9,1740875021299,True
pilot9,1740875081487,True
pilot9,1740875081738,True
pilot9,1740875141675,True
pilot9,1740875202011,False
pilot9,1740875262276,False
pilot9,1740875322341,True
pilot9,1740875382553,True
pilot9,1740875442694,True
pilot9,1740875502876,True
pilot9,1740875562999,True
pilot9,1740875623182,True
pilot9,1740875683351,True
pilot9,1740875743580,True
pilot9,1740875803767,True
pilot9,1740875863961,True
pilot9,1740875924145,True
pilot9,1740875984324,True
pilot9,1740876044522,True
pilot9,1740876104692,True
pilot9,1740876164914,True
pilot9,1740876225115,True
pilot9,1740876285295,True
pilot9,1740876345497,True
pilot9,1740876405697,True
pilot9,1740876465865,True
pilot9,1740876526070,True
pilot9,1740876586431,False
pilot9,1740876646699,False
pilot9,1740876706953,False
pilot9,1740876767222,False
pilot9,1740876827451,False
pilot9,1740876887709,False
pilot9,1740876947993,False
pilot9,1740877008208,False
pilot9,1740877073481,False
pilot9,1740877134632,False
pilot9,1740877194751,False
pilot9,1740891736281,False
pilot9,1740891936940,False
pilot9,1740892129003,False
pilot9,1740892190870,False
pilot9,1740892247576,False
pilot9,1740892438691,False
pilot9,1740892592561,False
pilot9,1740892750902,False
pilot9,1740892942152,False
pilot9,1740893117226,False
pilot9,1740893213619,False
pilot9,1740893397869,False
pilot9,1740893398306,False
pilot9,1740893553737,False
pilot9,1740893761791,False
pilot9,1740893953381,False
pilot9,1740894119896,False
pilot9,1740894265106,False
pilot9,1740894520071,False
pilot9,1740894653070,False
pilot9,1740894835818,False
pilot9,1740894902165,False
pilot9,1740895034386,False
pilot9,1740895094632,False
pilot9,1740895195441,False
pilot9,1740942029202,False
pilot9,1740942089404,False
pilot9,1740942150595,False
pilot9,1740942220312,False
pilot9,1740942315553,False
pilot9,1740942315992,False
pilot9,1740942378733,False
pilot9,1740942438978,False
pilot9,1740942499134,False
pilot9,1740942567820,False
pilot9,1740942640359,False
pilot9,1740942700454,True
pilot9,1740942766005,False
pilot9,1740942826286,False
pilot9,1740942904686,False
pilot9,1740942978976,False
pilot9,1740943060753,False
pilot9,1740943125698,False
pilot9,1740943189003,False
pilot9,1740943278007,False
pilot9,1740943344634,False
pilot9,1740943420630,False
pilot9,1740943480924,False
pilot9,1740943568055,False
pilot9,1740943653724,False
pilot9,1740943750376,False
pilot9,1740943750793,False
pilot9,1740943816275,False
pilot9,1740943886618,False
pilot9,1740943972307,False
pilot9,1740944041362,False
pilot9,1740944150488,False
pilot9,1740944243013,False
pilot9,1740944352447,False
pilot9,1740944353014,False
pilot9,1740944412148,False
pilot9,1740944472469,False
pilot9,1740944532506,True
pilot9,1740944592729,True
pilot9,1740944652922,True
pilot9,1740944713176,True
pilot9,1740944773318,True
pilot9,1740944833518,True
pilot9,1740944893669,True
pilot9,1740944953918,True
pilot9,1740944954179,True
pilot9,1740945014080,True
pilot9,1740945074247,True
pilot9,1740945134386,True
pilot9,1740945194558,True
pilot9,1740945254737,True
pilot9,1740945314900,True
pilot9,1740945375062,True
pilot9,1740945435230,True
pilot9,1740945495475,True
pilot9,1740945555824,False
pilot9,1740945616029,False
pilot9,1740945676315,False
pilot9,1740945736603,False
pilot9,1740945796908,False
pilot9,1740945867269,False
pilot9,1740945931706,False
pilot9,1740945991966,False
pilot9,1740946052260,False
pilot9,1740946112512,False
pilot9,1740946172788,False
pilot9,1740946233050,False
pilot9,1740946293333,False
pilot9,1740946353613,False
pilot9,1740946413945,False
pilot9,1740946474193,False
pilot9,1740946534486,False
pilot9,1740946594826,False
pilot9,1740946655062,False
pilot9,1740946715346,False
pilot9,1740946775606,False
pilot9,1740946835875,False
pilot9,1740946896182,False
pilot9,1740946956438,False
pilot9,1740947016741,False
pilot9,1740947077037,False
pilot9,1740947137275,False
pilot9,1740947197602,False
pilot9,1740947257846,False
pilot9,1740947318008,True
pilot9,1740947378195,True
pilot9,1740947438366,True
pilot9,1740947498790,False
pilot9,1740947558791,True
pilot9,1740947619113,False
pilot9,1740947679388,False
pilot9,1740947739642,False
pilot9,1740947799950,False
pilot9,1740947860178,False
pilot9,1740947922322,False
pilot9,1740947985514,False
pilot9,1740948087367,False
pilot9,1740948147605,False
pilot9,1740948204227,True
pilot9,1740948267989,False
pilot9,1740948328405,False
pilot9,1740948388461,False
pilot9,1740948448541,True
pilot9,1740948508914,False
pilot9,1740948569039,True
pilot9,1740948569327,True
pilot9,1740948629261,True
pilot9,1740948629803,True
pilot9,1740948689442,True
pilot9,1740948749631,True
pilot9,1740948810019,False
pilot9,1740948870332,False
pilot9,1740948930642,False
pilot9,1740948990837,False
pilot9,1740949051133,False
pilot9,1740949128947,False
pilot9,1740949189250,False
pilot10,1741700337902,True
pilot10,1741700388268,True
pilot10,1741700448442,True
pilot10,1741700498891,True
pilot10,1741700559213,True
pilot10,1741700619239,True
pilot10,1741700679330,True
pilot10,1741700739454,True
pilot10,1741700799626,True
pilot10,1741700859742,True
pilot10,1741700919867,True
pilot10,1741700979990,True
pilot10,1741701040125,True
pilot10,1741701100283,True
pilot10,1741701160434,True
pilot10,1741701220707,True
pilot10,1741701280807,True
pilot10,1741701340925,True
pilot10,1741701401088,True
pilot10,1741701461191,True
pilot10,1741701512895,True
pilot10,1741701573015,True
pilot10,1741701623213,True
pilot10,1741701683354,True
pilot10,1741701733499,True
pilot10,1741701793671,True
pilot10,1741701843857,True
pilot10,1741701901382,True
pilot10,1741701951815,True
pilot10,1741702011873,True
pilot10,1741702062080,True
pilot10,1741702122221,True
pilot10,1741702172378,True
pilot10,1741702232569,True
pilot10,1741702282730,True
pilot10,1741702342950,True
pilot10,1741702393168,True
pilot10,1741702448668,True
pilot10,1741702498863,True
pilot10,1741702558944,True
pilot10,1741702609138,True
pilot10,1741702669322,True
pilot10,1741702719604,True
pilot10,1741702779736,True
pilot10,1741702829900,True
pilot10,1741702890077,True
pilot10,1741702940233,True
pilot10,1741703000361,True
pilot10,1741703050579,True
pilot10,1741703110420,True
pilot10,1741703160581,True
pilot10,1741703220691,True
pilot10,1741703270848,True
pilot10,1741703331217,True
pilot10,1741703381624,False
pilot10,1741703442010,False
pilot10,1741703502266,False
pilot10,1741703562572,False
pilot10,1741703612961,False
pilot10,1741703673293,False
pilot10,1741703723747,False
pilot10,1741703784191,False
pilot10,1740758454560,True
pilot10,1740758504748,True
pilot10,1740758559638,True
pilot10,1740758609977,True
pilot10,1740758670260,True
pilot10,1740758720651,True
pilot10,1740758780915,True
pilot10,1740758831229,True
pilot10,1740758891364,True
pilot10,1740758941826,True
pilot10,1740759002165,True
pilot10,1740759052502,True
pilot10,1740759112940,True
pilot10,1740759163293,True
pilot10,1740759222527,True
pilot10,1740759272796,True
pilot10,1740759333150,True
pilot10,1740759383304,True
pilot10,1740759443547,False
pilot10,1740759493893,False
pilot10,1740759554134,False
pilot10,1740759604531,False
pilot10,1740759664856,False
pilot10,1740759715246,False
pilot10,1740759765349,False
pilot10,1740759820246,False
pilot10,1740759880502,False
pilot10,1740759930839,False
pilot10,1740759991101,False
pilot10,1740760041447,False
pilot10,1740760101767,False
pilot10,1740760152091,False
pilot10,1740760212379,False
pilot10,1740760262711,False
pilot10,1740760322965,False
pilot10,1740760373354,False
pilot10,1740760428887,False
pilot10,1740760479251,False
pilot10,1740760539534,False
pilot10,1740760589835,False
pilot10,1740760650141,False
pilot10,1740760700527,False
pilot10,1740760760755,False
pilot10,1740760811126,True
pilot10,1740760871417,True
pilot10,1740760921752,False
pilot10,1740760971757,False
pilot10,1740761032060,False
pilot10,1740761032741,False
pilot10,1740761092346,False
pilot10,1740761142801,False
pilot10,1740761203154,False
pilot10,1740761253497,False
pilot10,1740761313832,False
pilot10,1740761364018,False
pilot10,1740761424392,False
pilot10,1740761474842,False
pilot10,1740761535242,False
pilot10,1740761585519,False
pilot10,1740761645784,False
pilot10,1740761696458,False
pilot10,1740761755911,False
pilot10,1740761806325,False
pilot10,1740761866623,False
pilot10,1740761916997,False
pilot10,1740761977365,False
pilot10,1740762027551,False
pilot10,1740762087936,False
pilot10,1740762138348,False
pilot10,1740762198662,False
pilot10,1740762249086,False
pilot10,1740762309351,False
pilot10,1740762359668,False
pilot10,1740762419168,False
pilot10,1740762469495,False
pilot10,1740762529759,False
pilot10,1740762580134,False
pilot10,1740762640480,False
pilot10,1740762690860,False
pilot10,1740762751196,False
pilot10,1740762801679,False
pilot10,1740762861915,False
pilot10,1740762912246,False
pilot10,1740762972490,False
pilot10,1740763032819,False
pilot10,1740763091818,False
pilot10,1740763143056,False
pilot10,1740763196860,False
pilot10,1740763257179,False
pilot10,1740763307676,False
pilot10,1740763367949,False
pilot10,1740763418194,False
pilot10,1740763478574,False
pilot10,1740763528963,False
pilot10,1740763589284,False
pilot10,1740763639624,False
pilot10,1740763699944,False
pilot10,1740763750417,False
pilot10,1740763806524,False
pilot10,1740763856897,False
pilot10,1740763917133,False
pilot10,1740763967594,False
pilot10,1740764027916,False
pilot10,1740764078122,False
pilot10,1740764138461,False
pilot10,1740764188801,False
pilot10,1740764249171,False
pilot10,1740764299487,False
pilot10,1740764359734,False
pilot10,1740764409824,False
pilot10,1740764470085,False
pilot10,1740764470818,False
pilot10,1740764521200,False
pilot10,1740764581621,False
pilot10,1740764632032,False
pilot10,1740764692293,False
pilot10,1740764742614,False
pilot10,1740764802969,False
pilot10,1740764853266,False
pilot10,1740764913515,False
pilot10,1740764963977,False
pilot10,1740765024204,False
pilot10,1740765074582,False
pilot10,1740765133527,False
pilot10,1740765183936,False
pilot10,1740765244287,False
pilot10,1740765294645,False
pilot10,1740765354936,False
pilot10,1740765405344,False
pilot10,1740765465588,False
pilot10,1740765515886,False
pilot10,1740765576244,False
pilot10,1740776446163,False
pilot10,1740776506565,False
pilot10,1740776566997,False
pilot10,1740776627269,False
pilot10,1740776687596,False
pilot10,1740776748035,False
pilot10,1740776808308,False
pilot10,1740776868565,False
pilot10,1740776919370,False
pilot10,1740776979785,False
pilot10,1740777039912,False
pilot10,1740777100277,False
pilot10,1740777160572,False
pilot10,1740777220893,False
pilot10,1740777281228,False
pilot10,1740777331557,False
pilot10,1740777391886,False
pilot10,1740777442287,False
pilot10,1740777496942,False
pilot10,1740777547237,False
pilot10,1740777607590,False
pilot10,1740777658012,False
pilot10,1740777718300,False
pilot10,1740777768810,False
pilot10,1740777829179,False
pilot10,1740777879575,False
pilot10,1740777939902,False
pilot10,1740777990241,False
pilot10,1740778050533,False
pilot10,1740778101024,False
pilot10,1740778160700,False
pilot10,1740778210910,False
pilot10,1740778271285,False
pilot10,1740778321697,False
pilot10,1740778382091,False
pilot10,1740778432550,False
pilot10,1740778492883,False
pilot10,1740778543206,False
pilot10,1740778603553,False
pilot10,1740778653894,False
pilot10,1740778714166,False
pilot10,1740778764645,False
pilot10,1740778824176,False
pilot10,1740778874598,False
pilot10,1740778934905,False
pilot10,1740778985332,False
pilot10,1740779045692,False
pilot10,1740779096052,False
pilot10,1740779156452,False
pilot10,1740779216768,False
pilot10,1740779277069,False
pilot10,1740779337367,False
pilot10,1740779397647,False
pilot10,1740779448018,False
pilot10,1740779508264,False
pilot10,1740779558587,False
pilot10,1740779618862,False
pilot10,1740779669092,False
pilot10,1740779729031,False
pilot10,1740779779439,False
pilot10,1740779839727,False
pilot10,1740779890078,False
pilot10,1740779950449,False
pilot10,1740754829234,True
pilot10,1740754882838,True
pilot10,1740754934072,True
pilot10,1740754994188,True
pilot10,1740755044592,True
pilot10,1740755104673,True
pilot10,1740755154950,True
pilot10,1740755215247,True
pilot10,1740755265435,True
pilot10,1740755325752,True
pilot10,1740755375954,True
pilot10,1740755436378,True
pilot10,1740755486715,True
pilot10,1740755545774,True
pilot10,1740755596062,True
pilot10,1740755656427,True
pilot10,1740755706778,True
pilot10,1740755767106,True
pilot10,1740755817257,True
pilot10,1740755877652,True
pilot10,1740755928063,True
pilot10,1740755988419,True
pilot10,1740756038541,True
pilot10,1740756098959,True
pilot10,1740756149179,True
pilot10,1740756208234,True
pilot10,1740756258587,True
pilot10,1740756318694,False
pilot10,1740756369093,False
pilot10,1740756429352,False
pilot10,1740756489795,False
pilot10,1740756542662,False
pilot10,1740756602976,False
pilot10,1740756653309,False
pilot10,1740756713610,False
pilot10,1740756773989,True
pilot10,1740756834317,True
pilot10,1740756884671,True
pilot10,1740756944833,True
pilot10,1740756995216,True
pilot10,1740757052392,True
pilot10,1740757102830,True
pilot10,1740757163124,True
pilot10,1740757213539,False
pilot10,1740757273968,False
pilot10,1740757334203,False
pilot10,1740757394527,False
pilot10,1740757454895,False
pilot10,1740757515162,False
pilot10,1740757575449,True
pilot10,1740757630288,True
pilot10,1740757690634,True
pilot10,1740757750738,True
pilot10,1740757811134,True
pilot10,1740757871256,True
pilot10,1740757931664,True
pilot10,1740757992033,True
pilot10,1740758052328,True
pilot10,1740758112718,True
pilot10,1740758163108,True
pilot10,1740758223385,True
pilot10,1740758283738,True
pilot10,1740758344062,True
pilot10,1740758394188,True
pilot10,1740783617537,False
pilot10,1740783667690,False
pilot10,1740783727922,False
pilot10,1740783778292,False
pilot10,1740783838679,False
pilot10,1740783888996,False
pilot10,1740783948538,False
pilot10,1740783998775,False
pilot10,1740784059124,False
pilot10,1740784109447,False
pilot10,1740784169773,False
pilot10,1740784220158,False
pilot10,1740784280499,False
pilot10,1740784330878,False
pilot10,1740784391302,False
pilot10,1740784441649,False
pilot10,1740784501897,False
pilot10,1740784552297,False
pilot10,1740784611547,False
pilot10,1740784671859,False
pilot10,1740784672303,False
pilot10,1740784732214,False
pilot10,1740784782653,False
pilot10,1740784842966,False
pilot10,1740784893282,False
pilot10,1740784953594,False
pilot10,1740785013897,False
pilot10,1740785074126,False
pilot10,1740785134432,False
pilot10,1740785184812,False
pilot10,1740785245091,False
pilot10,1740785295570,False
pilot10,1740785355990,False
pilot10,1740785406298,False
pilot10,1740785466718,False
pilot10,1740785517177,False
pilot10,1740785576595,False
pilot10,1740785626994,False
pilot10,1740785687285,False
pilot10,1740785737608,False
pilot10,1740785797938,False
pilot10,1740785848390,False
pilot10,1740785908774,False
pilot10,1740785959042,False
pilot10,1740786019356,False
pilot10,1740786069762,False
pilot10,1740786130077,False
pilot10,1740786180402,False
pilot10,1740786240152,False
pilot10,1740786290481,False
pilot10,1740786350886,False
pilot10,1740786401264,False
pilot10,1740786461561,False
pilot10,1740786511960,False
pilot10,1740786572295,False
pilot10,1740786622767,False
pilot10,1740786683097,False
pilot10,1740786733560,False
pilot10,1740786793736,False
pilot10,1740786844160,False
pilot10,1740786903652,False
pilot10,1740786954073,False
pilot10,1740787014242,False
pilot10,1740787064624,False
pilot10,1740787124840,False
pilot10,1740787175161,False
pilot10,1740751401380,False
pilot10,1740751451693,False
pilot10,1740751512088,True
pilot10,1740751562331,True
pilot10,1740751622486,True
pilot10,1740751672787,True
pilot10,1740751733115,True
pilot10,1740751793503,True
pilot10,1740751848166,True
pilot10,1740751908266,True
pilot10,1740751968463,True
pilot10,1740752026114,True
pilot10,1740752086430,True
pilot10,1740752146690,False
pilot10,1740752206965,True
pilot10,1740752267407,True
pilot10,1740752327759,True
pilot10,1740752388057,True
pilot10,1740752444014,True
pilot10,1740752504461,True
pilot10,1740752564763,True
pilot10,1740752625089,True
pilot10,1740752685373,True
pilot10,1740752745610,True
pilot10,1740752805869,True
pilot10,1740752866031,True
pilot10,1740752926435,False
pilot10,1740752986754,False
pilot10,1740753047094,False
pilot10,1740753107390,False
pilot10,1740753167451,True
pilot10,1740753227768,False
pilot10,1740753288023,False
pilot10,1740753348324,False
pilot10,1740753399462,False
pilot10,1740753450625,False
pilot10,1740753511019,False
pilot10,1740753511450,False
pilot10,1740753571397,False
pilot10,1740753631574,False
pilot10,1740753632023,False
pilot10,1740753691979,False
pilot10,1740753752310,False
pilot10,1740753752783,False
pilot10,1740753812171,False
pilot10,1740753872781,False
pilot10,1740753873212,False
pilot10,1740753933063,False
pilot10,1740753993400,False
pilot10,1740753993815,False
pilot10,1740754044939,False
pilot10,1740754105282,False
pilot10,1740754155617,False
pilot10,1740754215873,False
pilot10,1740754266174,False
pilot10,1740754326469,False
pilot10,1740754386758,False
pilot10,1740754436907,True
pilot10,1740754497259,True
pilot10,1740754547637,True
pilot10,1740754607635,True
pilot10,1740754667829,True
pilot10,1740754718421,True
pilot10,1740754778816,True
pilot10,1740765626612,False
pilot10,1740765686738,False
pilot10,1740765686991,False
pilot10,1740765747392,False
pilot10,1740765797590,False
pilot10,1740765857026,False
pilot10,1740765907313,False
pilot10,1740765967628,False
pilot10,1740766017922,False
pilot10,1740766078259,False
pilot10,1740766128487,False
pilot10,1740766188700,False
pilot10,1740766239103,False
pilot10,1740766299524,False
pilot10,1740766349846,False
pilot10,1740766400018,False
pilot10,1740766454887,False
pilot10,1740766515111,False
pilot10,1740766565519,False
pilot10,1740766625841,False
pilot10,1740766676203,False
pilot10,1740766736499,False
pilot10,1740766786677,False
pilot10,1740766846979,False
pilot10,1740766897443,False
pilot10,1740766957858,False
pilot10,1740767008170,False
pilot10,1740767063464,False
pilot10,1740767113746,False
pilot10,1740767174010,False
pilot10,1740767224444,False
pilot10,1740767284804,False
pilot10,1740767335139,False
pilot10,1740767395449,False
pilot10,1740767445901,False
pilot10,1740767506168,False
pilot10,1740767556538,False
pilot10,1740767616810,False
pilot10,1740767667251,False
pilot10,1740767726878,False
pilot10,1740767777488,False
pilot10,1740767837806,False
pilot10,1740767888208,False
pilot10,1740767948467,False
pilot10,1740767998933,False
pilot10,1740768059200,False
pilot10,1740768109601,False
pilot10,1740768170022,False
pilot10,1740768220303,False
pilot10,1740768280574,False
pilot10,1740768330976,False
pilot10,1740768390470,False
pilot10,1740768440665,False
pilot10,1740768501009,True
pilot10,1740768551228,True
pilot10,1740768611502,True
pilot10,1740768661950,True
pilot10,1740768722341,False
pilot10,1740768772630,False
pilot10,1740768832981,False
pilot10,1740768893337,False
pilot10,1740768953483,True
pilot10,1740769003973,False
pilot10,1740769064220,False
pilot10,1740769114700,False
pilot10,1740769174274,False
pilot10,1740780000891,False
pilot10,1740780061218,False
pilot10,1740780111630,False
pilot10,1740780171978,False
pilot10,1740780222381,False
pilot10,1740780282728,False
pilot10,1740780332998,False
pilot10,1740780392707,False
pilot10,1740780443036,False
pilot10,1740780503390,False
pilot10,1740780553751,False
pilot10,1740780614085,False
pilot10,1740780664509,False
pilot10,1740780724771,False
pilot10,1740780775180,False
pilot10,1740780835581,False
pilot10,1740780886005,False
pilot10,1740780946320,False
pilot10,1740780996737,False
pilot10,1740781055585,True
pilot10,1740781106119,False
pilot10,1740781166387,False
pilot10,1740781226750,True
pilot10,1740781286797,True
pilot10,1740781337238,False
pilot10,1740781397518,False
pilot10,1740781447891,False
pilot10,1740781508275,False
pilot10,1740781558606,False
pilot10,1740781618902,False
pilot10,1740781669230,False
pilot10,1740781719403,False
pilot10,1740781774282,False
pilot10,1740781834696,False
pilot10,1740781885055,False
pilot10,1740781945402,False
pilot10,1740781995788,False
pilot10,1740782056207,False
pilot10,1740782106607,False
pilot10,1740782166871,False
pilot10,1740782227163,False
pilot10,1740782287270,False
pilot10,1740782347585,False
pilot10,1740782397726,False
pilot10,1740782457872,False
pilot10,1740782508175,False
pilot10,1740782563364,False
pilot10,1740782613662,False
pilot10,1740782673987,False
pilot10,1740782734078,False
pilot10,1740782785414,False
pilot10,1740782845627,False
pilot10,1740782895777,False
pilot10,1740782955885,False
pilot10,1740783006238,False
pilot10,1740783066341,False
pilot10,1740783116856,False
pilot10,1740783176980,False
pilot10,1740783227351,False
pilot10,1740783285562,False
pilot10,1740783335725,False
pilot10,1740783396715,False
pilot10,1740783446887,False
pilot10,1740783507185,False
pilot10,1740783557336,False
pilot10,1740769224480,False
pilot10,1740769284828,False
pilot10,1740769335215,False
pilot10,1740769395466,False
pilot10,1740769455634,False
pilot10,1740769508797,False
pilot10,1740769569147,False
pilot10,1740769619629,False
pilot10,1740769679969,False
pilot10,1740769730359,False
pilot10,1740769790635,False
pilot10,1740769841121,False
pilot10,1740769897931,False
pilot10,1740769948327,False
pilot10,1740770008596,False
pilot10,1740770058932,False
pilot10,1740770119253,False
pilot10,1740770169608,False
pilot10,1740770229811,False
pilot10,1740770280237,False
pilot10,1740770340556,False
pilot10,1740770390938,False
pilot10,1740770451263,False
pilot10,1740770501712,False
pilot10,1740770561514,False
pilot10,1740770611827,False
pilot10,1740770672179,False
pilot10,1740770722587,False
pilot10,1740770782847,False
pilot10,1740770833169,False
pilot10,1740770893516,False
pilot10,1740770943829,False
pilot10,1740771004103,True
pilot10,1740771054488,False
pilot10,1740771104520,False
pilot10,1740771159518,False
pilot10,1740771219939,False
pilot10,1740771270324,False
pilot10,1740771330672,False
pilot10,1740771380994,False
pilot10,1740771441425,False
pilot10,1740771491748,False
pilot10,1740771552085,False
pilot10,1740771602497,False
pilot10,1740771662761,False
pilot10,1740771713079,False
pilot10,1740771768375,False
pilot10,1740771818760,False
pilot10,1740771879012,False
pilot10,1740771929206,False
pilot10,1740771989558,False
pilot10,1740772039776,False
pilot10,1740772100144,False
pilot10,1740772150544,False
pilot10,1740772210869,False
pilot10,1740772261254,False
pilot10,1740772321430,True
pilot10,1740772371588,False
pilot10,1740772431838,False
pilot10,1740772432390,False
pilot10,1740772491833,True
pilot10,1740772552352,False
pilot10,1740772552764,False
pilot10,1740772612712,False
pilot10,1740772673004,False
pilot10,1740772673506,False
pilot10,1740772733479,False
pilot10,1740772793733,False
pilot10,1740772794237,False
pilot10,1740772854014,False
pilot10,1740772914231,False
pilot10,1740772914700,False
pilot10,1740772966276,False
pilot10,1740773026616,False
pilot10,1740773076876,True
pilot10,1740773137255,False
pilot10,1740773187677,False
pilot10,1740773248013,False
pilot10,1740773298435,False
pilot10,1740773358686,False
pilot10,1740773409028,False
pilot10,1740773469297,False
pilot10,1740773519506,False
pilot10,1740773577899,False
pilot10,1740773628226,False
pilot10,1740773688561,False
pilot10,1740773748914,False
pilot10,1740773809169,False
pilot10,1740773859532,False
pilot10,1740773919880,False
pilot10,1740773970343,False
pilot10,1740774030561,False
pilot10,1740774081227,True
pilot10,1740774141228,False
pilot10,1740774191627,False
pilot10,1740774251905,False
pilot10,1740774312167,False
pilot10,1740774363176,False
pilot10,1740774422045,False
pilot10,1740774481960,True
pilot10,1740774542573,False
pilot10,1740774543178,False
pilot10,1740774593364,False
pilot10,1740774653679,False
pilot10,1740774704073,False
pilot10,1740774764496,False
pilot10,1740774814882,False
pilot10,1740774875080,False
pilot10,1740774925345,False
pilot10,1740774985727,False
pilot10,1740775036087,False
pilot10,1740775096173,False
pilot10,1740775156518,False
pilot10,1740775216815,False
pilot10,1740775277166,False
pilot10,1740775337427,False
pilot10,1740775387910,False
pilot10,1740775446488,False
pilot10,1740775506504,True
pilot10,1740775506710,True
pilot10,1740775566702,True
pilot10,1740775626892,True
pilot10,1740775627107,True
pilot10,1740775687335,True
pilot10,1740775687615,True
pilot10,1740775747665,True
pilot10,1740775748498,True
pilot10,1740775808000,True
pilot10,1740775868126,True
pilot10,1740775868328,True
pilot10,1740775920593,True
pilot10,1740775980936,True
pilot10,1740776041232,True
pilot10,1740776101561,True
pilot10,1740776161905,True
pilot10,1740776222178,True
pilot10,1740776272569,False
pilot10,1740776332877,False
pilot10,1740776392924,False
pilot10,1740798022959,False
pilot10,1740798073356,False
pilot10,1740798133675,False
pilot10,1740798184051,False
pilot10,1740798244303,False
pilot10,1740798294618,False
pilot10,1740798354937,False
pilot10,1740798405254,False
pilot10,1740798465598,False
pilot10,1740798516168,False
pilot10,1740798575737,False
pilot10,1740798625894,False
pilot10,1740798686026,False
pilot10,1740798736459,False
pilot10,1740798796779,False
pilot10,1740798847073,False
pilot10,1740798907329,False
pilot10,1740798957639,False
pilot10,1740799017974,False
pilot10,1740799068400,False
pilot10,1740799118661,False
pilot10,1740799173266,False
pilot10,1740799233560,False
pilot10,1740799284000,False
pilot10,1740799344161,False
pilot10,1740799394565,False
pilot10,1740799454844,False
pilot10,1740799505067,False
pilot10,1740799565433,False
pilot10,1740799615728,False
pilot10,1740799676026,False
pilot10,1740799726393,False
pilot10,1740799782312,False
pilot10,1740799832646,False
pilot10,1740799892911,False
pilot10,1740799943216,False
pilot10,1740800003439,False
pilot10,1740800053706,False
pilot10,1740800113891,False
pilot10,1740800164268,False
pilot10,1740800224527,False
pilot10,1740800274847,False
pilot10,1740800324943,False
pilot10,1740800379880,False
pilot10,1740800440046,False
pilot10,1740800490444,False
pilot10,1740800550590,False
pilot10,1740800600905,False
pilot10,1740800661130,False
pilot10,1740800711520,False
pilot10,1740800771862,False
pilot10,1740800822286,False
pilot10,1740800882387,False
pilot10,1740800932641,False
pilot10,1740800988566,False
pilot10,1740801038959,False
pilot10,1740801099304,False
pilot10,1740801149614,False
pilot10,1740801209782,False
pilot10,1740801260109,False
pilot10,1740801320591,False
pilot10,1740801370965,False
pilot10,1740801431231,False
pilot10,1740801481527,False
pilot10,1740801531589,False
pilot10,1740801586747,False
pilot10,1740844802093,False
pilot10,1740844862368,False
pilot10,1740844922766,False
pilot10,1740844983085,False
pilot10,1740845043408,False
pilot10,1740845095108,False
pilot10,1740845148297,False
pilot10,1740845208680,False
pilot10,1740845209110,False
pilot10,1740845269107,False
pilot10,1740845329473,False
pilot10,1740845329956,False
pilot10,1740845389812,False
pilot10,1740845450175,False
pilot10,1740845450672,False
pilot10,1740845501184,False
pilot10,1740845561645,False
pilot10,1740845621994,False
pilot10,1740845682343,False
pilot10,1740845742714,False
pilot10,1740845803079,False
pilot10,1740845863454,False
pilot10,1740845923902,False
pilot10,1740845984325,False
pilot10,1740846044700,False
pilot10,1740846105163,False
pilot10,1740846165454,False
pilot10,1740846225824,False
pilot10,1740846286114,False
pilot10,1740846346360,False
pilot10,1740846406744,False
pilot10,1740846461144,False
pilot10,1740846521435,False
pilot10,1740846581708,False
pilot10,1740846640598,False
pilot10,1740846700938,False
pilot10,1740846761423,False
pilot10,1740846821803,False
pilot10,1740846882191,False
pilot10,1740846942535,False
pilot10,1740846993622,True
pilot10,1740847054103,False
pilot10,1740847114569,False
pilot10,1740847174863,False
pilot10,1740847235163,False
pilot10,1740847295574,True
pilot10,1740847356033,True
pilot10,1740847416428,False
pilot10,1740847476800,False
pilot10,1740847537148,False
pilot10,1740847591128,False
pilot10,1740847651463,True
pilot10,1740847711607,True
pilot10,1740847771826,True
pilot10,1740847832261,True
pilot10,1740847892491,False
pilot10,1740847952915,True
pilot10,1740848013176,False
pilot10,1740848073506,False
pilot10,1740848132472,False
pilot10,1740848192854,False
pilot10,1740848243211,False
pilot10,1740848303520,False
pilot10,1740848363917,False
pilot10,1740801646997,False
pilot10,1740801697429,False
pilot10,1740801757737,False
pilot10,1740801808216,False
pilot10,1740801868617,False
pilot10,1740801918977,False
pilot10,1740801979249,False
pilot10,1740802029593,False
pilot10,1740802089905,False
pilot10,1740802140248,False
pilot10,1740802195406,False
pilot10,1740802245665,False
pilot10,1740802306009,False
pilot10,1740802356230,False
pilot10,1740802416475,False
pilot10,1740802466785,False
pilot10,1740802527032,False
pilot10,1740802577397,False
pilot10,1740802637674,False
pilot10,1740802688059,False
pilot10,1740802738467,False
pilot10,1740802792913,False
pilot10,1740802853192,False
pilot10,1740802903690,False
pilot10,1740802963910,False
pilot10,1740803014209,False
pilot10,1740803074473,False
pilot10,1740803124760,False
pilot10,1740803185022,False
pilot10,1740803235345,False
pilot10,1740803295634,False
pilot10,1740803345993,False
pilot10,1740803401849,False
pilot10,1740803452322,False
pilot10,1740803512544,False
pilot10,1740803562872,False
pilot10,1740803623147,False
pilot10,1740803673537,False
pilot10,1740803733880,False
pilot10,1740803784279,False
pilot10,1740803844597,False
pilot10,1740803894993,False
pilot10,1740803945034,False
pilot10,1740803999926,False
pilot10,1740804060244,False
pilot10,1740804110641,False
pilot10,1740804170973,False
pilot10,1740804221462,False
pilot10,1740804281860,False
pilot10,1740804332223,False
pilot10,1740804392421,False
pilot10,1740804442741,False
pilot10,1740804503031,False
pilot10,1740804553227,False
pilot10,1740804608492,False
pilot10,1740804668832,False
pilot10,1740804669310,False
pilot10,1740804729239,False
pilot10,1740804789555,False
pilot10,1740804789984,False
pilot10,1740804849830,False
pilot10,1740804900176,False
pilot10,1740804960405,False
pilot10,1740805010799,False
pilot10,1740805071076,False
pilot10,1740805121259,False
pilot10,1740805181571,False
pilot10,1740826849561,False
pilot10,1740826909895,False
pilot10,1740826960324,False
pilot10,1740827020699,False
pilot10,1740827071134,True
pilot10,1740827131465,False
pilot10,1740827181894,False
pilot10,1740827242236,False
pilot10,1740827292416,True
pilot10,1740827351536,True
pilot10,1740827412097,True
pilot10,1740827412414,True
pilot10,1740827472012,False
pilot10,1740827531877,False
pilot10,1740827592249,False
pilot10,1740827652523,False
pilot10,1740827712877,False
pilot10,1740827773170,False
pilot10,1740827833483,False
pilot10,1740827834328,False
pilot10,1740827894867,False
pilot10,1740827895383,False
pilot10,1740827955227,False
pilot10,1740828015651,False
pilot10,1740828016128,False
pilot10,1740828076020,False
pilot10,1740828126436,False
pilot10,1740828186786,False
pilot10,1740828237140,False
pilot10,1740828297438,False
pilot10,1740828347848,False
pilot10,1740828408164,False
pilot10,1740828458582,False
pilot10,1740828518862,False
pilot10,1740828569290,False
pilot10,1740828629581,False
pilot10,1740828680129,False
pilot10,1740828739821,False
pilot10,1740828790237,False
pilot10,1740828850517,False
pilot10,1740828900911,False
pilot10,1740828961182,False
pilot10,1740829011549,False
pilot10,1740829071841,False
pilot10,1740829132175,False
pilot10,1740829192492,False
pilot10,1740829252872,False
pilot10,1740829313298,False
pilot10,1740829373739,False
pilot10,1740829434029,False
pilot10,1740829494334,False
pilot10,1740829554709,False
pilot10,1740829615038,False
pilot10,1740829675417,False
pilot10,1740829725752,False
pilot10,1740829786065,False
pilot10,1740829836424,False
pilot10,1740829896617,True
pilot10,1740829947283,True
pilot10,1740830006596,True
pilot10,1740830067213,True
pilot10,1740830067753,True
pilot10,1740830127597,True
pilot10,1740830184561,True
pilot10,1740830244909,True
pilot10,1740830305001,True
pilot10,1740830365394,True
pilot10,1740794434137,False
pilot10,1740794484430,False
pilot10,1740794534923,False
pilot10,1740794589491,False
pilot10,1740794649841,False
pilot10,1740794700242,False
pilot10,1740794760571,False
pilot10,1740794811017,False
pilot10,1740794871246,False
pilot10,1740794931596,False
pilot10,1740794988023,False
pilot10,1740795048365,False
pilot10,1740795098694,False
pilot10,1740795158980,False
pilot10,1740795209355,False
pilot10,1740795269459,False
pilot10,1740795319938,False
pilot10,1740795378964,False
pilot10,1740795429338,False
pilot10,1740795489591,False
pilot10,1740795539880,False
pilot10,1740795600247,False
pilot10,1740795650739,False
pilot10,1740795710802,False
pilot10,1740795761227,False
pilot10,1740795821522,False
pilot10,1740795871993,False
pilot10,1740795932315,False
pilot10,1740795983048,False
pilot10,1740796042594,False
pilot10,1740796092871,False
pilot10,1740796153150,False
pilot10,1740796203469,False
pilot10,1740796263709,False
pilot10,1740796314035,False
pilot10,1740796374373,False
pilot10,1740796424709,False
pilot10,1740796484921,False
pilot10,1740796535189,False
pilot10,1740796595530,False
pilot10,1740796645558,False
pilot10,1740796646416,False
pilot10,1740796705839,False
pilot10,1740796756135,False
pilot10,1740796816390,False
pilot10,1740796866733,False
pilot10,1740796927053,False
pilot10,1740796977438,False
pilot10,1740797037794,False
pilot10,1740797088139,False
pilot10,1740797148428,False
pilot10,1740797198834,False
pilot10,1740797248875,False
pilot10,1740797303723,False
pilot10,1740797363938,False
pilot10,1740797414344,False
pilot10,1740797474623,False
pilot10,1740797525050,False
pilot10,1740797585430,False
pilot10,1740797635725,False
pilot10,1740797696118,False
pilot10,1740797746335,False
pilot10,1740797806654,False
pilot10,1740797856966,False
pilot10,1740797912211,False
pilot10,1740797962709,False
pilot10,1740823257941,True
pilot10,1740823308723,True
pilot10,1740823362932,False
pilot10,1740823423229,False
pilot10,1740823483635,False
pilot10,1740823541925,False
pilot10,1740823602218,False
pilot10,1740823652544,False
pilot10,1740823712909,False
pilot10,1740823763073,False
pilot10,1740823823399,False
pilot10,1740823873754,False
pilot10,1740823934056,False
pilot10,1740823984403,False
pilot10,1740824044701,False
pilot10,1740824095014,False
pilot10,1740824153866,False
pilot10,1740824204318,False
pilot10,1740824264669,False
pilot10,1740824315009,False
pilot10,1740824375279,False
pilot10,1740824425472,False
pilot10,1740824485838,False
pilot10,1740824536267,False
pilot10,1740824596549,False
pilot10,1740824646939,False
pilot10,1740824697258,False
pilot10,1740824752006,False
pilot10,1740824812373,False
pilot10,1740824862795,False
pilot10,1740824923103,False
pilot10,1740824973508,False
pilot10,1740825033864,False
pilot10,1740825084081,False
pilot10,1740825144492,False
pilot10,1740825194826,False
pilot10,1740825255161,False
pilot10,1740825305529,False
pilot10,1740825361199,False
pilot10,1740825411451,False
pilot10,1740825471873,False
pilot10,1740825522239,False
pilot10,1740825582573,False
pilot10,1740825632939,False
pilot10,1740825693306,False
pilot10,1740825743626,False
pilot10,1740825803891,False
pilot10,1740825854308,False
pilot10,1740825914623,False
pilot10,1740825965052,False
pilot10,1740826024873,False
pilot10,1740826075242,False
pilot10,1740826135607,False
pilot10,1740826186062,False
pilot10,1740826246377,False
pilot10,1740826296897,False
pilot10,1740826357311,False
pilot10,1740826407507,False
pilot10,1740826467981,False
pilot10,1740826518436,False
pilot10,1740826578751,False
pilot10,1740826629140,False
pilot10,1740826688385,False
pilot10,1740826738821,False
pilot10,1740826799103,False
pilot10,1740830425482,False
pilot10,1740830485836,False
pilot10,1740830546207,False
pilot10,1740830606551,False
pilot10,1740830666780,True
pilot10,1740830727185,False
pilot10,1740830787486,False
pilot10,1740830847693,True
pilot10,1740830897937,False
pilot10,1740830958248,False
pilot10,1740831018531,False
pilot10,1740831078830,False
pilot10,1740831129180,False
pilot10,1740831189624,False
pilot10,1740831240004,False
pilot10,1740831300378,False
pilot10,1740831350807,False
pilot10,1740831411052,False
pilot10,1740831461387,False
pilot10,1740831514629,False
pilot10,1740831566516,False
pilot10,1740831626919,False
pilot10,1740831687240,False
pilot10,1740831747683,False
pilot10,1740831798077,False
pilot10,1740831858419,False
pilot10,1740831908827,False
pilot10,1740831968927,True
pilot10,1740832019385,True
pilot10,1740832079813,False
pilot10,1740832140152,False
pilot10,1740832200494,False
pilot10,1740832260735,False
pilot10,1740832320967,False
pilot10,1740832381066,False
pilot10,1740832441413,False
pilot10,1740832498651,False
pilot10,1740832559001,False
pilot10,1740832619345,False
pilot10,1740832679679,False
pilot10,1740832739968,True
pilot10,1740832800395,True
pilot10,1740832860807,False
pilot10,1740832921169,False
pilot10,1740832981498,False
pilot10,1740833041782,False
pilot10,1740833102055,False
pilot10,1740833162322,False
pilot10,1740833222669,False
pilot10,1740833282983,False
pilot10,1740833343269,False
pilot10,1740833403658,False
pilot10,1740833464006,False
pilot10,1740833524365,False
pilot10,1740833584682,False
pilot10,1740833644976,True
pilot10,1740833700049,False
pilot10,1740833760371,False
pilot10,1740833820689,True
pilot10,1740833880976,False
pilot10,1740833941271,False
pilot10,1740816031737,True
pilot10,1740816092064,True
pilot10,1740816152426,True
pilot10,1740816212742,True
pilot10,1740816263110,True
pilot10,1740816323444,True
pilot10,1740816374010,True
pilot10,1740816433686,True
pilot10,1740816484116,True
pilot10,1740816544457,True
pilot10,1740816594890,True
pilot10,1740816655210,True
pilot10,1740816715512,True
pilot10,1740816775779,True
pilot10,1740816826206,True
pilot10,1740816886670,True
pilot10,1740816937025,True
pilot10,1740816997404,True
pilot10,1740817047750,True
pilot10,1740817108129,True
pilot10,1740817168500,True
pilot10,1740817228798,True
pilot10,1740817279450,True
pilot10,1740817338290,True
pilot10,1740817388586,True
pilot10,1740817448848,True
pilot10,1740817499278,True
pilot10,1740817559667,True
pilot10,1740817610125,True
pilot10,1740817670420,True
pilot10,1740817720779,True
pilot10,1740817781159,True
pilot10,1740817831552,True
pilot10,1740817891815,True
pilot10,1740817942317,True
pilot10,1740818002042,True
pilot10,1740818052478,True
pilot10,1740818112770,True
pilot10,1740818173101,True
pilot10,1740818233454,True
pilot10,1740818293741,True
pilot10,1740818354130,True
pilot10,1740818404484,True
pilot10,1740818464822,True
pilot10,1740818515126,True
pilot10,1740818575477,True
pilot10,1740818635867,True
pilot10,1740818696194,True
pilot10,1740818746551,True
pilot10,1740818806936,True
pilot10,1740818857369,True
pilot10,1740818917736,True
pilot10,1740818968103,True
pilot10,1740819027454,True
pilot10,1740819077852,True
pilot10,1740819138188,True
pilot10,1740819188582,True
pilot10,1740819248902,True
pilot10,1740819299268,True
pilot10,1740819359635,True
pilot10,1740819410023,True
pilot10,1740819470318,False
pilot10,1740819520701,False
pilot10,1740819581083,False
pilot10,1740848417290,False
pilot10,1740848477640,False
pilot10,1740848538004,False
pilot10,1740848598363,False
pilot10,1740848658685,False
pilot10,1740848719035,False
pilot10,1740848779398,False
pilot10,1740848833214,False
pilot10,1740848889461,True
pilot10,1740848949803,False
pilot10,1740848950381,False
pilot10,1740849010218,False
pilot10,1740849070104,True
pilot10,1740849120491,True
pilot10,1740849180798,True
pilot10,1740849230987,True
pilot10,1740849291431,True
pilot10,1740849351695,True
pilot10,1740849408080,True
pilot10,1740849468380,True
pilot10,1740849528708,True
pilot10,1740849588828,True
pilot10,1740849649117,True
pilot10,1740849699503,True
pilot10,1740849759771,True
pilot10,1740849809914,True
pilot10,1740849870288,True
pilot10,1740849930619,True
pilot10,1740849990925,True
pilot10,1740850051275,True
pilot10,1740850111563,True
pilot10,1740850166460,True
pilot10,1740850226707,True
pilot10,1740850277096,True
pilot10,1740850336183,True
pilot10,1740850386758,False
pilot10,1740850447106,False
pilot10,1740850507434,False
pilot10,1740850567821,False
pilot10,1740850628276,False
pilot10,1740850688581,False
pilot10,1740850748988,False
pilot10,1740850809323,False
pilot10,1740850869568,False
pilot10,1740850929886,False
pilot10,1740850988754,False
pilot10,1740851049155,False
pilot10,1740851109469,False
pilot10,1740851169873,False
pilot10,1740851230156,False
pilot10,1740851290438,False
pilot10,1740851350672,False
pilot10,1740851401220,False
pilot10,1740851461550,False
pilot10,1740851521856,False
pilot10,1740851582234,False
pilot10,1740851642542,False
pilot10,1740851702864,False
pilot10,1740851763247,False
pilot10,1740851823718,False
pilot10,1740851874117,True
pilot10,1740851934464,False
pilot10,1740851994720,True
pilot10,1740834001618,False
pilot10,1740834061961,False
pilot10,1740834122313,False
pilot10,1740834182623,False
pilot10,1740834242918,False
pilot10,1740834303245,True
pilot10,1740834359798,False
pilot10,1740834410236,False
pilot10,1740834470382,False
pilot10,1740834470586,False
pilot10,1740834530914,False
pilot10,1740834531316,False
pilot10,1740834591242,False
pilot10,1740834651505,False
pilot10,1740834652046,False
pilot10,1740834711881,False
pilot10,1740834772283,False
pilot10,1740834772801,False
pilot10,1740834832573,False
pilot10,1740834884322,False
pilot10,1740834944675,False
pilot10,1740835005034,False
pilot10,1740835065392,False
pilot10,1740835125758,False
pilot10,1740835186070,False
pilot10,1740835236519,False
pilot10,1740835296910,False
pilot10,1740835357057,False
pilot10,1740835417370,False
pilot10,1740835467700,True
pilot10,1740835528112,False
pilot10,1740835578288,False
pilot10,1740835638619,False
pilot10,1740835698910,False
pilot10,1740835759265,False
pilot10,1740835819543,False
pilot10,1740835872187,False
pilot10,1740835932481,False
pilot10,1740835992790,False
pilot10,1740836053087,False
pilot10,1740836113352,False
pilot10,1740836173721,False
pilot10,1740836234000,False
pilot10,1740836284358,False
pilot10,1740836340511,False
pilot10,1740836391024,False
pilot10,1740836451313,False
pilot10,1740836501666,False
pilot10,1740836561973,False
pilot10,1740836612277,False
pilot10,1740836672638,False
pilot10,1740836732990,False
pilot10,1740836793359,False
pilot10,1740836853674,False
pilot10,1740836913959,False
pilot10,1740836964345,False
pilot10,1740837024638,False
pilot10,1740837084941,False
pilot10,1740837145360,False
pilot10,1740837205640,False
pilot10,1740837265934,False
pilot10,1740837316330,False
pilot10,1740837376699,False
pilot10,1740837436988,False
pilot10,1740837496194,True
pilot10,1740837546395,False
pilot10,1740862805344,False
pilot10,1740862855749,False
pilot10,1740862915959,True
pilot10,1740862966479,False
pilot10,1740863026904,False
pilot10,1740863077189,False
pilot10,1740863137614,False
pilot10,1740863188438,False
pilot10,1740863247852,True
pilot10,1740863298378,False
pilot10,1740863358800,False
pilot10,1740863419261,False
pilot10,1740863479597,False
pilot10,1740863530076,False
pilot10,1740863590416,False
pilot10,1740863640916,False
pilot10,1740863701323,False
pilot10,1740863751794,False
pilot10,1740863812209,False
pilot10,1740863872568,False
pilot10,1740863932904,False
pilot10,1740863983295,False
pilot10,1740864043634,False
pilot10,1740864093951,False
pilot10,1740864153279,False
pilot10,1740864203728,True
pilot10,1740864264110,True
pilot10,1740864314341,True
pilot10,1740864374765,True
pilot10,1740864425187,True
pilot10,1740864485575,False
pilot10,1740864535968,False
pilot10,1740864596296,False
pilot10,1740864656801,False
pilot10,1740864717189,False
pilot10,1740864767635,True
pilot10,1740864827955,False
pilot10,1740864878304,False
pilot10,1740864938198,False
pilot10,1740864988632,False
pilot10,1740865039100,True
pilot10,1740808821646,False
pilot10,1740808872034,False
pilot10,1740808932313,False
pilot10,1740808982616,False
pilot10,1740809042956,False
pilot10,1740809093295,False
pilot10,1740809153589,False
pilot10,1740809204014,False
pilot10,1740809264250,False
pilot10,1740809314751,False
pilot10,1740809374380,False
pilot10,1740809424833,False
pilot10,1740809485152,False
pilot10,1740809535570,False
pilot10,1740809595969,False
pilot10,1740809646436,False
pilot10,1740809706676,False
pilot10,1740809757013,False
pilot10,1740809817339,False
pilot10,1740809867722,False
pilot10,1740809928049,False
pilot10,1740809978533,False
pilot10,1740810037929,False
pilot10,1740810088166,False
pilot10,1740810148455,False
pilot10,1740810198696,False
pilot10,1740810259055,False
pilot10,1740810309466,False
pilot10,1740810369815,False
pilot10,1740810420136,False
pilot10,1740810480479,False
pilot10,1740810530785,False
pilot10,1740810581103,False
pilot10,1740810635866,False
pilot10,1740810696155,False
pilot10,1740810746557,False
pilot10,1740810806822,False
pilot10,1740810867159,False
pilot10,1740810927498,False
pilot10,1740810977847,False
pilot10,1740811038152,False
pilot10,1740811088550,False
pilot10,1740811148877,False
pilot10,1740811199272,False
pilot10,1740811259570,False
pilot10,1740811309922,False
pilot10,1740811365814,False
pilot10,1740811416222,False
pilot10,1740811476498,False
pilot10,1740811526829,False
pilot10,1740811587088,False
pilot10,1740811637293,False
pilot10,1740811697605,False
pilot10,1740811747997,False
pilot10,1740811808322,False
pilot10,1740811858781,False
pilot10,1740811909101,False
pilot10,1740811963785,False
pilot10,1740812024049,False
pilot10,1740812074462,False
pilot10,1740812134829,False
pilot10,1740812185264,False
pilot10,1740812245613,False
pilot10,1740812296171,False
pilot10,1740812356435,False
pilot10,1740841200967,False
pilot10,1740841261325,False
pilot10,1740841321632,False
pilot10,1740841381923,False
pilot10,1740841442346,False
pilot10,1740841502604,True
pilot10,1740841562681,True
pilot10,1740841616696,False
pilot10,1740841676955,False
pilot10,1740841737306,False
pilot10,1740841797614,False
pilot10,1740841857996,False
pilot10,1740841918283,False
pilot10,1740841978570,False
pilot10,1740842038869,False
pilot10,1740842099162,False
pilot10,1740842159516,False
pilot10,1740842219870,False
pilot10,1740842280147,False
pilot10,1740842340498,False
pilot10,1740842400898,False
pilot10,1740842460962,True
pilot10,1740842521395,False
pilot10,1740842581687,False
pilot10,1740842638956,False
pilot10,1740842699264,True
pilot10,1740842759499,True
pilot10,1740842810732,False
pilot10,1740842871131,True
pilot10,1740842921447,False
pilot10,1740842976072,False
pilot10,1740843035984,False
pilot10,1740843096636,False
pilot10,1740843097136,False
pilot10,1740843156818,True
pilot10,1740843217456,True
pilot10,1740843217939,True
pilot10,1740843277822,False
pilot10,1740843338047,False
pilot10,1740843338611,False
pilot10,1740843398402,False
pilot10,1740843458831,False
pilot10,1740843459436,False
pilot10,1740843519173,False
pilot10,1740843579493,False
pilot10,1740843580011,False
pilot10,1740843630617,True
pilot10,1740843690831,True
pilot10,1740843741023,True
pilot10,1740843801357,False
pilot10,1740843861735,False
pilot10,1740843922013,False
pilot10,1740843982315,False
pilot10,1740844042675,False
pilot10,1740844103068,False
pilot10,1740844163417,False
pilot10,1740844217772,False
pilot10,1740844278097,False
pilot10,1740844338576,False
pilot10,1740844389492,False
pilot10,1740844449593,True
pilot10,1740844510010,False
pilot10,1740844570318,False
pilot10,1740844630527,False
pilot10,1740844691006,False
pilot10,1740844741714,False
pilot10,1740790835349,False
pilot10,1740790895555,False
pilot10,1740790945955,False
pilot10,1740791006223,False
pilot10,1740791056438,False
pilot10,1740791116741,False
pilot10,1740791167056,False
pilot10,1740791217102,False
pilot10,1740791272080,False
pilot10,1740791332477,False
pilot10,1740791392818,False
pilot10,1740791453180,False
pilot10,1740791503675,False
pilot10,1740791563989,False
pilot10,1740791614362,False
pilot10,1740791674713,False
pilot10,1740791725014,False
pilot10,1740791785327,False
pilot10,1740791835730,False
pilot10,1740791895992,False
pilot10,1740791946223,False
pilot10,1740792001187,False
pilot10,1740792051670,False
pilot10,1740792111862,False
pilot10,1740792162339,False
pilot10,1740792222672,False
pilot10,1740792272925,False
pilot10,1740792333180,False
pilot10,1740792383618,False
pilot10,1740792443846,False
pilot10,1740792494205,False
pilot10,1740792554451,False
pilot10,1740792604481,False
pilot10,1740792605232,False
pilot10,1740792664757,False
pilot10,1740792715114,False
pilot10,1740792775407,False
pilot10,1740792825865,False
pilot10,1740792886140,False
pilot10,1740792936467,False
pilot10,1740792996830,False
pilot10,1740793047204,False
pilot10,1740793107481,False
pilot10,1740793157747,False
pilot10,1740793218116,False
pilot10,1740793268131,False
pilot10,1740793268921,False
pilot10,1740793328348,False
pilot10,1740793378781,False
pilot10,1740793439083,False
pilot10,1740793489486,False
pilot10,1740793549735,False
pilot10,1740793600162,False
pilot10,1740793660409,False
pilot10,1740793710797,False
pilot10,1740793771231,False
pilot10,1740793821566,False
pilot10,1740793881986,False
pilot10,1740793932289,False
pilot10,1740793991840,False
pilot10,1740794041988,False
pilot10,1740794102291,False
pilot10,1740794152588,False
pilot10,1740794212910,False
pilot10,1740794263224,False
pilot10,1740794323457,False
pilot10,1740794373769,False
pilot10,1740837601024,False
pilot10,1740837661328,False
pilot10,1740837721710,False
pilot10,1740837782001,False
pilot10,1740837832350,False
pilot10,1740837892693,False
pilot10,1740837943093,True
pilot10,1740838003422,True
pilot10,1740838063600,True
pilot10,1740838123949,True
pilot10,1740838184149,True
pilot10,1740838244540,False
pilot10,1740838296397,False
pilot10,1740838356741,False
pilot10,1740838407071,True
pilot10,1740838467404,False
pilot10,1740838527788,False
pilot10,1740838588079,False
pilot10,1740838648370,False
pilot10,1740838698730,False
pilot10,1740838752508,False
pilot10,1740838803792,False
pilot10,1740838864111,False
pilot10,1740838914449,False
pilot10,1740838974727,False
pilot10,1740839025214,False
pilot10,1740839085604,False
pilot10,1740839136010,False
pilot10,1740839196325,False
pilot10,1740839256629,False
pilot10,1740839316967,False
pilot10,1740839377419,False
pilot10,1740839437737,False
pilot10,1740839498043,False
pilot10,1740839558319,False
pilot10,1740839618686,False
pilot10,1740839669142,False
pilot10,1740839729491,False
pilot10,1740839789822,False
pilot10,1740839850190,False
pilot10,1740839910543,False
pilot10,1740839970872,False
pilot10,1740840021025,True
pilot10,1740840079560,False
pilot10,1740840139988,False
pilot10,1740840140463,False
pilot10,1740840200240,False
pilot10,1740840260501,False
pilot10,1740840260946,False
pilot10,1740840320969,False
pilot10,1740840321713,False
pilot10,1740840381177,False
pilot10,1740840431458,False
pilot10,1740840491803,False
pilot10,1740840542229,False
pilot10,1740840602639,True
pilot10,1740840662868,False
pilot10,1740840723248,False
pilot10,1740840783693,False
pilot10,1740840838881,False
pilot10,1740840899274,False
pilot10,1740840959623,False
pilot10,1740841019904,False
pilot10,1740841080277,False
pilot10,1740841140606,False
pilot10,1740812406863,False
pilot10,1740812467113,False
pilot10,1740812517445,False
pilot10,1740812572863,False
pilot10,1740812623219,False
pilot10,1740812683582,False
pilot10,1740812733797,False
pilot10,1740812794166,False
pilot10,1740812844571,False
pilot10,1740812904855,False
pilot10,1740812955133,False
pilot10,1740813015401,False
pilot10,1740813065655,False
pilot10,1740813115786,False
pilot10,1740813170877,False
pilot10,1740813231325,False
pilot10,1740813281661,False
pilot10,1740813341926,False
pilot10,1740813392241,False
pilot10,1740813452504,False
pilot10,1740813502830,False
pilot10,1740813563212,False
pilot10,1740813613591,False
pilot10,1740813673901,False
pilot10,1740813724304,False
pilot10,1740813779298,False
pilot10,1740813829583,False
pilot10,1740813889852,False
pilot10,1740813940127,False
pilot10,1740814000492,False
pilot10,1740814050900,False
pilot10,1740814111263,False
pilot10,1740814161615,False
pilot10,1740814221931,False
pilot10,1740814272238,False
pilot10,1740814332498,False
pilot10,1740814383103,False
pilot10,1740814442839,False
pilot10,1740814493033,False
pilot10,1740814553334,False
pilot10,1740814603654,False
pilot10,1740814663908,False
pilot10,1740814714230,False
pilot10,1740814774417,False
pilot10,1740814824826,False
pilot10,1740814885111,False
pilot10,1740814935495,False
pilot10,1740814986083,False
pilot10,1740815040484,False
pilot10,1740815100754,False
pilot10,1740815151108,False
pilot10,1740815211394,False
pilot10,1740815261703,False
pilot10,1740815321989,False
pilot10,1740815372403,False
pilot10,1740815432729,True
pilot10,1740815483161,True
pilot10,1740815543484,True
pilot10,1740815593826,True
pilot10,1740815649501,True
pilot10,1740815699953,True
pilot10,1740815760327,True
pilot10,1740815810664,True
pilot10,1740815870980,True
pilot10,1740815921367,True
pilot10,1740815981652,True
pilot10,1740819641435,False
pilot10,1740819701765,False
pilot10,1740819762100,False
pilot10,1740819822485,False
pilot10,1740819874771,False
pilot10,1740819931827,False
pilot10,1740819982237,False
pilot10,1740820042603,False
pilot10,1740820092931,False
pilot10,1740820153278,False
pilot10,1740820203516,True
pilot10,1740820263685,True
pilot10,1740820324118,True
pilot10,1740820384351,True
pilot10,1740820444697,True
pilot10,1740820504792,True
pilot10,1740820555041,True
pilot10,1740820615331,True
pilot10,1740820675720,True
pilot10,1740820735117,True
pilot10,1740820795196,True
pilot10,1740820845637,False
pilot10,1740820896361,False
pilot10,1740820956688,False
pilot10,1740820957214,False
pilot10,1740821016835,True
pilot10,1740821067269,True
pilot10,1740821127444,True
pilot10,1740821177859,True
pilot10,1740821238045,True
pilot10,1740821298324,True
pilot10,1740821358715,True
pilot10,1740821408926,True
pilot10,1740821469241,True
pilot10,1740821519639,True
pilot10,1740821579997,False
pilot10,1740821630209,False
pilot10,1740821690682,False
pilot10,1740821741126,False
pilot10,1740821800784,False
pilot10,1740821851143,False
pilot10,1740821911506,False
pilot10,1740821961828,True
pilot10,1740822022220,True
pilot10,1740822072416,True
pilot10,1740822132694,True
pilot10,1740822183126,True
pilot10,1740822243444,True
pilot10,1740822293790,False
pilot10,1740822354143,False
pilot10,1740822414410,False
pilot10,1740822474712,False
pilot10,1740822525139,False
pilot10,1740822584744,False
pilot10,1740822635164,False
pilot10,1740822695556,False
pilot10,1740822745743,False
pilot10,1740822806061,False
pilot10,1740822856537,False
pilot10,1740822916912,False
pilot10,1740822967347,False
pilot10,1740823027629,False
pilot10,1740823077942,False
pilot10,1740823138228,False
pilot10,1740823198497,False
pilot10,1740852054968,True
pilot10,1740852115326,True
pilot10,1740852175595,True
pilot10,1740852229824,True
pilot10,1740852290134,False
pilot10,1740852350351,True
pilot10,1740852410482,False
pilot10,1740852470912,False
pilot10,1740852529544,False
pilot10,1740852589657,True
pilot10,1740852640137,False
pilot10,1740852700448,False
pilot10,1740852750631,False
pilot10,1740852809471,True
pilot10,1740852869591,False
pilot10,1740852869881,False
pilot10,1740852929635,False
pilot10,1740852989879,False
pilot10,1740852990139,False
pilot10,1740853050081,False
pilot10,1740853110187,True
pilot10,1740853110395,True
pilot10,1740853170433,False
pilot10,1740853230502,False
pilot10,1740853230684,False
pilot10,1740853291186,False
pilot10,1740853291639,False
pilot10,1740853341801,False
pilot10,1740853401944,False
pilot10,1740853452473,False
pilot10,1740853512581,True
pilot10,1740853573018,True
pilot10,1740853633439,True
pilot10,1740853689621,False
pilot10,1740853750129,False
pilot10,1740853810452,False
pilot10,1740853870764,False
pilot10,1740853921160,False
pilot10,1740853981557,False
pilot10,1740854031877,True
pilot10,1740854092190,False
pilot10,1740854142385,False
pilot10,1740854195714,False
pilot10,1740854247687,False
pilot10,1740854308012,False
pilot10,1740854358532,False
pilot10,1740854418967,False
pilot10,1740854469179,False
pilot10,1740854529523,False
pilot10,1740854580021,False
pilot10,1740854640402,False
pilot10,1740854690822,False
pilot10,1740854751294,False
pilot10,1740854801649,False
pilot10,1740854859254,False
pilot10,1740854909630,False
pilot10,1740854970051,False
pilot10,1740855020449,False
pilot10,1740855080840,False
pilot10,1740855131300,False
pilot10,1740855191705,False
pilot10,1740855242089,False
pilot10,1740855302590,False
pilot10,1740855353036,False
pilot10,1740855413269,True
pilot10,1740855473726,True
pilot10,1740855534118,True
pilot10,1740855584291,False
pilot10,1740787235533,False
pilot10,1740787286047,False
pilot10,1740787346386,False
pilot10,1740787406746,False
pilot10,1740787467098,False
pilot10,1740787517383,False
pilot10,1740787577714,False
pilot10,1740787637822,False
pilot10,1740787698222,False
pilot10,1740787748198,False
pilot10,1740787808422,False
pilot10,1740787808862,False
pilot10,1740787859007,False
pilot10,1740787919243,False
pilot10,1740787969587,False
pilot10,1740788029871,False
pilot10,1740788080268,False
pilot10,1740788140605,False
pilot10,1740788190925,False
pilot10,1740788251156,False
pilot10,1740788301600,False
pilot10,1740788361894,False
pilot10,1740788412263,False
pilot10,1740788471874,False
pilot10,1740788522286,False
pilot10,1740788582386,False
pilot10,1740788632744,False
pilot10,1740788693020,False
pilot10,1740788743317,False
pilot10,1740788803625,False
pilot10,1740788854037,False
pilot10,1740788914291,False
pilot10,1740788964668,False
pilot10,1740789014878,False
pilot10,1740789069687,False
pilot10,1740789129962,False
pilot10,1740789180375,False
pilot10,1740789240668,False
pilot10,1740789291132,False
pilot10,1740789351392,False
pilot10,1740789401661,False
pilot10,1740789462015,False
pilot10,1740789512342,False
pilot10,1740789572702,False
pilot10,1740789622939,False
pilot10,1740789683071,False
pilot10,1740789733544,False
pilot10,1740789793555,False
pilot10,1740789843809,False
pilot10,1740789903908,False
pilot10,1740789954064,False
pilot10,1740790012892,False
pilot10,1740790063111,False
pilot10,1740790123366,False
pilot10,1740790173595,False
pilot10,1740790233714,False
pilot10,1740790283886,False
pilot10,1740790344006,False
pilot10,1740790394408,False
pilot10,1740790454487,False
pilot10,1740790504876,False
pilot10,1740790565215,False
pilot10,1740790615377,False
pilot10,1740790674495,False
pilot10,1740790724689,False
pilot10,1740790785055,False
pilot10,1740805231946,False
pilot10,1740805292238,False
pilot10,1740805342613,False
pilot10,1740805392814,False
pilot10,1740805447579,False
pilot10,1740805507853,False
pilot10,1740805558218,False
pilot10,1740805618523,False
pilot10,1740805668838,False
pilot10,1740805729126,False
pilot10,1740805789489,False
pilot10,1740805849814,False
pilot10,1740805899959,False
pilot10,1740805960276,False
pilot10,1740806010583,False
pilot10,1740806070822,False
pilot10,1740806121131,False
pilot10,1740806176875,False
pilot10,1740806227513,False
pilot10,1740806287743,False
pilot10,1740806338139,False
pilot10,1740806398530,False
pilot10,1740806448851,False
pilot10,1740806509166,False
pilot10,1740806559489,False
pilot10,1740806619753,False
pilot10,1740806679990,False
pilot10,1740806740248,False
pilot10,1740806790586,False
pilot10,1740806840636,False
pilot10,1740806895776,False
pilot10,1740806956056,False
pilot10,1740807006428,False
pilot10,1740807066683,False
pilot10,1740807117002,False
pilot10,1740807177259,False
pilot10,1740807227563,False
pilot10,1740807287989,False
pilot10,1740807338434,False
pilot10,1740807398679,False
pilot10,1740807449076,False
pilot10,1740807504154,False
pilot10,1740807554474,False
pilot10,1740807614634,False
pilot10,1740807665038,False
pilot10,1740807725388,False
pilot10,1740807775794,False
pilot10,1740807835974,False
pilot10,1740807886380,False
pilot10,1740807946747,False
pilot10,1740807997138,False
pilot10,1740808047187,False
pilot10,1740808102063,False
pilot10,1740808162361,False
pilot10,1740808212707,False
pilot10,1740808273049,False
pilot10,1740808323454,False
pilot10,1740808383804,False
pilot10,1740808434144,False
pilot10,1740808494461,False
pilot10,1740808544923,False
pilot10,1740808605187,False
pilot10,1740808655454,False
pilot10,1740808710864,False
pilot10,1740808761260,False
pilot10,1740855644036,False
pilot10,1740855694434,False
pilot10,1740855754928,False
pilot10,1740855805151,False
pilot10,1740855865367,False
pilot10,1740855915611,False
pilot10,1740855976002,False
pilot10,1740856026493,False
pilot10,1740856086804,False
pilot10,1740856147173,False
pilot10,1740856207530,False
pilot10,1740856258014,False
pilot10,1740856318407,False
pilot10,1740856369071,False
pilot10,1740856428580,False
pilot10,1740856478791,False
pilot10,1740856539255,False
pilot10,1740856599356,True
pilot10,1740856659594,True
pilot10,1740856710038,True
pilot10,1740856770168,True
pilot10,1740856820430,True
pilot10,1740856880912,True
pilot10,1740856931349,True
pilot10,1740856991667,True
pilot10,1740857042089,True
pilot10,1740857102573,True
pilot10,1740857153257,False
pilot10,1740857212863,True
pilot10,1740857263228,True
pilot10,1740857323586,True
pilot10,1740857383886,True
pilot10,1740857444350,True
pilot10,1740857504714,True
pilot10,1740857564971,True
pilot10,1740857616747,True
pilot10,1740857677077,True
pilot10,1740857737403,True
pilot10,1740857797713,True
pilot10,1740857850397,True
pilot10,1740857910721,True
pilot10,1740857971065,True
pilot10,1740858028299,True
pilot10,1740858088485,True
pilot10,1740858138929,True
pilot10,1740858199349,True
pilot10,1740858249750,True
pilot10,1740858310049,True
pilot10,1740858360458,True
pilot10,1740858418701,True
pilot10,1740858469074,True
pilot10,1740858529399,True
pilot10,1740858579774,True
pilot10,1740858640157,True
pilot10,1740858690553,True
pilot10,1740858750975,False
pilot10,1740858801201,False
pilot10,1740858861651,False
pilot10,1740858912147,False
pilot10,1740858972709,True
pilot10,1740859032927,False
pilot10,1740859093324,True
pilot10,1740859143715,False
pilot10,1740859202957,False
pilot10,1740859253202,False
pilot10,1740859313620,False
pilot10,1740859374036,False
pilot10,1740859434433,False
pilot10,1740859494555,False
pilot10,1740859545000,False
pilot10,1740859605430,False
pilot10,1740859655637,False
pilot10,1740859716115,False
pilot10,1740859776243,True
pilot10,1740859836615,False
pilot10,1740859886920,False
pilot10,1740859947329,True
pilot10,1740859997811,True
pilot10,1740860047872,True
pilot10,1740860102627,False
pilot10,1740860163017,True
pilot10,1740860213426,False
pilot10,1740860273907,False
pilot10,1740860334327,False
pilot10,1740860394825,False
pilot10,1740860445207,False
pilot10,1740860505546,False
pilot10,1740860555990,False
pilot10,1740860616342,False
pilot10,1740860666703,False
pilot10,1740860727090,False
pilot10,1740860777496,False
pilot10,1740860832640,False
pilot10,1740860883135,False
pilot10,1740860943474,False
pilot10,1740860993837,True
pilot10,1740861054230,True
pilot10,1740861104549,False
pilot10,1740861164956,False
pilot10,1740861225242,False
pilot10,1740861282057,False
pilot10,1740861342439,False
pilot10,1740861392719,False
pilot10,1740861453144,False
pilot10,1740861503363,False
pilot10,1740861557054,False
pilot10,1740861608619,False
pilot10,1740861668925,False
pilot10,1740861719305,False
pilot10,1740861779579,False
pilot10,1740861830044,False
pilot10,1740861890443,False
pilot10,1740861940958,False
pilot10,1740862001279,False
pilot10,1740862051698,False
pilot10,1740862112089,True
pilot10,1740862162452,False
pilot10,1740862221582,False
pilot10,1740862281864,False
pilot10,1740862282548,False
pilot10,1740862342254,False
pilot10,1740862392772,False
pilot10,1740862453186,True
pilot10,1740862503649,False
pilot10,1740862564076,False
pilot10,1740862624268,False
pilot10,1740862684624,False
pilot10,1740862744932,False
pilot11,1741017604015,False
pilot11,1741017655201,False
pilot11,1741017715947,False
pilot11,1741017792502,False
pilot11,1741017853299,True
pilot11,1741017904349,True
pilot11,1741017965128,True
pilot11,1741018016194,True
pilot11,1741018076938,True
pilot11,1741018128045,False
pilot11,1741018188858,False
pilot11,1741018261836,False
pilot11,1741018333705,False
pilot11,1741018394587,False
pilot11,1741018448596,False
pilot11,1741018518761,False
pilot11,1741018569913,False
pilot11,1741018630660,False
pilot11,1741018688746,False
pilot11,1741018783001,False
pilot11,1741018882460,False
pilot11,1741018964495,False
pilot11,1741019015503,False
pilot11,1741019076158,False
pilot11,1741019142640,False
pilot11,1741019203460,True
pilot11,1741019254563,True
pilot11,1741019315430,True
pilot11,1741019376118,True
pilot11,1741019436805,True
pilot11,1741019487888,True
pilot11,1741019548859,True
pilot11,1741019599686,True
pilot11,1741019660518,False
pilot11,1741019711515,True
pilot11,1741019762469,False
pilot11,1741019823293,True
pilot11,1741019883953,True
pilot11,1741019935012,True
pilot11,1741019995682,True
pilot11,1741020046705,False
pilot11,1741020107450,False
pilot11,1741020220730,True
pilot11,1741020271736,True
pilot11,1741020332465,True
pilot11,1741020383550,True
pilot11,1741020444305,True
pilot11,1741020495332,True
pilot11,1741020556093,True
pilot11,1741020607448,True
pilot11,1741020668054,True
pilot11,1741020719068,True
pilot11,1741020771670,True
pilot11,1741020824132,True
pilot11,1741020884831,True
pilot11,1741020935777,True
pilot11,1741020996591,True
pilot11,1741021047659,True
pilot11,1741021108382,True
pilot11,1741021169101,True
pilot11,1740974777816,False
pilot11,1740974838560,False
pilot11,1740974889464,False
pilot11,1740974950145,False
pilot11,1740975000968,False
pilot11,1740975678658,False
pilot11,1740976448513,False
pilot11,1740999622257,True
pilot11,1740999682861,True
pilot11,1740999733746,True
pilot11,1740999794418,True
pilot11,1740999845465,True
pilot11,1740999905997,True
pilot11,1740999956903,True
pilot11,1741000017542,True
pilot11,1741000068372,True
pilot11,1741000126058,True
pilot11,1741000176849,True
pilot11,1741000237512,True
pilot11,1741000288380,True
pilot11,1741000349029,True
pilot11,1741000399896,True
pilot11,1741000460565,True
pilot11,1741000511463,True
pilot11,1741000572133,True
pilot11,1741000623423,True
pilot11,1741000683954,True
pilot11,1741000734841,True
pilot11,1741000792686,True
pilot11,1741000843528,False
pilot11,1741000904123,False
pilot11,1741000964796,False
pilot11,1741001026485,False
pilot11,1741001087174,False
pilot11,1741001242790,False
pilot11,1741001305107,False
pilot11,1741001417528,False
pilot11,1741001478136,False
pilot11,1741001538811,False
pilot11,1741001683737,False
pilot11,1741001744362,False
pilot11,1741001795275,False
pilot11,1741001871781,True
pilot11,1741001932599,True
pilot11,1741001992749,True
pilot11,1741002053397,True
pilot11,1741002104249,True
pilot11,1741002164963,False
pilot11,1741002303133,False
pilot11,1741002422723,False
pilot11,1741002492836,False
pilot11,1741002547161,False
pilot11,1741002659420,False
pilot11,1741002749498,False
pilot11,1741002845206,False
pilot11,1741002942951,False
pilot11,1741003019469,False
pilot11,1741003101625,False
pilot11,1741003197102,False
pilot11,1740969212281,False
pilot11,1740970112491,False
pilot11,1740996005895,True
pilot11,1740996057452,True
pilot11,1740996117716,True
pilot11,1740996167990,True
pilot11,1740996229924,True
pilot11,1740996280841,True
pilot11,1740996341899,True
pilot11,1740996392809,True
pilot11,1740996453474,True
pilot11,1740996504325,True
pilot11,1740996565049,True
pilot11,1740996615942,True
pilot11,1740996672323,True
pilot11,1740996723255,False
pilot11,1740996783966,True
pilot11,1740996834824,True
pilot11,1740996895554,True
pilot11,1740996946826,True
pilot11,1740997007294,True
pilot11,1740997058215,True
pilot11,1740997118884,True
pilot11,1740997169812,True
pilot11,1740997230503,True
pilot11,1740997281494,True
pilot11,1740997338998,False
pilot11,1740997390123,True
pilot11,1740997450603,True
pilot11,1740997501436,True
pilot11,1740997562063,True
pilot11,1740997613034,True
pilot11,1740997673539,True
pilot11,1740997724358,True
pilot11,1740997784946,True
pilot11,1740997835782,True
pilot11,1740997896439,True
pilot11,1740997947276,True
pilot11,1740998005869,True
pilot11,1740998056775,True
pilot11,1740998117412,True
pilot11,1740998168278,True
pilot11,1740998228944,True
pilot11,1740998279761,True
pilot11,1740998340410,True
pilot11,1740998391217,True
pilot11,1740998451910,True
pilot11,1740998502789,True
pilot11,1740998563454,True
pilot11,1740998614371,True
pilot11,1740998672045,True
pilot11,1740998722920,True
pilot11,1740998783523,True
pilot11,1740998834404,True
pilot11,1740998895024,True
pilot11,1740998946016,True
pilot11,1740999006625,True
pilot11,1740999057570,True
pilot11,1740999118167,True
pilot11,1740999169026,True
pilot11,1740999229700,True
pilot11,1740999280237,True
pilot11,1740999338515,True
pilot11,1740999389369,True
pilot11,1740999450080,True
pilot11,1740999500920,True
pilot11,1740999561574,True
pilot11,1741003282546,False
pilot11,1741003334026,False
pilot11,1741003394529,True
pilot11,1741003445348,False
pilot11,1741003506041,True
pilot11,1741003556859,False
pilot11,1741003617504,False
pilot11,1741003668224,False
pilot11,1741003728981,False
pilot11,1741003779866,False
pilot11,1741003840518,False
pilot11,1741003891451,False
pilot11,1741003949653,False
pilot11,1741004000595,False
pilot11,1741004061283,False
pilot11,1741004112254,True
pilot11,1741004172866,False
pilot11,1741004223723,False
pilot11,1741004284360,False
pilot11,1741004335263,False
pilot11,1741004395924,False
pilot11,1741004446810,False
pilot11,1741004507576,False
pilot11,1741004558824,False
pilot11,1741004616387,False
pilot11,1741004667192,False
pilot11,1741004727842,False
pilot11,1741004778752,False
pilot11,1741004839473,False
pilot11,1741004890322,False
pilot11,1741004950834,False
pilot11,1741005001756,False
pilot11,1741005062451,False
pilot11,1741005113561,False
pilot11,1741005207360,False
pilot11,1741005259234,False
pilot11,1741005320190,False
pilot11,1741005371586,False
pilot11,1741005432918,True
pilot11,1741005483958,False
pilot11,1741005544863,False
pilot11,1741005596191,False
pilot11,1741005657124,False
pilot11,1741005708394,False
pilot11,1741005769170,False
pilot11,1741005820433,False
pilot11,1741005875605,False
pilot11,1741005926958,False
pilot11,1741005987709,False
pilot11,1741006039610,False
pilot11,1741006100467,False
pilot11,1741006151743,False
pilot11,1741006212641,False
pilot11,1741006263957,False
pilot11,1741006325077,False
pilot11,1741006376690,False
pilot11,1741006437219,False
pilot11,1741006488475,False
pilot11,1741006544050,False
pilot11,1741006595396,False
pilot11,1741006656318,False
pilot11,1741006707676,False
pilot11,1741006768553,False
pilot11,1740989677934,True
pilot11,1740989738548,True
pilot11,1740989790165,True
pilot11,1740989851176,False
pilot11,1740989901961,False
pilot11,1740989962578,False
pilot11,1740990100437,False
pilot11,1740990179660,True
pilot11,1740990240617,True
pilot11,1740990301024,True
pilot11,1740990352071,True
pilot11,1740990412569,True
pilot11,1740990463401,True
pilot11,1740990524059,True
pilot11,1740990574978,False
pilot11,1740990635637,False
pilot11,1740990721740,True
pilot11,1740990772613,True
pilot11,1740990833179,True
pilot11,1740990884012,True
pilot11,1740990944710,False
pilot11,1740990995563,False
pilot11,1740991251750,True
pilot11,1740991312325,True
pilot11,1740991363208,True
pilot11,1740991423897,True
pilot11,1740991474797,True
pilot11,1740991535425,True
pilot11,1740991586278,True
pilot11,1740991646899,True
pilot11,1740991697938,True
pilot11,1740991758423,False
pilot11,1740991809337,False
pilot11,1740991964917,True
pilot11,1740992025357,True
pilot11,1740992076216,False
pilot11,1740992136896,False
pilot11,1740992320863,False
pilot11,1740992381469,False
pilot11,1741021229753,True
pilot11,1741021280764,False
pilot11,1741021341490,False
pilot11,1741021403195,False
pilot11,1741021468556,True
pilot11,1741021519585,False
pilot11,1741021679249,False
pilot11,1741021763957,False
pilot11,1741021849160,False
pilot11,1741021978751,False
pilot11,1741022051412,False
pilot11,1741022161415,False
pilot11,1741022222738,False
pilot11,1741022362381,False
pilot11,1741022482122,False
pilot11,1741022569996,False
pilot11,1741022702395,False
pilot11,1741022764368,False
pilot11,1741022825173,True
pilot11,1741022885754,False
pilot11,1741022936762,False
pilot11,1741023021511,False
pilot11,1741023082195,False
pilot11,1741023133025,False
pilot11,1741023193798,False
pilot11,1741023275681,False
pilot11,1741023356063,False
pilot11,1741023440331,False
pilot11,1741023565673,False
pilot11,1741023681168,False
pilot11,1741023742134,False
pilot11,1741023833733,False
pilot11,1741023890798,False
pilot11,1741023951398,False
pilot11,1741024019637,False
pilot11,1741024112580,False
pilot11,1741024194647,False
pilot11,1741024330582,False
pilot11,1741024391226,False
pilot11,1741024464785,False
pilot11,1741024552359,False
pilot11,1741024673501,False
pilot11,1741024734175,False
pilot11,1741024786751,False
pilot11,1741006819966,False
pilot11,1741006880823,False
pilot11,1741006932167,False
pilot11,1741006993044,False
pilot11,1741007044864,False
pilot11,1741007105488,False
pilot11,1741007156735,False
pilot11,1741007212258,False
pilot11,1741007263405,False
pilot11,1741007324235,False
pilot11,1741007375380,False
pilot11,1741007436288,False
pilot11,1741007487524,False
pilot11,1741007548339,False
pilot11,1741007599608,True
pilot11,1741007660570,True
pilot11,1741007711716,True
pilot11,1741007772688,True
pilot11,1741007823111,True
pilot11,1741007880748,True
pilot11,1741007931926,True
pilot11,1741007993204,True
pilot11,1741008054010,True
pilot11,1741008106468,True
pilot11,1741008167017,True
pilot11,1741008218324,True
pilot11,1741008279170,True
pilot11,1741008329529,True
pilot11,1741008390692,True
pilot11,1741008441867,True
pilot11,1741008502756,True
pilot11,1741008563622,True
pilot11,1741008624622,True
pilot11,1741008685380,True
pilot11,1741008738110,True
pilot11,1741008793711,True
pilot11,1741008853320,True
pilot11,1741008913884,True
pilot11,1741008974561,True
pilot11,1741009035473,True
pilot11,1741009096326,True
pilot11,1741009157044,True
pilot11,1741009217623,False
pilot11,1741009278391,False
pilot11,1741009329504,False
pilot11,1741009400112,False
pilot11,1741009503896,False
pilot11,1741009607677,False
pilot11,1741009704080,False
pilot11,1741009789984,False
pilot11,1741009887148,False
pilot11,1741009954007,False
pilot11,1741010045139,False
pilot11,1741010137116,False
pilot11,1741010258356,False
pilot11,1741010334510,True
pilot11,1741010385921,False
pilot11,1741035631069,True
pilot11,1741035692210,True
pilot11,1741035742776,True
pilot11,1741035803585,True
pilot11,1741035854848,True
pilot11,1741035911908,True
pilot11,1741035962627,True
pilot11,1741036023285,True
pilot11,1741036074231,True
pilot11,1741036134922,True
pilot11,1741036185938,True
pilot11,1741036246705,True
pilot11,1741036297761,True
pilot11,1741036358317,True
pilot11,1741036409175,True
pilot11,1741036469833,True
pilot11,1741036522339,True
pilot11,1741036578061,True
pilot11,1741036628933,True
pilot11,1741036689587,True
pilot11,1741036750455,True
pilot11,1741036807537,True
pilot11,1741036867627,True
pilot11,1741036918520,True
pilot11,1741036979152,True
pilot11,1741037030992,True
pilot11,1741037091509,True
pilot11,1741037142365,True
pilot11,1741037203221,True
pilot11,1741037254418,True
pilot11,1741037307915,True
pilot11,1741037359115,True
pilot11,1741037419755,True
pilot11,1741037470766,False
pilot11,1741037531377,True
pilot11,1741037592005,True
pilot11,1741037652686,True
pilot11,1741037703543,True
pilot11,1741037764232,True
pilot11,1741037815102,True
pilot11,1741037875739,True
pilot11,1741037936393,True
pilot11,1741037996988,True
pilot11,1741038047885,True
pilot11,1741038108541,True
pilot11,1741038159403,True
pilot11,1741038217658,True
pilot11,1741038268515,True
pilot11,1741038329213,True
pilot11,1741038380065,True
pilot11,1741038440715,True
pilot11,1741038491560,True
pilot11,1741038552199,True
pilot11,1741038603164,True
pilot11,1741038663789,True
pilot11,1741038714709,False
pilot11,1741038775418,False
pilot11,1741038886212,False
pilot11,1741038937034,False
pilot11,1741038997926,False
pilot11,1741039048803,False
pilot11,1741039110785,True
pilot11,1741039161554,True
pilot11,1740981956551,False
pilot11,1740982852531,False
pilot11,1740983966539,False
pilot11,1740984093561,False
pilot11,1740984154144,False
pilot11,1740984867389,False
pilot11,1741014032183,False
pilot11,1741014096222,False
pilot11,1741014147578,False
pilot11,1741014208375,False
pilot11,1741014269220,True
pilot11,1741014330040,False
pilot11,1741014404616,False
pilot11,1741014467142,False
pilot11,1741014566282,False
pilot11,1741014649144,False
pilot11,1741014727100,False
pilot11,1741014882367,False
pilot11,1741014943069,False
pilot11,1741015014582,False
pilot11,1741015115322,False
pilot11,1741015170674,True
pilot11,1741015231470,False
pilot11,1741015282627,False
pilot11,1741015360591,False
pilot11,1741015509933,True
pilot11,1741015570178,True
pilot11,1741015621231,True
pilot11,1741015682008,True
pilot11,1741015732758,True
pilot11,1741015793900,False
pilot11,1741015844218,False
pilot11,1741015903476,False
pilot11,1741016015022,False
pilot11,1741016075634,False
pilot11,1741016180950,False
pilot11,1741016249471,False
pilot11,1741016310277,False
pilot11,1741016391459,False
pilot11,1741016442504,False
pilot11,1741016546574,False
pilot11,1741016629815,False
pilot11,1741016731277,False
pilot11,1741016814164,False
pilot11,1741016912122,False
pilot11,1741016989758,False
pilot11,1741017082975,False
pilot11,1741017165705,False
pilot11,1741017243728,False
pilot11,1741017356236,False
pilot11,1741017416806,False
pilot11,1741017522746,False
pilot11,1740963608421,True
pilot11,1740963660885,True
pilot11,1740963713493,False
pilot11,1740963774153,True
pilot11,1740963825043,True
pilot11,1740963885757,True
pilot11,1740963936465,True
pilot11,1740963997292,True
pilot11,1740964048124,True
pilot11,1740964108357,True
pilot11,1740964159469,True
pilot11,1740964220147,True
pilot11,1740964271067,True
pilot11,1740964327825,False
pilot11,1740964378763,False
pilot11,1740964439424,False
pilot11,1740964490319,True
pilot11,1740964551038,True
pilot11,1740964601923,True
pilot11,1740964662616,True
pilot11,1740964713614,True
pilot11,1740964774249,True
pilot11,1740964825250,True
pilot11,1740964885723,True
pilot11,1740964936591,True
pilot11,1740964994093,True
pilot11,1740965045038,True
pilot11,1740965105691,False
pilot11,1740965156630,False
pilot11,1740965217190,False
pilot11,1740965268085,True
pilot11,1740965328675,True
pilot11,1740965379544,True
pilot11,1740965440205,False
pilot11,1740965500897,False
pilot11,1740966279734,False
pilot11,1740966998670,False
pilot11,1741042844409,True
pilot11,1741042905114,True
pilot11,1741042956019,True
pilot11,1741043016083,True
pilot11,1741043067095,True
pilot11,1741043127790,True
pilot11,1741043188442,True
pilot11,1741043248645,True
pilot11,1741043299611,True
pilot11,1741043360317,True
pilot11,1741043411185,True
pilot11,1741043471907,True
pilot11,1741043522976,True
pilot11,1741043581041,True
pilot11,1741043632024,True
pilot11,1741043692361,True
pilot11,1741043742640,True
pilot11,1741043803552,True
pilot11,1741043854476,True
pilot11,1741043915173,True
pilot11,1741043975873,True
pilot11,1741044036625,True
pilot11,1741044087449,True
pilot11,1741044148161,True
pilot11,1741044198754,True
pilot11,1741044259719,True
pilot11,1741044310491,True
pilot11,1741044368270,True
pilot11,1741044419137,True
pilot11,1741044479793,True
pilot11,1741044530692,True
pilot11,1741044592182,True
pilot11,1741044642907,True
pilot11,1741044703598,True
pilot11,1741044754430,True
pilot11,1741044815171,True
pilot11,1741044865947,True
pilot11,1741044926706,True
pilot11,1741044977520,True
pilot11,1741045035012,True
pilot11,1741045085918,True
pilot11,1741045146599,True
pilot11,1741045197467,True
pilot11,1741045258171,True
pilot11,1741045318830,False
pilot11,1741045379489,False
pilot11,1741045452660,True
pilot11,1741045514841,True
pilot11,1741045566406,True
pilot11,1741045627101,False
pilot11,1741045678101,False
pilot11,1741045746688,False
pilot11,1741045797537,False
pilot11,1741045858276,False
pilot11,1741045911860,False
pilot11,1741045981899,False
pilot11,1741046032791,False
pilot11,1741046098466,False
pilot11,1741046149374,False
pilot11,1741046210064,False
pilot11,1741046263010,False
pilot11,1741046332673,False
pilot11,1741046390237,False
pilot11,1741010446746,False
pilot11,1741010507541,False
pilot11,1741010583029,False
pilot11,1741010701649,False
pilot11,1741010765306,False
pilot11,1741010824966,False
pilot11,1741010961083,False
pilot11,1741011021872,False
pilot11,1741011072966,False
pilot11,1741011133868,False
pilot11,1741011237905,False
pilot11,1741011306939,False
pilot11,1741011422219,False
pilot11,1741011523157,False
pilot11,1741011637136,False
pilot11,1741011711710,False
pilot11,1741011783801,True
pilot11,1741011844676,False
pilot11,1741011935816,True
pilot11,1741011996028,False
pilot11,1741012047161,True
pilot11,1741012107976,False
pilot11,1741012168722,True
pilot11,1741012229568,False
pilot11,1741012280719,False
pilot11,1741012405007,False
pilot11,1741012473962,False
pilot11,1741012626726,False
pilot11,1741012762047,False
pilot11,1741012861053,False
pilot11,1741012924920,False
pilot11,1741013024346,False
pilot11,1741013123454,False
pilot11,1741013214614,False
pilot11,1741013285591,False
pilot11,1741013378770,False
pilot11,1741013472251,False
pilot11,1741013583248,False
pilot11,1741013731020,False
pilot11,1741013837075,False
pilot11,1741013916711,False
pilot11,1740985844462,False
pilot11,1740986725460,False
pilot11,1740986786214,False
pilot11,1740987646353,False
pilot11,1740988351445,False
pilot11,1740992458997,True
pilot11,1740992519652,False
pilot11,1740992570558,False
pilot11,1740992710427,False
pilot11,1740992771199,True
pilot11,1740992831490,False
pilot11,1740992892177,False
pilot11,1740992959120,False
pilot11,1740993044901,False
pilot11,1740993105389,True
pilot11,1740993156273,True
pilot11,1740993216986,True
pilot11,1740993268031,True
pilot11,1740993328955,True
pilot11,1740993379823,True
pilot11,1740993440397,True
pilot11,1740993492571,True
pilot11,1740993552461,True
pilot11,1740993603351,True
pilot11,1740993664144,True
pilot11,1740993715009,True
pilot11,1740993771924,True
pilot11,1740993822919,False
pilot11,1740993883608,False
pilot11,1740994002870,False
pilot11,1740994081118,False
pilot11,1740994141697,False
pilot11,1740994192594,False
pilot11,1740994274760,False
pilot11,1740994359502,False
pilot11,1740994420142,False
pilot11,1740994471079,False
pilot11,1740994542137,False
pilot11,1740994634035,False
pilot11,1740994718726,False
pilot11,1740994855328,False
pilot11,1740994915896,False
pilot11,1740994999638,False
pilot11,1740995080486,False
pilot11,1740995141193,False
pilot11,1740995217880,True
pilot11,1740995278512,True
pilot11,1740995339445,True
pilot11,1740995390299,True
pilot11,1740995450985,True
pilot11,1740995501857,True
pilot11,1740995562513,True
pilot11,1740995613412,True
pilot11,1740995674077,True
pilot11,1740995724957,True
pilot11,1740995785644,True
pilot11,1740995836484,True
pilot11,1740995897756,True
pilot11,1740995948620,True
pilot11,1741024863069,False
pilot11,1741024920127,False
pilot11,1741024981177,True
pilot11,1741025032177,True
pilot11,1741025092886,True
pilot11,1741025143856,True
pilot11,1741025204592,True
pilot11,1741025255479,True
pilot11,1741025316230,True
pilot11,1741025367319,False
pilot11,1741025428021,False
pilot11,1741025506343,False
pilot11,1741025557183,False
pilot11,1741025618051,True
pilot11,1741025678674,False
pilot11,1741025731779,False
pilot11,1741025785272,False
pilot11,1741025836654,True
pilot11,1741025897420,True
pilot11,1741025948299,True
pilot11,1741026009065,True
pilot11,1741026059887,False
pilot11,1741026177594,False
pilot11,1741026264762,False
pilot11,1741026315844,False
pilot11,1741026400218,False
pilot11,1741026460907,True
pilot11,1741026511933,True
pilot11,1741026572610,True
pilot11,1741026623575,True
pilot11,1741026684341,True
pilot11,1741026735320,True
pilot11,1741026796207,False
pilot11,1741026846943,False
pilot11,1741026916997,False
pilot11,1741026995666,False
pilot11,1741027088016,False
pilot11,1741027168360,False
pilot11,1741027246851,False
pilot11,1741027348548,False
pilot11,1741027447186,False
pilot11,1741027509281,True
pilot11,1741027560307,True
pilot11,1741027621053,True
pilot11,1741027672056,False
pilot11,1741027732740,True
pilot11,1741027783666,False
pilot11,1741027844398,False
pilot11,1741027905116,False
pilot11,1741027981993,False
pilot11,1741028097967,False
pilot11,1741028202349,False
pilot11,1741028269133,False
pilot11,1741028320565,True
pilot11,1741028381011,True
pilot11,1741039222267,True
pilot11,1741039273231,True
pilot11,1741039333934,False
pilot11,1741039433536,False
pilot11,1741039522563,False
pilot11,1741039607264,False
pilot11,1741039702620,False
pilot11,1741039809278,False
pilot11,1741039933747,False
pilot11,1741039994431,True
pilot11,1741040045404,False
pilot11,1741040106048,False
pilot11,1741040210658,False
pilot11,1741040368499,True
pilot11,1741040429168,False
pilot11,1741040484084,False
pilot11,1741040544809,False
pilot11,1741040605476,True
pilot11,1741040666195,False
pilot11,1741040717075,True
pilot11,1741040777861,True
pilot11,1741040828668,True
pilot11,1741040889434,True
pilot11,1741040940399,True
pilot11,1741041001112,True
pilot11,1741041052049,True
pilot11,1741041112750,True
pilot11,1741041163655,True
pilot11,1741041217610,True
pilot11,1741041268758,True
pilot11,1741041330087,True
pilot11,1741041380513,True
pilot11,1741041441248,True
pilot11,1741041492107,True
pilot11,1741041552886,True
pilot11,1741041613542,True
pilot11,1741041674229,True
pilot11,1741041725203,True
pilot11,1741041785951,True
pilot11,1741041836798,True
pilot11,1741041897443,True
pilot11,1741041948343,True
pilot11,1741042005290,True
pilot11,1741042056354,True
pilot11,1741042116946,True
pilot11,1741042167851,True
pilot11,1741042228549,True
pilot11,1741042279218,True
pilot11,1741042340040,True
pilot11,1741042400666,True
pilot11,1741042461329,True
pilot11,1741042512310,True
pilot11,1741042572999,True
pilot11,1741042623827,True
pilot11,1741042684552,True
pilot11,1741042735453,True
pilot11,1741042793189,True
pilot11,1740960000959,False
pilot11,1740960061120,True
pilot11,1740960121886,False
pilot11,1740960182462,False
pilot11,1740960243081,True
pilot11,1740960303853,True
pilot11,1740960364451,True
pilot11,1740960425093,True
pilot11,1740960475989,True
pilot11,1740960536649,True
pilot11,1740960587091,True
pilot11,1740960647974,True
pilot11,1740960698799,True
pilot11,1740960759503,True
pilot11,1740960810407,True
pilot11,1740960871168,True
pilot11,1740960922057,True
pilot11,1740960979460,True
pilot11,1740961030297,True
pilot11,1740961091042,True
pilot11,1740961141929,True
pilot11,1740961202676,True
pilot11,1740961253711,True
pilot11,1740961314426,True
pilot11,1740961365378,False
pilot11,1740961426015,False
pilot11,1740961499547,False
pilot11,1740961577986,False
pilot11,1740961666564,False
pilot11,1740961758812,False
pilot11,1740961839227,False
pilot11,1740961932932,False
pilot11,1740962005880,False
pilot11,1740962104027,False
pilot11,1740962211506,False
pilot11,1740962277409,False
pilot11,1740962328138,False
pilot11,1740962388886,False
pilot11,1740962441033,False
pilot11,1740962560909,False
pilot11,1740962665110,False
pilot11,1740962725809,False
pilot11,1740962873152,True
pilot11,1740962934521,True
pilot11,1740962994490,True
pilot11,1740963049714,True
pilot11,1740963110427,True
pilot11,1740963161180,True
pilot11,1740963222023,True
pilot11,1740963272897,True
pilot11,1740963333702,True
pilot11,1740963384683,True
pilot11,1740963445341,True
pilot11,1740963496186,True
pilot11,1740963557650,True
pilot11,1740978907304,False
pilot11,1740979808564,False
pilot11,1740981055490,False
pilot11,1740981116064,False
pilot11,1740981166988,False
pilot11,1741028431919,True
pilot11,1741028492453,False
pilot11,1741028543486,False
pilot11,1741028604159,False
pilot11,1741028717498,True
pilot11,1741028768428,False
pilot11,1741028829365,False
pilot11,1741028891970,False
pilot11,1741028952634,False
pilot11,1741029013393,True
pilot11,1741029064412,False
pilot11,1741029125100,False
pilot11,1741029185767,False
pilot11,1741029246501,False
pilot11,1741029297443,False
pilot11,1741029403144,False
pilot11,1741029491027,False
pilot11,1741029541976,False
pilot11,1741029648592,False
pilot11,1741029781485,False
pilot11,1741029841979,False
pilot11,1741029902677,False
pilot11,1741029977818,False
pilot11,1741030069137,False
pilot11,1741030166220,False
pilot11,1741030233490,False
pilot11,1741030304413,False
pilot11,1741030410360,True
pilot11,1741030471285,True
pilot11,1741030522189,True
pilot11,1741030582873,True
pilot11,1741030633811,False
pilot11,1741030694501,False
pilot11,1741030755157,False
pilot11,1741030815308,False
pilot11,1741030875757,False
pilot11,1741030951886,False
pilot11,1741031053427,False
pilot11,1741031129241,False
pilot11,1741031189788,False
pilot11,1741031250409,False
pilot11,1741031325033,False
pilot11,1741031405722,False
pilot11,1741031481179,True
pilot11,1741031542011,True
pilot11,1741031592280,True
pilot11,1741031653296,True
pilot11,1741031704126,True
pilot11,1741031764820,True
pilot11,1741031815842,True
pilot11,1741031876457,True
pilot11,1741031927423,True
pilot11,1741031988114,True
pilot11,1741032039086,True
pilot11,1741032099791,True
pilot11,1741032160443,False
pilot11,1741032214787,False
pilot11,1741032276599,True
pilot11,1741032337322,False
pilot11,1741032427521,False
pilot11,1741032488025,False
pilot11,1741032539263,False
pilot11,1741032734691,False
pilot11,1741032826378,False
pilot11,1741032887003,False
pilot11,1741032937941,False
pilot11,1741033007119,False
pilot11,1741033113850,False
pilot11,1741033174445,False
pilot11,1741033225551,False
pilot11,1741033310088,False
pilot11,1741033407806,False
pilot11,1741033514189,False
pilot11,1741033581307,False
pilot11,1741033655641,False
pilot11,1741033750928,False
pilot11,1741033848642,False
pilot11,1741033909274,False
pilot11,1741033970089,True
pilot11,1741034030668,True
pilot11,1741034081557,False
pilot11,1741034142270,False
pilot11,1741034202951,False
pilot11,1741034263579,False
pilot11,1741034314546,False
pilot11,1741034375261,False
pilot11,1741034426197,False
pilot11,1741034486947,False
pilot11,1741034575793,False
pilot11,1741034637669,True
pilot11,1741034687904,False
pilot11,1741034748713,False
pilot11,1741034809741,False
pilot11,1741034870484,True
pilot11,1741034931149,True
pilot11,1741034991926,True
pilot11,1741035052561,True
pilot11,1741035113510,True
pilot11,1741035166203,True
pilot11,1741035226289,True
pilot11,1741035286347,True
pilot11,1741035347113,True
pilot11,1741035407795,True
pilot11,1741035468417,True
pilot11,1741035519269,True
pilot11,1741035579940,True
pilot11,1741058787212,False
pilot11,1741058847422,False
pilot11,1741058898824,False
pilot11,1741058959776,False
pilot11,1741059011247,False
pilot11,1741059072191,False
pilot11,1741059686871,False
pilot11,1741060580078,True
pilot11,1741060641608,True
pilot11,1741060701957,False
pilot11,1741060762658,False
pilot11,1741061414910,True
pilot11,1741061475717,True
pilot11,1741061536595,True
pilot11,1741061597521,True
pilot11,1741061648893,True
pilot11,1741061709808,True
pilot11,1741061761172,True
pilot11,1741061822152,False
pilot11,1741061873390,False
pilot11,1741061934208,False
pilot11,1741062002015,False
pilot11,1741062068270,False
pilot11,1741062171685,False
pilot11,1741062240749,False
pilot11,1741062303220,False
pilot11,1741062390818,False
pilot11,1741062441979,False
pilot11,1741062523928,False
pilot11,1741062635872,False
pilot11,1741062702827,False
pilot11,1741062754594,True
pilot11,1741062815230,False
pilot11,1741062866515,False
pilot11,1741062972039,False
pilot11,1741063074297,False
pilot11,1741063167048,False
pilot11,1741063227606,True
pilot11,1741063288420,True
pilot11,1741063349088,True
pilot11,1741063400364,True
pilot11,1741063461131,True
pilot11,1741063512848,True
pilot11,1741063573681,False
pilot11,1741063625012,False
pilot11,1741063695163,False
pilot11,1741063782722,False
pilot11,1741063870134,False
pilot11,1741063977600,False
pilot11,1741064059594,False
pilot11,1741064160850,False
pilot11,1741064229733,False
pilot11,1741064335007,False
pilot11,1741086057000,True
pilot11,1741086117374,True
pilot11,1741086177685,True
pilot11,1741086228039,True
pilot11,1741086288345,True
pilot11,1741086338814,True
pilot11,1741086399096,True
pilot11,1741086449554,True
pilot11,1741086509900,True
pilot11,1741086560317,True
pilot11,1741086620592,True
pilot11,1741086680910,True
pilot11,1741086741200,True
pilot11,1741086791673,True
pilot11,1741086850327,True
pilot11,1741086900746,True
pilot11,1741086961019,True
pilot11,1741087011724,True
pilot11,1741087071841,True
pilot11,1741087122367,True
pilot11,1741087182574,True
pilot11,1741087233018,True
pilot11,1741087293360,True
pilot11,1741087343749,True
pilot11,1741087404080,True
pilot11,1741087454542,True
pilot11,1741087513384,True
pilot11,1741087573757,True
pilot11,1741087574364,True
pilot11,1741087634043,True
pilot11,1741087684421,True
pilot11,1741087744738,True
pilot11,1741087795116,True
pilot11,1741087855396,True
pilot11,1741087905825,True
pilot11,1741087966089,True
pilot11,1741088026366,True
pilot11,1741088086698,True
pilot11,1741088137178,True
pilot11,1741088197466,True
pilot11,1741088248147,True
pilot11,1741088308455,True
pilot11,1741088369611,True
pilot11,1741088430336,True
pilot11,1741088480935,True
pilot11,1741088538926,True
pilot11,1741088589328,True
pilot11,1741088649601,True
pilot11,1741088700041,True
pilot11,1741088760412,True
pilot11,1741088810810,True
pilot11,1741088871100,True
pilot11,1741088921532,True
pilot11,1741088981832,True
pilot11,1741089032234,True
pilot11,1741089092562,True
pilot11,1741089142982,True
pilot11,1741089202022,True
pilot11,1741089252578,True
pilot11,1741089312870,True
pilot11,1741089363243,True
pilot11,1741089423601,True
pilot11,1741089474062,True
pilot11,1741089534311,True
pilot11,1741089594583,True
pilot11,1741054117773,False
pilot11,1741055443318,False
pilot11,1741055446877,False
pilot11,1741082406781,False
pilot11,1741082458651,False
pilot11,1741082520021,False
pilot11,1741082571450,False
pilot11,1741082626817,False
pilot11,1741082678259,False
pilot11,1741082738955,False
pilot11,1741082790140,False
pilot11,1741082851062,False
pilot11,1741082902537,False
pilot11,1741082963271,False
pilot11,1741083024081,False
pilot11,1741083084980,False
pilot11,1741083136218,False
pilot11,1741083197022,False
pilot11,1741083248373,False
pilot11,1741083309203,False
pilot11,1741083360325,False
pilot11,1741083415937,False
pilot11,1741083467116,False
pilot11,1741083527939,False
pilot11,1741083579093,False
pilot11,1741083639949,False
pilot11,1741083691137,False
pilot11,1741083751956,False
pilot11,1741083803295,True
pilot11,1741083864092,False
pilot11,1741083915252,False
pilot11,1741083978330,False
pilot11,1741084066209,False
pilot11,1741084126996,False
pilot11,1741084221477,True
pilot11,1741084281451,True
pilot11,1741084340946,True
pilot11,1741084402436,True
pilot11,1741084463323,False
pilot11,1741084514538,True
pilot11,1741084575167,True
pilot11,1741084635947,True
pilot11,1741084696744,True
pilot11,1741084747896,True
pilot11,1741084808829,True
pilot11,1741084860033,True
pilot11,1741084920828,True
pilot11,1741084981720,True
pilot11,1741085042638,True
pilot11,1741085103502,True
pilot11,1741085164362,True
pilot11,1741085215623,True
pilot11,1741085276432,True
pilot11,1741085327512,True
pilot11,1741085388493,True
pilot11,1741085449333,True
pilot11,1741085509985,False
pilot11,1741085570866,False
pilot11,1741085674982,False
pilot11,1741085765823,False
pilot11,1741085825863,True
pilot11,1741085885979,True
pilot11,1741085886596,True
pilot11,1741085946196,True
pilot11,1741085996690,True
pilot11,1741089654924,True
pilot11,1741089705514,True
pilot11,1741089765873,True
pilot11,1741089816306,True
pilot11,1741089877301,True
pilot11,1741089929719,True
pilot11,1741089989428,True
pilot11,1741090039357,True
pilot11,1741090099674,True
pilot11,1741090150126,True
pilot11,1741090210492,True
pilot11,1741090260994,True
pilot11,1741090321325,True
pilot11,1741090381615,True
pilot11,1741090441928,True
pilot11,1741090492376,True
pilot11,1741090552704,True
pilot11,1741090603085,True
pilot11,1741090663386,True
pilot11,1741090713816,True
pilot11,1741090771877,True
pilot11,1741090822939,True
pilot11,1741090883710,False
pilot11,1741090934692,False
pilot11,1741090994870,False
pilot11,1741091089225,False
pilot11,1741091180425,False
pilot11,1741091238769,False
pilot11,1741091353659,False
pilot11,1741091414222,False
pilot11,1741075229972,True
pilot11,1741075290532,False
pilot11,1741075341663,False
pilot11,1741076131065,False
pilot11,1741076460063,True
pilot11,1741076587526,True
pilot11,1741076649425,True
pilot11,1741076709446,False
pilot11,1741076770232,False
pilot11,1741076821388,False
pilot11,1741076882193,False
pilot11,1741076933251,False
pilot11,1741076994126,False
pilot11,1741077055009,True
pilot11,1741077115679,True
pilot11,1741077166387,True
pilot11,1741077229287,True
pilot11,1741077279943,False
pilot11,1741077340886,False
pilot11,1741077391924,False
pilot11,1741077444763,False
pilot11,1741077496961,False
pilot11,1741077557725,False
pilot11,1741077608780,False
pilot11,1741077669652,False
pilot11,1741077731918,False
pilot11,1741077790066,False
pilot11,1741077850576,False
pilot11,1741077901635,False
pilot11,1741077962474,False
pilot11,1741078013527,False
pilot11,1741078074364,False
pilot11,1741078125306,False
pilot11,1741078186112,False
pilot11,1741078237602,False
pilot11,1741078295734,False
pilot11,1741078346702,False
pilot11,1741078407509,False
pilot11,1741078458903,False
pilot11,1741078519712,False
pilot11,1741078571439,False
pilot11,1741078632455,False
pilot11,1741078684091,False
pilot11,1741078735225,False
pilot11,1741078788965,False
pilot11,1741068648282,False
pilot11,1741071349140,False
pilot11,1741071589868,True
pilot11,1741050179945,False
pilot11,1741051001810,False
pilot11,1741053216052,False
pilot11,1741071650710,False
pilot11,1741072249375,False
pilot11,1741073150949,False
pilot11,1741073300313,False
pilot11,1741078850237,False
pilot11,1741078901504,False
pilot11,1741078962434,False
pilot11,1741079025605,True
pilot11,1741079085383,True
pilot11,1741079137508,True
pilot11,1741079198341,True
pilot11,1741079249753,True
pilot11,1741079310627,True
pilot11,1741079361992,True
pilot11,1741079422857,True
pilot11,1741079483826,True
pilot11,1741079544741,True
pilot11,1741079596068,True
pilot11,1741079649467,True
pilot11,1741079702084,True
pilot11,1741079762618,True
pilot11,1741079813947,True
pilot11,1741079874876,True
pilot11,1741079926329,True
pilot11,1741079987247,True
pilot11,1741080038608,True
pilot11,1741080099545,False
pilot11,1741080150782,False
pilot11,1741080211756,False
pilot11,1741080263420,False
pilot11,1741080318607,False
pilot11,1741080369948,False
pilot11,1741080430869,False
pilot11,1741080482208,False
pilot11,1741080543114,False
pilot11,1741080604078,False
pilot11,1741080662734,False
pilot11,1741080723640,False
pilot11,1741080775178,False
pilot11,1741080835934,False
pilot11,1741080887133,False
pilot11,1741080947992,False
pilot11,1741080999266,False
pilot11,1741081060092,False
pilot11,1741081111882,False
pilot11,1741081169229,False
pilot11,1741081220445,False
pilot11,1741081281278,False
pilot11,1741081332666,False
pilot11,1741081393427,False
pilot11,1741081444627,False
pilot11,1741081505711,False
pilot11,1741081556799,False
pilot11,1741081617629,False
pilot11,1741081678478,False
pilot11,1741081739329,False
pilot11,1741081790484,False
pilot11,1741081851303,False
pilot11,1741081902492,False
pilot11,1741081958650,False
pilot11,1741082009852,False
pilot11,1741082070676,False
pilot11,1741082121833,False
pilot11,1741082182688,False
pilot11,1741082233859,False
pilot11,1741082294716,False
pilot11,1741082345892,False
pilot11,1741046450978,False
pilot11,1741046501978,False
pilot11,1741046555207,False
pilot11,1741046609451,False
pilot11,1741046670166,False
pilot11,1741046729492,False
pilot11,1741046801823,False
pilot11,1741046852718,False
pilot11,1741046918710,False
pilot11,1741046969646,False
pilot11,1741047033689,False
pilot11,1741047089485,False
pilot11,1741047162989,True
pilot11,1741047223904,True
pilot11,1741047275453,True
pilot11,1741047336083,True
pilot11,1741047386956,True
pilot11,1741047447515,True
pilot11,1741047499229,True
pilot11,1741047559669,True
pilot11,1741047610565,True
pilot11,1741047671331,True
pilot11,1741047722227,True
pilot11,1741047773210,False
pilot11,1741047827279,False
pilot11,1741047930070,False
pilot11,1741048027451,False
pilot11,1741048100081,True
pilot11,1741048151021,True
pilot11,1741048211720,True
pilot11,1741048262658,True
pilot11,1741048323356,True
pilot11,1741048374212,True
pilot11,1741048434952,True
pilot11,1741048485929,True
pilot11,1741048546664,True
pilot11,1741048597603,True
pilot11,1741048647602,True
pilot11,1741048702723,True
pilot11,1741048763380,True
pilot11,1741048814373,True
pilot11,1741048875052,True
pilot11,1741048925991,True
pilot11,1741048986679,True
pilot11,1741049037611,True
pilot11,1741049098297,True
pilot11,1741049148937,True
pilot11,1741049209739,True
pilot11,1741049260695,True
pilot11,1741049314340,True
pilot11,1741049365750,True
pilot11,1741049426456,False
pilot11,1741049487171,False
pilot11,1741064433801,False
pilot11,1741064502597,False
pilot11,1741064601697,False
pilot11,1741064683318,False
pilot11,1741064785158,False
pilot11,1741064866143,False
pilot11,1741064962202,False
pilot11,1741065055268,False
pilot11,1741065115946,True
pilot11,1741065167212,True
pilot11,1741065228180,True
pilot11,1741065279343,True
pilot11,1741065340047,True
pilot11,1741065391121,True
pilot11,1741065451933,True
pilot11,1741065512731,True
pilot11,1741065573670,True
pilot11,1741065624793,True
pilot11,1741065685615,True
pilot11,1741065736429,True
pilot11,1741065797367,False
pilot11,1741065848590,False
pilot11,1741065904935,False
pilot11,1741065959895,False
pilot11,1741066047328,False
pilot11,1741066131765,True
pilot11,1741066192700,True
pilot11,1741066243853,True
pilot11,1741066304672,True
pilot11,1741066356289,True
pilot11,1741066417201,False
pilot11,1741066468468,True
pilot11,1741066529117,True
pilot11,1741066580200,True
pilot11,1741066641108,True
pilot11,1741066692386,True
pilot11,1741066753282,True
pilot11,1741066804449,True
pilot11,1741066860816,True
pilot11,1741066912062,True
pilot11,1741066972821,False
pilot11,1741067033601,False
pilot11,1741067597508,True
pilot11,1741067658381,False
pilot11,1741067856224,False
pilot11,1740760032630,False
pilot11,1740760092813,False
pilot11,1740760284418,False
pilot11,1740760349347,False
pilot11,1740760401165,False
pilot11,1740760461788,False
pilot11,1740760607714,False
pilot11,1740760669558,True
pilot11,1740760729186,True
pilot11,1740760785505,True
pilot11,1740760846404,True
pilot11,1740760907298,True
pilot11,1740760968259,True
pilot11,1740761029106,True
pilot11,1740761081788,True
pilot11,1740761142157,False
pilot11,1740761232549,True
pilot11,1740761293321,True
pilot11,1740761354084,True
pilot11,1740761414826,True
pilot11,1740761475531,True
pilot11,1740761536222,True
pilot11,1740761596964,True
pilot11,1740761657714,True
pilot11,1740761718638,True
pilot11,1740761779473,True
pilot11,1740761840347,True
pilot11,1740761892159,True
pilot11,1740761952679,True
pilot11,1740762013679,True
pilot11,1740762074648,True
pilot11,1740762135561,True
pilot11,1740762190809,True
pilot11,1740762251757,True
pilot11,1740762312429,True
pilot11,1740762373356,True
pilot11,1740762427855,True
pilot11,1740762488820,True
pilot11,1740762549772,True
pilot11,1740762610760,True
pilot11,1740762661968,True
pilot11,1740762722807,True
pilot11,1740762774068,True
pilot11,1740762835004,True
pilot11,1740762895873,True
pilot11,1740762956469,True
pilot11,1740763017436,True
pilot11,1740763068690,True
pilot11,1740763129626,True
pilot11,1740763180789,True
pilot11,1740763238022,True
pilot11,1740763289307,True
pilot11,1740763350168,True
pilot11,1740763411135,False
pilot11,1740763462314,False
pilot11,1740763608915,False
pilot11,1740763669548,False
pilot11,1740763720716,False
pilot11,1740763817668,False
pilot11,1740763949557,False
pilot11,1740764046106,False
pilot11,1740764097210,False
pilot11,1740764158063,False
pilot11,1740764256346,False
pilot11,1740764322859,True
pilot11,1740764374033,True
pilot11,1740764434880,False
pilot11,1740764495737,False
pilot11,1740764559154,True
pilot11,1740764620080,False
pilot11,1740764717738,False
pilot11,1740764778329,False
pilot11,1740764858930,True
pilot11,1740764919612,False
pilot11,1740765012008,False
pilot11,1740765072480,False
pilot11,1740765195214,True
pilot11,1740765255988,False
pilot11,1740765385793,False
pilot11,1740765446309,False
pilot11,1740765497704,False
pilot11,1740765571798,False
pilot11,1740776407982,False
pilot11,1740776458965,False
pilot11,1740776519670,False
pilot11,1740776570585,False
pilot11,1740776783717,False
pilot11,1740777112759,True
pilot11,1740777172388,False
pilot11,1740777223380,False
pilot11,1740777298401,True
pilot11,1740777349294,True
pilot11,1740777410014,True
pilot11,1740777460938,True
pilot11,1740777521777,False
pilot11,1740777572762,False
pilot11,1740777793270,False
pilot11,1740777854118,False
pilot11,1740777905083,False
pilot11,1740778073511,False
pilot11,1740778137543,False
pilot11,1740778188693,True
pilot11,1740778249391,False
pilot11,1740778300424,False
pilot11,1740778619754,False
pilot11,1740778680271,True
pilot11,1740778731302,False
pilot11,1740779158661,True
pilot11,1740779219121,False
pilot11,1740779340942,False
pilot11,1740779550530,False
pilot11,1740779634481,False
pilot11,1740779685366,True
pilot11,1740779746128,False
pilot11,1740779797078,False
pilot11,1740783622487,True
pilot11,1740783673455,True
pilot11,1740783734206,True
pilot11,1740783785224,True
pilot11,1740783845906,True
pilot11,1740783897234,True
pilot11,1740783953024,True
pilot11,1740784004651,True
pilot11,1740784065028,True
pilot11,1740784116006,True
pilot11,1740784176677,False
pilot11,1740784227701,False
pilot11,1740784311915,False
pilot11,1740784428242,False
pilot11,1740784511282,True
pilot11,1740784562329,True
pilot11,1740784623100,True
pilot11,1740784673983,False
pilot11,1740784734679,False
pilot11,1740784802390,True
pilot11,1740784853347,False
pilot11,1740784914241,False
pilot11,1740784990323,False
pilot11,1740785042350,False
pilot11,1740785133356,True
pilot11,1740785184451,True
pilot11,1740785245523,True
pilot11,1740785296238,True
pilot11,1740785357098,True
pilot11,1740785408147,True
pilot11,1740785469212,True
pilot11,1740785529721,True
pilot11,1740785580680,True
pilot11,1740785641435,True
pilot11,1740785692389,False
pilot11,1740785753085,False
pilot11,1740785906105,False
pilot11,1740785975406,True
pilot11,1740786026420,True
pilot11,1740786087126,True
pilot11,1740786138028,True
pilot11,1740786198777,True
pilot11,1740786249813,True
pilot11,1740786310487,True
pilot11,1740786371165,True
pilot11,1740786429230,True
pilot11,1740786489957,True
pilot11,1740786540816,True
pilot11,1740786601507,True
pilot11,1740786652477,True
pilot11,1740786703082,True
pilot11,1740786757560,True
pilot11,1740786818312,True
pilot11,1740786869350,True
pilot11,1740786930034,True
pilot11,1740786980995,True
pilot11,1740787041735,True
pilot11,1740787092731,True
pilot11,1740787153407,True
pilot11,1740765637699,False
pilot11,1740765728917,False
pilot11,1740765794975,False
pilot11,1740765879295,False
pilot11,1740765971805,False
pilot11,1740766032658,False
pilot11,1740766097840,False
pilot11,1740766184953,False
pilot11,1740766300806,False
pilot11,1740766362494,False
pilot11,1740766456306,False
pilot11,1740766542366,False
pilot11,1740766593469,False
pilot11,1740766654274,False
pilot11,1740766751617,False
pilot11,1740766826115,True
pilot11,1740766877283,False
pilot11,1740766938073,False
pilot11,1740767004938,True
pilot11,1740767065766,False
pilot11,1740767116929,False
pilot11,1740767177750,False
pilot11,1740767236978,False
pilot11,1740767299155,True
pilot11,1740767350143,True
pilot11,1740767410951,False
pilot11,1740767462075,False
pilot11,1740767537016,False
pilot11,1740767628871,True
pilot11,1740767689586,False
pilot11,1740767832231,False
pilot11,1740767892852,False
pilot11,1740767944046,False
pilot11,1740768016562,False
pilot11,1740768099149,False
pilot11,1740768159846,False
pilot11,1740768241179,True
pilot11,1740768301495,False
pilot11,1740768383260,False
pilot11,1740768443887,False
pilot11,1740768544078,False
pilot11,1740768604775,False
pilot11,1740768674985,True
pilot11,1740768735353,False
pilot11,1740768786437,False
pilot11,1740768881804,False
pilot11,1740768933178,True
pilot11,1740768994017,False
pilot11,1740769045103,False
pilot11,1740769182504,False
pilot11,1740780059683,False
pilot11,1740780152430,False
pilot11,1740780213282,False
pilot11,1740780276090,False
pilot11,1740780327120,False
pilot11,1740780387856,False
pilot11,1740780449574,False
pilot11,1740780521102,True
pilot11,1740780572108,False
pilot11,1740780632862,False
pilot11,1740780699048,True
pilot11,1740780759822,False
pilot11,1740780810819,True
pilot11,1740780871711,True
pilot11,1740780922634,False
pilot11,1740780983454,True
pilot11,1740781044257,True
pilot11,1740781104955,True
pilot11,1740781155959,True
pilot11,1740781216761,False
pilot11,1740781277494,False
pilot11,1740781347131,False
pilot11,1740781462884,False
pilot11,1740781544979,False
pilot11,1740781635476,False
pilot11,1740781687172,True
pilot11,1740781747730,False
pilot11,1740781798669,False
pilot11,1740781859369,False
pilot11,1740781910288,False
pilot11,1740781985677,True
pilot11,1740782046338,True
pilot11,1740782099415,False
pilot11,1740782160155,False
pilot11,1740782211080,False
pilot11,1740782271664,False
pilot11,1740782322695,False
pilot11,1740782437347,False
pilot11,1740782497881,False
pilot11,1740782548921,True
pilot11,1740782609690,True
pilot11,1740782670404,True
pilot11,1740782731178,True
pilot11,1740782791829,True
pilot11,1740782852575,True
pilot11,1740782913217,True
pilot11,1740782973927,True
pilot11,1740783034668,True
pilot11,1740783095364,True
pilot11,1740783156079,True
pilot11,1740783216800,True
pilot11,1740783277550,True
pilot11,1740783338255,True
pilot11,1740783399007,True
pilot11,1740783449978,False
pilot11,1740783510691,True
pilot11,1740783561717,True
pilot11,1740769243642,True
pilot11,1740769294749,True
pilot11,1740769355629,True
pilot11,1740769406829,True
pilot11,1740769467554,False
pilot11,1740769518736,False
pilot11,1740769606821,False
pilot11,1740769657714,False
pilot11,1740769718594,False
pilot11,1740769769688,False
pilot11,1740769854912,False
pilot11,1740769905945,True
pilot11,1740769966765,True
pilot11,1740770017909,True
pilot11,1740770078666,True
pilot11,1740770129741,True
pilot11,1740770190534,True
pilot11,1740770241169,True
pilot11,1740770295998,False
pilot11,1740770347075,False
pilot11,1740770436119,True
pilot11,1740770496939,False
pilot11,1740770557642,False
pilot11,1740770618327,False
pilot11,1740770694756,False
pilot11,1740770779627,False
pilot11,1740770840503,False
pilot11,1740770891545,True
pilot11,1740770952245,True
pilot11,1740771003283,True
pilot11,1740771064128,True
pilot11,1740771115231,True
pilot11,1740771176016,False
pilot11,1740771227028,False
pilot11,1740771331219,False
pilot11,1740771420025,False
pilot11,1740771487793,True
pilot11,1740771548472,False
pilot11,1740771599604,False
pilot11,1740771660354,False
pilot11,1740771740834,False
pilot11,1740771872858,False
pilot11,1740771935446,True
pilot11,1740771986476,False
pilot11,1740772047228,False
pilot11,1740772140194,False
pilot11,1740772221410,False
pilot11,1740772272760,False
pilot11,1740772403076,False
pilot11,1740772490711,False
pilot11,1740772584696,True
pilot11,1740772645410,False
pilot11,1740772787257,False
pilot11,1740772862202,False
pilot11,1740772925434,False
pilot11,1740772986142,True
pilot11,1740773037276,True
pilot11,1740773098027,False
pilot11,1740773149025,False
pilot11,1740773212878,False
pilot11,1740773317163,False
pilot11,1740773400932,False
pilot11,1740773452244,False
pilot11,1740773545966,False
pilot11,1740773666230,False
pilot11,1740773726864,False
pilot11,1740773842103,False
pilot11,1740773934494,False
pilot11,1740774026368,False
pilot11,1740774087033,False
pilot11,1740774137997,False
pilot11,1740774198862,False
pilot11,1740774293436,False
pilot11,1740774400062,False
pilot11,1740774473824,False
pilot11,1740774524621,False
pilot11,1740774585464,False
pilot11,1740774656739,False
pilot11,1740774734225,False
pilot11,1740774828987,True
pilot11,1740774889648,False
pilot11,1740775252040,True
pilot11,1740775312743,True
pilot11,1740775363729,True
pilot11,1740775424539,True
pilot11,1740775475720,True
pilot11,1740775537348,False
pilot11,1740775597809,False
pilot11,1740775855665,True
pilot11,1740775989313,False
pilot11,1740776175724,True
pilot11,1740776248601,False
pilot11,1740776347072,True
pilot11,1740798936501,False
pilot11,1740799838346,False
pilot11,1740844836899,True
pilot11,1740844892241,True
pilot11,1740844953131,True
pilot11,1740845004369,False
pilot11,1740845065183,False
pilot11,1740845144442,False
pilot11,1740845219700,False
pilot11,1740845280389,False
pilot11,1740845401052,False
pilot11,1740845461644,False
pilot11,1740845512787,False
pilot11,1740845596413,False
pilot11,1740845670647,False
pilot11,1740845731196,False
pilot11,1740845782404,False
pilot11,1740845888850,False
pilot11,1740845975277,False
pilot11,1740846062037,False
pilot11,1740846122889,False
pilot11,1740846183753,False
pilot11,1740846349964,False
pilot11,1740846410687,False
pilot11,1740846489092,False
pilot11,1740846619330,False
pilot11,1740846680261,False
pilot11,1740846812934,False
pilot11,1740846875177,False
pilot11,1740846970043,False
pilot11,1740847060489,False
pilot11,1740847115858,False
pilot11,1740847216013,False
pilot11,1740847291764,False
pilot11,1740847399312,False
pilot11,1740847493273,False
pilot11,1740847561973,False
pilot11,1740847634874,False
pilot11,1740847792234,False
pilot11,1740847878319,False
pilot11,1740847980150,False
pilot11,1740848143994,False
pilot11,1740848223605,False
pilot11,1740848320104,False
pilot11,1740848380768,False
pilot11,1740801679614,False
pilot11,1740801740065,False
pilot11,1740801790997,False
pilot11,1740802581374,False
pilot11,1740802908641,False
pilot11,1740826814902,True
pilot11,1740826865708,True
pilot11,1740826926347,True
pilot11,1740826977167,True
pilot11,1740827037893,False
pilot11,1740827088801,False
pilot11,1740827265944,False
pilot11,1740827364263,False
pilot11,1740827458012,False
pilot11,1740827551552,False
pilot11,1740827620926,True
pilot11,1740827681687,False
pilot11,1740827744087,False
pilot11,1740827850653,False
pilot11,1740827954843,True
pilot11,1740828015470,True
pilot11,1740828076205,False
pilot11,1740828133937,False
pilot11,1740828194600,False
pilot11,1740828245599,False
pilot11,1740828315287,False
pilot11,1740828481865,False
pilot11,1740828542834,False
pilot11,1740828593734,True
pilot11,1740828654466,True
pilot11,1740828705336,True
pilot11,1740828766057,True
pilot11,1740828816988,True
pilot11,1740828877624,True
pilot11,1740828928532,True
pilot11,1740828989236,True
pilot11,1740829040106,True
pilot11,1740829100849,True
pilot11,1740829151805,True
pilot11,1740829209476,True
pilot11,1740829260564,True
pilot11,1740829321175,True
pilot11,1740829372089,True
pilot11,1740829432820,True
pilot11,1740829493462,True
pilot11,1740829554089,True
pilot11,1740829605080,True
pilot11,1740829665726,True
pilot11,1740829716643,False
pilot11,1740829777306,False
pilot11,1740829828258,False
pilot11,1740829888958,False
pilot11,1740829940124,False
pilot11,1740829997910,False
pilot11,1740830058434,False
pilot11,1740830119534,True
pilot11,1740830180004,True
pilot11,1740830240604,True
pilot11,1740830301118,True
pilot11,1740830351950,True
pilot11,1740795329136,False
pilot11,1740795900442,False
pilot11,1740795961066,False
pilot11,1740796229343,False
pilot11,1740823224903,False
pilot11,1740823276094,False
pilot11,1740823336569,False
pilot11,1740823387485,True
pilot11,1740823448112,True
pilot11,1740823508862,True
pilot11,1740823569553,True
pilot11,1740823620963,True
pilot11,1740823681386,False
pilot11,1740823732439,False
pilot11,1740823831249,True
pilot11,1740824201953,False
pilot11,1740824262505,False
pilot11,1740824468795,False
pilot11,1740824531868,False
pilot11,1740824582818,True
pilot11,1740824643537,True
pilot11,1740824694427,False
pilot11,1740824755119,False
pilot11,1740824810111,False
pilot11,1740824870782,False
pilot11,1740824921633,False
pilot11,1740824982333,False
pilot11,1740825033268,False
pilot11,1740825089151,False
pilot11,1740825140012,False
pilot11,1740825211185,False
pilot11,1740825262097,False
pilot11,1740825328398,False
pilot11,1740825379315,False
pilot11,1740825435131,False
pilot11,1740825486150,False
pilot11,1740825546708,True
pilot11,1740825597566,False
pilot11,1740825658330,False
pilot11,1740825962504,True
pilot11,1740826023204,False
pilot11,1740826079742,False
pilot11,1740826366964,False
pilot11,1740826525528,True
pilot11,1740826586257,False
pilot11,1740826637166,False
pilot11,1740826703191,True
pilot11,1740826754254,True
pilot11,1740830412601,True
pilot11,1740830463447,True
pilot11,1740830524030,False
pilot11,1740830574985,False
pilot11,1740830805449,False
pilot11,1740830893398,False
pilot11,1740830944453,False
pilot11,1740831050021,False
pilot11,1740831146283,False
pilot11,1740831245556,False
pilot11,1740831328496,False
pilot11,1740831418252,False
pilot11,1740831509922,False
pilot11,1740831595054,False
pilot11,1740831685485,False
pilot11,1740831824853,False
pilot11,1740831964441,True
pilot11,1740832024127,True
pilot11,1740832075051,False
pilot11,1740832135757,False
pilot11,1740832234012,False
pilot11,1740832314875,False
pilot11,1740832402287,False
pilot11,1740832463535,True
pilot11,1740832514517,True
pilot11,1740832575176,True
pilot11,1740832626016,True
pilot11,1740832687642,True
pilot11,1740832747959,True
pilot11,1740832798875,True
pilot11,1740832859477,True
pilot11,1740832910439,True
pilot11,1740832970981,True
pilot11,1740833021845,True
pilot11,1740833082497,True
pilot11,1740833133282,True
pilot11,1740833190217,True
pilot11,1740833241097,True
pilot11,1740833301713,True
pilot11,1740833352530,True
pilot11,1740833413153,True
pilot11,1740833464061,True
pilot11,1740833524666,True
pilot11,1740833575493,True
pilot11,1740833636087,True
pilot11,1740833686875,True
pilot11,1740833747524,True
pilot11,1740833798680,True
pilot11,1740833859779,True
pilot11,1740833910194,True
pilot11,1740833970857,True
pilot11,1740816441747,True
pilot11,1740816741373,False
pilot11,1740816944066,True
pilot11,1740817005713,True
pilot11,1740817067237,True
pilot11,1740817126596,True
pilot11,1740817187516,True
pilot11,1740817248548,False
pilot11,1740817306548,False
pilot11,1740817367168,True
pilot11,1740817418006,True
pilot11,1740817478718,True
pilot11,1740817530371,True
pilot11,1740817590690,True
pilot11,1740817641635,True
pilot11,1740817702264,True
pilot11,1740817753666,True
pilot11,1740817814020,True
pilot11,1740817865289,True
pilot11,1740817916329,True
pilot11,1740817970122,True
pilot11,1740818030893,True
pilot11,1740818081738,True
pilot11,1740818142609,True
pilot11,1740818193473,True
pilot11,1740818254158,True
pilot11,1740818305030,True
pilot11,1740818365588,True
pilot11,1740818416525,True
pilot11,1740818477256,False
pilot11,1740818528190,False
pilot11,1740818977610,True
pilot11,1740819038728,False
pilot11,1740819142456,False
pilot11,1740819384438,False
pilot11,1740819445056,True
pilot11,1740819496422,True
pilot11,1740819556775,False
pilot11,1740848462648,False
pilot11,1740848596168,False
pilot11,1740848656841,False
pilot11,1740848742345,False
pilot11,1740848889508,False
pilot11,1740848962490,False
pilot11,1740849030735,False
pilot11,1740849099454,False
pilot11,1740849192279,False
pilot11,1740849332079,False
pilot11,1740849492714,False
pilot11,1740849635608,False
pilot11,1740849787327,False
pilot11,1740849880745,False
pilot11,1740849936751,False
pilot11,1740850003779,False
pilot11,1740850166029,False
pilot11,1740850226712,True
pilot11,1740850277695,False
pilot11,1740850338548,False
pilot11,1740850624093,False
pilot11,1740850719486,False
pilot11,1740850810799,False
pilot11,1740850925088,False
pilot11,1740850985782,False
pilot11,1740851092159,False
pilot11,1740851183202,False
pilot11,1740851251666,True
pilot11,1740851312495,True
pilot11,1740851363658,False
pilot11,1740851424439,False
pilot11,1740851510815,False
pilot11,1740851666361,False
pilot11,1740851727010,False
pilot11,1740851778938,True
pilot11,1740851839146,False
pilot11,1740851890240,False
pilot11,1740834022271,True
pilot11,1740834083156,True
pilot11,1740834134464,True
pilot11,1740834195424,True
pilot11,1740834246722,True
pilot11,1740834307692,True
pilot11,1740834359304,True
pilot11,1740834420122,True
pilot11,1740834471411,True
pilot11,1740834532361,True
pilot11,1740834583603,True
pilot11,1740834639472,True
pilot11,1740834690946,True
pilot11,1740834751758,True
pilot11,1740834803015,True
pilot11,1740834863924,True
pilot11,1740834915176,True
pilot11,1740834976038,True
pilot11,1740835026793,True
pilot11,1740835087810,True
pilot11,1740835139047,False
pilot11,1740835200023,True
pilot11,1740835251287,True
pilot11,1740835308307,True
pilot11,1740835368875,True
pilot11,1740835429792,True
pilot11,1740835481040,True
pilot11,1740835541969,True
pilot11,1740835593362,True
pilot11,1740835654238,False
pilot11,1740835705493,False
pilot11,1740835766434,False
pilot11,1740835817802,False
pilot11,1740835878522,False
pilot11,1740835929762,False
pilot11,1740835986488,False
pilot11,1740836037686,False
pilot11,1740836098511,False
pilot11,1740836159397,False
pilot11,1740836220454,False
pilot11,1740836271822,False
pilot11,1740836332733,False
pilot11,1740836383990,False
pilot11,1740836444799,False
pilot11,1740836505684,False
pilot11,1740836566537,False
pilot11,1740836617700,False
pilot11,1740836679069,False
pilot11,1740836733347,False
pilot11,1740836793364,False
pilot11,1740836844490,False
pilot11,1740836899042,False
pilot11,1740836951000,False
pilot11,1740837011794,True
pilot11,1740837062953,True
pilot11,1740837123704,True
pilot11,1740837174934,False
pilot11,1740837235765,False
pilot11,1740837288344,False
pilot11,1740837348874,False
pilot11,1740837400434,False
pilot11,1740837460941,False
pilot11,1740837512249,False
pilot11,1740837567201,False
pilot11,1740862821889,False
pilot11,1740862872845,False
pilot11,1740862933505,False
pilot11,1740862984511,False
pilot11,1740863045252,False
pilot11,1740863117042,False
pilot11,1740863177889,False
pilot11,1740863245503,False
pilot11,1740863325073,False
pilot11,1740863405414,False
pilot11,1740863538598,False
pilot11,1740863619471,True
pilot11,1740863679921,True
pilot11,1740863740617,True
pilot11,1740863793980,True
pilot11,1740863854785,False
pilot11,1740863905559,False
pilot11,1740863966311,True
pilot11,1740864017350,False
pilot11,1740864078166,False
pilot11,1740864182657,False
pilot11,1740864233666,False
pilot11,1740864314949,True
pilot11,1740864365910,False
pilot11,1740864426698,False
pilot11,1740864487813,True
pilot11,1740864548524,False
pilot11,1740864599414,True
pilot11,1740864660061,True
pilot11,1740864720790,True
pilot11,1740864781520,True
pilot11,1740864832519,True
pilot11,1740864893404,False
pilot11,1740864954137,False
pilot11,1740865043649,False
pilot11,1740865104367,False
pilot11,1740865185377,False
pilot11,1740865246149,True
pilot11,1740865296879,True
pilot11,1740865357610,False
pilot11,1740865408467,False
pilot11,1740865469197,True
pilot11,1740865520235,True
pilot11,1740865580890,True
pilot11,1740865631926,True
pilot11,1740865692672,True
pilot11,1740865744223,True
pilot11,1740865804953,True
pilot11,1740865855781,True
pilot11,1740865912906,True
pilot11,1740865973601,True
pilot11,1740866034259,True
pilot11,1740866085233,True
pilot11,1740866145973,True
pilot11,1740866196928,True
pilot11,1740866257661,True
pilot11,1740866308686,True
pilot11,1740866369353,False
pilot11,1740809085105,False
pilot11,1740810135837,False
pilot11,1740811042558,False
pilot11,1740811592699,False
pilot11,1740811653375,False
pilot11,1740811943473,False
pilot11,1740841206775,False
pilot11,1740841258052,False
pilot11,1740841318974,False
pilot11,1740841370723,False
pilot11,1740841431473,True
pilot11,1740841483081,True
pilot11,1740841544177,True
pilot11,1740841596182,True
pilot11,1740841656740,True
pilot11,1740841708064,True
pilot11,1740841762719,True
pilot11,1740841814063,False
pilot11,1740841874983,False
pilot11,1740842015922,False
pilot11,1740842076779,False
pilot11,1740842179827,False
pilot11,1740842272761,False
pilot11,1740842334982,False
pilot11,1740842395711,False
pilot11,1740842587714,False
pilot11,1740842648424,False
pilot11,1740842702295,False
pilot11,1740842763226,False
pilot11,1740842931294,False
pilot11,1740843028364,False
pilot11,1740843080191,False
pilot11,1740843149072,False
pilot11,1740843200374,True
pilot11,1740843261192,True
pilot11,1740843312372,True
pilot11,1740843373324,True
pilot11,1740843433334,True
pilot11,1740843494627,True
pilot11,1740843545782,True
pilot11,1740843606775,True
pilot11,1740843658030,True
pilot11,1740843718991,True
pilot11,1740843770161,True
pilot11,1740843821893,True
pilot11,1740843875231,True
pilot11,1740843936169,True
pilot11,1740843987781,True
pilot11,1740844048594,True
pilot11,1740844100060,True
pilot11,1740844160998,False
pilot11,1740844424183,False
pilot11,1740844585405,False
pilot11,1740844715012,True
pilot11,1740844776094,True
pilot11,1740790913253,False
pilot11,1740870013217,True
pilot11,1740870073811,True
pilot11,1740870124750,True
pilot11,1740870185578,False
pilot11,1740870237665,True
pilot11,1740870298225,True
pilot11,1740870349139,True
pilot11,1740870409945,False
pilot11,1740870460924,False
pilot11,1740870517536,False
pilot11,1740870568519,False
pilot11,1740870806598,False
pilot11,1740870867171,True
pilot11,1740870918156,False
pilot11,1740870978884,False
pilot11,1740871221091,False
pilot11,1740871282646,False
pilot11,1740871333502,False
pilot11,1740871394224,False
pilot11,1740871547206,True
pilot11,1740871608009,False
pilot11,1740871658910,False
pilot11,1740871781632,True
pilot11,1740871842313,False
pilot11,1740871893291,False
pilot11,1740871963114,True
pilot11,1740872013414,True
pilot11,1740872074047,True
pilot11,1740872125008,True
pilot11,1740872185641,True
pilot11,1740872246512,True
pilot11,1740872307116,True
pilot11,1740872367847,True
pilot11,1740872418702,True
pilot11,1740872479487,True
pilot11,1740872530306,True
pilot11,1740872591081,True
pilot11,1740872651796,True
pilot11,1740872712478,True
pilot11,1740872773296,True
pilot11,1740872824290,True
pilot11,1740872880347,True
pilot11,1740872931182,True
pilot11,1740872991859,True
pilot11,1740873042857,True
pilot11,1740873103571,True
pilot11,1740873164925,True
pilot11,1740873225367,False
pilot11,1740873286058,False
pilot11,1740873467300,True
pilot11,1740873528179,True
pilot11,1740873579004,True
pilot11,1740837618653,False
pilot11,1740837679561,False
pilot11,1740837730770,False
pilot11,1740837791477,False
pilot11,1740837842632,False
pilot11,1740837903533,False
pilot11,1740837954857,False
pilot11,1740838015590,False
pilot11,1740838066731,False
pilot11,1740838127560,False
pilot11,1740838178859,False
pilot11,1740838235085,False
pilot11,1740838286213,False
pilot11,1740838347100,False
pilot11,1740838398216,False
pilot11,1740838459078,False
pilot11,1740838510206,False
pilot11,1740838570919,False
pilot11,1740838622034,False
pilot11,1740838682883,False
pilot11,1740838734074,False
pilot11,1740838795168,False
pilot11,1740838846137,False
pilot11,1740838902726,False
pilot11,1740838953879,False
pilot11,1740839014594,False
pilot11,1740839065723,False
pilot11,1740839126577,False
pilot11,1740839177630,False
pilot11,1740839238409,False
pilot11,1740839289496,False
pilot11,1740839350304,False
pilot11,1740839401404,False
pilot11,1740839462214,False
pilot11,1740839513263,False
pilot11,1740839570363,False
pilot11,1740839621490,False
pilot11,1740839682344,False
pilot11,1740839743346,False
pilot11,1740839804092,False
pilot11,1740839855173,False
pilot11,1740839915975,False
pilot11,1740839967066,False
pilot11,1740840027872,False
pilot11,1740840078964,False
pilot11,1740840139727,False
pilot11,1740840190875,False
pilot11,1740840251671,False
pilot11,1740840302753,False
pilot11,1740840359405,False
pilot11,1740840410728,False
pilot11,1740840471384,False
pilot11,1740840522458,False
pilot11,1740840583248,False
pilot11,1740840635404,False
pilot11,1740840686779,False
pilot11,1740840748112,False
pilot11,1740840804132,False
pilot11,1740840867590,False
pilot11,1740840919764,False
pilot11,1740840972208,False
pilot11,1740841033437,False
pilot11,1740841094201,False
pilot11,1740841145601,False
pilot11,1740812845165,False
pilot11,1740812977356,False
pilot11,1740819607690,False
pilot11,1740819717959,False
pilot11,1740819898488,True
pilot11,1740819959131,False
pilot11,1740820021430,True
pilot11,1740820082342,True
pilot11,1740820142542,True
pilot11,1740820194177,True
pilot11,1740820254847,True
pilot11,1740820305802,False
pilot11,1740820366534,True
pilot11,1740820417477,False
pilot11,1740820478703,True
pilot11,1740820529459,True
pilot11,1740820590182,False
pilot11,1740820641085,False
pilot11,1740820815854,False
pilot11,1740820944948,False
pilot11,1740821005554,True
pilot11,1740821056416,True
pilot11,1740821117122,True
pilot11,1740821168067,True
pilot11,1740821228755,True
pilot11,1740821279707,True
pilot11,1740821340396,True
pilot11,1740821391303,True
pilot11,1740821451932,False
pilot11,1740821512681,False
pilot11,1740821573354,False
pilot11,1740821634010,False
pilot11,1740821686064,False
pilot11,1740821739266,False
pilot11,1740821791316,False
pilot11,1740821851979,False
pilot11,1740821902887,False
pilot11,1740821964714,False
pilot11,1740822021619,False
pilot11,1740822082310,False
pilot11,1740822142961,False
pilot11,1740822203688,False
pilot11,1740822254574,False
pilot11,1740822318789,False
pilot11,1740822369824,False
pilot11,1740822424679,False
pilot11,1740822475624,False
pilot11,1740822553300,False
pilot11,1740822604340,False
pilot11,1740822665073,True
pilot11,1740822715883,True
pilot11,1740822775958,True
pilot11,1740822827010,True
pilot11,1740822887594,False
pilot11,1740822938526,False
pilot11,1740823008166,False
pilot11,1740823059083,False
pilot11,1740823112356,False
pilot11,1740823164176,False
pilot11,1740852006346,False
pilot11,1740852100597,False
pilot11,1740852179364,False
pilot11,1740852247666,False
pilot11,1740852361462,False
pilot11,1740852454618,False
pilot11,1740852563465,False
pilot11,1740852656245,False
pilot11,1740852748855,False
pilot11,1740852932004,False
pilot11,1740853024405,False
pilot11,1740853100080,False
pilot11,1740853193947,False
pilot11,1740853245068,False
pilot11,1740853330836,False
pilot11,1740853482197,False
pilot11,1740853680340,False
pilot11,1740853821843,False
pilot11,1740853882629,False
pilot11,1740854039370,False
pilot11,1740854176192,False
pilot11,1740854236995,False
pilot11,1740854322386,False
pilot11,1740854425112,False
pilot11,1740854518280,False
pilot11,1740854579669,False
pilot11,1740854734173,False
pilot11,1740854815502,False
pilot11,1740854935154,False
pilot11,1740854995751,False
pilot11,1740855046829,False
pilot11,1740855145352,False
pilot11,1740855224102,False
pilot11,1740855285854,True
pilot11,1740855413004,False
pilot11,1740855463942,False
pilot11,1740866420359,False
pilot11,1740866532831,False
pilot11,1740866593373,False
pilot11,1740866739673,False
pilot11,1740866970590,False
pilot11,1740867031098,False
pilot11,1740867083148,True
pilot11,1740867143563,False
pilot11,1740867194568,False
pilot11,1740867575611,False
pilot11,1740867863270,True
pilot11,1740867922735,False
pilot11,1740867974198,False
pilot11,1740868092551,False
pilot11,1740868298181,True
pilot11,1740868358798,False
pilot11,1740868419376,False
pilot11,1740868696455,False
pilot11,1740868855683,False
pilot11,1740868943095,True
pilot11,1740868994010,True
pilot11,1740869054798,False
pilot11,1740869107089,True
pilot11,1740869167336,False
pilot11,1740869218269,False
pilot11,1740869481102,True
pilot11,1740869541628,True
pilot11,1740869602256,True
pilot11,1740869662868,True
pilot11,1740869714171,False
pilot11,1740869774811,False
pilot11,1740869850393,False
pilot11,1740869901370,True
pilot11,1740869962301,False
pilot11,1740805588233,False
pilot11,1740806490275,False
pilot11,1740808183124,False
pilot11,1740808243926,False
pilot11,1740808294781,False
pilot11,1740855861567,False
pilot11,1740855922838,True
pilot11,1740855973912,True
pilot11,1740856034749,True
pilot11,1740856085798,True
pilot11,1740856146536,True
pilot11,1740856197551,True
pilot11,1740856258301,True
pilot11,1740856309752,True
pilot11,1740856370135,True
pilot11,1740856421143,True
pilot11,1740856481929,True
pilot11,1740856532931,True
pilot11,1740856589284,True
pilot11,1740856649905,True
pilot11,1740856710617,True
pilot11,1740856761642,True
pilot11,1740856822430,True
pilot11,1740856873520,True
pilot11,1740856934236,True
pilot11,1740856985331,True
pilot11,1740857046071,True
pilot11,1740857097179,True
pilot11,1740857157878,False
pilot11,1740857208958,False
pilot11,1740857269698,False
pilot11,1740857330450,True
pilot11,1740857391150,True
pilot11,1740857442747,True
pilot11,1740857500032,True
pilot11,1740857550871,True
pilot11,1740857611558,True
pilot11,1740857662500,True
pilot11,1740857723155,True
pilot11,1740857774624,True
pilot11,1740857834951,True
pilot11,1740857885884,True
pilot11,1740857946555,True
pilot11,1740857997497,True
pilot11,1740858058182,True
pilot11,1740858108586,True
pilot11,1740858166092,True
pilot11,1740858217031,True
pilot11,1740858277711,True
pilot11,1740858328731,True
pilot11,1740858389349,True
pilot11,1740858440286,True
pilot11,1740858501029,True
pilot11,1740858552089,True
pilot11,1740858612797,True
pilot11,1740858663857,True
pilot11,1740858724448,True
pilot11,1740858775952,True
pilot11,1740858833059,True
pilot11,1740858883932,True
pilot11,1740858944599,True
pilot11,1740858996010,True
pilot11,1740859056692,True
pilot11,1740859108181,True
pilot11,1740859168768,True
pilot11,1740859219575,True
pilot11,1740859280261,True
pilot11,1740859331124,True
pilot11,1740859391828,True
pilot11,1740859442779,True
pilot11,1740859499823,True
pilot11,1740859551161,True
pilot11,1740859611761,True
pilot11,1740859662762,True
pilot11,1740859723371,True
pilot11,1740859774357,True
pilot11,1740859835026,True
pilot11,1740859886008,True
pilot11,1740859947480,True
pilot11,1740860008031,True
pilot11,1740860068840,True
pilot11,1740860119657,True
pilot11,1740860180462,True
pilot11,1740860241186,False
pilot11,1740860301985,False
pilot11,1740860362805,True
pilot11,1740860423527,True
pilot11,1740860474564,False
pilot11,1740860548843,False
pilot11,1740860599802,False
pilot11,1740860660615,False
pilot11,1740860711534,True
pilot11,1740860772198,True
pilot11,1740860823137,True
pilot11,1740860884186,True
pilot11,1740860935213,True
pilot11,1740860995852,True
pilot11,1740861047093,True
pilot11,1740861107684,True
pilot11,1740861158661,True
pilot11,1740861216441,True
pilot11,1740861267497,True
pilot11,1740861328021,True
pilot11,1740861379093,True
pilot11,1740861439806,False
pilot11,1740861490829,False
pilot11,1740861551534,True
pilot11,1740861602646,False
pilot11,1740861652839,False
pilot11,1740861758599,False
pilot11,1740861814588,False
pilot11,1740861893579,False
pilot11,1740861952412,True
pilot11,1740862013291,False
pilot11,1740862064274,False
pilot11,1740862174516,False
pilot11,1740862296848,False
pilot11,1740862394854,False
pilot11,1740862493340,False
pilot11,1740862580427,True
pilot11,1740862631731,True
pilot11,1740862692415,False
pilot11,1740862743417,False
pilot11,1740884571431,False
pilot11,1740885622371,False
pilot11,1740886523382,False
pilot11,1740931214144,True
pilot11,1740931274948,True
pilot11,1740931325948,True
pilot11,1740931386705,True
pilot11,1740931438208,True
pilot11,1740931493609,True
pilot11,1740931544649,True
pilot11,1740931605426,True
pilot11,1740931656547,True
pilot11,1740931717350,True
pilot11,1740931768424,True
pilot11,1740931829139,True
pilot11,1740931889977,True
pilot11,1740931950726,True
pilot11,1740932011492,True
pilot11,1740932062460,False
pilot11,1740932124888,False
pilot11,1740932184533,False
pilot11,1740932319667,False
pilot11,1740932425827,False
pilot11,1740932486448,False
pilot11,1740932537549,False
pilot11,1740932598274,False
pilot11,1740932674168,False
pilot11,1740932741308,False
pilot11,1740932859068,False
pilot11,1740932986446,False
pilot11,1740933051032,False
pilot11,1740933112087,False
pilot11,1740933195286,False
pilot11,1740933297619,False
pilot11,1740933368754,False
pilot11,1740933458876,False
pilot11,1740933545517,False
pilot11,1740933606212,False
pilot11,1740933657273,False
pilot11,1740933734727,False
pilot11,1740933831213,False
pilot11,1740933932428,False
pilot11,1740934041109,False
pilot11,1740934175840,False
pilot11,1740934264709,False
pilot11,1740934354808,False
pilot11,1740934453018,False
pilot11,1740934506361,False
pilot11,1740934573833,False
pilot11,1740934642680,False
pilot11,1740934722803,False
pilot11,1740888596916,False
pilot11,1740888657124,False
pilot11,1740888708046,False
pilot11,1740889498423,False
pilot11,1740890565421,False
pilot11,1740891466035,False
pilot11,1740913211262,False
pilot11,1740913278851,False
pilot11,1740913329956,False
pilot11,1740913390679,False
pilot11,1740913441848,False
pilot11,1740913511219,False
pilot11,1740913562321,False
pilot11,1740913633492,False
pilot11,1740913723445,False
pilot11,1740913841390,True
pilot11,1740913901780,False
pilot11,1740913993837,False
pilot11,1740914113494,False
pilot11,1740914174299,True
pilot11,1740914225338,False
pilot11,1740914286109,False
pilot11,1740914387015,False
pilot11,1740914468372,False
pilot11,1740914529046,False
pilot11,1740914662506,False
pilot11,1740914723153,False
pilot11,1740914774161,False
pilot11,1740914845776,False
pilot11,1740914964789,False
pilot11,1740915092836,False
pilot11,1740915178724,False
pilot11,1740915335254,False
pilot11,1740915466285,False
pilot11,1740915527042,False
pilot11,1740915632978,False
pilot11,1740915736617,False
pilot11,1740915832523,False
pilot11,1740915909564,False
pilot11,1740915978596,False
pilot11,1740916065631,True
pilot11,1740916116728,False
pilot11,1740916206956,False
pilot11,1740916257988,False
pilot11,1740916335497,False
pilot11,1740916432754,False
pilot11,1740916493315,True
pilot11,1740916544310,False
pilot11,1740916605159,False
pilot11,1740916665909,False
pilot11,1740916726671,False
pilot11,1740916798389,False
pilot11,1740881070547,False
pilot11,1740882769978,False
pilot11,1740883307977,False
pilot11,1740883368698,False
pilot11,1740883669850,False
pilot11,1740909637857,True
pilot11,1740909698952,True
pilot11,1740909750013,True
pilot11,1740909811059,True
pilot11,1740909871880,True
pilot11,1740909923075,True
pilot11,1740909983915,True
pilot11,1740910035006,True
pilot11,1740910095865,True
pilot11,1740910147146,True
pilot11,1740910204149,True
pilot11,1740910255316,True
pilot11,1740910316098,True
pilot11,1740910367237,True
pilot11,1740910428046,False
pilot11,1740910479334,False
pilot11,1740910540042,False
pilot11,1740910592476,False
pilot11,1740910672528,False
pilot11,1740910752455,False
pilot11,1740910821542,False
pilot11,1740910872544,False
pilot11,1740910933432,False
pilot11,1740911007558,True
pilot11,1740911068237,False
pilot11,1740911119384,False
pilot11,1740911212131,False
pilot11,1740911309523,False
pilot11,1740911390443,False
pilot11,1740911480915,False
pilot11,1740911541635,False
pilot11,1740911688247,False
pilot11,1740911747790,False
pilot11,1740911798915,False
pilot11,1740911964654,False
pilot11,1740912025255,False
pilot11,1740912117010,False
pilot11,1740912191585,False
pilot11,1740912322487,False
pilot11,1740912448697,False
pilot11,1740912509247,False
pilot11,1740912560308,False
pilot11,1740912676739,False
pilot11,1740912775542,True
pilot11,1740912826725,True
pilot11,1740912887457,True
pilot11,1740912948294,True
pilot11,1740913009026,False
pilot11,1740913060113,False
pilot11,1740913114991,False
pilot11,1740916859007,False
pilot11,1740916910018,False
pilot11,1740916994458,True
pilot11,1740917046010,False
pilot11,1740917106561,False
pilot11,1740917235318,False
pilot11,1740917337959,False
pilot11,1740917428732,False
pilot11,1740917548246,False
pilot11,1740917707799,False
pilot11,1740917768522,True
pilot11,1740917819524,False
pilot11,1740917911886,False
pilot11,1740917971389,False
pilot11,1740918055514,False
pilot11,1740918150571,False
pilot11,1740918211269,True
pilot11,1740918262310,True
pilot11,1740918323189,True
pilot11,1740918376375,True
pilot11,1740918436499,True
pilot11,1740918487411,True
pilot11,1740918549152,True
pilot11,1740918600484,True
pilot11,1740918660859,True
pilot11,1740918711759,True
pilot11,1740918772420,True
pilot11,1740918823343,True
pilot11,1740918878482,True
pilot11,1740918929472,True
pilot11,1740918990157,True
pilot11,1740919040624,True
pilot11,1740919101576,True
pilot11,1740919152428,True
pilot11,1740919213108,True
pilot11,1740919264048,True
pilot11,1740919324734,True
pilot11,1740919375677,True
pilot11,1740919436306,True
pilot11,1740919486763,True
pilot11,1740919545247,True
pilot11,1740919596688,True
pilot11,1740919657205,True
pilot11,1740919708371,True
pilot11,1740919768892,True
pilot11,1740919819835,True
pilot11,1740919880841,True
pilot11,1740919931856,True
pilot11,1740919992475,True
pilot11,1740920043503,True
pilot11,1740920104154,True
pilot11,1740920155056,True
pilot11,1740920212106,True
pilot11,1740920273958,True
pilot11,1740920328373,True
pilot11,1740920389198,True
pilot11,1740902642423,False
pilot11,1740902703087,False
pilot11,1740903024109,True
pilot11,1740903085252,False
pilot11,1740903148497,False
pilot11,1740903208848,True
pilot11,1740903269726,True
pilot11,1740903321009,True
pilot11,1740903381812,True
pilot11,1740903433202,True
pilot11,1740903494092,True
pilot11,1740903545419,True
pilot11,1740903606259,True
pilot11,1740903657771,True
pilot11,1740903719127,True
pilot11,1740903769857,False
pilot11,1740903823493,False
pilot11,1740903966466,False
pilot11,1740904098742,True
pilot11,1740904159495,False
pilot11,1740904249955,False
pilot11,1740904310894,False
pilot11,1740904442315,False
pilot11,1740904762193,True
pilot11,1740904822740,False
pilot11,1740904873957,False
pilot11,1740904934833,False
pilot11,1740905331195,False
pilot11,1740905494045,False
pilot11,1740905554698,False
pilot11,1740934806856,False
pilot11,1740934867542,False
pilot11,1740934985718,False
pilot11,1740935086986,False
pilot11,1740935138399,False
pilot11,1740935211601,False
pilot11,1740935297496,False
pilot11,1740935358114,False
pilot11,1740935448953,False
pilot11,1740935588680,False
pilot11,1740935649278,False
pilot11,1740935707567,False
pilot11,1740935814653,False
pilot11,1740935888422,False
pilot11,1740935941378,True
pilot11,1740936032890,True
pilot11,1740936088070,False
pilot11,1740936165123,False
pilot11,1740936249522,False
pilot11,1740936310282,False
pilot11,1740936361138,False
pilot11,1740936447408,False
pilot11,1740936521851,False
pilot11,1740936612168,False
pilot11,1740936711874,False
pilot11,1740936797633,False
pilot11,1740936899766,False
pilot11,1740937010733,False
pilot11,1740937081488,False
pilot11,1740937165146,False
pilot11,1740937242049,False
pilot11,1740937295724,False
pilot11,1740937356345,False
pilot11,1740937436663,False
pilot11,1740937536321,False
pilot11,1740937615862,False
pilot11,1740937704521,False
pilot11,1740937832924,False
pilot11,1740937938742,False
pilot11,1740937999428,False
pilot11,1740938060071,False
pilot11,1740938200089,False
pilot11,1740938299301,False
pilot11,1740938358326,False
pilot11,1740920440048,True
pilot11,1740920500818,True
pilot11,1740920551896,True
pilot11,1740920612777,True
pilot11,1740920663690,True
pilot11,1740920724423,True
pilot11,1740920775348,True
pilot11,1740920836045,True
pilot11,1740920887008,True
pilot11,1740920941109,True
pilot11,1740920992033,True
pilot11,1740921052684,True
pilot11,1740921103581,True
pilot11,1740921164258,True
pilot11,1740921215139,True
pilot11,1740921275889,True
pilot11,1740921326806,True
pilot11,1740921387488,True
pilot11,1740921438402,True
pilot11,1740921499110,True
pilot11,1740921550078,True
pilot11,1740921607424,True
pilot11,1740921658618,True
pilot11,1740921719410,True
pilot11,1740921770330,True
pilot11,1740921830575,True
pilot11,1740921881644,True
pilot11,1740921942337,True
pilot11,1740921993244,True
pilot11,1740922053928,True
pilot11,1740922104787,True
pilot11,1740922165476,True
pilot11,1740922216360,True
pilot11,1740922274167,True
pilot11,1740922325069,True
pilot11,1740922385759,True
pilot11,1740922436747,False
pilot11,1740922497495,False
pilot11,1740922598926,False
pilot11,1740922649940,False
pilot11,1740922710665,False
pilot11,1740922761580,False
pilot11,1740922822300,False
pilot11,1740922873276,False
pilot11,1740922933976,False
pilot11,1740922984919,False
pilot11,1740923037077,False
pilot11,1740923089983,False
pilot11,1740923150740,False
pilot11,1740923201810,False
pilot11,1740923262346,False
pilot11,1740923313245,False
pilot11,1740923373980,False
pilot11,1740923425045,False
pilot11,1740923485797,False
pilot11,1740923536743,False
pilot11,1740923597451,False
pilot11,1740923650163,False
pilot11,1740923704438,False
pilot11,1740923766142,False
pilot11,1740923827552,False
pilot11,1740923879501,False
pilot11,1740923940214,False
pilot11,1740923991564,False
pilot11,1740949204675,False
pilot11,1740949261918,False
pilot11,1740949343344,False
pilot11,1740949403788,False
pilot11,1740949540444,False
pilot11,1740949600914,False
pilot11,1740949651792,False
pilot11,1740949740814,False
pilot11,1740949791730,False
pilot11,1740949852420,False
pilot11,1740949922021,False
pilot11,1740949983943,False
pilot11,1740950049367,True
pilot11,1740950109994,False
pilot11,1740950165778,True
pilot11,1740950226505,False
pilot11,1740950318608,False
pilot11,1740950401957,False
pilot11,1740950453118,True
pilot11,1740950542308,True
pilot11,1740950593186,True
pilot11,1740950653921,True
pilot11,1740950704854,True
pilot11,1740950765602,True
pilot11,1740950816594,True
pilot11,1740950877365,True
pilot11,1740950928241,True
pilot11,1740950988991,True
pilot11,1740951049674,False
pilot11,1740951108880,False
pilot11,1740951214513,False
pilot11,1740951274916,False
pilot11,1740951325723,False
pilot11,1740951386459,False
pilot11,1740951447299,True
pilot11,1740951505939,False
pilot11,1740951566624,False
pilot11,1740951660419,False
pilot11,1740951711387,False
pilot11,1740951785191,False
pilot11,1740951846352,False
pilot11,1740951952173,False
pilot11,1740952039882,False
pilot11,1740952147638,False
pilot11,1740952235565,True
pilot11,1740952286540,False
pilot11,1740952347264,True
pilot11,1740952398222,True
pilot11,1740952459038,False
pilot11,1740952509922,False
pilot11,1740952649220,False
pilot11,1740952753070,False
pilot11,1740895875424,False
pilot11,1740898126603,False
pilot11,1740898186845,False
pilot11,1740898238291,False
pilot11,1740927612047,False
pilot11,1740927663136,False
pilot11,1740927719573,False
pilot11,1740927780321,False
pilot11,1740927841026,False
pilot11,1740927892176,False
pilot11,1740927953053,False
pilot11,1740928004123,False
pilot11,1740928064987,False
pilot11,1740928116010,False
pilot11,1740928176899,False
pilot11,1740928246372,False
pilot11,1740928307236,False
pilot11,1740928358353,False
pilot11,1740928419235,False
pilot11,1740928480029,False
pilot11,1740928540860,True
pilot11,1740928609463,False
pilot11,1740928670309,False
pilot11,1740928721335,False
pilot11,1740928775392,False
pilot11,1740928826579,False
pilot11,1740928887404,False
pilot11,1740928949073,False
pilot11,1740929009942,False
pilot11,1740929067113,False
pilot11,1740929127859,False
pilot11,1740929189016,True
pilot11,1740929244789,False
pilot11,1740929311267,False
pilot11,1740929378708,False
pilot11,1740929454057,False
pilot11,1740929505174,False
pilot11,1740929570589,False
pilot11,1740929621698,False
pilot11,1740929682511,False
pilot11,1740929733959,False
pilot11,1740929787383,False
pilot11,1740929838697,False
pilot11,1740929939642,False
pilot11,1740930036354,False
pilot11,1740930097044,False
pilot11,1740930148207,False
pilot11,1740930209019,False
pilot11,1740930260108,True
pilot11,1740930321059,True
pilot11,1740930381967,True
pilot11,1740930442857,True
pilot11,1740930503764,True
pilot11,1740930564647,True
pilot11,1740930625527,True
pilot11,1740930676706,True
pilot11,1740930737441,True
pilot11,1740930798271,False
pilot11,1740930859131,True
pilot11,1740930910328,False
pilot11,1740930971145,False
pilot11,1740931031942,False
pilot11,1740931092533,True
pilot11,1740931153443,True
pilot11,1740877203477,True
pilot11,1740877264189,True
pilot11,1740877315211,True
pilot11,1740877375903,True
pilot11,1740877426873,True
pilot11,1740877487610,True
pilot11,1740877538558,True
pilot11,1740877599308,True
pilot11,1740877650221,True
pilot11,1740877710940,True
pilot11,1740877761933,True
pilot11,1740877815435,True
pilot11,1740877866905,True
pilot11,1740877927653,True
pilot11,1740877978552,True
pilot11,1740878039218,True
pilot11,1740878090086,True
pilot11,1740878150788,True
pilot11,1740878201662,True
pilot11,1740878263366,True
pilot11,1740878314096,True
pilot11,1740878374762,True
pilot11,1740878425630,True
pilot11,1740878481820,True
pilot11,1740878532525,True
pilot11,1740878593449,False
pilot11,1740878654145,False
pilot11,1740878999561,False
pilot11,1740880169549,False
pilot11,1740956402775,False
pilot11,1740956453598,False
pilot11,1740956527507,False
pilot11,1740956695854,False
pilot11,1740956796643,False
pilot11,1740956849360,False
pilot11,1740956983158,False
pilot11,1740957086774,False
pilot11,1740957162498,False
pilot11,1740957214095,True
pilot11,1740957274844,True
pilot11,1740957325757,False
pilot11,1740957386299,False
pilot11,1740957526031,False
pilot11,1740957663777,False
pilot11,1740957756737,False
pilot11,1740957807650,False
pilot11,1740957938742,True
pilot11,1740957999305,False
pilot11,1740958050559,False
pilot11,1740958152357,False
pilot11,1740958243922,False
pilot11,1740958387402,False
pilot11,1740958499284,True
pilot11,1740958559987,False
pilot11,1740958610035,False
pilot11,1740958699895,False
pilot11,1740958804658,False
pilot11,1740958872677,False
pilot11,1740958961623,False
pilot11,1740959059243,True
pilot11,1740959119972,True
pilot11,1740959180591,False
pilot11,1740959241248,False
pilot11,1740959340621,False
pilot11,1740959415264,True
pilot11,1740959466421,False
pilot11,1740959548818,True
pilot11,1740959599800,False
pilot11,1740959660484,False
pilot11,1740959828416,False
pilot11,1740959889161,False
pilot11,1740959940002,False
pilot11,1740924052606,False
pilot11,1740924103889,False
pilot11,1740924164816,False
pilot11,1740924216171,False
pilot11,1740924277137,False
pilot11,1740924329075,False
pilot11,1740924379446,False
pilot11,1740924433559,False
pilot11,1740924494514,False
pilot11,1740924546883,False
pilot11,1740924607487,False
pilot11,1740924659057,False
pilot11,1740924719836,False
pilot11,1740924771158,False
pilot11,1740924832041,False
pilot11,1740924883333,False
pilot11,1740924944821,False
pilot11,1740924996136,False
pilot11,1740925048047,False
pilot11,1740925101171,False
pilot11,1740925162045,False
pilot11,1740925213319,False
pilot11,1740925274730,False
pilot11,1740925325766,False
pilot11,1740925386625,False
pilot11,1740925437875,False
pilot11,1740925498702,False
pilot11,1740925550122,False
pilot11,1740925611128,False
pilot11,1740925662274,False
pilot11,1740925716113,False
pilot11,1740925767396,False
pilot11,1740925828228,False
pilot11,1740925879427,False
pilot11,1740925940292,False
pilot11,1740925991532,False
pilot11,1740926052356,False
pilot11,1740926103600,False
pilot11,1740926164430,False
pilot11,1740926215659,False
pilot11,1740926276631,False
pilot11,1740926327752,False
pilot11,1740926384251,False
pilot11,1740926436283,False
pilot11,1740926496864,False
pilot11,1740926548009,False
pilot11,1740926608869,False
pilot11,1740926659939,True
pilot11,1740926720863,False
pilot11,1740926772117,False
pilot11,1740926832948,False
pilot11,1740926884805,False
pilot11,1740926945315,False
pilot11,1740926996382,False
pilot11,1740927051176,True
pilot11,1740927102976,True
pilot11,1740927163827,False
pilot11,1740927215310,False
pilot11,1740927275815,False
pilot11,1740927326997,False
pilot11,1740927387917,False
pilot11,1740927439198,False
pilot11,1740927500018,False
pilot11,1740927551137,False
pilot11,1740899026447,False
pilot11,1740899931337,False
pilot11,1740900077414,False
pilot11,1740906143856,False
pilot11,1740906233030,True
pilot11,1740906284100,False
pilot11,1740906344977,False
pilot11,1740906439640,False
pilot11,1740906520359,False
pilot11,1740906637414,False
pilot11,1740906721035,False
pilot11,1740906788025,False
pilot11,1740906920611,False
pilot11,1740907006660,False
pilot11,1740907057830,False
pilot11,1740907170061,False
pilot11,1740907254703,False
pilot11,1740907305875,False
pilot11,1740907413566,False
pilot11,1740907501133,False
pilot11,1740907595961,False
pilot11,1740907683582,False
pilot11,1740907769591,False
pilot11,1740907903387,False
pilot11,1740907964128,False
pilot11,1740908015233,False
pilot11,1740908072391,False
pilot11,1740908131941,False
pilot11,1740908196469,False
pilot11,1740908291641,False
pilot11,1740908403909,False
pilot11,1740908502709,False
pilot11,1740908621322,False
pilot11,1740908713417,False
pilot11,1740908783569,False
pilot11,1740908876679,False
pilot11,1740908968886,True
pilot11,1740909029503,False
pilot11,1740909129606,False
pilot11,1740909224690,False
pilot11,1740909292148,True
pilot11,1740909353039,True
pilot11,1740909404188,True
pilot11,1740909465022,True
pilot11,1740909516146,True
pilot11,1740909576958,True
pilot11,1740938419133,False
pilot11,1740938470012,False
pilot11,1740938530848,True
pilot11,1740938581915,False
pilot11,1740938642644,False
pilot11,1740938783004,False
pilot11,1740938905727,False
pilot11,1740938977222,False
pilot11,1740939028427,False
pilot11,1740939180357,False
pilot11,1740939241032,False
pilot11,1740939292059,False
pilot11,1740939444097,False
pilot11,1740939539657,False
pilot11,1740939590553,False
pilot11,1740939651341,False
pilot11,1740939712055,False
pilot11,1740939768701,False
pilot11,1740939861165,False
pilot11,1740939912200,False
pilot11,1740939972985,False
pilot11,1740940048449,False
pilot11,1740940149625,False
pilot11,1740940217173,False
pilot11,1740940278470,False
pilot11,1740940329346,False
pilot11,1740940415012,False
pilot11,1740940486923,False
pilot11,1740940547557,False
pilot11,1740940598531,False
pilot11,1740940671325,False
pilot11,1740940741178,False
pilot11,1740940810626,False
pilot11,1740940943444,False
pilot11,1740941004015,False
pilot11,1740941130060,False
pilot11,1740941222106,False
pilot11,1740941301876,False
pilot11,1740941409688,False
pilot11,1740941481850,False
pilot11,1740941578487,False
pilot11,1740941638890,False
pilot11,1740941689939,False
pilot11,1740941758604,True
pilot11,1740941809904,True
pilot11,1740941870465,False
pilot11,1740941921441,False
pilot11,1740952850853,False
pilot11,1740952923666,False
pilot11,1740952988335,False
pilot11,1740953048953,True
pilot11,1740953099808,True
pilot11,1740953160527,False
pilot11,1740953211277,False
pilot11,1740953290542,False
pilot11,1740953386460,False
pilot11,1740953487620,False
pilot11,1740953586314,False
pilot11,1740953646866,False
pilot11,1740953736629,False
pilot11,1740953799447,True
pilot11,1740953850234,False
pilot11,1740953926633,False
pilot11,1740954052929,False
pilot11,1740954152607,False
pilot11,1740954237982,False
pilot11,1740954333900,False
pilot11,1740954384809,False
pilot11,1740954479659,False
pilot11,1740954530567,False
pilot11,1740954633934,False
pilot11,1740954778716,False
pilot11,1740954839056,False
pilot11,1740954899643,False
pilot11,1740955055548,False
pilot11,1740955192536,False
pilot11,1740955303586,False
pilot11,1740955383603,False
pilot11,1740955441247,False
pilot11,1740955574051,False
pilot11,1740955634632,False
pilot11,1740955738015,False
pilot11,1740955884684,False
pilot11,1740955959001,True
pilot11,1740956019793,False
pilot11,1740956076719,False
pilot11,1740956137384,False
pilot11,1740956342126,False
pilot11,1740873639803,True
pilot11,1740873690726,True
pilot11,1740873751439,True
pilot11,1740873802346,True
pilot11,1740873863157,True
pilot11,1740873914080,True
pilot11,1740873974506,True
pilot11,1740874035272,True
pilot11,1740874086294,True
pilot11,1740874146913,True
pilot11,1740874197591,True
pilot11,1740874255132,True
pilot11,1740874306371,True
pilot11,1740874367052,True
pilot11,1740874417892,True
pilot11,1740874478021,True
pilot11,1740874528437,True
pilot11,1740874589428,True
pilot11,1740874640291,False
pilot11,1740874701050,False
pilot11,1740874761698,False
pilot11,1740874822400,False
pilot11,1740874877466,False
pilot11,1740874938174,False
pilot11,1740874998985,True
pilot11,1740875059721,False
pilot11,1740875120469,False
pilot11,1740875181711,False
pilot11,1740875232523,False
pilot11,1740875288069,False
pilot11,1740875348758,False
pilot11,1740875409474,False
pilot11,1740875460380,False
pilot11,1740875521137,False
pilot11,1740875572238,False
pilot11,1740875632978,False
pilot11,1740875683758,False
pilot11,1740875744616,False
pilot11,1740875795345,False
pilot11,1740875856116,False
pilot11,1740875909507,False
pilot11,1740875970171,False
pilot11,1740876021134,False
pilot11,1740876081860,False
pilot11,1740876132721,False
pilot11,1740876201408,False
pilot11,1740876252071,False
pilot11,1740876317019,False
pilot11,1740876377249,False
pilot11,1740876447713,False
pilot11,1740876498682,False
pilot11,1740876564878,False
pilot11,1740876615812,False
pilot11,1740876682140,False
pilot11,1740876752765,False
pilot11,1740876813501,False
pilot11,1740876864623,False
pilot11,1740876925349,False
pilot11,1740876986742,False
pilot11,1740877047434,True
pilot11,1740877098321,True
pilot11,1740877148548,True
pilot11,1740893423494,False
pilot11,1740894324426,False
pilot11,1740894996027,False
pilot11,1740942063307,False
pilot11,1740942128591,False
pilot11,1740942203558,False
pilot11,1740942264141,False
pilot11,1740942315046,False
pilot11,1740942375869,False
pilot11,1740942436570,True
pilot11,1740942497255,False
pilot11,1740942548054,False
pilot11,1740942608910,False
pilot11,1740942667350,False
pilot11,1740942727763,False
pilot11,1740942846386,False
pilot11,1740942959060,False
pilot11,1740943060707,True
pilot11,1740943111675,True
pilot11,1740943172455,True
pilot11,1740943223363,True
pilot11,1740943284145,True
pilot11,1740943335412,False
pilot11,1740943395999,False
pilot11,1740943460234,False
pilot11,1740943551328,False
pilot11,1740943642425,False
pilot11,1740943741920,False
pilot11,1740943849841,False
pilot11,1740943916733,False
pilot11,1740944063340,True
pilot11,1740944123809,False
pilot11,1740944174763,False
pilot11,1740944235525,False
pilot11,1740944286455,False
pilot11,1740944399087,False
pilot11,1740944459704,False
pilot11,1740944542992,False
pilot11,1740944688380,False
pilot11,1740944832652,False
pilot11,1740944931376,False
pilot11,1740944992966,False
pilot11,1740945146016,True
pilot11,1740945227878,False
pilot11,1740945353114,False
pilot11,1740945413560,False
pilot11,1740945473484,False
pilot11,1740945546486,False
pilot11,1740945613652,False
pilot11,1740945674061,False
pilot11,1740945724954,False
pilot11,1740945804790,False
pilot11,1740945895077,False
pilot11,1740945955706,True
pilot11,1740946006574,True
pilot11,1740946067281,True
pilot11,1740946118156,True
pilot11,1740946178850,True
pilot11,1740946239553,True
pilot11,1740946300212,True
pilot11,1740946351552,True
pilot11,1740946411935,True
pilot11,1740946462829,True
pilot11,1740946523667,True
pilot11,1740946574579,True
pilot11,1740946635210,True
pilot11,1740946686078,True
pilot11,1740946743835,True
pilot11,1740946794754,True
pilot11,1740946855454,True
pilot11,1740946906362,True
pilot11,1740946967122,True
pilot11,1740947018391,True
pilot11,1740947078866,True
pilot11,1740947129808,True
pilot11,1740947190624,True
pilot11,1740947241933,True
pilot11,1740947302521,True
pilot11,1740947353433,True
pilot11,1740947410625,False
pilot11,1740947461528,False
pilot11,1740947545103,False
pilot11,1740947623670,False
pilot11,1740947684416,True
pilot11,1740947735339,False
pilot11,1740947796208,True
pilot11,1740947847100,False
pilot11,1740947907777,False
pilot11,1740947974603,False
pilot11,1740948025611,False
pilot11,1740948086303,False
pilot11,1740948181348,False
pilot11,1740948242069,False
pilot11,1740948333264,False
pilot11,1740948393843,False
pilot11,1740948454458,True
pilot11,1740948515109,True
pilot11,1740948575780,True
pilot11,1740948626713,True
pilot11,1740948687415,True
pilot11,1740948738383,True
pilot11,1740948799238,True
pilot11,1740948859904,True
pilot11,1740948920687,True
pilot11,1740948971576,False
pilot11,1740949032267,False
pilot11,1740949092926,False
pilot11,1740949153663,False
