subject_id,timestamp,steps
pilot2,1739912586241.0,0.0
pilot2,1739912647085.0,0.0
pilot2,1739912707936.0,0.0
pilot2,1739912792106.0,0.0
pilot2,1739912861189.0,0.0
pilot2,1739912934196.0,0.0
pilot2,1739912997714.0,0.0
pilot2,1739913058057.0,0.0
pilot2,1739913118906.0,0.0
pilot2,1739913206573.0,0.0
pilot2,1739913267706.0,0.0
pilot2,1739913329705.0,0.0
pilot2,1739913389992.0,0.0
pilot2,1739913449993.0,0.0
pilot2,1739913534881.0,0.0
pilot2,1739913603704.0,0.0
pilot2,1739913665047.0,0.0
pilot2,1739913752669.0,15.0
pilot2,1739913813059.0,5.0
pilot2,1739913874155.0,0.0
pilot2,1739913940510.0,0.0
pilot2,1739914004236.0,0.0
pilot2,1739914081402.0,0.0
pilot2,1739914149434.0,0.0
pilot2,1739914209672.0,0.0
pilot2,1739914270035.0,0.0
pilot2,1739914331859.0,0.0
pilot2,1739914410103.0,0.0
pilot2,1739914483892.0,0.0
pilot2,1739914546382.0,0.0
pilot2,1739914612813.0,0.0
pilot2,1739914694714.0,0.0
pilot2,1739914777753.0,0.0
pilot2,1739914838588.0,0.0
pilot2,1739914899438.0,0.0
pilot2,1739914963772.0,0.0
pilot2,1739915047995.0,0.0
pilot2,1739915118888.0,0.0
pilot2,1739915179237.0,0.0
pilot2,1739915240589.0,0.0
pilot2,1739915300934.0,0.0
pilot2,1739915361287.0,0.0
pilot2,1739915422128.0,0.0
pilot2,1739915482976.0,0.0
pilot2,1739915543329.0,0.0
pilot2,1739915603677.0,0.0
pilot2,1739915664538.0,0.0
pilot2,1739915725389.0,0.0
pilot2,1739915785769.0,0.0
pilot2,1739915846569.0,0.0
pilot2,1739915906694.0,0.0
pilot2,1739916298339.0,0.0
pilot2,1739916359299.0,0.0
pilot2,1739916423640.0,0.0
pilot2,1739916484483.0,0.0
pilot2,1739916571265.0,29.0
pilot2,1739916633601.0,78.0
pilot2,1739916694447.0,170.0
pilot2,1739916755316.0,112.0
pilot2,1739916816159.0,89.0
pilot2,1739916876167.0,77.0
pilot2,1739916936812.0,48.0
pilot2,1739916996815.0,13.0
pilot2,1739917058036.0,42.0
pilot2,1739917137856.0,62.0
pilot2,1739917202184.0,35.0
pilot2,1739917279450.0,0.0
pilot2,1739917348624.0,0.0
pilot2,1739917412324.0,0.0
pilot2,1739917481983.0,0.0
pilot2,1739917542326.0,0.0
pilot2,1739917603173.0,0.0
pilot2,1739917664012.0,0.0
pilot2,1739917743317.0,0.0
pilot2,1739917811912.0,0.0
pilot2,1739917889695.0,98.0
pilot2,1739917953864.0,39.0
pilot2,1739918027617.0,179.0
pilot2,1739918089476.0,104.0
pilot2,1739918176879.0,85.0
pilot2,1739918236880.0,101.0
pilot2,1739918297780.0,50.0
pilot2,1739918372109.0,6.0
pilot2,1739918444570.0,37.0
pilot2,1739918504905.0,70.0
pilot2,1739918565337.0,75.0
pilot2,1739918626131.0,13.0
pilot2,1739918693938.0,0.0
pilot2,1739918754294.0,0.0
pilot2,1739918815136.0,0.0
pilot2,1739918891104.0,0.0
pilot2,1739918963670.0,0.0
pilot2,1739919025122.0,0.0
pilot2,1739919090452.0,0.0
pilot2,1739919172471.0,0.0
pilot2,1739919239099.0,0.0
pilot2,1739919300427.0,0.0
pilot2,1739919360768.0,0.0
pilot2,1739919421146.0,0.0
pilot2,1739919508813.0,0.0
pilot2,1739919595218.0,0.0
pilot2,1739930752746.0,0.0
pilot2,1739930840780.0,0.0
pilot2,1739930901234.0,0.0
pilot2,1739930962379.0,0.0
pilot2,1739931022754.0,0.0
pilot2,1739931082806.0,0.0
pilot2,1739931165613.0,0.0
pilot2,1739931225953.0,0.0
pilot2,1739931297405.0,0.0
pilot2,1739931357427.0,0.0
pilot2,1739931441623.0,0.0
pilot2,1739931507455.0,0.0
pilot2,1739931567833.0,0.0
pilot2,1739931628475.0,0.0
pilot2,1739931692884.0,0.0
pilot2,1739931754280.0,0.0
pilot2,1739931832221.0,0.0
pilot2,1739931893559.0,0.0
pilot2,1739931954460.0,0.0
pilot2,1739932025116.0,0.0
pilot2,1739932085914.0,0.0
pilot2,1739932146248.0,0.0
pilot2,1739932206620.0,0.0
pilot2,1739932267453.0,0.0
pilot2,1739932327616.0,0.0
pilot2,1739932387617.0,0.0
pilot2,1739932448360.0,0.0
pilot2,1739932509841.0,0.0
pilot2,1739932570192.0,0.0
pilot2,1739932631059.0,0.0
pilot2,1739932691897.0,0.0
pilot2,1739932753249.0,7.0
pilot2,1739932840894.0,0.0
pilot2,1739932901477.0,0.0
pilot2,1739932961478.0,0.0
pilot2,1739933026543.0,0.0
pilot2,1739933087391.0,35.0
pilot2,1739933171536.0,0.0
pilot2,1739933237010.0,16.0
pilot2,1739933297879.0,14.0
pilot2,1739933358223.0,0.0
pilot2,1739933418560.0,0.0
pilot2,1739933479957.0,0.0
pilot2,1739933567599.0,0.0
pilot2,1739933636469.0,0.0
pilot2,1739933701945.0,0.0
pilot2,1739933782643.0,0.0
pilot2,1739933843000.0,0.0
pilot2,1739933903842.0,0.0
pilot2,1739933972438.0,0.0
pilot2,1739908860804.0,0.0
pilot2,1739908921920.0,0.0
pilot2,1739908988764.0,0.0
pilot2,1739909049104.0,0.0
pilot2,1739909109973.0,20.0
pilot2,1739909178797.0,0.0
pilot2,1739909239128.0,0.0
pilot2,1739909299983.0,0.0
pilot2,1739909360331.0,17.0
pilot2,1739909421177.0,0.0
pilot2,1739909482055.0,0.0
pilot2,1739909546858.0,0.0
pilot2,1739909608221.0,0.0
pilot2,1739909677966.0,0.0
pilot2,1739909738642.0,0.0
pilot2,1739909804398.0,0.0
pilot2,1739909873450.0,0.0
pilot2,1739909935401.0,0.0
pilot2,1739909998739.0,0.0
pilot2,1739910069548.0,100.0
pilot2,1739910138466.0,96.0
pilot2,1739910199810.0,115.0
pilot2,1739910262736.0,154.0
pilot2,1739910330896.0,79.0
pilot2,1739910400867.0,132.0
pilot2,1739910479200.0,107.0
pilot2,1739910553341.0,152.0
pilot2,1739910633669.0,151.0
pilot2,1739910694547.0,65.0
pilot2,1739910761837.0,124.0
pilot2,1739910828161.0,0.0
pilot2,1739910899492.0,0.0
pilot2,1739910966732.0,0.0
pilot2,1739911037784.0,0.0
pilot2,1739911113643.0,0.0
pilot2,1739911174469.0,0.0
pilot2,1739911239123.0,0.0
pilot2,1739911300473.0,0.0
pilot2,1739911388014.0,0.0
pilot2,1739911452362.0,0.0
pilot2,1739911514427.0,0.0
pilot2,1739911601531.0,0.0
pilot2,1739911664060.0,0.0
pilot2,1739911724406.0,0.0
pilot2,1739911785245.0,0.0
pilot2,1739911850586.0,0.0
pilot2,1739911934542.0,0.0
pilot2,1739912016612.0,0.0
pilot2,1739912080016.0,0.0
pilot2,1739912149334.0,0.0
pilot2,1739912227535.0,0.0
pilot2,1739937781661.0,0.0
pilot2,1739937849992.0,55.0
pilot2,1739937922715.0,50.0
pilot2,1739938000709.0,31.0
pilot2,1739938065611.0,8.0
pilot2,1739938128274.0,16.0
pilot2,1739938188613.0,25.0
pilot2,1739938248970.0,0.0
pilot2,1739938309587.0,0.0
pilot2,1739938377669.0,38.0
pilot2,1739938438494.0,0.0
pilot2,1739938504329.0,0.0
pilot2,1739938565172.0,0.0
pilot2,1739938625534.0,0.0
pilot2,1739938686369.0,0.0
pilot2,1739938747222.0,0.0
pilot2,1739938807537.0,0.0
pilot2,1739938867930.0,6.0
pilot2,1739938941606.0,0.0
pilot2,1739939024701.0,0.0
pilot2,1739939091699.0,15.0
pilot2,1739939157248.0,12.0
pilot2,1739939231012.0,14.0
pilot2,1739939291356.0,0.0
pilot2,1739939352201.0,23.0
pilot2,1739939412610.0,0.0
pilot2,1739939472905.0,21.0
pilot2,1739939533748.0,25.0
pilot2,1739939594167.0,0.0
pilot2,1739939654463.0,0.0
pilot2,1739939714803.0,0.0
pilot2,1739939775636.0,0.0
pilot2,1739939836486.0,0.0
pilot2,1739939899714.0,0.0
pilot2,1739939976653.0,0.0
pilot2,1739940056382.0,0.0
pilot2,1739940137774.0,0.0
pilot2,1739940198085.0,0.0
pilot2,1739940259450.0,0.0
pilot2,1739940320279.0,0.0
pilot2,1739940381131.0,0.0
pilot2,1739940441976.0,0.0
pilot2,1739940502374.0,0.0
pilot2,1739940562610.0,0.0
pilot2,1739940624068.0,0.0
pilot2,1739940684373.0,0.0
pilot2,1739940744748.0,0.0
pilot2,1739940805594.0,0.0
pilot2,1739940865598.0,0.0
pilot2,1739940925760.0,0.0
pilot2,1739940987137.0,0.0
pilot2,1739941047138.0,0.0
pilot2,1739941108305.0,0.0
pilot2,1739906400866.0,0.0
pilot2,1739906481553.0,0.0
pilot2,1739906546481.0,1.0
pilot2,1739906619292.0,0.0
pilot2,1739906698456.0,14.0
pilot2,1739906759635.0,0.0
pilot2,1739906842108.0,4.0
pilot2,1739906904682.0,12.0
pilot2,1739906968480.0,0.0
pilot2,1739907029055.0,0.0
pilot2,1739907092218.0,0.0
pilot2,1739907153869.0,0.0
pilot2,1739907217763.0,9.0
pilot2,1739907279036.0,59.0
pilot2,1739907354843.0,70.0
pilot2,1739907416748.0,95.0
pilot2,1739907482018.0,163.0
pilot2,1739907542380.0,126.0
pilot2,1739907603223.0,114.0
pilot2,1739907663227.0,122.0
pilot2,1739907723945.0,96.0
pilot2,1739907784833.0,154.0
pilot2,1739907845616.0,97.0
pilot2,1739907906468.0,103.0
pilot2,1739907966473.0,139.0
pilot2,1739908044253.0,130.0
pilot2,1739908118949.0,150.0
pilot2,1739908182774.0,0.0
pilot2,1739908249779.0,0.0
pilot2,1739908329898.0,0.0
pilot2,1739908391276.0,0.0
pilot2,1739908451621.0,0.0
pilot2,1739908511961.0,0.0
pilot2,1739908572796.0,0.0
pilot2,1739908633147.0,0.0
pilot2,1739908705666.0,0.0
pilot2,1739908785626.0,0.0
pilot2,1739919655544.0,0.0
pilot2,1739919723856.0,0.0
pilot2,1739919784223.0,0.0
pilot2,1739919845053.0,0.0
pilot2,1739919905411.0,0.0
pilot2,1739919966289.0,0.0
pilot2,1739920030110.0,0.0
pilot2,1739920111385.0,0.0
pilot2,1739920172232.0,0.0
pilot2,1739920232591.0,0.0
pilot2,1739920296851.0,0.0
pilot2,1739920374580.0,0.0
pilot2,1739920445408.0,0.0
pilot2,1739920510395.0,0.0
pilot2,1739920571763.0,0.0
pilot2,1739920632103.0,0.0
pilot2,1739920692936.0,0.0
pilot2,1739920753779.0,0.0
pilot2,1739920813780.0,0.0
pilot2,1739920874995.0,0.0
pilot2,1739920935880.0,0.0
pilot2,1739920996181.0,0.0
pilot2,1739921056522.0,0.0
pilot2,1739921117364.0,0.0
pilot2,1739921179736.0,0.0
pilot2,1739921240081.0,0.0
pilot2,1739921300096.0,0.0
pilot2,1739921361767.0,0.0
pilot2,1739921422625.0,0.0
pilot2,1739921483510.0,0.0
pilot2,1739921569642.0,0.0
pilot2,1739921644631.0,0.0
pilot2,1739921704909.0,0.0
pilot2,1739921784207.0,0.0
pilot2,1739921844468.0,0.0
pilot2,1739921905402.0,0.0
pilot2,1739921966257.0,0.0
pilot2,1739922026595.0,0.0
pilot2,1739922087471.0,0.0
pilot2,1739922148684.0,0.0
pilot2,1739922210680.0,0.0
pilot2,1739922271541.0,0.0
pilot2,1739922331843.0,0.0
pilot2,1739922393196.0,0.0
pilot2,1739922478851.0,0.0
pilot2,1739922539671.0,0.0
pilot2,1739922611814.0,0.0
pilot2,1739922693322.0,0.0
pilot2,1739922753744.0,0.0
pilot2,1739922814620.0,0.0
pilot2,1739922893262.0,0.0
pilot2,1739922979589.0,0.0
pilot2,1739934037034.0,0.0
pilot2,1739934114763.0,0.0
pilot2,1739934202201.0,0.0
pilot2,1739934266451.0,0.0
pilot2,1739934326806.0,0.0
pilot2,1739934387152.0,0.0
pilot2,1739934472185.0,0.0
pilot2,1739934535675.0,0.0
pilot2,1739934596516.0,0.0
pilot2,1739934656526.0,0.0
pilot2,1739934717177.0,0.0
pilot2,1739934777400.0,0.0
pilot2,1739934838780.0,0.0
pilot2,1739934898789.0,0.0
pilot2,1739934983415.0,0.0
pilot2,1739935048011.0,0.0
pilot2,1739935110553.0,0.0
pilot2,1739935173219.0,0.0
pilot2,1739935234022.0,24.0
pilot2,1739935294381.0,53.0
pilot2,1739935356208.0,69.0
pilot2,1739935416580.0,51.0
pilot2,1739935478379.0,17.0
pilot2,1739935549722.0,134.0
pilot2,1739935615658.0,18.0
pilot2,1739935686964.0,87.0
pilot2,1739935751226.0,121.0
pilot2,1739935812078.0,13.0
pilot2,1739935896196.0,0.0
pilot2,1739935961194.0,0.0
pilot2,1739936021554.0,0.0
pilot2,1739936103957.0,0.0
pilot2,1739936164022.0,0.0
pilot2,1739936230958.0,0.0
pilot2,1739936291404.0,0.0
pilot2,1739936352121.0,0.0
pilot2,1739936433998.0,0.0
pilot2,1739936505331.0,0.0
pilot2,1739936566157.0,0.0
pilot2,1739936626592.0,0.0
pilot2,1739936687393.0,0.0
pilot2,1739936747744.0,130.0
pilot2,1739936808642.0,27.0
pilot2,1739936869429.0,25.0
pilot2,1739936930279.0,12.0
pilot2,1739937011564.0,22.0
pilot2,1739937090630.0,0.0
pilot2,1739937167784.0,16.0
pilot2,1739937233007.0,39.0
pilot2,1739937293863.0,2.0
pilot2,1739937372612.0,0.0
pilot2,1739937434595.0,3.0
pilot2,1739927051028.0,0.0
pilot2,1739927114344.0,0.0
pilot2,1739927174697.0,0.0
pilot2,1739927236095.0,0.0
pilot2,1739927296424.0,0.0
pilot2,1739927357297.0,0.0
pilot2,1739927417609.0,0.0
pilot2,1739927490927.0,0.0
pilot2,1739927569139.0,0.0
pilot2,1739927650511.0,0.0
pilot2,1739927711858.0,0.0
pilot2,1739927780637.0,0.0
pilot2,1739927842028.0,0.0
pilot2,1739927902291.0,0.0
pilot2,1739927963227.0,0.0
pilot2,1739928024082.0,0.0
pilot2,1739928084436.0,0.0
pilot2,1739928145286.0,0.0
pilot2,1739928217872.0,0.0
pilot2,1739928295346.0,0.0
pilot2,1739928355383.0,0.0
pilot2,1739928415743.0,0.0
pilot2,1739928495954.0,0.0
pilot2,1739928568629.0,0.0
pilot2,1739928642894.0,0.0
pilot2,1739928718221.0,0.0
pilot2,1739928801517.0,0.0
pilot2,1739928862657.0,0.0
pilot2,1739928932348.0,0.0
pilot2,1739928994142.0,0.0
pilot2,1739929054995.0,0.0
pilot2,1739929140892.0,3.0
pilot2,1739929203730.0,20.0
pilot2,1739929272316.0,31.0
pilot2,1739929352439.0,50.0
pilot2,1739929413822.0,65.0
pilot2,1739929495395.0,33.0
pilot2,1739929561730.0,36.0
pilot2,1739929648459.0,0.0
pilot2,1739929721328.0,0.0
pilot2,1739929782219.0,0.0
pilot2,1739929843275.0,0.0
pilot2,1739929920758.0,0.0
pilot2,1739929991519.0,0.0
pilot2,1739930052382.0,0.0
pilot2,1739930124122.0,0.0
pilot2,1739930187650.0,0.0
pilot2,1739930265819.0,0.0
pilot2,1739930327313.0,0.0
pilot2,1739952121859.0,0.0
pilot2,1739952181933.0,0.0
pilot2,1739952242310.0,0.0
pilot2,1739952306834.0,0.0
pilot2,1739952368833.0,0.0
pilot2,1739952429834.0,0.0
pilot2,1739952491828.0,0.0
pilot2,1739952554827.0,0.0
pilot2,1739952622839.0,0.0
pilot2,1739952686153.0,0.0
pilot2,1739952754981.0,0.0
pilot2,1739952816320.0,0.0
pilot2,1739952876672.0,0.0
pilot2,1739952937524.0,0.0
pilot2,1739952998365.0,0.0
pilot2,1739953059226.0,0.0
pilot2,1739953119395.0,0.0
pilot2,1739953179944.0,0.0
pilot2,1739953242260.0,0.0
pilot2,1739953308639.0,0.0
pilot2,1739953369521.0,0.0
pilot2,1739953429833.0,0.0
pilot2,1739953490758.0,0.0
pilot2,1739953551530.0,0.0
pilot2,1739953626005.0,0.0
pilot2,1739953686857.0,0.0
pilot2,1739953747923.0,0.0
pilot2,1739953808409.0,0.0
pilot2,1739953870837.0,0.0
pilot2,1739953932824.0,0.0
pilot2,1739954005928.0,0.0
pilot2,1739954069278.0,0.0
pilot2,1739954132546.0,0.0
pilot2,1739954195821.0,0.0
pilot2,1739954259133.0,0.0
pilot2,1739954319301.0,0.0
pilot2,1739954385762.0,0.0
pilot2,1739954449221.0,0.0
pilot2,1739954512352.0,0.0
pilot2,1739954575667.0,0.0
pilot2,1739954635668.0,0.0
pilot2,1739954696161.0,0.0
pilot2,1739954757056.0,0.0
pilot2,1739954817889.0,0.0
pilot2,1739954878647.0,0.0
pilot2,1739954939514.0,0.0
pilot2,1739955000369.0,0.0
pilot2,1739955060739.0,0.0
pilot2,1739955121574.0,0.0
pilot2,1739955181894.0,0.0
pilot2,1739955242783.0,0.0
pilot2,1739955303115.0,0.0
pilot2,1739955364814.0,0.0
pilot2,1739955430200.0,0.0
pilot2,1739988164528.0,18.0
pilot2,1739988224901.0,61.0
pilot2,1739988285213.0,0.0
pilot2,1739988346061.0,0.0
pilot2,1739988406484.0,0.0
pilot2,1739988467710.0,0.0
pilot2,1739988553010.0,0.0
pilot2,1739988623211.0,0.0
pilot2,1739988689727.0,0.0
pilot2,1739988769517.0,0.0
pilot2,1739988829857.0,0.0
pilot2,1739988890709.0,0.0
pilot2,1739988951073.0,0.0
pilot2,1739989012404.0,0.0
pilot2,1739989078787.0,0.0
pilot2,1739989139713.0,0.0
pilot2,1739989208422.0,0.0
pilot2,1739989268779.0,0.0
pilot2,1739989330117.0,0.0
pilot2,1739989402826.0,0.0
pilot2,1739989467176.0,0.0
pilot2,1739989527177.0,0.0
pilot2,1739989596714.0,57.0
pilot2,1739989657302.0,105.0
pilot2,1739989718355.0,83.0
pilot2,1739989784201.0,64.0
pilot2,1739989847319.0,33.0
pilot2,1739989918037.0,6.0
pilot2,1739989979480.0,16.0
pilot2,1739990039855.0,42.0
pilot2,1739990100699.0,58.0
pilot2,1739990161996.0,17.0
pilot2,1739990223366.0,22.0
pilot2,1739990289810.0,0.0
pilot2,1739990350100.0,11.0
pilot2,1739990410450.0,58.0
pilot2,1739990473672.0,70.0
pilot2,1739990559334.0,69.0
pilot2,1739990619670.0,49.0
pilot2,1739990687166.0,64.0
pilot2,1739990747543.0,75.0
pilot2,1739990808858.0,0.0
pilot2,1739990869703.0,44.0
pilot2,1739990947741.0,15.0
pilot2,1739991008587.0,28.0
pilot2,1739991068927.0,15.0
pilot2,1739991129787.0,105.0
pilot2,1739991208112.0,77.0
pilot2,1739991288787.0,201.0
pilot2,1739991363155.0,174.0
pilot2,1739991432681.0,105.0
pilot2,1739991493359.0,153.0
pilot2,1739998922092.0,0.0
pilot2,1739999001289.0,0.0
pilot2,1739999063865.0,0.0
pilot2,1739999124226.0,0.0
pilot2,1739999185080.0,0.0
pilot2,1739999246418.0,0.0
pilot2,1739999312804.0,0.0
pilot2,1739999373239.0,0.0
pilot2,1739999434009.0,0.0
pilot2,1739999494283.0,0.0
pilot2,1739999555196.0,0.0
pilot2,1739999615567.0,0.0
pilot2,1739999675862.0,0.0
pilot2,1739999736749.0,0.0
pilot2,1739999797604.0,0.0
pilot2,1739999857927.0,0.0
pilot2,1739999918780.0,0.0
pilot2,1739999979145.0,0.0
pilot2,1740000044950.0,0.0
pilot2,1740000110648.0,0.0
pilot2,1740000190512.0,0.0
pilot2,1740000254621.0,0.0
pilot2,1740000316757.0,0.0
pilot2,1740000378101.0,0.0
pilot2,1740000456408.0,0.0
pilot2,1740000517241.0,0.0
pilot2,1740000578116.0,0.0
pilot2,1740000638446.0,0.0
pilot2,1740000699314.0,0.0
pilot2,1740000759317.0,43.0
pilot2,1740000829517.0,70.0
pilot2,1740000910559.0,22.0
pilot2,1740000982168.0,0.0
pilot2,1740001043722.0,0.0
pilot2,1740001104457.0,0.0
pilot2,1740001183295.0,0.0
pilot2,1740001244142.0,0.0
pilot2,1740001304502.0,0.0
pilot2,1740001365402.0,0.0
pilot2,1740001426182.0,0.0
pilot2,1740001486646.0,0.0
pilot2,1740001547879.0,2.0
pilot2,1740001614755.0,88.0
pilot2,1740001675608.0,116.0
pilot2,1740001736032.0,121.0
pilot2,1740001796331.0,113.0
pilot2,1740001856639.0,31.0
pilot2,1740001917022.0,0.0
pilot2,1740001977855.0,0.0
pilot2,1740002043135.0,106.0
pilot2,1740002103986.0,25.0
pilot2,1740002176313.0,0.0
pilot2,1740002246607.0,0.0
pilot2,1739955810044.0,0.0
pilot2,1739955871139.0,0.0
pilot2,1739955931460.0,0.0
pilot2,1739956000003.0,0.0
pilot2,1739956062835.0,0.0
pilot2,1739956123824.0,0.0
pilot2,1739956184790.0,0.0
pilot2,1739956253282.0,0.0
pilot2,1739956315238.0,0.0
pilot2,1739956376243.0,0.0
pilot2,1739956443142.0,0.0
pilot2,1739956506419.0,0.0
pilot2,1739956569773.0,0.0
pilot2,1739956633070.0,0.0
pilot2,1739956696401.0,0.0
pilot2,1739956759115.0,0.0
pilot2,1739956819797.0,0.0
pilot2,1739956881126.0,0.0
pilot2,1739956941558.0,0.0
pilot2,1739957002289.0,0.0
pilot2,1739957063311.0,0.0
pilot2,1739957123529.0,0.0
pilot2,1739957183896.0,0.0
pilot2,1739957245214.0,0.0
pilot2,1739957305566.0,0.0
pilot2,1739957367412.0,0.0
pilot2,1739957433791.0,0.0
pilot2,1739957494346.0,0.0
pilot2,1739957555042.0,0.0
pilot2,1739957629990.0,0.0
pilot2,1739957693272.0,0.0
pilot2,1739957756619.0,0.0
pilot2,1739957819915.0,0.0
pilot2,1739957882835.0,0.0
pilot2,1739957943818.0,0.0
pilot2,1739958004817.0,0.0
pilot2,1739958069706.0,0.0
pilot2,1739958136385.0,0.0
pilot2,1739958196386.0,0.0
pilot2,1739958257221.0,0.0
pilot2,1739958326266.0,0.0
pilot2,1739958389585.0,0.0
pilot2,1739958452881.0,0.0
pilot2,1739958516201.0,0.0
pilot2,1739958578907.0,0.0
pilot2,1739958639873.0,0.0
pilot2,1739958700844.0,0.0
pilot2,1739958761762.0,0.0
pilot2,1739958821979.0,0.0
pilot2,1739958882150.0,0.0
pilot2,1739958942955.0,0.0
pilot2,1739959003333.0,0.0
pilot2,1739959064179.0,0.0
pilot2,1739981077794.0,0.0
pilot2,1739981139639.0,0.0
pilot2,1739981201948.0,0.0
pilot2,1739981268216.0,0.0
pilot2,1739981354511.0,83.0
pilot2,1739981414515.0,216.0
pilot2,1739981480364.0,38.0
pilot2,1739981547699.0,236.0
pilot2,1739981609453.0,25.0
pilot2,1739981672271.0,0.0
pilot2,1739981743095.0,0.0
pilot2,1739981803536.0,0.0
pilot2,1739981863767.0,0.0
pilot2,1739981924621.0,0.0
pilot2,1739981984991.0,0.0
pilot2,1739982045326.0,0.0
pilot2,1739982106659.0,0.0
pilot2,1739982173491.0,0.0
pilot2,1739982233667.0,0.0
pilot2,1739982304776.0,0.0
pilot2,1739982367025.0,64.0
pilot2,1739982431357.0,108.0
pilot2,1739982491713.0,101.0
pilot2,1739982562889.0,113.0
pilot2,1739982628436.0,74.0
pilot2,1739982710634.0,160.0
pilot2,1739982772258.0,65.0
pilot2,1739982837929.0,170.0
pilot2,1739982902657.0,162.0
pilot2,1739982964412.0,108.0
pilot2,1739983043996.0,113.0
pilot2,1739983123705.0,146.0
pilot2,1739983197028.0,142.0
pilot2,1739983257776.0,55.0
pilot2,1739983337682.0,152.0
pilot2,1739983406304.0,133.0
pilot2,1739983488035.0,176.0
pilot2,1739983559594.0,4.0
pilot2,1739983623332.0,0.0
pilot2,1739983688791.0,0.0
pilot2,1739983749502.0,0.0
pilot2,1739983809703.0,0.0
pilot2,1739983871149.0,0.0
pilot2,1739983931654.0,0.0
pilot2,1739984000843.0,0.0
pilot2,1739984065699.0,0.0
pilot2,1739984141532.0,0.0
pilot2,1739984206929.0,0.0
pilot2,1739984288233.0,0.0
pilot2,1739984348621.0,0.0
pilot2,1739984409505.0,19.0
pilot2,1739948526148.0,0.0
pilot2,1739948587516.0,0.0
pilot2,1739948650037.0,0.0
pilot2,1739948716757.0,0.0
pilot2,1739948780235.0,0.0
pilot2,1739948843531.0,0.0
pilot2,1739948906132.0,0.0
pilot2,1739948970343.0,0.0
pilot2,1739949033694.0,0.0
pilot2,1739949097086.0,0.0
pilot2,1739949160668.0,0.0
pilot2,1739949223850.0,0.0
pilot2,1739949287217.0,0.0
pilot2,1739949349848.0,0.0
pilot2,1739949413927.0,0.0
pilot2,1739949477233.0,0.0
pilot2,1739949538550.0,0.0
pilot2,1739949599442.0,0.0
pilot2,1739949659762.0,0.0
pilot2,1739949720591.0,0.0
pilot2,1739949781953.0,0.0
pilot2,1739949848810.0,0.0
pilot2,1739949912642.0,0.0
pilot2,1739949981840.0,0.0
pilot2,1739950047381.0,0.0
pilot2,1739950110723.0,0.0
pilot2,1739950173874.0,0.0
pilot2,1739950235861.0,0.0
pilot2,1739950297840.0,0.0
pilot2,1739950358847.0,0.0
pilot2,1739950419839.0,0.0
pilot2,1739950480838.0,0.0
pilot2,1739950540841.0,0.0
pilot2,1739950601686.0,0.0
pilot2,1739950662838.0,0.0
pilot2,1739950723838.0,0.0
pilot2,1739950784840.0,0.0
pilot2,1739950845858.0,0.0
pilot2,1739950906841.0,0.0
pilot2,1739950981849.0,0.0
pilot2,1739951045188.0,0.0
pilot2,1739951108552.0,0.0
pilot2,1739951171887.0,0.0
pilot2,1739951235248.0,0.0
pilot2,1739951298566.0,0.0
pilot2,1739951359696.0,0.0
pilot2,1739951421324.0,0.0
pilot2,1739951482171.0,0.0
pilot2,1739951551964.0,0.0
pilot2,1739951615323.0,0.0
pilot2,1739951678645.0,0.0
pilot2,1739951738646.0,0.0
pilot2,1739951799893.0,0.0
pilot2,1739977378966.0,0.0
pilot2,1739977439868.0,0.0
pilot2,1739977502223.0,0.0
pilot2,1739977567843.0,0.0
pilot2,1739977628365.0,0.0
pilot2,1739977689785.0,0.0
pilot2,1739977750126.0,0.0
pilot2,1739977811025.0,0.0
pilot2,1739977873647.0,0.0
pilot2,1739977949062.0,0.0
pilot2,1739978035888.0,0.0
pilot2,1739978106726.0,0.0
pilot2,1739978168515.0,0.0
pilot2,1739978234964.0,0.0
pilot2,1739978294966.0,22.0
pilot2,1739978373689.0,134.0
pilot2,1739978447291.0,79.0
pilot2,1739978508800.0,116.0
pilot2,1739978572725.0,86.0
pilot2,1739978635359.0,104.0
pilot2,1739978695818.0,74.0
pilot2,1739978766523.0,15.0
pilot2,1739978833875.0,0.0
pilot2,1739978901522.0,0.0
pilot2,1739978983312.0,0.0
pilot2,1739979049309.0,0.0
pilot2,1739979110388.0,0.0
pilot2,1739979182995.0,0.0
pilot2,1739979243832.0,93.0
pilot2,1739979304229.0,22.0
pilot2,1739979379017.0,0.0
pilot2,1739979439858.0,0.0
pilot2,1739979500681.0,0.0
pilot2,1739979561062.0,0.0
pilot2,1739979621384.0,0.0
pilot2,1739979682754.0,0.0
pilot2,1739979743080.0,0.0
pilot2,1739979803947.0,0.0
pilot2,1739979864813.0,0.0
pilot2,1739979925647.0,0.0
pilot2,1739979985994.0,0.0
pilot2,1739980046842.0,0.0
pilot2,1739980107691.0,0.0
pilot2,1739980173990.0,0.0
pilot2,1739980235425.0,0.0
pilot2,1739980305679.0,0.0
pilot2,1739980366519.0,0.0
pilot2,1739980453651.0,0.0
pilot2,1739980523119.0,0.0
pilot2,1739980583973.0,0.0
pilot2,1739980652835.0,0.0
pilot2,1739980713148.0,0.0
pilot2,1739984470294.0,77.0
pilot2,1739984531494.0,21.0
pilot2,1739984597680.0,4.0
pilot2,1739984657702.0,0.0
pilot2,1739984718687.0,0.0
pilot2,1739984800034.0,0.0
pilot2,1739984867489.0,0.0
pilot2,1739984927924.0,75.0
pilot2,1739984988647.0,25.0
pilot2,1739985067147.0,0.0
pilot2,1739985134607.0,0.0
pilot2,1739985196402.0,1.0
pilot2,1739985262800.0,25.0
pilot2,1739985324668.0,12.0
pilot2,1739985387692.0,14.0
pilot2,1739985456289.0,61.0
pilot2,1739985540768.0,71.0
pilot2,1739985611932.0,57.0
pilot2,1739985672248.0,0.0
pilot2,1739985741596.0,0.0
pilot2,1739985802429.0,0.0
pilot2,1739985863291.0,0.0
pilot2,1739985923292.0,0.0
pilot2,1739985991005.0,0.0
pilot2,1739986051873.0,0.0
pilot2,1739986112200.0,0.0
pilot2,1739986176452.0,0.0
pilot2,1739986241711.0,0.0
pilot2,1739986321976.0,0.0
pilot2,1739986382509.0,0.0
pilot2,1739986450295.0,0.0
pilot2,1739986510656.0,0.0
pilot2,1739986570657.0,0.0
pilot2,1739986649815.0,0.0
pilot2,1739986710642.0,0.0
pilot2,1739986771508.0,0.0
pilot2,1739986831854.0,0.0
pilot2,1739986892791.0,0.0
pilot2,1739986953031.0,0.0
pilot2,1739987014855.0,0.0
pilot2,1739987081296.0,0.0
pilot2,1739987141755.0,0.0
pilot2,1739987202557.0,0.0
pilot2,1739987262815.0,0.0
pilot2,1739987323664.0,0.0
pilot2,1739987384530.0,0.0
pilot2,1739987444858.0,0.0
pilot2,1739987505184.0,0.0
pilot2,1739987566053.0,0.0
pilot2,1739987626634.0,0.0
pilot2,1739987689153.0,0.0
pilot2,1739987768003.0,0.0
pilot2,1739970054034.0,0.0
pilot2,1739970115485.0,0.0
pilot2,1739970188025.0,0.0
pilot2,1739970260528.0,0.0
pilot2,1739970323297.0,0.0
pilot2,1739970386587.0,0.0
pilot2,1739970449845.0,0.0
pilot2,1739970513184.0,0.0
pilot2,1739970576481.0,0.0
pilot2,1739970638899.0,0.0
pilot2,1739970699740.0,0.0
pilot2,1739970787432.0,0.0
pilot2,1739970863728.0,0.0
pilot2,1739970947891.0,0.0
pilot2,1739971009259.0,0.0
pilot2,1739971082884.0,0.0
pilot2,1739971146545.0,0.0
pilot2,1739971209736.0,0.0
pilot2,1739971273196.0,0.0
pilot2,1739971335791.0,0.0
pilot2,1739971405691.0,0.0
pilot2,1739971477616.0,0.0
pilot2,1739971538346.0,45.0
pilot2,1739971598823.0,37.0
pilot2,1739971663426.0,74.0
pilot2,1739971728763.0,93.0
pilot2,1739971789254.0,112.0
pilot2,1739971849680.0,111.0
pilot2,1739971910425.0,101.0
pilot2,1739971970426.0,126.0
pilot2,1739972031744.0,100.0
pilot2,1739972095398.0,106.0
pilot2,1739972159064.0,117.0
pilot2,1739972219948.0,106.0
pilot2,1739972284143.0,56.0
pilot2,1739972345113.0,22.0
pilot2,1739972406366.0,0.0
pilot2,1739972470768.0,0.0
pilot2,1739972550831.0,0.0
pilot2,1739972615904.0,0.0
pilot2,1739972681672.0,0.0
pilot2,1739972744969.0,0.0
pilot2,1739972815469.0,0.0
pilot2,1739972879748.0,0.0
pilot2,1739972940094.0,0.0
pilot2,1739973000963.0,0.0
pilot2,1739973061353.0,0.0
pilot2,1739973121357.0,32.0
pilot2,1739973195597.0,89.0
pilot2,1739973259860.0,153.0
pilot2,1739973328170.0,113.0
pilot2,1739973394480.0,82.0
pilot2,1740002636647.0,102.0
pilot2,1740002696648.0,0.0
pilot2,1740002756850.0,78.0
pilot2,1740002817368.0,80.0
pilot2,1740002878544.0,44.0
pilot2,1740002939382.0,89.0
pilot2,1740003006044.0,12.0
pilot2,1740003072815.0,0.0
pilot2,1740003135583.0,0.0
pilot2,1740003220045.0,0.0
pilot2,1740003304207.0,0.0
pilot2,1740003388834.0,0.0
pilot2,1740003473100.0,0.0
pilot2,1740003547564.0,0.0
pilot2,1740003629886.0,0.0
pilot2,1740003702583.0,0.0
pilot2,1740003782034.0,0.0
pilot2,1740003860744.0,0.0
pilot2,1740003936918.0,0.0
pilot2,1740004018197.0,0.0
pilot2,1740004078931.0,0.0
pilot2,1740004162665.0,0.0
pilot2,1740004232157.0,0.0
pilot2,1740004316970.0,0.0
pilot2,1740004385618.0,0.0
pilot2,1740004450600.0,0.0
pilot2,1740004535021.0,0.0
pilot2,1740004619599.0,0.0
pilot2,1740004704164.0,0.0
pilot2,1740004776769.0,0.0
pilot2,1740004857699.0,0.0
pilot2,1740004923554.0,0.0
pilot2,1740005008025.0,0.0
pilot2,1740005079804.0,0.0
pilot2,1740005163086.0,0.0
pilot2,1740005228554.0,0.0
pilot2,1740005312926.0,0.0
pilot2,1740005377592.0,0.0
pilot2,1740005439699.0,0.0
pilot2,1740005513055.0,0.0
pilot2,1740005597519.0,0.0
pilot2,1740005668979.0,0.0
pilot2,1740005737943.0,0.0
pilot2,1740005822331.0,0.0
pilot2,1740005906604.0,0.0
pilot2,1740005969990.0,0.0
pilot2,1739988164528.0,18.0
pilot2,1739988224901.0,61.0
pilot2,1739988285213.0,0.0
pilot2,1739988346061.0,0.0
pilot2,1739988406484.0,0.0
pilot2,1739988467710.0,0.0
pilot2,1739988553010.0,0.0
pilot2,1739988623211.0,0.0
pilot2,1739988689727.0,0.0
pilot2,1739988769517.0,0.0
pilot2,1739988829857.0,0.0
pilot2,1739988890709.0,0.0
pilot2,1739988951073.0,0.0
pilot2,1739989012404.0,0.0
pilot2,1739989078787.0,0.0
pilot2,1739989139713.0,0.0
pilot2,1739989208422.0,0.0
pilot2,1739989268779.0,0.0
pilot2,1739989330117.0,0.0
pilot2,1739989402826.0,0.0
pilot2,1739989467176.0,0.0
pilot2,1739989527177.0,0.0
pilot2,1739989596714.0,57.0
pilot2,1739989657302.0,105.0
pilot2,1739989718355.0,83.0
pilot2,1739989784201.0,64.0
pilot2,1739989847319.0,33.0
pilot2,1739989918037.0,6.0
pilot2,1739989979480.0,16.0
pilot2,1739990039855.0,42.0
pilot2,1739990100699.0,58.0
pilot2,1739990161996.0,17.0
pilot2,1739990223366.0,22.0
pilot2,1739990289810.0,0.0
pilot2,1739990350100.0,11.0
pilot2,1739990410450.0,58.0
pilot2,1739990473672.0,70.0
pilot2,1739990559334.0,69.0
pilot2,1739990619670.0,49.0
pilot2,1739990687166.0,64.0
pilot2,1739990747543.0,75.0
pilot2,1739990808858.0,0.0
pilot2,1739990869703.0,44.0
pilot2,1739990947741.0,15.0
pilot2,1739991008587.0,28.0
pilot2,1739991068927.0,15.0
pilot2,1739991129787.0,105.0
pilot2,1739991208112.0,77.0
pilot2,1739991288787.0,201.0
pilot2,1739991363155.0,174.0
pilot2,1739991432681.0,105.0
pilot2,1739991493359.0,153.0
pilot2,1740016985649.0,0.0
pilot2,1740017045836.0,0.0
pilot2,1740017105945.0,0.0
pilot2,1740017167044.0,0.0
pilot2,1740017227426.0,0.0
pilot2,1740017288211.0,0.0
pilot2,1740017348555.0,0.0
pilot2,1740017408924.0,0.0
pilot2,1740017469771.0,0.0
pilot2,1740017533109.0,0.0
pilot2,1740017595610.0,16.0
pilot2,1740017658379.0,44.0
pilot2,1740017720315.0,165.0
pilot2,1740017807492.0,40.0
pilot2,1740017876261.0,0.0
pilot2,1740017943232.0,120.0
pilot2,1740018003532.0,16.0
pilot2,1740018064586.0,0.0
pilot2,1740018126218.0,9.0
pilot2,1740018188474.0,39.0
pilot2,1740018256544.0,0.0
pilot2,1740018323539.0,0.0
pilot2,1740018385896.0,0.0
pilot2,1740018468922.0,0.0
pilot2,1740018531356.0,0.0
pilot2,1740018596450.0,0.0
pilot2,1740018679208.0,0.0
pilot2,1740018740011.0,0.0
pilot2,1740018801935.0,0.0
pilot2,1740018862788.0,0.0
pilot2,1740018922789.0,0.0
pilot2,1740018984503.0,0.0
pilot2,1740019058302.0,0.0
pilot2,1740019143043.0,0.0
pilot2,1740019205334.0,0.0
pilot2,1740019268293.0,0.0
pilot2,1740019344055.0,0.0
pilot2,1740019410915.0,0.0
pilot2,1740019471242.0,0.0
pilot2,1740019536659.0,0.0
pilot2,1740019598506.0,40.0
pilot2,1740019685644.0,63.0
pilot2,1740019745781.0,42.0
pilot2,1740019806315.0,10.0
pilot2,1740019873046.0,48.0
pilot2,1740019933631.0,0.0
pilot2,1740020012207.0,23.0
pilot2,1740020073179.0,7.0
pilot2,1740020135592.0,0.0
pilot2,1740020196441.0,0.0
pilot2,1740020257787.0,0.0
pilot2,1739963065634.0,0.0
pilot2,1739963126456.0,0.0
pilot2,1739963193869.0,0.0
pilot2,1739963254689.0,0.0
pilot2,1739963319691.0,0.0
pilot2,1739963390374.0,0.0
pilot2,1739963453701.0,0.0
pilot2,1739963516989.0,0.0
pilot2,1739963580293.0,0.0
pilot2,1739963643583.0,0.0
pilot2,1739963704513.0,0.0
pilot2,1739963770224.0,0.0
pilot2,1739963833502.0,0.0
pilot2,1739963896793.0,0.0
pilot2,1739963960089.0,0.0
pilot2,1739964022799.0,0.0
pilot2,1739964086757.0,0.0
pilot2,1739964148399.0,0.0
pilot2,1739964213253.0,0.0
pilot2,1739964276527.0,0.0
pilot2,1739964338920.0,0.0
pilot2,1739964399767.0,0.0
pilot2,1739964460125.0,0.0
pilot2,1739964520992.0,0.0
pilot2,1739964581309.0,0.0
pilot2,1739964642152.0,0.0
pilot2,1739964703506.0,0.0
pilot2,1739964764594.0,0.0
pilot2,1739964824932.0,0.0
pilot2,1739964888834.0,0.0
pilot2,1739964949793.0,0.0
pilot2,1739965010786.0,0.0
pilot2,1739965083566.0,0.0
pilot2,1739965146882.0,0.0
pilot2,1739965208661.0,0.0
pilot2,1739965270503.0,0.0
pilot2,1739965336760.0,0.0
pilot2,1739965400070.0,0.0
pilot2,1739965462792.0,0.0
pilot2,1739965526695.0,0.0
pilot2,1739965588787.0,0.0
pilot2,1739965649369.0,0.0
pilot2,1739965710792.0,0.0
pilot2,1739965771797.0,0.0
pilot2,1739965832809.0,0.0
pilot2,1739965906481.0,0.0
pilot2,1739965969821.0,0.0
pilot2,1739966033089.0,0.0
pilot2,1739966095183.0,0.0
pilot2,1739966155343.0,0.0
pilot2,1739966215861.0,0.0
pilot2,1739966277593.0,0.0
pilot2,1739966338899.0,0.0
pilot2,1739966399241.0,0.0
pilot2,1739995496870.0,0.0
pilot2,1739995557220.0,0.0
pilot2,1739995617648.0,0.0
pilot2,1739995682634.0,0.0
pilot2,1739995768553.0,4.0
pilot2,1739995837049.0,0.0
pilot2,1739995903174.0,0.0
pilot2,1739995963750.0,0.0
pilot2,1739996051591.0,0.0
pilot2,1739996115835.0,0.0
pilot2,1739996191094.0,0.0
pilot2,1739996257092.0,0.0
pilot2,1739996317770.0,0.0
pilot2,1739996388646.0,0.0
pilot2,1739996456970.0,0.0
pilot2,1739996519753.0,0.0
pilot2,1739996580111.0,0.0
pilot2,1739996641421.0,0.0
pilot2,1739996708330.0,0.0
pilot2,1739996769172.0,0.0
pilot2,1739996829188.0,0.0
pilot2,1739996889881.0,0.0
pilot2,1739996950789.0,0.0
pilot2,1739997011067.0,0.0
pilot2,1739997096821.0,0.0
pilot2,1739997183527.0,0.0
pilot2,1739997244188.0,0.0
pilot2,1739997306743.0,0.0
pilot2,1739997367182.0,0.0
pilot2,1739997428508.0,0.0
pilot2,1739997495375.0,0.0
pilot2,1739997556196.0,0.0
pilot2,1739997616542.0,0.0
pilot2,1739997682173.0,0.0
pilot2,1739997763131.0,0.0
pilot2,1739997823469.0,0.0
pilot2,1739997884344.0,0.0
pilot2,1739997944706.0,0.0
pilot2,1739998005519.0,0.0
pilot2,1739998089637.0,0.0
pilot2,1739998155207.0,0.0
pilot2,1739998215490.0,0.0
pilot2,1739998275899.0,0.0
pilot2,1739998337654.0,0.0
pilot2,1739998408088.0,0.0
pilot2,1739998493235.0,0.0
pilot2,1739998553704.0,0.0
pilot2,1739944838571.0,0.0
pilot2,1739944899576.0,0.0
pilot2,1739944961635.0,0.0
pilot2,1739945023568.0,0.0
pilot2,1739945085826.0,0.0
pilot2,1739945161091.0,0.0
pilot2,1739945222552.0,0.0
pilot2,1739945287913.0,0.0
pilot2,1739945351215.0,0.0
pilot2,1739945414579.0,0.0
pilot2,1739945477984.0,0.0
pilot2,1739945541371.0,0.0
pilot2,1739945601629.0,0.0
pilot2,1739945663613.0,0.0
pilot2,1739945726780.0,0.0
pilot2,1739945787625.0,0.0
pilot2,1739945848468.0,0.0
pilot2,1739945920884.0,0.0
pilot2,1739945993208.0,0.0
pilot2,1739946054536.0,0.0
pilot2,1739946138202.0,0.0
pilot2,1739946208999.0,0.0
pilot2,1739946270958.0,0.0
pilot2,1739946342306.0,0.0
pilot2,1739946667495.0,0.0
pilot2,1739946727496.0,0.0
pilot2,1739946793990.0,0.0
pilot2,1739946859503.0,0.0
pilot2,1739946921001.0,0.0
pilot2,1739946981847.0,0.0
pilot2,1739947042885.0,0.0
pilot2,1739947113318.0,0.0
pilot2,1739947176548.0,0.0
pilot2,1739947237353.0,0.0
pilot2,1739947298757.0,0.0
pilot2,1739947367028.0,0.0
pilot2,1739947427849.0,0.0
pilot2,1739947488192.0,0.0
pilot2,1739947549033.0,0.0
pilot2,1739947609894.0,0.0
pilot2,1739947669944.0,0.0
pilot2,1739947731071.0,0.0
pilot2,1739947792420.0,0.0
pilot2,1739947852421.0,0.0
pilot2,1739947912422.0,0.0
pilot2,1739947973469.0,0.0
pilot2,1739948034321.0,0.0
pilot2,1739948094665.0,0.0
pilot2,1739948155567.0,0.0
pilot2,1740024032000.0,0.0
pilot2,1740024095916.0,0.0
pilot2,1740024178729.0,0.0
pilot2,1740024250202.0,10.0
pilot2,1740024324526.0,0.0
pilot2,1740024409826.0,0.0
pilot2,1740024478511.0,0.0
pilot2,1740024563476.0,0.0
pilot2,1740024627485.0,0.0
pilot2,1740024711656.0,0.0
pilot2,1740024796141.0,0.0
pilot2,1740024868938.0,0.0
pilot2,1740024936058.0,0.0
pilot2,1740025015513.0,0.0
pilot2,1740025089994.0,0.0
pilot2,1740025152028.0,0.0
pilot2,1740025225166.0,0.0
pilot2,1740025288489.0,0.0
pilot2,1740025358668.0,0.0
pilot2,1740025444329.0,0.0
pilot2,1740025511494.0,0.0
pilot2,1740025575610.0,0.0
pilot2,1740025638545.0,0.0
pilot2,1740025700881.0,0.0
pilot2,1740025767910.0,0.0
pilot2,1740025831136.0,0.0
pilot2,1740025891780.0,0.0
pilot2,1740025952169.0,0.0
pilot2,1740026013021.0,0.0
pilot2,1740026098042.0,0.0
pilot2,1740026163779.0,0.0
pilot2,1740026235606.0,0.0
pilot2,1740026320972.0,0.0
pilot2,1740026383522.0,0.0
pilot2,1740026467895.0,0.0
pilot2,1740026539914.0,0.0
pilot2,1740026600375.0,0.0
pilot2,1740026679949.0,0.0
pilot2,1740026750518.0,0.0
pilot2,1740026815461.0,0.0
pilot2,1740026893590.0,0.0
pilot2,1740026978270.0,0.0
pilot2,1740027059896.0,0.0
pilot2,1740027130662.0,0.0
pilot2,1740027218802.0,0.0
pilot2,1740027298122.0,0.0
pilot2,1740027360570.0,0.0
pilot2,1739991838660.0,141.0
pilot2,1739991900107.0,141.0
pilot2,1739991963202.0,68.0
pilot2,1739992034952.0,0.0
pilot2,1739992098233.0,0.0
pilot2,1739992159195.0,0.0
pilot2,1739992219534.0,0.0
pilot2,1739992279602.0,0.0
pilot2,1739992340722.0,0.0
pilot2,1739992401077.0,0.0
pilot2,1739992461488.0,0.0
pilot2,1739992523764.0,0.0
pilot2,1739992603065.0,117.0
pilot2,1739992668927.0,140.0
pilot2,1739992749243.0,141.0
pilot2,1739992825515.0,108.0
pilot2,1739992885516.0,88.0
pilot2,1739992946213.0,3.0
pilot2,1739993007054.0,0.0
pilot2,1739993067419.0,0.0
pilot2,1739993127757.0,0.0
pilot2,1739993188127.0,0.0
pilot2,1739993248974.0,0.0
pilot2,1739993309774.0,0.0
pilot2,1739993370240.0,0.0
pilot2,1739993434057.0,0.0
pilot2,1739993498364.0,0.0
pilot2,1739993563772.0,0.0
pilot2,1739993641971.0,0.0
pilot2,1739993708669.0,0.0
pilot2,1739993789683.0,0.0
pilot2,1739993855408.0,0.0
pilot2,1739993921626.0,0.0
pilot2,1739993982172.0,0.0
pilot2,1739994043010.0,0.0
pilot2,1739994120699.0,0.0
pilot2,1739994193063.0,0.0
pilot2,1739994259655.0,0.0
pilot2,1739994322489.0,0.0
pilot2,1739994399588.0,42.0
pilot2,1739994460456.0,145.0
pilot2,1739994540516.0,115.0
pilot2,1739994601329.0,163.0
pilot2,1739994662650.0,119.0
pilot2,1739994727349.0,60.0
pilot2,1739994799529.0,55.0
pilot2,1739994864694.0,0.0
pilot2,1739994935701.0,0.0
pilot2,1739995001046.0,0.0
pilot2,1739995065394.0,0.0
pilot2,1739995126254.0,0.0
pilot2,1739966459515.0,0.0
pilot2,1739966520465.0,0.0
pilot2,1739966581296.0,0.0
pilot2,1739966641668.0,0.0
pilot2,1739966702502.0,0.0
pilot2,1739966763829.0,0.0
pilot2,1739966830727.0,0.0
pilot2,1739966891065.0,0.0
pilot2,1739966951450.0,0.0
pilot2,1739967012869.0,0.0
pilot2,1739967078117.0,0.0
pilot2,1739967141427.0,0.0
pilot2,1739967204817.0,0.0
pilot2,1739967268189.0,0.0
pilot2,1739967330948.0,0.0
pilot2,1739967394816.0,0.0
pilot2,1739967470796.0,0.0
pilot2,1739967537343.0,0.0
pilot2,1739967600693.0,0.0
pilot2,1739967663684.0,0.0
pilot2,1739967723921.0,0.0
pilot2,1739967784275.0,0.0
pilot2,1739967852799.0,0.0
pilot2,1739967914447.0,0.0
pilot2,1739967974790.0,0.0
pilot2,1739968035682.0,0.0
pilot2,1739968095995.0,0.0
pilot2,1739968156869.0,0.0
pilot2,1739968217727.0,0.0
pilot2,1739968278051.0,0.0
pilot2,1739968339962.0,0.0
pilot2,1739968405928.0,0.0
pilot2,1739968467125.0,0.0
pilot2,1739968534746.0,0.0
pilot2,1739968598075.0,0.0
pilot2,1739968661386.0,0.0
pilot2,1739968724422.0,0.0
pilot2,1739968785254.0,0.0
pilot2,1739968851402.0,0.0
pilot2,1739968914678.0,0.0
pilot2,1739968975776.0,0.0
pilot2,1739969041327.0,0.0
pilot2,1739969104636.0,0.0
pilot2,1739969166435.0,0.0
pilot2,1739969227191.0,0.0
pilot2,1739969294533.0,0.0
pilot2,1739969357838.0,0.0
pilot2,1739969421142.0,0.0
pilot2,1739969484397.0,0.0
pilot2,1739969547669.0,0.0
pilot2,1739969608710.0,0.0
pilot2,1739969669611.0,0.0
pilot2,1739973736407.0,0.0
pilot2,1739973812764.0,8.0
pilot2,1739973877223.0,85.0
pilot2,1739973954951.0,84.0
pilot2,1739974037356.0,206.0
pilot2,1739974097831.0,145.0
pilot2,1739974179034.0,111.0
pilot2,1739974239891.0,16.0
pilot2,1739974319747.0,0.0
pilot2,1739974386475.0,0.0
pilot2,1739974454285.0,0.0
pilot2,1739974515157.0,0.0
pilot2,1739974575506.0,0.0
pilot2,1739974635839.0,0.0
pilot2,1739974696677.0,34.0
pilot2,1739974758022.0,0.0
pilot2,1739974824949.0,0.0
pilot2,1739974890771.0,0.0
pilot2,1739974973964.0,0.0
pilot2,1739975039265.0,0.0
pilot2,1739975099742.0,0.0
pilot2,1739975161537.0,0.0
pilot2,1739975234425.0,0.0
pilot2,1739975309664.0,0.0
pilot2,1739975373516.0,0.0
pilot2,1739975433738.0,0.0
pilot2,1739975500221.0,0.0
pilot2,1739975560586.0,0.0
pilot2,1739975620870.0,0.0
pilot2,1739975681764.0,0.0
pilot2,1739975742112.0,0.0
pilot2,1739975802977.0,0.0
pilot2,1739975864779.0,0.0
pilot2,1739975931232.0,0.0
pilot2,1739975992531.0,0.0
pilot2,1739976059757.0,7.0
pilot2,1739976123747.0,0.0
pilot2,1739976198451.0,0.0
pilot2,1739976276735.0,0.0
pilot2,1739976348594.0,0.0
pilot2,1739976408921.0,0.0
pilot2,1739976490971.0,0.0
pilot2,1739976567491.0,0.0
pilot2,1739976643829.0,0.0
pilot2,1739976704181.0,0.0
pilot2,1739976764800.0,0.0
pilot2,1739976844435.0,0.0
pilot2,1739976929141.0,0.0
pilot2,1739976992959.0,0.0
pilot2,1739977053302.0,0.0
pilot2,1740006047568.0,0.0
pilot2,1740006116670.0,0.0
pilot2,1740006183555.0,0.0
pilot2,1740006268496.0,0.0
pilot2,1740006335786.0,0.0
pilot2,1740006410054.0,0.0
pilot2,1740006486519.0,0.0
pilot2,1740006570778.0,0.0
pilot2,1740006641761.0,0.0
pilot2,1740006718406.0,0.0
pilot2,1740006788541.0,0.0
pilot2,1740006873114.0,0.0
pilot2,1740006937860.0,0.0
pilot2,1740006997971.0,0.0
pilot2,1740007073903.0,0.0
pilot2,1740007146897.0,0.0
pilot2,1740007231363.0,0.0
pilot2,1740007295541.0,0.0
pilot2,1740007377084.0,0.0
pilot2,1740007437985.0,0.0
pilot2,1740007504601.0,0.0
pilot2,1740007566178.0,1.0
pilot2,1740007647553.0,81.0
pilot2,1740007731385.0,119.0
pilot2,1740007796433.0,5.0
pilot2,1740007880054.0,59.0
pilot2,1740007965138.0,55.0
pilot2,1740008049672.0,0.0
pilot2,1740008132038.0,0.0
pilot2,1740008216135.0,0.0
pilot2,1740008278288.0,0.0
pilot2,1740008362385.0,0.0
pilot2,1740008426856.0,0.0
pilot2,1740008491558.0,0.0
pilot2,1740008576305.0,0.0
pilot2,1740008660523.0,0.0
pilot2,1740008744809.0,0.0
pilot2,1740008805276.0,0.0
pilot2,1740008876285.0,0.0
pilot2,1740008944111.0,0.0
pilot2,1740009025556.0,0.0
pilot2,1740009100937.0,0.0
pilot2,1740009178383.0,0.0
pilot2,1740009247549.0,0.0
pilot2,1740009311785.0,0.0
pilot2,1740009397707.0,0.0
pilot2,1740009458623.0,0.0
pilot2,1740009543219.0,0.0
pilot2,1740009607609.0,0.0
pilot2,1740009692091.0,0.0
pilot2,1740020627439.0,0.0
pilot2,1740020688267.0,0.0
pilot2,1740020748621.0,0.0
pilot2,1740020808991.0,0.0
pilot2,1740020869831.0,0.0
pilot2,1740020930654.0,0.0
pilot2,1740020991514.0,0.0
pilot2,1740021051850.0,0.0
pilot2,1740021112700.0,0.0
pilot2,1740021173059.0,0.0
pilot2,1740021233955.0,0.0
pilot2,1740021294775.0,0.0
pilot2,1740021355088.0,0.0
pilot2,1740021421379.0,0.0
pilot2,1740021500626.0,0.0
pilot2,1740021567365.0,0.0
pilot2,1740021628487.0,0.0
pilot2,1740021692198.0,0.0
pilot2,1740021753041.0,0.0
pilot2,1740021832872.0,0.0
pilot2,1740021893690.0,0.0
pilot2,1740021954035.0,0.0
pilot2,1740022014387.0,0.0
pilot2,1740022075238.0,0.0
pilot2,1740022135239.0,0.0
pilot2,1740022196434.0,0.0
pilot2,1740022257281.0,0.0
pilot2,1740022319172.0,0.0
pilot2,1740022385570.0,0.0
pilot2,1740022446399.0,0.0
pilot2,1740022506730.0,0.0
pilot2,1740022587349.0,0.0
pilot2,1740022655832.0,0.0
pilot2,1740022719636.0,0.0
pilot2,1740022802425.0,0.0
pilot2,1740022862806.0,5.0
pilot2,1740022923631.0,20.0
pilot2,1740022983963.0,0.0
pilot2,1740023044864.0,20.0
pilot2,1740023105699.0,51.0
pilot2,1740023166016.0,8.0
pilot2,1740023226851.0,32.0
pilot2,1740023287441.0,12.0
pilot2,1740023349137.0,0.0
pilot2,1740023415452.0,0.0
pilot2,1740023475453.0,17.0
pilot2,1740023556668.0,29.0
pilot2,1740023616959.0,0.0
pilot2,1740023682544.0,0.0
pilot2,1740023747009.0,0.0
pilot2,1740023807371.0,0.0
pilot2,1740023881953.0,0.0
pilot2,1740023947652.0,0.0
pilot2,1739941532860.0,0.0
pilot2,1739941593126.0,0.0
pilot2,1739941653986.0,0.0
pilot2,1739941713987.0,0.0
pilot2,1739941774696.0,0.0
pilot2,1739941834983.0,0.0
pilot2,1739941896336.0,0.0
pilot2,1739941956695.0,0.0
pilot2,1739942018035.0,0.0
pilot2,1739942100594.0,37.0
pilot2,1739942161579.0,4.0
pilot2,1739942226639.0,0.0
pilot2,1739942289751.0,0.0
pilot2,1739942353343.0,0.0
pilot2,1739942416646.0,0.0
pilot2,1739942477231.0,0.0
pilot2,1739942543564.0,0.0
pilot2,1739942606168.0,0.0
pilot2,1739942670471.0,0.0
pilot2,1739942733927.0,0.0
pilot2,1739942797396.0,0.0
pilot2,1739942860869.0,0.0
pilot2,1739942922630.0,0.0
pilot2,1739942987885.0,0.0
pilot2,1739943051332.0,0.0
pilot2,1739943114781.0,0.0
pilot2,1739943178274.0,0.0
pilot2,1739943239065.0,0.0
pilot2,1739943305269.0,0.0
pilot2,1739943367968.0,0.0
pilot2,1739943432244.0,0.0
pilot2,1739943492671.0,0.0
pilot2,1739943567232.0,0.0
pilot2,1739943638786.0,0.0
pilot2,1739943702238.0,0.0
pilot2,1739943763185.0,0.0
pilot2,1739943829346.0,0.0
pilot2,1739943892804.0,0.0
pilot2,1739943953738.0,0.0
pilot2,1739944014551.0,0.0
pilot2,1739944074594.0,0.0
pilot2,1739944137585.0,0.0
pilot2,1739944207575.0,0.0
pilot2,1739944267935.0,0.0
pilot2,1739944329026.0,0.0
pilot2,1739944389131.0,0.0
pilot2,1739944450972.0,0.0
pilot2,1739959386753.0,0.0
pilot2,1739959450012.0,0.0
pilot2,1739959513296.0,0.0
pilot2,1739959576618.0,0.0
pilot2,1739959639866.0,0.0
pilot2,1739959701820.0,0.0
pilot2,1739959766485.0,0.0
pilot2,1739959829772.0,0.0
pilot2,1739959893051.0,0.0
pilot2,1739959956360.0,0.0
pilot2,1739960019672.0,0.0
pilot2,1739960082980.0,0.0
pilot2,1739960145966.0,0.0
pilot2,1739960209499.0,0.0
pilot2,1739960272818.0,0.0
pilot2,1739960336107.0,0.0
pilot2,1739960397819.0,0.0
pilot2,1739960458165.0,0.0
pilot2,1739960519014.0,0.0
pilot2,1739960579850.0,0.0
pilot2,1739960640231.0,0.0
pilot2,1739960700253.0,0.0
pilot2,1739960760864.0,0.0
pilot2,1739960821166.0,0.0
pilot2,1739960882588.0,0.0
pilot2,1739960943432.0,0.0
pilot2,1739961003838.0,0.0
pilot2,1739961063938.0,0.0
pilot2,1739961125489.0,0.0
pilot2,1739961185824.0,0.0
pilot2,1739961246690.0,0.0
pilot2,1739961307537.0,0.0
pilot2,1739961368939.0,0.0
pilot2,1739961435774.0,0.0
pilot2,1739961496125.0,0.0
pilot2,1739961556978.0,0.0
pilot2,1739961617319.0,0.0
pilot2,1739961678156.0,0.0
pilot2,1739961741793.0,0.0
pilot2,1739961807571.0,0.0
pilot2,1739961870873.0,0.0
pilot2,1739961934152.0,0.0
pilot2,1739961997452.0,0.0
pilot2,1739962060724.0,0.0
pilot2,1739962123995.0,0.0
pilot2,1739962187355.0,0.0
pilot2,1739962249801.0,0.0
pilot2,1739962313931.0,0.0
pilot2,1739962377228.0,0.0
pilot2,1739962440593.0,0.0
pilot2,1739962503903.0,0.0
pilot2,1739962567241.0,0.0
pilot2,1739962630559.0,0.0
pilot2,1739962693887.0,0.0
pilot2,1740009776977.0,0.0
pilot2,1740009861542.0,9.0
pilot2,1740009945966.0,0.0
pilot2,1740010008781.0,0.0
pilot2,1740010076924.0,0.0
pilot2,1740010160572.0,0.0
pilot2,1740010245644.0,0.0
pilot2,1740010331267.0,0.0
pilot2,1740010414553.0,0.0
pilot2,1740010502053.0,5.0
pilot2,1740010567554.0,0.0
pilot2,1740010651773.0,0.0
pilot2,1740010716935.0,0.0
pilot2,1740010796161.0,0.0
pilot2,1740010881133.0,0.0
pilot2,1740010965827.0,0.0
pilot2,1740011031503.0,0.0
pilot2,1740011097601.0,0.0
pilot2,1740011183579.0,0.0
pilot2,1740011268245.0,0.0
pilot2,1740011335600.0,0.0
pilot2,1740011419777.0,0.0
pilot2,1740011480576.0,0.0
pilot2,1740011551569.0,0.0
pilot2,1740011636468.0,0.0
pilot2,1740011721087.0,0.0
pilot2,1740011789528.0,0.0
pilot2,1740011874346.0,0.0
pilot2,1740011958645.0,0.0
pilot2,1740012023884.0,0.0
pilot2,1740012108041.0,0.0
pilot2,1740012192243.0,0.0
pilot2,1740012276476.0,0.0
pilot2,1740012361117.0,0.0
pilot2,1740012445671.0,0.0
pilot2,1740012508859.0,0.0
pilot2,1740012580603.0,0.0
pilot2,1740012665029.0,0.0
pilot2,1740012726537.0,0.0
pilot2,1740012811111.0,0.0
pilot2,1740012897408.0,0.0
pilot2,1740012970163.0,0.0
pilot2,1740013048545.0,0.0
pilot2,1740013133761.0,0.0
pilot2,1740013197960.0,0.0
pilot2,1740013271539.0,0.0
pilot2,1740013333187.0,0.0
pilot2,1740013401290.0,0.0
pilot2,1740013481971.0,0.0
pilot2,1740013547536.0,0.0
pilot2,1740013631924.0,0.0
pilot2,1740013716451.0,0.0
pilot2,1740013800981.0,0.0
pilot2,1740013885192.0,0.0
pilot2,1740013969794.0,0.0
pilot2,1740014054333.0,0.0
pilot2,1740014138922.0,0.0
pilot2,1740014223470.0,0.0
pilot2,1740014307695.0,0.0
pilot2,1740014392217.0,0.0
pilot2,1740014454963.0,0.0
pilot2,1740014539403.0,0.0
pilot2,1740014602790.0,0.0
pilot2,1740014685869.0,0.0
pilot2,1740014749517.0,0.0
pilot2,1740014833979.0,0.0
pilot2,1740014898834.0,0.0
pilot2,1740014981853.0,0.0
pilot2,1740015057699.0,0.0
pilot2,1740015128547.0,0.0
pilot2,1740015212784.0,0.0
pilot2,1740015277705.0,0.0
pilot2,1740015339613.0,72.0
pilot2,1740015403536.0,14.0
pilot2,1740015488011.0,71.0
pilot2,1740015572651.0,0.0
pilot2,1740015638822.0,0.0
pilot2,1740015723019.0,0.0
pilot2,1740015785578.0,0.0
pilot2,1740015865416.0,0.0
pilot2,1740015945228.0,0.0
pilot2,1740016006057.0,0.0
pilot2,1740016066784.0,0.0
pilot2,1740016137122.0,0.0
pilot2,1740016197429.0,0.0
pilot2,1740016258324.0,0.0
pilot2,1740016319674.0,0.0
pilot2,1740016380503.0,0.0
pilot2,1740016440847.0,0.0
pilot2,1740016500851.0,0.0
pilot2,1740016561070.0,0.0
pilot2,1740016621899.0,0.0
pilot2,1740016682246.0,0.0
pilot2,1740016743091.0,0.0
pilot2,1740016803443.0,0.0
pilot2,1740016864787.0,0.0
pilot2,1740016925645.0,0.0
pilot2,1740060606588.0,0.0
pilot2,1740060667044.0,0.0
pilot2,1740060730542.0,0.0
pilot2,1740060793985.0,0.0
pilot2,1740060856979.0,0.0
pilot2,1740060917814.0,0.0
pilot2,1740060978882.0,0.0
pilot2,1740061040101.0,0.0
pilot2,1740061110618.0,0.0
pilot2,1740061175146.0,0.0
pilot2,1740061238840.0,0.0
pilot2,1740061302338.0,0.0
pilot2,1740061366145.0,0.0
pilot2,1740061427088.0,0.0
pilot2,1740061493036.0,0.0
pilot2,1740061557177.0,0.0
pilot2,1740061619864.0,0.0
pilot2,1740061680852.0,0.0
pilot2,1740061742866.0,0.0
pilot2,1740061830002.0,0.0
pilot2,1740061890391.0,0.0
pilot2,1740061954036.0,0.0
pilot2,1740062017866.0,0.0
pilot2,1740062080860.0,0.0
pilot2,1740062141752.0,0.0
pilot2,1740062203902.0,0.0
pilot2,1740062264039.0,0.0
pilot2,1740062324879.0,0.0
pilot2,1740062387868.0,0.0
pilot2,1740062459855.0,0.0
pilot2,1740062526794.0,0.0
pilot2,1740062588853.0,0.0
pilot2,1740062653905.0,0.0
pilot2,1740062716070.0,0.0
pilot2,1740062781017.0,0.0
pilot2,1740062844574.0,0.0
pilot2,1740062905152.0,0.0
pilot2,1740062968835.0,0.0
pilot2,1740063029874.0,0.0
pilot2,1740063090839.0,0.0
pilot2,1740063153057.0,0.0
pilot2,1740063215040.0,0.0
pilot2,1740063278593.0,0.0
pilot2,1740063348909.0,0.0
pilot2,,
pilot5,1740431222418.0,0.0
pilot5,1740431282432.0,10.0
pilot5,1740431342626.0,0.0
pilot5,1740431426510.0,0.0
pilot5,1740431498694.0,0.0
pilot5,1740431559712.0,1.0
pilot5,1740431619713.0,15.0
pilot5,1740431679728.0,0.0
pilot5,1740431759492.0,0.0
pilot5,1740431834029.0,0.0
pilot5,1740431912342.0,81.0
pilot5,1740431976429.0,24.0
pilot5,1740432037820.0,32.0
pilot5,1740432106011.0,72.0
pilot5,1740432166071.0,168.0
pilot5,1740432240072.0,59.0
pilot5,1740432309721.0,208.0
pilot5,1740432370262.0,121.0
pilot5,1740432438471.0,137.0
pilot5,1740432503229.0,44.0
pilot5,1740432567633.0,222.0
pilot5,1740432628843.0,7.0
pilot5,1740432689099.0,91.0
pilot5,1740432766725.0,114.0
pilot5,1740432836195.0,162.0
pilot5,1740432897440.0,59.0
pilot5,1740432959509.0,200.0
pilot5,1740433019510.0,102.0
pilot5,1740433080224.0,91.0
pilot5,1740433143223.0,10.0
pilot5,1740433212710.0,25.0
pilot5,1740433278138.0,0.0
pilot5,1740433338150.0,0.0
pilot5,1740433398579.0,0.0
pilot5,1740433458580.0,0.0
pilot5,1740433522673.0,0.0
pilot5,1740433593526.0,0.0
pilot5,1740433655188.0,0.0
pilot5,1740433723518.0,16.0
pilot5,1740433795834.0,4.0
pilot5,1740433872670.0,70.0
pilot5,1740433935560.0,0.0
pilot5,1740434008182.0,20.0
pilot5,1740434069723.0,0.0
pilot5,1740434134602.0,4.0
pilot5,1740434196874.0,13.0
pilot5,1740434262929.0,0.0
pilot5,1740434673952.0,0.0
pilot5,1740434736907.0,0.0
pilot5,1740434805170.0,0.0
pilot5,1740434868175.0,0.0
pilot5,1740434928236.0,0.0
pilot5,1740434988668.0,0.0
pilot5,1740435048670.0,0.0
pilot5,1740435109556.0,0.0
pilot5,1740435193349.0,0.0
pilot5,1740435262051.0,0.0
pilot5,1740435322834.0,0.0
pilot5,1740435385632.0,0.0
pilot5,1740435445634.0,0.0
pilot5,1740435530606.0,0.0
pilot5,1740435590607.0,0.0
pilot5,1740435650612.0,0.0
pilot5,1740435710989.0,0.0
pilot5,1740435771531.0,0.0
pilot5,1740435831538.0,0.0
pilot5,1740435896729.0,0.0
pilot5,1740435956767.0,0.0
pilot5,1740436017206.0,0.0
pilot5,1740436077207.0,0.0
pilot5,1740436138767.0,0.0
pilot5,1740436214287.0,0.0
pilot5,1740436290220.0,0.0
pilot5,1740436352939.0,0.0
pilot5,1740436415170.0,0.0
pilot5,1740436478201.0,0.0
pilot5,1740436546929.0,0.0
pilot5,1740436616029.0,0.0
pilot5,1740436676030.0,0.0
pilot5,1740436736521.0,0.0
pilot5,1740436797478.0,0.0
pilot5,1740436862947.0,0.0
pilot5,1740436923226.0,0.0
pilot5,1740436986989.0,0.0
pilot5,1740437060174.0,0.0
pilot5,1740437129339.0,0.0
pilot5,1740437194267.0,0.0
pilot5,1740437254938.0,69.0
pilot5,1740437340392.0,19.0
pilot5,1740437405338.0,0.0
pilot5,1740437465874.0,0.0
pilot5,1740437525875.0,0.0
pilot5,1740437586117.0,0.0
pilot5,1740437649252.0,0.0
pilot5,1740437710052.0,0.0
pilot5,1740437787685.0,0.0
pilot5,1740437856714.0,0.0
pilot5,1740437921213.0,0.0
pilot5,1740437983559.0,0.0
pilot5,1740448961867.0,0.0
pilot5,1740449026831.0,18.0
pilot5,1740449087346.0,0.0
pilot5,1740449171207.0,0.0
pilot5,1740449239854.0,0.0
pilot5,1740449301090.0,9.0
pilot5,1740449361091.0,0.0
pilot5,1740449441474.0,0.0
pilot5,1740449508303.0,15.0
pilot5,1740449568752.0,0.0
pilot5,1740449642092.0,0.0
pilot5,1740449707025.0,6.0
pilot5,1740449775147.0,0.0
pilot5,1740449837114.0,0.0
pilot5,1740449903316.0,0.0
pilot5,1740449963500.0,0.0
pilot5,1740450024466.0,25.0
pilot5,1740450103187.0,22.0
pilot5,1740450163632.0,23.0
pilot5,1740450230681.0,0.0
pilot5,1740450294916.0,0.0
pilot5,1740450357153.0,0.0
pilot5,1740450428120.0,0.0
pilot5,1740450499923.0,0.0
pilot5,1740450565449.0,0.0
pilot5,1740450625906.0,0.0
pilot5,1740450705110.0,0.0
pilot5,1740450765600.0,0.0
pilot5,1740450825612.0,0.0
pilot5,1740450885613.0,0.0
pilot5,1740450946049.0,0.0
pilot5,1740451006164.0,0.0
pilot5,1740451066601.0,0.0
pilot5,1740451136119.0,0.0
pilot5,1740451202146.0,0.0
pilot5,1740451281966.0,0.0
pilot5,1740451346997.0,0.0
pilot5,1740451407093.0,0.0
pilot5,1740451485392.0,0.0
pilot5,1740451546093.0,0.0
pilot5,1740451608016.0,0.0
pilot5,1740451668038.0,0.0
pilot5,1740451728799.0,0.0
pilot5,1740451795507.0,30.0
pilot5,1740451856492.0,0.0
pilot5,1740451925772.0,38.0
pilot5,1740451987719.0,0.0
pilot5,1740452060225.0,0.0
pilot5,1740452126791.0,0.0
pilot5,1740452195601.0,0.0
pilot5,1740452270955.0,0.0
pilot5,1740452332120.0,0.0
pilot5,1740456118074.0,0.0
pilot5,1740456181502.0,0.0
pilot5,1740456243920.0,0.0
pilot5,1740456315207.0,0.0
pilot5,1740456385798.0,0.0
pilot5,1740456462286.0,0.0
pilot5,1740456527844.0,0.0
pilot5,1740456603328.0,0.0
pilot5,1740456666391.0,0.0
pilot5,1740456734677.0,0.0
pilot5,1740456800067.0,0.0
pilot5,1740456860301.0,0.0
pilot5,1740456925706.0,0.0
pilot5,1740457003366.0,0.0
pilot5,1740457073299.0,0.0
pilot5,1740457149272.0,0.0
pilot5,1740457209444.0,0.0
pilot5,1740457276744.0,0.0
pilot5,1740457341721.0,0.0
pilot5,1740457407092.0,0.0
pilot5,1740457485297.0,0.0
pilot5,1740457556127.0,0.0
pilot5,1740457633098.0,0.0
pilot5,1740457693527.0,0.0
pilot5,1740457758656.0,6.0
pilot5,1740457824413.0,0.0
pilot5,1740457897241.0,0.0
pilot5,1740457968705.0,0.0
pilot5,1740458031809.0,0.0
pilot5,1740458095460.0,0.0
pilot5,1740458171504.0,0.0
pilot5,1740458240200.0,0.0
pilot5,1740458306305.0,8.0
pilot5,1740458378952.0,0.0
pilot5,1740458440996.0,0.0
pilot5,1740458509367.0,0.0
pilot5,1740458581219.0,0.0
pilot5,1740458663312.0,0.0
pilot5,1740458748098.0,0.0
pilot5,1740458815818.0,0.0
pilot5,1740458891002.0,0.0
pilot5,1740458973615.0,0.0
pilot5,1740459042676.0,0.0
pilot5,1740459118816.0,0.0
pilot5,1740459179989.0,0.0
pilot5,1740459240035.0,0.0
pilot5,1740459321747.0,0.0
pilot5,1740459403960.0,0.0
pilot5,1740438055169.0,0.0
pilot5,1740438122769.0,0.0
pilot5,1740438204440.0,0.0
pilot5,1740438269188.0,0.0
pilot5,1740438342907.0,0.0
pilot5,1740438408949.0,0.0
pilot5,1740438469805.0,0.0
pilot5,1740438535595.0,0.0
pilot5,1740438610280.0,0.0
pilot5,1740438670281.0,0.0
pilot5,1740438730441.0,0.0
pilot5,1740438813938.0,0.0
pilot5,1740438874139.0,0.0
pilot5,1740438934447.0,6.0
pilot5,1740438994773.0,0.0
pilot5,1740439063205.0,0.0
pilot5,1740439132220.0,0.0
pilot5,1740439195899.0,0.0
pilot5,1740439257919.0,0.0
pilot5,1740439318461.0,0.0
pilot5,1740439386630.0,0.0
pilot5,1740439447915.0,0.0
pilot5,1740439508550.0,0.0
pilot5,1740439572614.0,0.0
pilot5,1740439633570.0,0.0
pilot5,1740439694063.0,0.0
pilot5,1740439754064.0,0.0
pilot5,1740439818558.0,0.0
pilot5,1740439879719.0,0.0
pilot5,1740439940851.0,0.0
pilot5,1740440007728.0,0.0
pilot5,1740440083734.0,0.0
pilot5,1740440149771.0,0.0
pilot5,1740440221181.0,0.0
pilot5,1740440286629.0,0.0
pilot5,1740440362458.0,0.0
pilot5,1740440425434.0,0.0
pilot5,1740440492423.0,0.0
pilot5,1740440563996.0,0.0
pilot5,1740440624121.0,0.0
pilot5,1740440692726.0,0.0
pilot5,1740440753718.0,0.0
pilot5,1740440832855.0,0.0
pilot5,1740440893370.0,0.0
pilot5,1740440953374.0,0.0
pilot5,1740441013818.0,0.0
pilot5,1740441073897.0,0.0
pilot5,1740441134275.0,0.0
pilot5,1740441197304.0,0.0
pilot5,1740441261365.0,0.0
pilot5,1740441347551.0,0.0
pilot5,1740441416074.0,0.0
pilot5,1740441494626.0,0.0
pilot5,1740441560675.0,0.0
pilot5,1740441623053.0,0.0
pilot5,1740452739810.0,0.0
pilot5,1740452800586.0,0.0
pilot5,1740452871697.0,0.0
pilot5,1740452937411.0,0.0
pilot5,1740453010005.0,0.0
pilot5,1740453083241.0,0.0
pilot5,1740453159841.0,0.0
pilot5,1740453224213.0,0.0
pilot5,1740453295559.0,0.0
pilot5,1740453365360.0,0.0
pilot5,1740453427829.0,0.0
pilot5,1740453490262.0,0.0
pilot5,1740453552098.0,0.0
pilot5,1740453632620.0,0.0
pilot5,1740453699421.0,0.0
pilot5,1740453760188.0,0.0
pilot5,1740453829718.0,0.0
pilot5,1740453906326.0,0.0
pilot5,1740453967513.0,0.0
pilot5,1740454027815.0,0.0
pilot5,1740454095466.0,0.0
pilot5,1740454178271.0,0.0
pilot5,1740454247925.0,0.0
pilot5,1740454323508.0,0.0
pilot5,1740454387022.0,40.0
pilot5,1740454466137.0,30.0
pilot5,1740454532846.0,0.0
pilot5,1740454599105.0,0.0
pilot5,1740454659132.0,0.0
pilot5,1740454723723.0,0.0
pilot5,1740454788111.0,0.0
pilot5,1740454857682.0,0.0
pilot5,1740454919088.0,0.0
pilot5,1740454979103.0,0.0
pilot5,1740455050019.0,0.0
pilot5,1740455110628.0,0.0
pilot5,1740455172140.0,0.0
pilot5,1740455255648.0,13.0
pilot5,1740455317166.0,0.0
pilot5,1740455381399.0,0.0
pilot5,1740455444214.0,0.0
pilot5,1740455508753.0,0.0
pilot5,1740455569380.0,0.0
pilot5,1740455639474.0,0.0
pilot5,1740455703129.0,0.0
pilot5,1740441687177.0,0.0
pilot5,1740441747768.0,0.0
pilot5,1740441830804.0,0.0
pilot5,1740441893216.0,0.0
pilot5,1740441957997.0,0.0
pilot5,1740442018003.0,0.0
pilot5,1740442080472.0,0.0
pilot5,1740442142927.0,0.0
pilot5,1740442204185.0,0.0
pilot5,1740442276415.0,18.0
pilot5,1740442349684.0,0.0
pilot5,1740442410519.0,0.0
pilot5,1740442489906.0,0.0
pilot5,1740442568537.0,0.0
pilot5,1740442629489.0,0.0
pilot5,1740442699597.0,0.0
pilot5,1740442759612.0,0.0
pilot5,1740442820055.0,0.0
pilot5,1740442880596.0,0.0
pilot5,1740442961654.0,0.0
pilot5,1740443049145.0,0.0
pilot5,1740443116056.0,0.0
pilot5,1740443183137.0,0.0
pilot5,1740443268909.0,0.0
pilot5,1740443334723.0,0.0
pilot5,1740443402502.0,0.0
pilot5,1740443479198.0,0.0
pilot5,1740443542496.0,0.0
pilot5,1740443602497.0,0.0
pilot5,1740443682090.0,0.0
pilot5,1740443745506.0,0.0
pilot5,1740443833333.0,0.0
pilot5,1740443893658.0,0.0
pilot5,1740443966676.0,0.0
pilot5,1740444051919.0,0.0
pilot5,1740444119134.0,0.0
pilot5,1740444181056.0,0.0
pilot5,1740444244765.0,0.0
pilot5,1740444304823.0,0.0
pilot5,1740444371438.0,0.0
pilot5,1740444445448.0,0.0
pilot5,1740444511707.0,0.0
pilot5,1740444572616.0,0.0
pilot5,1740444633498.0,0.0
pilot5,1740444695366.0,0.0
pilot5,1740444780137.0,0.0
pilot5,1740444841313.0,0.0
pilot5,1740444906172.0,0.0
pilot5,1740444970530.0,0.0
pilot5,1740445030531.0,0.0
pilot5,1740445385694.0,0.0
pilot5,1740445459400.0,0.0
pilot5,1740445531121.0,0.0
pilot5,1740445596360.0,0.0
pilot5,1740445657401.0,0.0
pilot5,1740445744100.0,0.0
pilot5,1740445824048.0,0.0
pilot5,1740445889692.0,0.0
pilot5,1740445950203.0,0.0
pilot5,1740446010232.0,0.0
pilot5,1740446070388.0,0.0
pilot5,1740446131831.0,0.0
pilot5,1740446197387.0,0.0
pilot5,1740446258129.0,0.0
pilot5,1740446344127.0,0.0
pilot5,1740446412906.0,0.0
pilot5,1740446491261.0,0.0
pilot5,1740446551729.0,0.0
pilot5,1740446612110.0,0.0
pilot5,1740446672111.0,0.0
pilot5,1740446732549.0,0.0
pilot5,1740446792575.0,0.0
pilot5,1740446852922.0,0.0
pilot5,1740446919816.0,0.0
pilot5,1740446979823.0,0.0
pilot5,1740447051408.0,12.0
pilot5,1740447128188.0,0.0
pilot5,1740447194314.0,0.0
pilot5,1740447274375.0,0.0
pilot5,1740447334515.0,0.0
pilot5,1740447394516.0,11.0
pilot5,1740447454537.0,0.0
pilot5,1740447514997.0,0.0
pilot5,1740447576118.0,0.0
pilot5,1740447636119.0,0.0
pilot5,1740447702363.0,0.0
pilot5,1740447762708.0,0.0
pilot5,1740447822971.0,0.0
pilot5,1740447882980.0,0.0
pilot5,1740447958127.0,0.0
pilot5,1740448018128.0,0.0
pilot5,1740448080239.0,17.0
pilot5,1740448165349.0,8.0
pilot5,1740448233979.0,0.0
pilot5,1740448297832.0,0.0
pilot5,1740448357923.0,0.0
pilot5,1740448424614.0,0.0
pilot5,1740448484912.0,0.0
pilot5,1740448545393.0,0.0
pilot5,1740448605406.0,0.0
pilot5,1740470408329.0,0.0
pilot5,1740470489054.0,0.0
pilot5,1740470570918.0,0.0
pilot5,1740470652085.0,0.0
pilot5,1740470721068.0,0.0
pilot5,1740470797244.0,0.0
pilot5,1740470882494.0,0.0
pilot5,1740470964657.0,0.0
pilot5,1740471040557.0,0.0
pilot5,1740471105065.0,0.0
pilot5,1740471189717.0,0.0
pilot5,1740471258706.0,0.0
pilot5,1740471334839.0,0.0
pilot5,1740471396087.0,0.0
pilot5,1740471478856.0,0.0
pilot5,1740471560620.0,0.0
pilot5,1740471629619.0,0.0
pilot5,1740471705720.0,0.0
pilot5,1740471766930.0,0.0
pilot5,1740471849994.0,0.0
pilot5,1740471933441.0,0.0
pilot5,1740472002340.0,0.0
pilot5,1740472078496.0,0.0
pilot5,1740472139729.0,0.0
pilot5,1740472221252.0,0.0
pilot5,1740472281253.0,0.0
pilot5,1740472357894.0,0.0
pilot5,1740472423231.0,0.0
pilot5,1740472495289.0,0.0
pilot5,1740472565970.0,0.0
pilot5,1740472647742.0,0.0
pilot5,1740472716776.0,0.0
pilot5,1740472792587.0,0.0
pilot5,1740472853910.0,0.0
pilot5,1740472913969.0,0.0
pilot5,1740472974692.0,0.0
pilot5,1740473059674.0,0.0
pilot5,1740473144648.0,0.0
pilot5,1740473223798.0,0.0
pilot5,1740473307840.0,0.0
pilot5,1740473376877.0,0.0
pilot5,1740473452961.0,0.0
pilot5,1740473514204.0,0.0
pilot5,1740473574205.0,0.0
pilot5,1740473636665.0,0.0
pilot5,1740473709505.0,0.0
pilot5,1740473771378.0,0.0
pilot5,1740517426471.0,0.0
pilot5,1740517487286.0,0.0
pilot5,1740517554918.0,0.0
pilot5,1740517627768.0,0.0
pilot5,1740517704816.0,0.0
pilot5,1740517769031.0,0.0
pilot5,1740517839061.0,0.0
pilot5,1740517902448.0,0.0
pilot5,1740517965856.0,0.0
pilot5,1740518027634.0,0.0
pilot5,1740518088455.0,0.0
pilot5,1740518165305.0,0.0
pilot5,1740518241543.0,0.0
pilot5,1740518311259.0,0.0
pilot5,1740518386796.0,0.0
pilot5,1740518459084.0,0.0
pilot5,1740518530516.0,0.0
pilot5,1740518603299.0,0.0
pilot5,1740518663300.0,0.0
pilot5,1740518726847.0,0.0
pilot5,1740518788179.0,65.0
pilot5,1740518863113.0,0.0
pilot5,1740518925840.0,0.0
pilot5,1740518993945.0,0.0
pilot5,1740519058761.0,0.0
pilot5,1740519126883.0,0.0
pilot5,1740519193828.0,0.0
pilot5,1740519266747.0,0.0
pilot5,1740519334904.0,0.0
pilot5,1740519403122.0,0.0
pilot5,1740519477592.0,67.0
pilot5,1740519537944.0,6.0
pilot5,1740519604238.0,36.0
pilot5,1740519673076.0,68.0
pilot5,1740519749918.0,16.0
pilot5,1740519813667.0,108.0
pilot5,1740519878343.0,123.0
pilot5,1740519945146.0,184.0
pilot5,1740520007377.0,29.0
pilot5,1740520077128.0,0.0
pilot5,1740520152224.0,0.0
pilot5,1740520224909.0,0.0
pilot5,1740520297576.0,0.0
pilot5,1740520379503.0,55.0
pilot5,1740520452890.0,0.0
pilot5,1740520525859.0,0.0
pilot5,1740520587164.0,0.0
pilot5,1740520653766.0,11.0
pilot5,1740520737956.0,9.0
pilot5,1740474141742.0,0.0
pilot5,1740474210781.0,0.0
pilot5,1740474286927.0,0.0
pilot5,1740474349703.0,0.0
pilot5,1740474422579.0,0.0
pilot5,1740474484468.0,0.0
pilot5,1740474552699.0,0.0
pilot5,1740474619658.0,0.0
pilot5,1740474687457.0,0.0
pilot5,1740474760292.0,0.0
pilot5,1740474822134.0,0.0
pilot5,1740474890407.0,0.0
pilot5,1740474962249.0,0.0
pilot5,1740475047556.0,0.0
pilot5,1740475132343.0,0.0
pilot5,1740475200741.0,0.0
pilot5,1740475270019.0,0.0
pilot5,1740475330061.0,0.0
pilot5,1740475402817.0,0.0
pilot5,1740475464715.0,0.0
pilot5,1740475548596.0,0.0
pilot5,1740475619944.0,0.0
pilot5,1740475701859.0,0.0
pilot5,1740475770906.0,0.0
pilot5,1740475847056.0,0.0
pilot5,1740475908246.0,0.0
pilot5,1740475975222.0,0.0
pilot5,1740476058147.0,0.0
pilot5,1740476127140.0,0.0
pilot5,1740476203279.0,0.0
pilot5,1740476286895.0,0.0
pilot5,1740476370900.0,0.0
pilot5,1740476439890.0,0.0
pilot5,1740476528496.0,0.0
pilot5,1740476613998.0,0.0
pilot5,1740476680075.0,0.0
pilot5,1740476752930.0,0.0
pilot5,1740476840575.0,0.0
pilot5,1740476921257.0,0.0
pilot5,1740476991171.0,0.0
pilot5,1740477076192.0,0.0
pilot5,1740477148417.0,0.0
pilot5,1740477209829.0,0.0
pilot5,1740477277464.0,0.0
pilot5,1740477343781.0,0.0
pilot5,1740477416645.0,0.0
pilot5,1740477478530.0,0.0
pilot5,1740499462664.0,0.0
pilot5,1740499522794.0,0.0
pilot5,1740499590265.0,0.0
pilot5,1740499651670.0,0.0
pilot5,1740499719076.0,0.0
pilot5,1740499792496.0,0.0
pilot5,1740499861997.0,0.0
pilot5,1740499926993.0,0.0
pilot5,1740499991203.0,0.0
pilot5,1740500051434.0,0.0
pilot5,1740500122422.0,0.0
pilot5,1740500183415.0,0.0
pilot5,1740500442361.0,0.0
pilot5,1740500509277.0,0.0
pilot5,1740500574508.0,0.0
pilot5,1740500635637.0,0.0
pilot5,1740500700902.0,0.0
pilot5,1740500771301.0,0.0
pilot5,1740500847853.0,0.0
pilot5,1740500907854.0,0.0
pilot5,1740500968240.0,0.0
pilot5,1740501033000.0,0.0
pilot5,1740501111386.0,0.0
pilot5,1740501181931.0,0.0
pilot5,1740501260750.0,1.0
pilot5,1740501326530.0,0.0
pilot5,1740501391440.0,0.0
pilot5,1740501462912.0,0.0
pilot5,1740501547209.0,0.0
pilot5,1740501630194.0,0.0
pilot5,1740501702984.0,0.0
pilot5,1740501763952.0,0.0
pilot5,1740501830380.0,0.0
pilot5,1740501897133.0,0.0
pilot5,1740501968585.0,0.0
pilot5,1740502028586.0,0.0
pilot5,1740502093518.0,0.0
pilot5,1740502166530.0,0.0
pilot5,1740502232183.0,0.0
pilot5,1740502302834.0,0.0
pilot5,1740502372570.0,0.0
pilot5,1740502447350.0,0.0
pilot5,1740502516696.0,0.0
pilot5,1740502592470.0,0.0
pilot5,1740466999767.0,0.0
pilot5,1740467068320.0,0.0
pilot5,1740467150083.0,0.0
pilot5,1740467219094.0,0.0
pilot5,1740467295210.0,0.0
pilot5,1740467361442.0,0.0
pilot5,1740467432723.0,0.0
pilot5,1740467497333.0,0.0
pilot5,1740467581053.0,0.0
pilot5,1740467657108.0,0.0
pilot5,1740467729827.0,0.0
pilot5,1740467806718.0,0.0
pilot5,1740467890574.0,0.0
pilot5,1740467959571.0,0.0
pilot5,1740468035732.0,0.0
pilot5,1740468096894.0,0.0
pilot5,1740468156954.0,0.0
pilot5,1740468219776.0,0.0
pilot5,1740468292605.0,0.0
pilot5,1740468354575.0,0.0
pilot5,1740468422782.0,0.0
pilot5,1740468489721.0,0.0
pilot5,1740468556508.0,0.0
pilot5,1740468629365.0,0.0
pilot5,1740468691046.0,0.0
pilot5,1740468762967.0,0.0
pilot5,1740468824053.0,0.0
pilot5,1740468907318.0,0.0
pilot5,1740468992161.0,0.0
pilot5,1740469076938.0,0.0
pilot5,1740469148957.0,0.0
pilot5,1740469210682.0,0.0
pilot5,1740469287350.0,0.0
pilot5,1740469352505.0,0.0
pilot5,1740469424466.0,0.0
pilot5,1740469494897.0,0.0
pilot5,1740469556518.0,0.0
pilot5,1740469636163.0,0.0
pilot5,1740469716298.0,0.0
pilot5,1740469784417.0,0.0
pilot5,1740469859554.0,0.0
pilot5,1740469941238.0,0.0
pilot5,1740470010203.0,0.0
pilot5,1740470094402.0,0.0
pilot5,1740470180060.0,0.0
pilot5,1740470242495.0,0.0
pilot5,1740470327498.0,0.0
pilot5,1740495888942.0,0.0
pilot5,1740495956478.0,0.0
pilot5,1740496017570.0,0.0
pilot5,1740496096141.0,0.0
pilot5,1740496169726.0,0.0
pilot5,1740496230608.0,0.0
pilot5,1740496304910.0,0.0
pilot5,1740496365699.0,0.0
pilot5,1740496434055.0,0.0
pilot5,1740496499505.0,0.0
pilot5,1740496560920.0,0.0
pilot5,1740496622251.0,0.0
pilot5,1740496689681.0,0.0
pilot5,1740496762272.0,0.0
pilot5,1740496832209.0,0.0
pilot5,1740496892331.0,0.0
pilot5,1740496957369.0,0.0
pilot5,1740497017889.0,0.0
pilot5,1740497078529.0,1.0
pilot5,1740497157400.0,0.0
pilot5,1740497227839.0,0.0
pilot5,1740497304603.0,0.0
pilot5,1740497387889.0,0.0
pilot5,1740497454300.0,0.0
pilot5,1740497518799.0,0.0
pilot5,1740497588623.0,0.0
pilot5,1740497654922.0,0.0
pilot5,1740497722671.0,0.0
pilot5,1740497880689.0,0.0
pilot5,1740497960628.0,8.0
pilot5,1740498027585.0,0.0
pilot5,1740498100036.0,0.0
pilot5,1740498179190.0,0.0
pilot5,1740498245815.0,0.0
pilot5,1740498317435.0,0.0
pilot5,1740498393597.0,0.0
pilot5,1740498456940.0,0.0
pilot5,1740498542504.0,0.0
pilot5,1740498626688.0,0.0
pilot5,1740498700493.0,0.0
pilot5,1740498780566.0,0.0
pilot5,1740498847732.0,0.0
pilot5,1740498920545.0,0.0
pilot5,1740498990312.0,0.0
pilot5,1740499050656.0,0.0
pilot5,1740502969480.0,0.0
pilot5,1740503034981.0,1.0
pilot5,1740503105709.0,0.0
pilot5,1740503173669.0,28.0
pilot5,1740503257792.0,0.0
pilot5,1740503324931.0,0.0
pilot5,1740503399203.0,0.0
pilot5,1740503459533.0,0.0
pilot5,1740503529065.0,0.0
pilot5,1740503592660.0,0.0
pilot5,1740503654802.0,0.0
pilot5,1740503720696.0,0.0
pilot5,1740503787529.0,0.0
pilot5,1740503861599.0,0.0
pilot5,1740503943528.0,21.0
pilot5,1740504012525.0,0.0
pilot5,1740504088705.0,0.0
pilot5,1740504149965.0,0.0
pilot5,1740504220055.0,0.0
pilot5,1740504302780.0,0.0
pilot5,1740504370956.0,0.0
pilot5,1740504455114.0,0.0
pilot5,1740504526741.0,0.0
pilot5,1740504611391.0,0.0
pilot5,1740504680452.0,0.0
pilot5,1740504756569.0,0.0
pilot5,1740504817714.0,0.0
pilot5,1740504877811.0,0.0
pilot5,1740504939135.0,0.0
pilot5,1740505022219.0,0.0
pilot5,1740505098102.0,0.0
pilot5,1740505182686.0,0.0
pilot5,1740505265832.0,0.0
pilot5,1740505325833.0,0.0
pilot5,1740505406644.0,0.0
pilot5,1740505466655.0,0.0
pilot5,1740505532423.0,0.0
pilot5,1740505594637.0,0.0
pilot5,1740505662202.0,25.0
pilot5,1740505736758.0,13.0
pilot5,1740505803641.0,0.0
pilot5,1740505870021.0,27.0
pilot5,1740505949263.0,10.0
pilot5,1740506015940.0,0.0
pilot5,1740506088064.0,15.0
pilot5,1740506166878.0,13.0
pilot5,1740506232584.0,9.0
pilot5,1740488488983.0,0.0
pilot5,1740488565120.0,0.0
pilot5,1740488625793.0,0.0
pilot5,1740488698758.0,0.0
pilot5,1740488760656.0,0.0
pilot5,1740488829043.0,0.0
pilot5,1740488895956.0,0.0
pilot5,1740488956098.0,0.0
pilot5,1740489039711.0,0.0
pilot5,1740489124657.0,0.0
pilot5,1740489200043.0,0.0
pilot5,1740489269990.0,0.0
pilot5,1740489342925.0,0.0
pilot5,1740489404858.0,0.0
pilot5,1740489473198.0,0.0
pilot5,1740489540165.0,0.0
pilot5,1740489622391.0,0.0
pilot5,1740489691435.0,0.0
pilot5,1740489767578.0,0.0
pilot5,1740489827740.0,0.0
pilot5,1740489897099.0,0.0
pilot5,1740489978875.0,0.0
pilot5,1740490047311.0,0.0
pilot5,1740490122734.0,0.0
pilot5,1740490183809.0,0.0
pilot5,1740490253366.0,0.0
pilot5,1740490316273.0,0.0
pilot5,1740490388870.0,0.0
pilot5,1740490449928.0,0.0
pilot5,1740490517720.0,0.0
pilot5,1740490601093.0,0.0
pilot5,1740490662456.0,0.0
pilot5,1740490747488.0,0.0
pilot5,1740490819720.0,0.0
pilot5,1740490881094.0,0.0
pilot5,1740490965002.0,0.0
pilot5,1740491029619.0,0.0
pilot5,1740491102199.0,0.0
pilot5,1740491163632.0,0.0
pilot5,1740491232083.0,0.0
pilot5,1740491303956.0,0.0
pilot5,1740491388756.0,0.0
pilot5,1740491473536.0,0.0
pilot5,1740491545655.0,0.0
pilot5,1740491606920.0,0.0
pilot5,1740491671468.0,0.0
pilot5,1740491743369.0,0.0
pilot5,1740491804984.0,0.0
pilot5,1740520804371.0,0.0
pilot5,1740520888867.0,0.0
pilot5,1740520963708.0,0.0
pilot5,1740521023709.0,0.0
pilot5,1740521094734.0,0.0
pilot5,1740492231431.0,0.0
pilot5,1740492303552.0,0.0
pilot5,1740492385174.0,0.0
pilot5,1740492454031.0,0.0
pilot5,1740492530302.0,0.0
pilot5,1740492591678.0,0.0
pilot5,1740492660777.0,0.0
pilot5,1740492746000.0,0.0
pilot5,1740492815096.0,0.0
pilot5,1740492891119.0,0.0
pilot5,1740492952341.0,0.0
pilot5,1740493021529.0,0.0
pilot5,1740493106623.0,0.0
pilot5,1740493175668.0,0.0
pilot5,1740493251871.0,0.0
pilot5,1740493312982.0,0.0
pilot5,1740493381737.0,0.0
pilot5,1740493453633.0,0.0
pilot5,1740493513695.0,0.0
pilot5,1740493579227.0,0.0
pilot5,1740493641989.0,0.0
pilot5,1740493702685.0,0.0
pilot5,1740493762987.0,0.0
pilot5,1740493840092.0,0.0
pilot5,1740493901843.0,0.0
pilot5,1740493979130.0,0.0
pilot5,1740494040632.0,0.0
pilot5,1740494108641.0,0.0
pilot5,1740494169306.0,0.0
pilot5,1740494229894.0,8.0
pilot5,1740494302925.0,0.0
pilot5,1740494365802.0,0.0
pilot5,1740494433872.0,8.0
pilot5,1740494499220.0,0.0
pilot5,1740494568804.0,0.0
pilot5,1740494630478.0,13.0
pilot5,1740494692848.0,0.0
pilot5,1740494769185.0,0.0
pilot5,1740494840624.0,0.0
pilot5,1740494900652.0,0.0
pilot5,1740494962719.0,0.0
pilot5,1740495037531.0,0.0
pilot5,1740495100162.0,0.0
pilot5,1740495167326.0,0.0
pilot5,1740495234576.0,0.0
pilot5,1740495305599.0,0.0
pilot5,1740495370579.0,0.0
pilot5,1740495444350.0,0.0
pilot5,1740495514345.0,0.0
pilot5,1740535322449.0,0.0
pilot5,1740535385631.0,0.0
pilot5,1740535448311.0,0.0
pilot5,1740535518189.0,0.0
pilot5,1740535578196.0,23.0
pilot5,1740535638698.0,28.0
pilot5,1740535704472.0,9.0
pilot5,1740535766107.0,0.0
pilot5,1740535829644.0,0.0
pilot5,1740535889855.0,0.0
pilot5,1740535977356.0,0.0
pilot5,1740536037357.0,0.0
pilot5,1740536110643.0,7.0
pilot5,1740536180085.0,0.0
pilot5,1740536240597.0,0.0
pilot5,1740536300599.0,0.0
pilot5,1740536361065.0,0.0
pilot5,1740536421309.0,0.0
pilot5,1740536481469.0,0.0
pilot5,1740536552581.0,0.0
pilot5,1740536628502.0,16.0
pilot5,1740536701292.0,4.0
pilot5,1740536772409.0,3.0
pilot5,1740536842489.0,0.0
pilot5,1740536902493.0,0.0
pilot5,1740536962968.0,0.0
pilot5,1740537022969.0,0.0
pilot5,1740537083378.0,0.0
pilot5,1740537151226.0,0.0
pilot5,1740537220246.0,7.0
pilot5,1740537281459.0,0.0
pilot5,1740537367790.0,0.0
pilot5,1740537429696.0,19.0
pilot5,1740537491952.0,0.0
pilot5,1740537575289.0,5.0
pilot5,1740537635928.0,2.0
pilot5,1740537698502.0,0.0
pilot5,1740537772476.0,0.0
pilot5,1740537859715.0,24.0
pilot5,1740537924245.0,0.0
pilot5,1740537999330.0,0.0
pilot5,1740538063399.0,0.0
pilot5,1740538123909.0,0.0
pilot5,1740538193947.0,0.0
pilot5,1740538254163.0,0.0
pilot5,1740538314195.0,0.0
pilot5,1740538374196.0,0.0
pilot5,1740538434659.0,7.0
pilot5,1740538494674.0,0.0
pilot5,1740538555626.0,19.0
pilot5,1740538622155.0,0.0
pilot5,1740538682156.0,0.0
pilot5,1740481341758.0,0.0
pilot5,1740481402795.0,0.0
pilot5,1740481475647.0,0.0
pilot5,1740481547534.0,0.0
pilot5,1740481627224.0,0.0
pilot5,1740481694911.0,0.0
pilot5,1740481778080.0,0.0
pilot5,1740481862842.0,0.0
pilot5,1740481934930.0,0.0
pilot5,1740482011956.0,0.0
pilot5,1740482093981.0,0.0
pilot5,1740482162922.0,0.0
pilot5,1740482239056.0,0.0
pilot5,1740482300311.0,0.0
pilot5,1740482367301.0,0.0
pilot5,1740482452236.0,0.0
pilot5,1740482521254.0,0.0
pilot5,1740482597395.0,0.0
pilot5,1740482658608.0,0.0
pilot5,1740482728780.0,0.0
pilot5,1740482811128.0,0.0
pilot5,1740482880145.0,0.0
pilot5,1740482956318.0,0.0
pilot5,1740483017537.0,0.0
pilot5,1740483077538.0,0.0
pilot5,1740483138999.0,0.0
pilot5,1740483211811.0,0.0
pilot5,1740483273697.0,0.0
pilot5,1740483357636.0,0.0
pilot5,1740483436181.0,0.0
pilot5,1740483497918.0,0.0
pilot5,1740483582876.0,0.0
pilot5,1740483655161.0,0.0
pilot5,1740483739527.0,0.0
pilot5,1740483800909.0,0.0
pilot5,1740483873814.0,0.0
pilot5,1740483935658.0,0.0
pilot5,1740484019555.0,0.0
pilot5,1740484090983.0,0.0
pilot5,1740484174845.0,0.0
pilot5,1740484243808.0,0.0
pilot5,1740484319942.0,0.0
pilot5,1740484381170.0,0.0
pilot5,1740484441210.0,0.0
pilot5,1740484517363.0,0.0
pilot5,1740484591427.0,0.0
pilot5,1740484652760.0,0.0
pilot5,1740513763796.0,0.0
pilot5,1740513846384.0,0.0
pilot5,1740513911021.0,0.0
pilot5,1740513981256.0,0.0
pilot5,1740514048436.0,0.0
pilot5,1740514124504.0,0.0
pilot5,1740514195300.0,0.0
pilot5,1740514263001.0,0.0
pilot5,1740514344898.0,0.0
pilot5,1740514406977.0,0.0
pilot5,1740514473744.0,0.0
pilot5,1740514550612.0,0.0
pilot5,1740514615365.0,0.0
pilot5,1740514684781.0,0.0
pilot5,1740514751108.0,0.0
pilot5,1740514816907.0,0.0
pilot5,1740514899381.0,1.0
pilot5,1740514975171.0,0.0
pilot5,1740515043620.0,0.0
pilot5,1740515104023.0,0.0
pilot5,1740515168807.0,0.0
pilot5,1740515251157.0,0.0
pilot5,1740515322611.0,0.0
pilot5,1740515399797.0,0.0
pilot5,1740515460773.0,0.0
pilot5,1740515528859.0,0.0
pilot5,1740515607423.0,0.0
pilot5,1740515683300.0,0.0
pilot5,1740515760858.0,0.0
pilot5,1740515840840.0,0.0
pilot5,1740515911810.0,0.0
pilot5,1740515988818.0,0.0
pilot5,1740516048974.0,0.0
pilot5,1740516116561.0,0.0
pilot5,1740516181578.0,0.0
pilot5,1740516243967.0,0.0
pilot5,1740516307276.0,0.0
pilot5,1740516387336.0,0.0
pilot5,1740516458879.0,0.0
pilot5,1740516536094.0,0.0
pilot5,1740516597181.0,0.0
pilot5,1740516658453.0,0.0
pilot5,1740516722024.0,0.0
pilot5,1740516790407.0,0.0
pilot5,1740516852736.0,0.0
pilot5,1740516915420.0,0.0
pilot5,1740516998508.0,0.0
pilot5,1740517068364.0,0.0
pilot5,1740463506379.0,0.0
pilot5,1740463579175.0,0.0
pilot5,1740463640846.0,0.0
pilot5,1740463723110.0,0.0
pilot5,1740463805362.0,0.0
pilot5,1740463881219.0,0.0
pilot5,1740463945746.0,0.0
pilot5,1740464005836.0,0.0
pilot5,1740464089475.0,0.0
pilot5,1740464165607.0,0.0
pilot5,1740464230252.0,0.0
pilot5,1740464301598.0,0.0
pilot5,1740464383247.0,0.0
pilot5,1740464452273.0,0.0
pilot5,1740464528408.0,0.0
pilot5,1740464589627.0,0.0
pilot5,1740464656074.0,0.0
pilot5,1740464721509.0,0.0
pilot5,1740464794363.0,0.0
pilot5,1740464856267.0,0.0
pilot5,1740464924512.0,0.0
pilot5,1740464991469.0,0.0
pilot5,1740465073025.0,0.0
pilot5,1740465142063.0,0.0
pilot5,1740465218160.0,0.0
pilot5,1740465279339.0,0.0
pilot5,1740465339340.0,0.0
pilot5,1740465401695.0,0.0
pilot5,1740465486750.0,0.0
pilot5,1740465558990.0,0.0
pilot5,1740465620365.0,0.0
pilot5,1740465688108.0,0.0
pilot5,1740465771373.0,0.0
pilot5,1740465840400.0,0.0
pilot5,1740465916581.0,0.0
pilot5,1740465977773.0,0.0
pilot5,1740466037790.0,0.0
pilot5,1740466101585.0,0.0
pilot5,1740466174442.0,0.0
pilot5,1740466236333.0,0.0
pilot5,1740466304687.0,0.0
pilot5,1740466371507.0,0.0
pilot5,1740466433558.0,0.0
pilot5,1740466506472.0,0.0
pilot5,1740466568354.0,0.0
pilot5,1740542465728.0,43.0
pilot5,1740542529632.0,0.0
pilot5,1740542590051.0,0.0
pilot5,1740542676087.0,0.0
pilot5,1740542758224.0,0.0
pilot5,1740542830888.0,0.0
pilot5,1740542891019.0,0.0
pilot5,1740542958011.0,0.0
pilot5,1740543018012.0,0.0
pilot5,1740543078780.0,0.0
pilot5,1740543162196.0,0.0
pilot5,1740543222197.0,0.0
pilot5,1740543287445.0,0.0
pilot5,1740543359466.0,0.0
pilot5,1740543420371.0,0.0
pilot5,1740543493228.0,0.0
pilot5,1740543559931.0,0.0
pilot5,1740543640519.0,0.0
pilot5,1740543714183.0,0.0
pilot5,1740543793922.0,0.0
pilot5,1740543853924.0,0.0
pilot5,1740543936841.0,0.0
pilot5,1740544022581.0,0.0
pilot5,1740544082582.0,0.0
pilot5,1740544155581.0,0.0
pilot5,1740544221867.0,0.0
pilot5,1740544282344.0,0.0
pilot5,1740544342829.0,0.0
pilot5,1740544402984.0,0.0
pilot5,1740544463394.0,0.0
pilot5,1740544523407.0,0.0
pilot5,1740544583998.0,0.0
pilot5,1740544659336.0,0.0
pilot5,1740544723956.0,0.0
pilot5,1740544795840.0,0.0
pilot5,1740544867657.0,0.0
pilot5,1740544928646.0,0.0
pilot5,1740544998705.0,0.0
pilot5,1740545064437.0,0.0
pilot5,1740545140528.0,7.0
pilot5,1740545216175.0,0.0
pilot5,1740545280664.0,0.0
pilot5,1740545343553.0,0.0
pilot5,1740545406573.0,0.0
pilot5,1740545468482.0,0.0
pilot5,1740545530593.0,0.0
pilot5,1740545592492.0,0.0
pilot5,1740545659986.0,0.0
pilot5,1740545724742.0,0.0
pilot5,1740545788142.0,0.0
pilot5,1740510020776.0,0.0
pilot5,1740510088735.0,6.0
pilot5,1740510163773.0,0.0
pilot5,1740510246462.0,0.0
pilot5,1740510310873.0,0.0
pilot5,1740510381095.0,0.0
pilot5,1740510448501.0,0.0
pilot5,1740510514040.0,0.0
pilot5,1740510577020.0,0.0
pilot5,1740510640409.0,0.0
pilot5,1740510717039.0,0.0
pilot5,1740510782188.0,0.0
pilot5,1740510852570.0,0.0
pilot5,1740510935208.0,0.0
pilot5,1740511007904.0,0.0
pilot5,1740511068840.0,0.0
pilot5,1740511134966.0,0.0
pilot5,1740511201846.0,0.0
pilot5,1740511272263.0,1.0
pilot5,1740511340630.0,0.0
pilot5,1740511406281.0,0.0
pilot5,1740511477239.0,0.0
pilot5,1740511548778.0,0.0
pilot5,1740511608787.0,0.0
pilot5,1740511670013.0,0.0
pilot5,1740511748603.0,0.0
pilot5,1740511824776.0,0.0
pilot5,1740511890150.0,20.0
pilot5,1740511965712.0,0.0
pilot5,1740512030957.0,0.0
pilot5,1740512092830.0,0.0
pilot5,1740512153144.0,0.0
pilot5,1740512225936.0,0.0
pilot5,1740512302625.0,0.0
pilot5,1740512376190.0,0.0
pilot5,1740512437860.0,0.0
pilot5,1740512504582.0,0.0
pilot5,1740512576724.0,0.0
pilot5,1740512645225.0,0.0
pilot5,1740512710684.0,0.0
pilot5,1740512771285.0,0.0
pilot5,1740512837889.0,0.0
pilot5,1740512905885.0,0.0
pilot5,1740512979161.0,0.0
pilot5,1740513061648.0,0.0
pilot5,1740513127928.0,10.0
pilot5,1740513192237.0,0.0
pilot5,1740513273736.0,6.0
pilot5,1740513341384.0,11.0
pilot5,1740485010694.0,0.0
pilot5,1740485086810.0,0.0
pilot5,1740485149790.0,0.0
pilot5,1740485222685.0,0.0
pilot5,1740485284553.0,0.0
pilot5,1740485352804.0,0.0
pilot5,1740485419757.0,0.0
pilot5,1740485502052.0,0.0
pilot5,1740485571056.0,0.0
pilot5,1740485647150.0,0.0
pilot5,1740485708407.0,0.0
pilot5,1740485768410.0,0.0
pilot5,1740485840407.0,0.0
pilot5,1740485910716.0,0.0
pilot5,1740485970717.0,0.0
pilot5,1740486036455.0,0.0
pilot5,1740486100933.0,0.0
pilot5,1740486183840.0,0.0
pilot5,1740486252879.0,0.0
pilot5,1740486328938.0,0.0
pilot5,1740486390161.0,0.0
pilot5,1740486456681.0,0.0
pilot5,1740486519656.0,0.0
pilot5,1740486603273.0,0.0
pilot5,1740486678372.0,0.0
pilot5,1740486742639.0,0.0
pilot5,1740486814252.0,0.0
pilot5,1740486882696.0,0.0
pilot5,1740486955453.0,0.0
pilot5,1740487017304.0,0.0
pilot5,1740487085585.0,0.0
pilot5,1740487152494.0,0.0
pilot5,1740487219305.0,0.0
pilot5,1740487291359.0,0.0
pilot5,1740487352988.0,0.0
pilot5,1740487417453.0,0.0
pilot5,1740487488969.0,0.0
pilot5,1740487572253.0,0.0
pilot5,1740487641239.0,0.0
pilot5,1740487717419.0,0.0
pilot5,1740487778632.0,0.0
pilot5,1740487845555.0,0.0
pilot5,1740487928049.0,0.0
pilot5,1740487996691.0,0.0
pilot5,1740488072996.0,0.0
pilot5,1740488134406.0,0.0
pilot5,1740488194480.0,0.0
pilot5,1740488259369.0,0.0
pilot5,1740488344380.0,0.0
pilot5,1740488416628.0,0.0
pilot5,1740492231431.0,0.0
pilot5,1740492303552.0,0.0
pilot5,1740492385174.0,0.0
pilot5,1740492454031.0,0.0
pilot5,1740492530302.0,0.0
pilot5,1740492591678.0,0.0
pilot5,1740492660777.0,0.0
pilot5,1740492746000.0,0.0
pilot5,1740492815096.0,0.0
pilot5,1740492891119.0,0.0
pilot5,1740492952341.0,0.0
pilot5,1740493021529.0,0.0
pilot5,1740493106623.0,0.0
pilot5,1740493175668.0,0.0
pilot5,1740493251871.0,0.0
pilot5,1740493312982.0,0.0
pilot5,1740493381737.0,0.0
pilot5,1740493453633.0,0.0
pilot5,1740493513695.0,0.0
pilot5,1740493579227.0,0.0
pilot5,1740493641989.0,0.0
pilot5,1740493702685.0,0.0
pilot5,1740493762987.0,0.0
pilot5,1740493840092.0,0.0
pilot5,1740493901843.0,0.0
pilot5,1740493979130.0,0.0
pilot5,1740494040632.0,0.0
pilot5,1740494108641.0,0.0
pilot5,1740494169306.0,0.0
pilot5,1740494229894.0,8.0
pilot5,1740494302925.0,0.0
pilot5,1740494365802.0,0.0
pilot5,1740494433872.0,8.0
pilot5,1740494499220.0,0.0
pilot5,1740494568804.0,0.0
pilot5,1740494630478.0,13.0
pilot5,1740494692848.0,0.0
pilot5,1740494769185.0,0.0
pilot5,1740494840624.0,0.0
pilot5,1740494900652.0,0.0
pilot5,1740494962719.0,0.0
pilot5,1740495037531.0,0.0
pilot5,1740495100162.0,0.0
pilot5,1740495167326.0,0.0
pilot5,1740495234576.0,0.0
pilot5,1740495305599.0,0.0
pilot5,1740495370579.0,0.0
pilot5,1740495444350.0,0.0
pilot5,1740495514345.0,0.0
pilot5,1740539096651.0,0.0
pilot5,1740539157053.0,0.0
pilot5,1740539217616.0,0.0
pilot5,1740539284531.0,0.0
pilot5,1740539344537.0,4.0
pilot5,1740539404544.0,0.0
pilot5,1740539465081.0,0.0
pilot5,1740539525082.0,0.0
pilot5,1740539585529.0,0.0
pilot5,1740539645629.0,11.0
pilot5,1740539705633.0,72.0
pilot5,1740539765647.0,38.0
pilot5,1740539829510.0,0.0
pilot5,1740539896602.0,0.0
pilot5,1740539966952.0,0.0
pilot5,1740540027546.0,0.0
pilot5,1740540106729.0,0.0
pilot5,1740540177862.0,0.0
pilot5,1740540241476.0,0.0
pilot5,1740540308115.0,0.0
pilot5,1740540372669.0,0.0
pilot5,1740540439122.0,0.0
pilot5,1740540501164.0,0.0
pilot5,1740540562522.0,0.0
pilot5,1740540623998.0,0.0
pilot5,1740540687703.0,24.0
pilot5,1740540757352.0,3.0
pilot5,1740540828898.0,6.0
pilot5,1740540889185.0,0.0
pilot5,1740540963837.0,0.0
pilot5,1740541023838.0,0.0
pilot5,1740541084284.0,0.0
pilot5,1740541151113.0,0.0
pilot5,1740541220408.0,0.0
pilot5,1740541307585.0,0.0
pilot5,1740541376092.0,0.0
pilot5,1740541436360.0,0.0
pilot5,1740541523592.0,0.0
pilot5,1740541586648.0,49.0
pilot5,1740541657406.0,4.0
pilot5,1740541717417.0,0.0
pilot5,1740541778399.0,0.0
pilot5,1740541838403.0,0.0
pilot5,1740541925425.0,0.0
pilot5,1740541987775.0,0.0
pilot5,1740542047782.0,0.0
pilot5,1740542108105.0,0.0
pilot5,1740542168561.0,0.0
pilot5,1740542246471.0,0.0
pilot5,1740542329449.0,0.0
pilot5,1740542389527.0,0.0
pilot5,1740459766169.0,0.0
pilot5,1740459831483.0,0.0
pilot5,1740459895078.0,0.0
pilot5,1740459960882.0,0.0
pilot5,1740460042045.0,0.0
pilot5,1740460114942.0,0.0
pilot5,1740460176796.0,0.0
pilot5,1740460245047.0,0.0
pilot5,1740460329780.0,0.0
pilot5,1740460398846.0,0.0
pilot5,1740460474984.0,0.0
pilot5,1740460536181.0,0.0
pilot5,1740460596185.0,0.0
pilot5,1740460680064.0,0.0
pilot5,1740460749072.0,0.0
pilot5,1740460825275.0,0.0
pilot5,1740460886455.0,0.0
pilot5,1740460953424.0,0.0
pilot5,1740461015565.0,0.0
pilot5,1740461088447.0,0.0
pilot5,1740461150334.0,0.0
pilot5,1740461218660.0,0.0
pilot5,1740461285509.0,0.0
pilot5,1740461367376.0,0.0
pilot5,1740461436368.0,0.0
pilot5,1740461512545.0,0.0
pilot5,1740461573788.0,0.0
pilot5,1740461633789.0,0.0
pilot5,1740461695872.0,0.0
pilot5,1740461756107.0,0.0
pilot5,1740461820944.0,0.0
pilot5,1740461882640.0,0.0
pilot5,1740461944734.0,0.0
pilot5,1740462029709.0,0.0
pilot5,1740462098708.0,0.0
pilot5,1740462178814.0,0.0
pilot5,1740462259643.0,0.0
pilot5,1740462319644.0,0.0
pilot5,1740462392295.0,0.0
pilot5,1740462454174.0,0.0
pilot5,1740462522459.0,0.0
pilot5,1740462589439.0,0.0
pilot5,1740462650527.0,0.0
pilot5,1740462723403.0,0.0
pilot5,1740462785287.0,0.0
pilot5,1740462850596.0,0.0
pilot5,1740462929878.0,0.0
pilot5,1740463014644.0,0.0
pilot5,1740463083609.0,0.0
pilot5,1740477831417.0,0.0
pilot5,1740477903474.0,0.0
pilot5,1740477974138.0,0.0
pilot5,1740478057354.0,0.0
pilot5,1740478126331.0,0.0
pilot5,1740478195939.0,0.0
pilot5,1740478275456.0,0.0
pilot5,1740478357481.0,0.0
pilot5,1740478426475.0,0.0
pilot5,1740478502607.0,0.0
pilot5,1740478563824.0,0.0
pilot5,1740478623893.0,0.0
pilot5,1740478693671.0,0.0
pilot5,1740478766594.0,0.0
pilot5,1740478828390.0,0.0
pilot5,1740478904189.0,0.0
pilot5,1740478979406.0,0.0
pilot5,1740479061594.0,0.0
pilot5,1740479130554.0,0.0
pilot5,1740479206698.0,0.0
pilot5,1740479267921.0,0.0
pilot5,1740479327979.0,0.0
pilot5,1740479410056.0,0.0
pilot5,1740479494809.0,0.0
pilot5,1740479563200.0,0.0
pilot5,1740479632487.0,0.0
pilot5,1740479714374.0,0.0
pilot5,1740479799065.0,0.0
pilot5,1740479871146.0,0.0
pilot5,1740479932373.0,0.0
pilot5,1740479999987.0,0.0
pilot5,1740480081832.0,0.0
pilot5,1740480150845.0,0.0
pilot5,1740480226965.0,0.0
pilot5,1740480288174.0,0.0
pilot5,1740480355185.0,0.0
pilot5,1740480417194.0,0.0
pilot5,1740480502164.0,0.0
pilot5,1740480574443.0,0.0
pilot5,1740480658824.0,0.0
pilot5,1740480744085.0,0.0
pilot5,1740480826281.0,0.0
pilot5,1740480902200.0,0.0
pilot5,1740529503235.0,0.0
pilot5,1740529564940.0,0.0
pilot5,1740529627811.0,0.0
pilot5,1740529690356.0,0.0
pilot5,1740529751400.0,0.0
pilot5,1740529811928.0,0.0
pilot5,1740529873520.0,0.0
pilot5,1740529933883.0,0.0
pilot5,1740529998154.0,0.0
pilot5,1740530061522.0,0.0
pilot5,1740530127727.0,0.0
pilot5,1740530190100.0,0.0
pilot5,1740530250135.0,0.0
pilot5,1740530310492.0,0.0
pilot5,1740530370804.0,0.0
pilot5,1740530435680.0,0.0
pilot5,1740530495681.0,0.0
pilot5,1740530565131.0,0.0
pilot5,1740530630176.0,0.0
pilot5,1740530694754.0,0.0
pilot5,1740530759839.0,0.0
pilot5,1740530823668.0,0.0
pilot5,1740530888492.0,0.0
pilot5,1740530949591.0,0.0
pilot5,1740531009592.0,0.0
pilot5,1740531069720.0,0.0
pilot5,1740531132333.0,0.0
pilot5,1740531192501.0,0.0
pilot5,1740531253673.0,0.0
pilot5,1740531339262.0,0.0
pilot5,1740531399458.0,0.0
pilot5,1740531459459.0,0.0
pilot5,1740531519460.0,0.0
pilot5,1740531581589.0,0.0
pilot5,1740531645504.0,6.0
pilot5,1740531712429.0,0.0
pilot5,1740531776710.0,0.0
pilot5,1740531843484.0,0.0
pilot5,1740531906573.0,0.0
pilot5,1740531993526.0,0.0
pilot5,1740532057479.0,0.0
pilot5,1740532127585.0,0.0
pilot5,1740532187794.0,0.0
pilot5,1740532248380.0,0.0
pilot5,1740532314264.0,14.0
pilot5,1740532388020.0,5.0
pilot5,1740532466690.0,7.0
pilot5,1740532531305.0,0.0
pilot5,1740532609453.0,0.0
pilot5,1740532689762.0,0.0
pilot5,1740532776827.0,16.0
pilot5,1740532844368.0,0.0
pilot5,1740532926717.0,0.0
pilot5,1740532989962.0,0.0
pilot5,1740533050443.0,0.0
pilot5,1740533110640.0,0.0
pilot5,1740533170847.0,0.0
pilot5,1740533230920.0,0.0
pilot5,1740533291332.0,0.0
pilot5,1740533351532.0,0.0
pilot5,1740533418381.0,0.0
pilot5,1740533479569.0,0.0
pilot5,1740533545471.0,0.0
pilot5,1740533622597.0,0.0
pilot5,1740533683057.0,0.0
pilot5,1740533770136.0,0.0
pilot5,1740533832838.0,0.0
pilot5,1740533893120.0,0.0
pilot5,1740533953277.0,0.0
pilot5,1740534013811.0,0.0
pilot5,1740534079474.0,0.0
pilot5,1740534140806.0,0.0
pilot5,1740534201477.0,0.0
pilot5,1740534285051.0,0.0
pilot5,1740534345456.0,0.0
pilot5,1740534433139.0,0.0
pilot5,1740534494262.0,0.0
pilot5,1740534554643.0,0.0
pilot5,1740534615377.0,0.0
pilot5,1740534675663.0,0.0
pilot5,1740534739569.0,0.0
pilot5,1740534801395.0,0.0
pilot5,1740534863264.0,0.0
pilot5,1740534923298.0,0.0
pilot5,1740534983465.0,0.0
pilot6,1740517561526.0,73.0
pilot6,1740517636661.0,152.0
pilot6,1740517696669.0,163.0
pilot6,1740517757024.0,116.0
pilot6,1740517817289.0,73.0
pilot6,1740517903165.0,92.0
pilot6,1740517983514.0,159.0
pilot6,1740518044073.0,117.0
pilot6,1740518110065.0,170.0
pilot6,1740518170092.0,117.0
pilot6,1740518233730.0,83.0
pilot6,1740518295118.0,33.0
pilot6,1740518357129.0,228.0
pilot6,1740518423250.0,117.0
pilot6,1740518497299.0,129.0
pilot6,1740518570206.0,117.0
pilot6,1740518640637.0,150.0
pilot6,1740518705872.0,147.0
pilot6,1740518765904.0,97.0
pilot6,1740518827504.0,68.0
pilot6,1740518898068.0,4.0
pilot6,1740518958902.0,10.0
pilot6,1740519019785.0,0.0
pilot6,1740519080096.0,35.0
pilot6,1740519140912.0,0.0
pilot6,1740519202951.0,13.0
pilot6,1740519268826.0,46.0
pilot6,1740519328892.0,48.0
pilot6,1740519389353.0,25.0
pilot6,1740519473829.0,0.0
pilot6,1740519533830.0,0.0
pilot6,1740519616790.0,0.0
pilot6,1740519680598.0,0.0
pilot6,1740519740960.0,0.0
pilot6,1740519801008.0,0.0
pilot6,1740519863149.0,0.0
pilot6,1740519924221.0,0.0
pilot6,1740519985384.0,0.0
pilot6,1740520045657.0,0.0
pilot6,1740520109796.0,0.0
pilot6,1740520170513.0,0.0
pilot6,1740520233867.0,0.0
pilot6,1740520293971.0,18.0
pilot6,1740520354390.0,7.0
pilot6,1740520414394.0,0.0
pilot6,1740520474708.0,17.0
pilot6,1740520534949.0,0.0
pilot6,1740499358443.0,0.0
pilot6,1740499418527.0,0.0
pilot6,1740499480528.0,0.0
pilot6,1740499546570.0,0.0
pilot6,1740499608532.0,0.0
pilot6,1740499690440.0,0.0
pilot6,1740499776914.0,0.0
pilot6,1740499842168.0,0.0
pilot6,1740499915829.0,0.0
pilot6,1740499980175.0,0.0
pilot6,1740500056463.0,0.0
pilot6,1740500137531.0,0.0
pilot6,1740500202838.0,0.0
pilot6,1740500265523.0,0.0
pilot6,1740500337143.0,0.0
pilot6,1740500397560.0,0.0
pilot6,1740500458385.0,0.0
pilot6,1740500519552.0,0.0
pilot6,1740500599550.0,0.0
pilot6,1740500660492.0,5.0
pilot6,1740500722934.0,0.0
pilot6,1740500783163.0,0.0
pilot6,1740500843365.0,0.0
pilot6,1740500904030.0,0.0
pilot6,1740500979139.0,0.0
pilot6,1740501059726.0,0.0
pilot6,1740501141773.0,0.0
pilot6,1740501202072.0,0.0
pilot6,1740501262327.0,0.0
pilot6,1740501327980.0,0.0
pilot6,1740501399454.0,0.0
pilot6,1740501463894.0,0.0
pilot6,1740501524180.0,0.0
pilot6,1740501584236.0,0.0
pilot6,1740501652528.0,0.0
pilot6,1740501727887.0,0.0
pilot6,1740501791666.0,0.0
pilot6,1740501862955.0,0.0
pilot6,1740501926552.0,0.0
pilot6,1740502002527.0,0.0
pilot6,1740502062531.0,0.0
pilot6,1740502128755.0,0.0
pilot6,1740502189072.0,0.0
pilot6,1740502249436.0,0.0
pilot6,1740502311518.0,0.0
pilot6,1740502386663.0,0.0
pilot6,1740502456561.0,0.0
pilot6,1740502541980.0,0.0
pilot6,1740502622493.0,0.0
pilot6,1740502689521.0,8.0
pilot6,1740495721532.0,135.0
pilot6,1740495792486.0,118.0
pilot6,1740495855531.0,167.0
pilot6,1740495917807.0,117.0
pilot6,1740495979679.0,101.0
pilot6,1740496042210.0,84.0
pilot6,1740496113742.0,99.0
pilot6,1740496199814.0,112.0
pilot6,1740496261479.0,0.0
pilot6,1740496322444.0,0.0
pilot6,1740496403910.0,0.0
pilot6,1740496466534.0,0.0
pilot6,1740496534887.0,0.0
pilot6,1740496594909.0,0.0
pilot6,1740496656623.0,0.0
pilot6,1740496716635.0,0.0
pilot6,1740496776841.0,0.0
pilot6,1740496837172.0,0.0
pilot6,1740496898796.0,0.0
pilot6,1740496959832.0,0.0
pilot6,1740497029003.0,0.0
pilot6,1740497093527.0,0.0
pilot6,1740497160973.0,0.0
pilot6,1740497236460.0,0.0
pilot6,1740497305043.0,14.0
pilot6,1740497381905.0,108.0
pilot6,1740497448550.0,145.0
pilot6,1740497511878.0,114.0
pilot6,1740497573338.0,126.0
pilot6,1740497633339.0,31.0
pilot6,1740497699546.0,77.0
pilot6,1740497767621.0,106.0
pilot6,1740497831968.0,94.0
pilot6,1740497892526.0,53.0
pilot6,1740497966002.0,0.0
pilot6,1740498042746.0,0.0
pilot6,1740498105986.0,0.0
pilot6,1740498167529.0,0.0
pilot6,1740498238755.0,12.0
pilot6,1740498308495.0,0.0
pilot6,1740498373527.0,0.0
pilot6,1740498435592.0,0.0
pilot6,1740498502855.0,0.0
pilot6,1740498580529.0,0.0
pilot6,1740498645984.0,0.0
pilot6,1740498709141.0,0.0
pilot6,1740498795848.0,0.0
pilot6,1740498859402.0,0.0
pilot6,1740498943521.0,0.0
pilot6,1740499029065.0,0.0
pilot6,1740503127933.0,0.0
pilot6,1740503215726.0,0.0
pilot6,1740503281587.0,0.0
pilot6,1740503343499.0,0.0
pilot6,1740503407385.0,0.0
pilot6,1740503486798.0,0.0
pilot6,1740503550602.0,0.0
pilot6,1740503613520.0,0.0
pilot6,1740503675128.0,0.0
pilot6,1740503735228.0,28.0
pilot6,1740503800969.0,0.0
pilot6,1740503878355.0,5.0
pilot6,1740503943344.0,47.0
pilot6,1740504014524.0,0.0
pilot6,1740504079529.0,5.0
pilot6,1740504151370.0,0.0
pilot6,1740504215248.0,0.0
pilot6,1740504279549.0,0.0
pilot6,1740504341521.0,0.0
pilot6,1740504401696.0,0.0
pilot6,1740504482221.0,21.0
pilot6,1740504554669.0,44.0
pilot6,1740504616603.0,29.0
pilot6,1740504679526.0,0.0
pilot6,1740504742516.0,0.0
pilot6,1740504805522.0,0.0
pilot6,1740504868291.0,0.0
pilot6,1740504930407.0,0.0
pilot6,1740504990736.0,0.0
pilot6,1740505050922.0,0.0
pilot6,1740505111136.0,0.0
pilot6,1740505174199.0,55.0
pilot6,1740505237578.0,59.0
pilot6,1740505297845.0,30.0
pilot6,1740505362143.0,77.0
pilot6,1740505444415.0,59.0
pilot6,1740505505813.0,0.0
pilot6,1740505566565.0,0.0
pilot6,1740505626805.0,0.0
pilot6,1740505686989.0,0.0
pilot6,1740505747599.0,0.0
pilot6,1740505814436.0,0.0
pilot6,1740505876841.0,23.0
pilot6,1740505937530.0,3.0
pilot6,1740506004489.0,0.0
pilot6,1740506071868.0,14.0
pilot6,1740506137732.0,18.0
pilot6,1740506204014.0,0.0
pilot6,1740506269315.0,0.0
pilot6,1740506339725.0,31.0
pilot6,1740506403918.0,0.0
pilot6,1740520889318.0,0.0
pilot6,1740520953414.0,0.0
pilot6,1740521036521.0,22.0
pilot6,1740521115049.0,89.0
pilot6,1740521176328.0,34.0
pilot6,1740521237508.0,86.0
pilot6,1740521323373.0,4.0
pilot6,1740521387499.0,0.0
pilot6,1740521460561.0,0.0
pilot6,1740521527411.0,0.0
pilot6,1740521598774.0,27.0
pilot6,1740521679103.0,0.0
pilot6,1740521745764.0,0.0
pilot6,1740521821573.0,0.0
pilot6,1740521891498.0,0.0
pilot6,1740521951517.0,6.0
pilot6,1740522018828.0,0.0
pilot6,1740522079024.0,0.0
pilot6,1740522141393.0,0.0
pilot6,1740522216742.0,0.0
pilot6,1740522277114.0,0.0
pilot6,1740522337449.0,0.0
pilot6,1740522400393.0,0.0
pilot6,1740522467308.0,0.0
pilot6,1740522527469.0,0.0
pilot6,1740522587741.0,0.0
pilot6,1740522648793.0,0.0
pilot6,1740522708998.0,0.0
pilot6,1740522769246.0,0.0
pilot6,1740522829514.0,0.0
pilot6,1740522897506.0,0.0
pilot6,1740522959502.0,0.0
pilot6,1740523033869.0,0.0
pilot6,1740523107981.0,0.0
pilot6,1740523193890.0,24.0
pilot6,1740523265138.0,32.0
pilot6,1740523335920.0,0.0
pilot6,1740523404426.0,46.0
pilot6,1740523465256.0,49.0
pilot6,1740523542512.0,12.0
pilot6,1740523605835.0,7.0
pilot6,1740523676071.0,0.0
pilot6,1740523744128.0,20.0
pilot6,1740523810948.0,8.0
pilot6,1740523872553.0,16.0
pilot6,1740523940918.0,0.0
pilot6,1740524026058.0,0.0
pilot6,1740524087022.0,21.0
pilot6,1740524154491.0,0.0
pilot6,1740524233832.0,0.0
pilot6,1740506466736.0,0.0
pilot6,1740506543875.0,9.0
pilot6,1740506604620.0,0.0
pilot6,1740506683547.0,0.0
pilot6,1740506756998.0,0.0
pilot6,1740506837519.0,0.0
pilot6,1740506911854.0,0.0
pilot6,1740506982858.0,0.0
pilot6,1740507059860.0,0.0
pilot6,1740507130090.0,0.0
pilot6,1740507191522.0,0.0
pilot6,1740507252522.0,0.0
pilot6,1740507313254.0,0.0
pilot6,1740507376522.0,0.0
pilot6,1740507437759.0,0.0
pilot6,1740507504493.0,0.0
pilot6,1740507566518.0,0.0
pilot6,1740507638543.0,6.0
pilot6,1740507714923.0,13.0
pilot6,1740507781305.0,5.0
pilot6,1740507847534.0,6.0
pilot6,1740507911960.0,0.0
pilot6,1740507974032.0,0.0
pilot6,1740508038479.0,0.0
pilot6,1740508098709.0,0.0
pilot6,1740508184893.0,0.0
pilot6,1740508268475.0,0.0
pilot6,1740508332517.0,0.0
pilot6,1740508403499.0,0.0
pilot6,1740508463813.0,0.0
pilot6,1740508533017.0,0.0
pilot6,1740508602508.0,0.0
pilot6,1740508681818.0,0.0
pilot6,1740508767836.0,0.0
pilot6,1740508829839.0,0.0
pilot6,1740508917831.0,0.0
pilot6,1740508979518.0,0.0
pilot6,1740509046704.0,0.0
pilot6,1740509114483.0,0.0
pilot6,1740509178601.0,0.0
pilot6,1740509242430.0,6.0
pilot6,1740509325540.0,0.0
pilot6,1740509386390.0,0.0
pilot6,1740509446419.0,0.0
pilot6,1740509506561.0,0.0
pilot6,1740509566956.0,0.0
pilot6,1740509642854.0,0.0
pilot6,1740509703522.0,0.0
pilot6,1740509763910.0,0.0
pilot6,1740535443802.0,0.0
pilot6,1740535504152.0,0.0
pilot6,1740535564496.0,0.0
pilot6,1740535626343.0,0.0
pilot6,1740535686344.0,0.0
pilot6,1740535768454.0,0.0
pilot6,1740535854377.0,43.0
pilot6,1740535933439.0,0.0
pilot6,1740535998926.0,0.0
pilot6,1740536059330.0,0.0
pilot6,1740536119580.0,0.0
pilot6,1740536180955.0,0.0
pilot6,1740536240958.0,0.0
pilot6,1740536303234.0,0.0
pilot6,1740536363418.0,0.0
pilot6,1740536423907.0,0.0
pilot6,1740536484696.0,8.0
pilot6,1740536557999.0,0.0
pilot6,1740536624735.0,20.0
pilot6,1740536685505.0,9.0
pilot6,1740536748489.0,0.0
pilot6,1740536832774.0,0.0
pilot6,1740536894487.0,0.0
pilot6,1740536958957.0,0.0
pilot6,1740537026811.0,0.0
pilot6,1740537097518.0,0.0
pilot6,1740537177429.0,0.0
pilot6,1740537246929.0,0.0
pilot6,1740537314445.0,0.0
pilot6,1740537401400.0,0.0
pilot6,1740537466491.0,0.0
pilot6,1740537526842.0,0.0
pilot6,1740537608919.0,0.0
pilot6,1740537669213.0,0.0
pilot6,1740537737851.0,0.0
pilot6,1740537813490.0,0.0
pilot6,1740537879190.0,0.0
pilot6,1740537963180.0,0.0
pilot6,1740538039472.0,0.0
pilot6,1740538118794.0,7.0
pilot6,1740538180900.0,0.0
pilot6,1740538245493.0,0.0
pilot6,1740538305498.0,0.0
pilot6,1740538390075.0,0.0
pilot6,1740538456467.0,5.0
pilot6,1740538525995.0,9.0
pilot6,1740513838810.0,0.0
pilot6,1740513919631.0,0.0
pilot6,1740513994309.0,40.0
pilot6,1740514056228.0,9.0
pilot6,1740514141473.0,110.0
pilot6,1740514215592.0,147.0
pilot6,1740514300208.0,156.0
pilot6,1740514372369.0,128.0
pilot6,1740514441524.0,63.0
pilot6,1740514503551.0,204.0
pilot6,1740514565939.0,128.0
pilot6,1740514629521.0,126.0
pilot6,1740514697472.0,89.0
pilot6,1740514767939.0,97.0
pilot6,1740514831792.0,120.0
pilot6,1740514891797.0,141.0
pilot6,1740514951801.0,140.0
pilot6,1740515012356.0,104.0
pilot6,1740515090553.0,102.0
pilot6,1740515164962.0,130.0
pilot6,1740515241183.0,161.0
pilot6,1740515313504.0,148.0
pilot6,1740515373884.0,95.0
pilot6,1740515433891.0,34.0
pilot6,1740515494093.0,28.0
pilot6,1740515554426.0,2.0
pilot6,1740515614780.0,0.0
pilot6,1740515675149.0,0.0
pilot6,1740515742228.0,0.0
pilot6,1740515802429.0,36.0
pilot6,1740515862581.0,28.0
pilot6,1740515922938.0,8.0
pilot6,1740515983294.0,0.0
pilot6,1740516047029.0,0.0
pilot6,1740516107563.0,13.0
pilot6,1740516193696.0,13.0
pilot6,1740516268543.0,73.0
pilot6,1740516334130.0,168.0
pilot6,1740516398288.0,89.0
pilot6,1740516460210.0,126.0
pilot6,1740516534439.0,0.0
pilot6,1740516605931.0,68.0
pilot6,1740516686407.0,4.0
pilot6,1740516751697.0,0.0
pilot6,1740516820499.0,0.0
pilot6,1740516881530.0,0.0
pilot6,1740516954955.0,0.0
pilot6,1740517037650.0,21.0
pilot6,1740517102515.0,110.0
pilot6,1740542484578.0,0.0
pilot6,1740542547577.0,0.0
pilot6,1740542609736.0,0.0
pilot6,1740542681586.0,0.0
pilot6,1740542749531.0,0.0
pilot6,1740542812838.0,0.0
pilot6,1740542877209.0,0.0
pilot6,1740542938571.0,0.0
pilot6,1740543004879.0,0.0
pilot6,1740543064929.0,0.0
pilot6,1740543127575.0,0.0
pilot6,1740543196272.0,0.0
pilot6,1740543260110.0,0.0
pilot6,1740543320166.0,0.0
pilot6,1740543387711.0,0.0
pilot6,1740543450652.0,0.0
pilot6,1740543515272.0,0.0
pilot6,1740543576589.0,0.0
pilot6,1740543641581.0,0.0
pilot6,1740543701606.0,0.0
pilot6,1740543761684.0,0.0
pilot6,1740543825023.0,0.0
pilot6,1740543885300.0,0.0
pilot6,1740543945931.0,0.0
pilot6,1740544009702.0,0.0
pilot6,1740544072725.0,0.0
pilot6,1740544136596.0,0.0
pilot6,1740544197742.0,0.0
pilot6,1740544258575.0,0.0
pilot6,1740544320569.0,0.0
pilot6,1740544382711.0,0.0
pilot6,1740544444568.0,0.0
pilot6,1740544504626.0,0.0
pilot6,1740544566592.0,0.0
pilot6,1740544628568.0,0.0
pilot6,1740544690608.0,0.0
pilot6,1740544759402.0,0.0
pilot6,1740544823169.0,0.0
pilot6,1740544886987.0,0.0
pilot6,1740544950751.0,0.0
pilot6,1740545014539.0,0.0
pilot6,1740545078183.0,0.0
pilot6,1740545142091.0,0.0
pilot6,1740545204360.0,0.0
pilot6,1740545269663.0,0.0
pilot6,1740545333450.0,0.0
pilot6,1740545397225.0,0.0
pilot6,1740545461000.0,0.0
pilot6,1740545522577.0,0.0
pilot6,1740545583716.0,0.0
pilot6,1740545645576.0,0.0
pilot6,1740545706701.0,0.0
pilot6,1740545772513.0,0.0
pilot6,1740510153512.0,0.0
pilot6,1740510213532.0,0.0
pilot6,1740510278511.0,0.0
pilot6,1740510343508.0,0.0
pilot6,1740510413335.0,0.0
pilot6,1740510479487.0,0.0
pilot6,1740510539512.0,0.0
pilot6,1740510615533.0,0.0
pilot6,1740510675537.0,0.0
pilot6,1740510737511.0,0.0
pilot6,1740510799508.0,0.0
pilot6,1740510873553.0,0.0
pilot6,1740510938513.0,0.0
pilot6,1740511007509.0,0.0
pilot6,1740511069921.0,0.0
pilot6,1740511141521.0,0.0
pilot6,1740511210081.0,0.0
pilot6,1740511272242.0,0.0
pilot6,1740511336964.0,0.0
pilot6,1740511405279.0,0.0
pilot6,1740511468486.0,0.0
pilot6,1740511528516.0,0.0
pilot6,1740511595025.0,0.0
pilot6,1740511670696.0,0.0
pilot6,1740511741821.0,0.0
pilot6,1740511806512.0,0.0
pilot6,1740511874510.0,0.0
pilot6,1740511953882.0,0.0
pilot6,1740512031830.0,0.0
pilot6,1740512092545.0,0.0
pilot6,1740512156988.0,0.0
pilot6,1740512229708.0,0.0
pilot6,1740512291620.0,0.0
pilot6,1740512351960.0,0.0
pilot6,1740512412307.0,0.0
pilot6,1740512478895.0,0.0
pilot6,1740512542576.0,0.0
pilot6,1740512602849.0,0.0
pilot6,1740512662999.0,0.0
pilot6,1740512749823.0,0.0
pilot6,1740512813514.0,0.0
pilot6,1740512877276.0,0.0
pilot6,1740512954440.0,0.0
pilot6,1740513021704.0,0.0
pilot6,1740513087681.0,0.0
pilot6,1740513150549.0,0.0
pilot6,1740513210710.0,0.0
pilot6,1740513270943.0,0.0
pilot6,1740513343472.0,0.0
pilot6,1740513405339.0,0.0
pilot6,1740513467141.0,0.0
pilot6,1740494761934.0,0.0
pilot6,1740494843230.0,0.0
pilot6,1740494911739.0,0.0
pilot6,1740494987454.0,0.0
pilot6,1740495051546.0,0.0
pilot6,1740495121356.0,0.0
pilot6,1740495185921.0,15.0
pilot6,1740495253815.0,60.0
pilot6,1740495316533.0,102.0
pilot6,1740524639982.0,10.0
pilot6,1740524703946.0,0.0
pilot6,1740524767331.0,0.0
pilot6,1740524833439.0,0.0
pilot6,1740524899899.0,0.0
pilot6,1740524987946.0,0.0
pilot6,1740525055486.0,0.0
pilot6,1740525125467.0,0.0
pilot6,1740525189796.0,6.0
pilot6,1740525274245.0,15.0
pilot6,1740525347504.0,0.0
pilot6,1740525432993.0,0.0
pilot6,1740525496496.0,5.0
pilot6,1740525557293.0,32.0
pilot6,1740525617392.0,30.0
pilot6,1740525677859.0,0.0
pilot6,1740525744835.0,0.0
pilot6,1740525805281.0,0.0
pilot6,1740525892497.0,0.0
pilot6,1740525977799.0,0.0
pilot6,1740526039308.0,0.0
pilot6,1740526100075.0,0.0
pilot6,1740526167284.0,0.0
pilot6,1740526245388.0,0.0
pilot6,1740526319749.0,0.0
pilot6,1740526383455.0,0.0
pilot6,1740526459081.0,0.0
pilot6,1740526519391.0,10.0
pilot6,1740526579848.0,0.0
pilot6,1740526639859.0,0.0
pilot6,1740526699987.0,0.0
pilot6,1740526760352.0,0.0
pilot6,1740526820621.0,0.0
pilot6,1740526883664.0,0.0
pilot6,1740526950545.0,0.0
pilot6,1740527027841.0,0.0
pilot6,1740527099579.0,0.0
pilot6,1740527166615.0,0.0
pilot6,1740527242129.0,0.0
pilot6,1740527302451.0,0.0
pilot6,1740527362837.0,0.0
pilot6,1740527423146.0,0.0
pilot6,1740527483151.0,0.0
pilot6,1740527543312.0,0.0
pilot6,1740527603713.0,0.0
pilot6,1740527664059.0,0.0
pilot6,1740527724395.0,7.0
pilot6,1740527784408.0,0.0
pilot6,1740527845621.0,0.0
pilot6,1740527907402.0,0.0
pilot6,1740527968606.0,10.0
pilot6,1740539402077.0,0.0
pilot6,1740539486852.0,0.0
pilot6,1740539548771.0,0.0
pilot6,1740539623235.0,0.0
pilot6,1740539683236.0,0.0
pilot6,1740539743268.0,0.0
pilot6,1740539804691.0,0.0
pilot6,1740539871150.0,0.0
pilot6,1740539934599.0,0.0
pilot6,1740539999239.0,0.0
pilot6,1740540061602.0,0.0
pilot6,1740540123000.0,0.0
pilot6,1740540191320.0,0.0
pilot6,1740540255324.0,0.0
pilot6,1740540319371.0,0.0
pilot6,1740540380891.0,0.0
pilot6,1740540447341.0,0.0
pilot6,1740540509766.0,0.0
pilot6,1740540575387.0,0.0
pilot6,1740540636666.0,0.0
pilot6,1740540702750.0,0.0
pilot6,1740540767646.0,0.0
pilot6,1740540831653.0,0.0
pilot6,1740540894571.0,0.0
pilot6,1740540955179.0,0.0
pilot6,1740541023828.0,0.0
pilot6,1740541084320.0,0.0
pilot6,1740541152023.0,0.0
pilot6,1740541213001.0,0.0
pilot6,1740541276579.0,0.0
pilot6,1740541344267.0,0.0
pilot6,1740541408139.0,0.0
pilot6,1740541471011.0,0.0
pilot6,1740541533616.0,0.0
pilot6,1740541595113.0,0.0
pilot6,1740541657579.0,0.0
pilot6,1740541718613.0,0.0
pilot6,1740541780747.0,0.0
pilot6,1740541845887.0,0.0
pilot6,1740541916216.0,0.0
pilot6,1740541983424.0,0.0
pilot6,1740542047312.0,0.0
pilot6,1740542111129.0,0.0
pilot6,1740528029296.0,0.0
pilot6,1740528095459.0,0.0
pilot6,1740528156055.0,0.0
pilot6,1740528236492.0,0.0
pilot6,1740528305335.0,0.0
pilot6,1740528368975.0,0.0
pilot6,1740528447576.0,0.0
pilot6,1740528510162.0,0.0
pilot6,1740528570625.0,0.0
pilot6,1740528630636.0,0.0
pilot6,1740528690818.0,0.0
pilot6,1740528751834.0,0.0
pilot6,1740528812156.0,7.0
pilot6,1740528878825.0,0.0
pilot6,1740528938910.0,0.0
pilot6,1740528999101.0,0.0
pilot6,1740529061422.0,10.0
pilot6,1740529148480.0,0.0
pilot6,1740529211508.0,0.0
pilot6,1740529290936.0,0.0
pilot6,1740529351335.0,0.0
pilot6,1740529411624.0,0.0
pilot6,1740529495388.0,0.0
pilot6,1740529558321.0,49.0
pilot6,1740529634304.0,0.0
pilot6,1740529694456.0,0.0
pilot6,1740529754469.0,0.0
pilot6,1740529814787.0,15.0
pilot6,1740529879531.0,31.0
pilot6,1740529967007.0,17.0
pilot6,1740530036202.0,0.0
pilot6,1740530107885.0,0.0
pilot6,1740530168815.0,40.0
pilot6,1740530231256.0,20.0
pilot6,1740530295493.0,13.0
pilot6,1740530357494.0,9.0
pilot6,1740530418628.0,0.0
pilot6,1740530503909.0,0.0
pilot6,1740530574510.0,0.0
pilot6,1740530655356.0,0.0
pilot6,1740530720269.0,0.0
pilot6,1740530799505.0,0.0
pilot6,1740530868853.0,0.0
pilot6,1740530929114.0,0.0
pilot6,1740531008945.0,0.0
pilot6,1740531070491.0,0.0
pilot6,1740531132617.0,0.0
pilot6,1740531195764.0,0.0
pilot6,1740531258524.0,0.0
pilot6,1740531324386.0,56.0
pilot6,1740531401145.0,12.0
pilot6,1740531775468.0,5.0
pilot6,1740531839548.0,21.0
pilot6,1740531924920.0,4.0
pilot6,1740531996932.0,24.0
pilot6,1740532057800.0,88.0
pilot6,1740532125460.0,11.0
pilot6,1740532195827.0,28.0
pilot6,1740532264869.0,0.0
pilot6,1740532328245.0,0.0
pilot6,1740532409921.0,0.0
pilot6,1740532475458.0,1.0
pilot6,1740532544453.0,12.0
pilot6,1740532624444.0,23.0
pilot6,1740532690504.0,21.0
pilot6,1740532769912.0,0.0
pilot6,1740532840456.0,0.0
pilot6,1740532915483.0,8.0
pilot6,1740532975512.0,0.0
pilot6,1740533049960.0,0.0
pilot6,1740533110497.0,0.0
pilot6,1740533191415.0,0.0
pilot6,1740533273989.0,0.0
pilot6,1740533340108.0,0.0
pilot6,1740533402918.0,0.0
pilot6,1740533467227.0,0.0
pilot6,1740533535456.0,0.0
pilot6,1740533616818.0,0.0
pilot6,1740533684971.0,26.0
pilot6,1740533747490.0,0.0
pilot6,1740533815378.0,0.0
pilot6,1740533886871.0,0.0
pilot6,1740533974847.0,0.0
pilot6,1740534044049.0,0.0
pilot6,1740534130027.0,0.0
pilot6,1740534194432.0,0.0
pilot6,1740534254455.0,0.0
pilot6,1740534314599.0,0.0
pilot6,1740534374600.0,0.0
pilot6,1740534434798.0,0.0
pilot6,1740534494814.0,0.0
pilot6,1740534555039.0,0.0
pilot6,1740534615388.0,0.0
pilot6,1740534685863.0,0.0
pilot6,1740534750927.0,0.0
pilot6,1740534812016.0,0.0
pilot6,1740534887477.0,0.0
pilot6,1740534947498.0,0.0
pilot6,1740535008884.0,0.0
pilot6,1740535074947.0,0.0
pilot7,1740556809378.0,0.0
pilot7,1740556874880.0,0.0
pilot7,1740556938590.0,0.0
pilot7,1740557002279.0,0.0
pilot7,1740557065322.0,0.0
pilot7,1740557125937.0,0.0
pilot7,1740557193426.0,0.0
pilot7,1740557257110.0,0.0
pilot7,1740557318171.0,0.0
pilot7,1740557378312.0,0.0
pilot7,1740557439151.0,0.0
pilot7,1740557506877.0,0.0
pilot7,1740557571314.0,0.0
pilot7,1740557632293.0,0.0
pilot7,1740557696291.0,0.0
pilot7,1740557765853.0,0.0
pilot7,1740557830424.0,0.0
pilot7,1740557894102.0,0.0
pilot7,1740557957836.0,0.0
pilot7,1740558018696.0,0.0
pilot7,1740558079066.0,0.0
pilot7,1740558142387.0,0.0
pilot7,1740558206568.0,0.0
pilot7,1740558272306.0,0.0
pilot7,1740558333321.0,0.0
pilot7,1740558394336.0,0.0
pilot7,1740558455606.0,0.0
pilot7,1740558523579.0,0.0
pilot7,1740558594767.0,0.0
pilot7,1740558656313.0,0.0
pilot7,1740558721837.0,0.0
pilot7,1740558785128.0,0.0
pilot7,1740558847678.0,0.0
pilot7,1740558911082.0,0.0
pilot7,1740558975300.0,0.0
pilot7,1740559038304.0,0.0
pilot7,1740559099294.0,0.0
pilot7,1740559161283.0,0.0
pilot7,1740559223333.0,0.0
pilot7,1740559285302.0,0.0
pilot7,1740559347130.0,0.0
pilot7,1740559407510.0,0.0
pilot7,1740559470404.0,0.0
pilot7,1740559534049.0,0.0
pilot7,1740559597728.0,0.0
pilot7,1740559661419.0,0.0
pilot7,1740559725111.0,0.0
pilot7,1740559786832.0,0.0
pilot7,1740559846975.0,0.0
pilot7,1740559916194.0,0.0
pilot7,1740559976292.0,0.0
pilot7,1740560038296.0,0.0
pilot7,1740560107352.0,0.0
pilot7,1740560170840.0,0.0
pilot7,1740560231009.0,0.0
pilot7,1740603613286.0,101.0
pilot7,1740603696823.0,113.0
pilot7,1740603770253.0,138.0
pilot7,1740603849674.0,149.0
pilot7,1740603917333.0,67.0
pilot7,1740603977558.0,197.0
pilot7,1740604049173.0,113.0
pilot7,1740604111901.0,128.0
pilot7,1740604179836.0,112.0
pilot7,1740604250151.0,64.0
pilot7,1740604332339.0,73.0
pilot7,1740604399294.0,67.0
pilot7,1740604461532.0,48.0
pilot7,1740604528327.0,28.0
pilot7,1740604608585.0,0.0
pilot7,1740604682954.0,0.0
pilot7,1740604744139.0,13.0
pilot7,1740604804154.0,55.0
pilot7,1740604864483.0,0.0
pilot7,1740604934219.0,0.0
pilot7,1740604994602.0,0.0
pilot7,1740605061417.0,0.0
pilot7,1740605149053.0,0.0
pilot7,1740605215319.0,0.0
pilot7,1740605290423.0,0.0
pilot7,1740605356647.0,0.0
pilot7,1740605416648.0,0.0
pilot7,1740605481163.0,0.0
pilot7,1740605541803.0,0.0
pilot7,1740605602159.0,0.0
pilot7,1740605683038.0,0.0
pilot7,1740605743428.0,0.0
pilot7,1740605812615.0,0.0
pilot7,1740605896517.0,0.0
pilot7,1740605964382.0,0.0
pilot7,1740606025697.0,0.0
pilot7,1740606089908.0,0.0
pilot7,1740606150282.0,0.0
pilot7,1740606233162.0,0.0
pilot7,1740606295556.0,0.0
pilot7,1740606370677.0,0.0
pilot7,1740606431147.0,0.0
pilot7,1740606491432.0,0.0
pilot7,1740606561249.0,0.0
pilot7,1740606621250.0,0.0
pilot7,1740606681650.0,0.0
pilot7,1740606741953.0,0.0
pilot7,1740606823099.0,0.0
pilot7,1740606889152.0,0.0
pilot7,1740606969138.0,0.0
pilot7,1740560616936.0,0.0
pilot7,1740560680675.0,0.0
pilot7,1740560744318.0,0.0
pilot7,1740560808007.0,0.0
pilot7,1740560871684.0,0.0
pilot7,1740560933980.0,0.0
pilot7,1740560994984.0,0.0
pilot7,1740561055080.0,0.0
pilot7,1740561118288.0,0.0
pilot7,1740561178883.0,0.0
pilot7,1740561242668.0,0.0
pilot7,1740561317563.0,0.0
pilot7,1740561381110.0,0.0
pilot7,1740561444702.0,0.0
pilot7,1740561505060.0,0.0
pilot7,1740561572153.0,0.0
pilot7,1740561635789.0,0.0
pilot7,1740561697282.0,0.0
pilot7,1740561763159.0,0.0
pilot7,1740561826800.0,0.0
pilot7,1740561909153.0,0.0
pilot7,1740561977821.0,0.0
pilot7,1740562049519.0,0.0
pilot7,1740562109744.0,0.0
pilot7,1740562171279.0,0.0
pilot7,1740562236283.0,0.0
pilot7,1740562302277.0,0.0
pilot7,1740562363289.0,0.0
pilot7,1740562424149.0,0.0
pilot7,1740562484277.0,0.0
pilot7,1740562547856.0,0.0
pilot7,1740562611677.0,0.0
pilot7,1740562672023.0,0.0
pilot7,1740562735128.0,0.0
pilot7,1740562798839.0,0.0
pilot7,1740562862549.0,0.0
pilot7,1740562922903.0,0.0
pilot7,1740562983268.0,0.0
pilot7,1740563043782.0,0.0
pilot7,1740563104463.0,0.0
pilot7,1740563165100.0,0.0
pilot7,1740563228794.0,0.0
pilot7,1740563291920.0,0.0
pilot7,1740563356217.0,0.0
pilot7,1740563419946.0,0.0
pilot7,1740563483633.0,0.0
pilot7,1740563546832.0,0.0
pilot7,1740563607198.0,0.0
pilot7,1740563674650.0,0.0
pilot7,1740563737763.0,0.0
pilot7,1740563801287.0,0.0
pilot7,1740563862297.0,0.0
pilot7,1740585763740.0,0.0
pilot7,1740585826260.0,0.0
pilot7,1740585889793.0,0.0
pilot7,1740585962048.0,0.0
pilot7,1740586022620.0,0.0
pilot7,1740586087666.0,0.0
pilot7,1740586150193.0,0.0
pilot7,1740586222946.0,0.0
pilot7,1740586297731.0,0.0
pilot7,1740586365307.0,0.0
pilot7,1740586425505.0,0.0
pilot7,1740586503940.0,0.0
pilot7,1740586564914.0,0.0
pilot7,1740586625300.0,0.0
pilot7,1740586699057.0,0.0
pilot7,1740586759331.0,0.0
pilot7,1740586841997.0,0.0
pilot7,1740586920194.0,0.0
pilot7,1740586981598.0,0.0
pilot7,1740587046822.0,0.0
pilot7,1740587107420.0,0.0
pilot7,1740587176906.0,0.0
pilot7,1740587244419.0,0.0
pilot7,1740587312206.0,0.0
pilot7,1740587392212.0,0.0
pilot7,1740587456384.0,0.0
pilot7,1740587522189.0,18.0
pilot7,1740587582501.0,10.0
pilot7,1740587642682.0,53.0
pilot7,1740587703545.0,66.0
pilot7,1740587764176.0,78.0
pilot7,1740587825307.0,0.0
pilot7,1740587890060.0,0.0
pilot7,1740587951065.0,0.0
pilot7,1740588014648.0,0.0
pilot7,1740588081117.0,0.0
pilot7,1740588152142.0,70.0
pilot7,1740588218835.0,82.0
pilot7,1740588279091.0,190.0
pilot7,1740588340620.0,115.0
pilot7,1740588417747.0,106.0
pilot7,1740588481956.0,8.0
pilot7,1740588545001.0,77.0
pilot7,1740588609138.0,90.0
pilot7,1740588684226.0,110.0
pilot7,1740588744278.0,71.0
pilot7,1740588804836.0,130.0
pilot7,1740588884320.0,14.0
pilot7,1740588962502.0,123.0
pilot7,1740589026530.0,39.0
pilot7,1740589087032.0,0.0
pilot7,1740553211310.0,0.0
pilot7,1740553275163.0,0.0
pilot7,1740553338924.0,0.0
pilot7,1740553401900.0,0.0
pilot7,1740553462159.0,0.0
pilot7,1740553522505.0,0.0
pilot7,1740553582843.0,0.0
pilot7,1740553649772.0,0.0
pilot7,1740553721144.0,0.0
pilot7,1740553784854.0,0.0
pilot7,1740553848546.0,0.0
pilot7,1740553912230.0,0.0
pilot7,1740553972231.0,0.0
pilot7,1740554032450.0,0.0
pilot7,1740554095688.0,0.0
pilot7,1740554157335.0,0.0
pilot7,1740554230825.0,0.0
pilot7,1740554294565.0,0.0
pilot7,1740554355892.0,0.0
pilot7,1740554415949.0,0.0
pilot7,1740554485685.0,0.0
pilot7,1740554546613.0,0.0
pilot7,1740554613114.0,0.0
pilot7,1740554674140.0,0.0
pilot7,1740554737296.0,0.0
pilot7,1740554798297.0,0.0
pilot7,1740554867950.0,0.0
pilot7,1740554931691.0,0.0
pilot7,1740554995491.0,0.0
pilot7,1740555056304.0,0.0
pilot7,1740555119335.0,0.0
pilot7,1740555179819.0,0.0
pilot7,1740555240305.0,0.0
pilot7,1740555301535.0,0.0
pilot7,1740555361788.0,0.0
pilot7,1740555425500.0,0.0
pilot7,1740555489201.0,0.0
pilot7,1740555552942.0,0.0
pilot7,1740555616655.0,0.0
pilot7,1740555679395.0,0.0
pilot7,1740555739630.0,0.0
pilot7,1740555805331.0,0.0
pilot7,1740555866406.0,0.0
pilot7,1740555927304.0,0.0
pilot7,1740555990292.0,0.0
pilot7,1740556052322.0,0.0
pilot7,1740556113076.0,0.0
pilot7,1740556173869.0,0.0
pilot7,1740556236659.0,0.0
pilot7,1740556301615.0,0.0
pilot7,1740556362765.0,0.0
pilot7,1740556423153.0,0.0
pilot7,1740556492716.0,0.0
pilot7,1740556555332.0,0.0
pilot7,1740556615752.0,0.0
pilot7,1740556677064.0,0.0
pilot7,1740556739413.0,0.0
pilot7,1740582130583.0,0.0
pilot7,1740582190854.0,0.0
pilot7,1740582250874.0,0.0
pilot7,1740582316275.0,0.0
pilot7,1740582384080.0,0.0
pilot7,1740582445197.0,0.0
pilot7,1740582507371.0,0.0
pilot7,1740582570260.0,0.0
pilot7,1740582636229.0,0.0
pilot7,1740582701317.0,0.0
pilot7,1740582762171.0,3.0
pilot7,1740582831882.0,35.0
pilot7,1740582893614.0,117.0
pilot7,1740582953782.0,97.0
pilot7,1740583014018.0,89.0
pilot7,1740583092350.0,67.0
pilot7,1740583163493.0,19.0
pilot7,1740583233904.0,12.0
pilot7,1740583294156.0,6.0
pilot7,1740583380419.0,0.0
pilot7,1740583446638.0,0.0
pilot7,1740583515598.0,10.0
pilot7,1740583587221.0,0.0
pilot7,1740583658010.0,0.0
pilot7,1740583725219.0,0.0
pilot7,1740583786348.0,0.0
pilot7,1740583854233.0,0.0
pilot7,1740583930244.0,0.0
pilot7,1740584007305.0,0.0
pilot7,1740584067670.0,0.0
pilot7,1740584153626.0,0.0
pilot7,1740584214638.0,0.0
pilot7,1740584288768.0,0.0
pilot7,1740584375032.0,0.0
pilot7,1740584449697.0,0.0
pilot7,1740584509711.0,0.0
pilot7,1740584595292.0,0.0
pilot7,1740584656218.0,0.0
pilot7,1740584730370.0,0.0
pilot7,1740584804802.0,0.0
pilot7,1740584873538.0,0.0
pilot7,1740584944146.0,0.0
pilot7,1740585020530.0,0.0
pilot7,1740585101089.0,0.0
pilot7,1740585171616.0,0.0
pilot7,1740585247879.0,0.0
pilot7,1740585308055.0,0.0
pilot7,1740585375090.0,0.0
pilot7,1740585440294.0,0.0
pilot7,1740589499024.0,0.0
pilot7,1740589566961.0,0.0
pilot7,1740589634177.0,0.0
pilot7,1740589697214.0,0.0
pilot7,1740589758441.0,0.0
pilot7,1740589822738.0,0.0
pilot7,1740589908639.0,0.0
pilot7,1740589970211.0,0.0
pilot7,1740590043117.0,0.0
pilot7,1740590121851.0,0.0
pilot7,1740590189727.0,0.0
pilot7,1740590252344.0,0.0
pilot7,1740590324478.0,0.0
pilot7,1740590384817.0,0.0
pilot7,1740590452446.0,0.0
pilot7,1740590512650.0,0.0
pilot7,1740590591183.0,0.0
pilot7,1740590651184.0,0.0
pilot7,1740590726273.0,0.0
pilot7,1740590811682.0,0.0
pilot7,1740590871683.0,0.0
pilot7,1740590939177.0,0.0
pilot7,1740591000488.0,0.0
pilot7,1740591065693.0,0.0
pilot7,1740591125872.0,0.0
pilot7,1740591186015.0,0.0
pilot7,1740591246236.0,0.0
pilot7,1740591318029.0,0.0
pilot7,1740591388672.0,0.0
pilot7,1740591455307.0,0.0
pilot7,1740591530131.0,0.0
pilot7,1740591616178.0,0.0
pilot7,1740591682059.0,0.0
pilot7,1740591752387.0,0.0
pilot7,1740591812772.0,0.0
pilot7,1740591883280.0,0.0
pilot7,1740591956886.0,0.0
pilot7,1740592031539.0,0.0
pilot7,1740592105191.0,48.0
pilot7,1740592177509.0,74.0
pilot7,1740592243208.0,89.0
pilot7,1740592310811.0,0.0
pilot7,1740592370841.0,0.0
pilot7,1740592431079.0,11.0
pilot7,1740592518734.0,93.0
pilot7,1740592579189.0,0.0
pilot7,1740592650711.0,0.0
pilot7,1740592711020.0,0.0
pilot7,1740592772747.0,0.0
pilot7,1740600266787.0,43.0
pilot7,1740600335185.0,0.0
pilot7,1740600422341.0,0.0
pilot7,1740600484538.0,0.0
pilot7,1740600557433.0,0.0
pilot7,1740600621619.0,0.0
pilot7,1740600696175.0,0.0
pilot7,1740600777727.0,0.0
pilot7,1740600838095.0,0.0
pilot7,1740600905014.0,0.0
pilot7,1740600982365.0,0.0
pilot7,1740601049467.0,0.0
pilot7,1740601109498.0,0.0
pilot7,1740601171156.0,0.0
pilot7,1740601255694.0,0.0
pilot7,1740601324229.0,32.0
pilot7,1740601406627.0,157.0
pilot7,1740601475653.0,125.0
pilot7,1740601550812.0,142.0
pilot7,1740601620694.0,91.0
pilot7,1740601681110.0,78.0
pilot7,1740601741482.0,0.0
pilot7,1740601801616.0,0.0
pilot7,1740601861759.0,0.0
pilot7,1740601933460.0,0.0
pilot7,1740602006302.0,0.0
pilot7,1740602066622.0,0.0
pilot7,1740602136105.0,38.0
pilot7,1740602222928.0,5.0
pilot7,1740602283977.0,0.0
pilot7,1740602344877.0,0.0
pilot7,1740602405013.0,0.0
pilot7,1740602471422.0,0.0
pilot7,1740602531423.0,0.0
pilot7,1740602598113.0,0.0
pilot7,1740602679680.0,0.0
pilot7,1740602740529.0,0.0
pilot7,1740602804896.0,0.0
pilot7,1740602870175.0,0.0
pilot7,1740602946105.0,0.0
pilot7,1740603006200.0,0.0
pilot7,1740603073451.0,0.0
pilot7,1740603135781.0,0.0
pilot7,1740603198690.0,0.0
pilot7,1740603281826.0,0.0
pilot7,1740603348644.0,0.0
pilot7,1740603418716.0,0.0
pilot7,1740603487174.0,0.0
pilot7,1740603549538.0,41.0
pilot7,1740575080253.0,0.0
pilot7,1740575140378.0,0.0
pilot7,1740575202259.0,0.0
pilot7,1740575263254.0,0.0
pilot7,1740575325249.0,0.0
pilot7,1740575386258.0,0.0
pilot7,1740575447251.0,0.0
pilot7,1740575522350.0,0.0
pilot7,1740575586024.0,0.0
pilot7,1740575649664.0,0.0
pilot7,1740575713325.0,0.0
pilot7,1740575782246.0,0.0
pilot7,1740575842753.0,0.0
pilot7,1740575902861.0,0.0
pilot7,1740575963035.0,0.0
pilot7,1740576026246.0,0.0
pilot7,1740576087256.0,0.0
pilot7,1740576148278.0,0.0
pilot7,1740576222745.0,0.0
pilot7,1740576283093.0,0.0
pilot7,1740576343451.0,0.0
pilot7,1740576413789.0,0.0
pilot7,1740576477461.0,0.0
pilot7,1740576541126.0,0.0
pilot7,1740576602576.0,0.0
pilot7,1740576667252.0,0.0
pilot7,1740576732166.0,0.0
pilot7,1740576795349.0,0.0
pilot7,1740576855546.0,0.0
pilot7,1740576923324.0,0.0
pilot7,1740576985649.0,0.0
pilot7,1740577050832.0,0.0
pilot7,1740577114533.0,0.0
pilot7,1740577178253.0,0.0
pilot7,1740577241155.0,0.0
pilot7,1740577305120.0,0.0
pilot7,1740577367923.0,0.0
pilot7,1740577430244.0,0.0
pilot7,1740577491273.0,0.0
pilot7,1740577556567.0,0.0
pilot7,1740577623704.0,0.0
pilot7,1740577691254.0,9.0
pilot7,1740577761080.0,0.0
pilot7,1740577821469.0,0.0
pilot7,1740577882241.0,25.0
pilot7,1740577959654.0,12.0
pilot7,1740578033002.0,0.0
pilot7,1740578097805.0,0.0
pilot7,1740578180926.0,0.0
pilot7,1740578241214.0,0.0
pilot7,1740578303646.0,0.0
pilot7,1740578365162.0,0.0
pilot7,1740607322749.0,0.0
pilot7,1740607385455.0,0.0
pilot7,1740607470162.0,0.0
pilot7,1740607532389.0,0.0
pilot7,1740607619360.0,0.0
pilot7,1740607684124.0,0.0
pilot7,1740607753106.0,0.0
pilot7,1740607823122.0,0.0
pilot7,1740607884985.0,0.0
pilot7,1740607947276.0,0.0
pilot7,1740608007277.0,0.0
pilot7,1740608067475.0,0.0
pilot7,1740608127954.0,0.0
pilot7,1740608188354.0,0.0
pilot7,1740608268995.0,0.0
pilot7,1740608353156.0,0.0
pilot7,1740608428286.0,0.0
pilot7,1740608502152.0,0.0
pilot7,1740608586812.0,0.0
pilot7,1740608649153.0,0.0
pilot7,1740608721345.0,0.0
pilot7,1740608781346.0,0.0
pilot7,1740608851145.0,0.0
pilot7,1740608918081.0,0.0
pilot7,1740608988119.0,0.0
pilot7,1740609066684.0,0.0
pilot7,1740609152968.0,0.0
pilot7,1740609212991.0,0.0
pilot7,1740609273154.0,46.0
pilot7,1740609334468.0,15.0
pilot7,1740609401442.0,0.0
pilot7,1740609462037.0,0.0
pilot7,1740609548153.0,13.0
pilot7,1740609609275.0,64.0
pilot7,1740609675689.0,0.0
pilot7,1740609735868.0,0.0
pilot7,1740609815094.0,0.0
pilot7,1740609882089.0,0.0
pilot7,1740609956942.0,0.0
pilot7,1740610043080.0,0.0
pilot7,1740610109291.0,0.0
pilot7,1740610176876.0,0.0
pilot7,1740610243276.0,0.0
pilot7,1740610304167.0,0.0
pilot7,1740610364468.0,73.0
pilot7,1740610425132.0,4.0
pilot7,1740610488566.0,36.0
pilot7,1740610562549.0,172.0
pilot7,1740610629372.0,108.0
pilot7,1740610690148.0,123.0
pilot7,1740592832968.0,0.0
pilot7,1740592895040.0,0.0
pilot7,1740592980245.0,0.0
pilot7,1740593045653.0,0.0
pilot7,1740593127292.0,0.0
pilot7,1740593206761.0,0.0
pilot7,1740593274348.0,0.0
pilot7,1740593344892.0,0.0
pilot7,1740593413139.0,8.0
pilot7,1740593488038.0,0.0
pilot7,1740593574039.0,0.0
pilot7,1740593640021.0,0.0
pilot7,1740593709170.0,0.0
pilot7,1740593794859.0,0.0
pilot7,1740593857125.0,0.0
pilot7,1740593918355.0,0.0
pilot7,1740593986814.0,0.0
pilot7,1740594046847.0,0.0
pilot7,1740594134422.0,0.0
pilot7,1740594194423.0,0.0
pilot7,1740594262046.0,0.0
pilot7,1740594330075.0,0.0
pilot7,1740594408624.0,0.0
pilot7,1740594472326.0,0.0
pilot7,1740594543419.0,0.0
pilot7,1740594612217.0,0.0
pilot7,1740594677185.0,0.0
pilot7,1740594751765.0,0.0
pilot7,1740594824686.0,0.0
pilot7,1740594885030.0,0.0
pilot7,1740594945031.0,0.0
pilot7,1740595005235.0,0.0
pilot7,1740595074511.0,0.0
pilot7,1740595161313.0,0.0
pilot7,1740595226453.0,0.0
pilot7,1740595293007.0,0.0
pilot7,1740595353361.0,0.0
pilot7,1740595413443.0,0.0
pilot7,1740595473747.0,0.0
pilot7,1740595536117.0,0.0
pilot7,1740595612213.0,0.0
pilot7,1740595687119.0,0.0
pilot7,1740595750190.0,0.0
pilot7,1740595832115.0,0.0
pilot7,1740595893110.0,0.0
pilot7,1740595957853.0,75.0
pilot7,1740596017854.0,24.0
pilot7,1740596078045.0,0.0
pilot7,1740596159357.0,0.0
pilot7,1740567608773.0,0.0
pilot7,1740567672294.0,0.0
pilot7,1740567736203.0,0.0
pilot7,1740567798273.0,0.0
pilot7,1740567859235.0,0.0
pilot7,1740567920272.0,0.0
pilot7,1740567982265.0,0.0
pilot7,1740568044292.0,0.0
pilot7,1740568105102.0,0.0
pilot7,1740568166249.0,0.0
pilot7,1740568227269.0,0.0
pilot7,1740568287811.0,0.0
pilot7,1740568349271.0,0.0
pilot7,1740568412629.0,0.0
pilot7,1740568475453.0,0.0
pilot7,1740568535885.0,0.0
pilot7,1740568596233.0,0.0
pilot7,1740568659271.0,0.0
pilot7,1740568723607.0,0.0
pilot7,1740568787308.0,0.0
pilot7,1740568851075.0,0.0
pilot7,1740568914695.0,0.0
pilot7,1740568976265.0,0.0
pilot7,1740569039737.0,0.0
pilot7,1740569100053.0,0.0
pilot7,1740569169282.0,0.0
pilot7,1740569231264.0,0.0
pilot7,1740569293276.0,0.0
pilot7,1740569354278.0,0.0
pilot7,1740569415279.0,0.0
pilot7,1740569476303.0,0.0
pilot7,1740569544299.0,0.0
pilot7,1740569609637.0,0.0
pilot7,1740569672466.0,0.0
pilot7,1740569734710.0,0.0
pilot7,1740569795077.0,0.0
pilot7,1740569861872.0,0.0
pilot7,1740569926268.0,0.0
pilot7,1740569993200.0,0.0
pilot7,1740570054365.0,0.0
pilot7,1740570114653.0,0.0
pilot7,1740570176277.0,0.0
pilot7,1740570236278.0,0.0
pilot7,1740570297291.0,0.0
pilot7,1740570359286.0,0.0
pilot7,1740570420310.0,0.0
pilot7,1740570482280.0,0.0
pilot7,1740570543272.0,0.0
pilot7,1740570607148.0,0.0
pilot7,1740570669240.0,0.0
pilot7,1740570730037.0,0.0
pilot7,1740570793744.0,0.0
pilot7,1740570857410.0,0.0
pilot7,1740570921103.0,0.0
pilot7,1740570984755.0,0.0
pilot7,1740600266787.0,43.0
pilot7,1740600335185.0,0.0
pilot7,1740600422341.0,0.0
pilot7,1740600484538.0,0.0
pilot7,1740600557433.0,0.0
pilot7,1740600621619.0,0.0
pilot7,1740600696175.0,0.0
pilot7,1740600777727.0,0.0
pilot7,1740600838095.0,0.0
pilot7,1740600905014.0,0.0
pilot7,1740600982365.0,0.0
pilot7,1740601049467.0,0.0
pilot7,1740601109498.0,0.0
pilot7,1740601171156.0,0.0
pilot7,1740601255694.0,0.0
pilot7,1740601324229.0,32.0
pilot7,1740601406627.0,157.0
pilot7,1740601475653.0,125.0
pilot7,1740601550812.0,142.0
pilot7,1740601620694.0,91.0
pilot7,1740601681110.0,78.0
pilot7,1740601741482.0,0.0
pilot7,1740601801616.0,0.0
pilot7,1740601861759.0,0.0
pilot7,1740601933460.0,0.0
pilot7,1740602006302.0,0.0
pilot7,1740602066622.0,0.0
pilot7,1740602136105.0,38.0
pilot7,1740602222928.0,5.0
pilot7,1740602283977.0,0.0
pilot7,1740602344877.0,0.0
pilot7,1740602405013.0,0.0
pilot7,1740602471422.0,0.0
pilot7,1740602531423.0,0.0
pilot7,1740602598113.0,0.0
pilot7,1740602679680.0,0.0
pilot7,1740602740529.0,0.0
pilot7,1740602804896.0,0.0
pilot7,1740602870175.0,0.0
pilot7,1740602946105.0,0.0
pilot7,1740603006200.0,0.0
pilot7,1740603073451.0,0.0
pilot7,1740603135781.0,0.0
pilot7,1740603198690.0,0.0
pilot7,1740603281826.0,0.0
pilot7,1740603348644.0,0.0
pilot7,1740603418716.0,0.0
pilot7,1740603487174.0,0.0
pilot7,1740603549538.0,41.0
pilot7,1740549850762.0,0.0
pilot7,1740549912015.0,0.0
pilot7,1740549978185.0,0.0
pilot7,1740550038720.0,0.0
pilot7,1740550100065.0,0.0
pilot7,1740550163323.0,0.0
pilot7,1740550224326.0,0.0
pilot7,1740550286357.0,0.0
pilot7,1740550348353.0,0.0
pilot7,1740550420260.0,0.0
pilot7,1740550480262.0,0.0
pilot7,1740550551458.0,0.0
pilot7,1740550615171.0,0.0
pilot7,1740550678906.0,0.0
pilot7,1740550742607.0,0.0
pilot7,1740550804346.0,0.0
pilot7,1740550866309.0,0.0
pilot7,1740550928323.0,0.0
pilot7,1740550990309.0,0.0
pilot7,1740551052410.0,0.0
pilot7,1740551113313.0,0.0
pilot7,1740551179895.0,0.0
pilot7,1740551252229.0,0.0
pilot7,1740551313275.0,0.0
pilot7,1740551373698.0,0.0
pilot7,1740551443379.0,0.0
pilot7,1740551507081.0,0.0
pilot7,1740551570789.0,0.0
pilot7,1740551631965.0,0.0
pilot7,1740551693311.0,0.0
pilot7,1740551753912.0,0.0
pilot7,1740551819240.0,0.0
pilot7,1740551880307.0,0.0
pilot7,1740551953033.0,0.0
pilot7,1740552016764.0,0.0
pilot7,1740552080483.0,0.0
pilot7,1740552144182.0,0.0
pilot7,1740552205388.0,0.0
pilot7,1740552266641.0,0.0
pilot7,1740552335310.0,0.0
pilot7,1740552395357.0,0.0
pilot7,1740552462763.0,0.0
pilot7,1740552526474.0,0.0
pilot7,1740552588814.0,0.0
pilot7,1740552648829.0,0.0
pilot7,1740552709062.0,0.0
pilot7,1740552776341.0,0.0
pilot7,1740552843314.0,0.0
pilot7,1740552905342.0,0.0
pilot7,1740552967303.0,0.0
pilot7,1740553028309.0,0.0
pilot7,1740553088610.0,0.0
pilot7,1740553150051.0,0.0
pilot7,1740596581190.0,0.0
pilot7,1740596655405.0,0.0
pilot7,1740596719221.0,0.0
pilot7,1740596800972.0,0.0
pilot7,1740596862487.0,0.0
pilot7,1740596928948.0,0.0
pilot7,1740596992751.0,0.0
pilot7,1740597078186.0,0.0
pilot7,1740597138809.0,0.0
pilot7,1740597213198.0,0.0
pilot7,1740597283109.0,0.0
pilot7,1740597364376.0,0.0
pilot7,1740597431853.0,0.0
pilot7,1740597492594.0,0.0
pilot7,1740597552719.0,0.0
pilot7,1740597619281.0,0.0
pilot7,1740597691515.0,0.0
pilot7,1740597754370.0,0.0
pilot7,1740597815683.0,0.0
pilot7,1740597876044.0,0.0
pilot7,1740597962014.0,0.0
pilot7,1740598033190.0,0.0
pilot7,1740598097476.0,0.0
pilot7,1740598165179.0,0.0
pilot7,1740598243344.0,0.0
pilot7,1740598307178.0,0.0
pilot7,1740598368129.0,0.0
pilot7,1740598428182.0,0.0
pilot7,1740598495598.0,0.0
pilot7,1740598555829.0,0.0
pilot7,1740598624818.0,0.0
pilot7,1740598688358.0,0.0
pilot7,1740598758186.0,0.0
pilot7,1740598846074.0,0.0
pilot7,1740598906075.0,0.0
pilot7,1740598984249.0,0.0
pilot7,1740599046177.0,0.0
pilot7,1740599108176.0,52.0
pilot7,1740599186768.0,0.0
pilot7,1740599251494.0,104.0
pilot7,1740599312752.0,0.0
pilot7,1740599382992.0,29.0
pilot7,1740599452104.0,0.0
pilot7,1740599512427.0,38.0
pilot7,1740599591113.0,19.0
pilot7,1740599652176.0,140.0
pilot7,1740599739757.0,45.0
pilot7,1740599803438.0,6.0
pilot7,1740599864848.0,86.0
pilot7,1740571367037.0,0.0
pilot7,1740571427599.0,0.0
pilot7,1740571493409.0,0.0
pilot7,1740571556299.0,0.0
pilot7,1740571616300.0,0.0
pilot7,1740571681519.0,0.0
pilot7,1740571749251.0,0.0
pilot7,1740571809281.0,0.0
pilot7,1740571869981.0,0.0
pilot7,1740571940339.0,0.0
pilot7,1740572004040.0,0.0
pilot7,1740572067732.0,0.0
pilot7,1740572131423.0,0.0
pilot7,1740572195153.0,0.0
pilot7,1740572255190.0,0.0
pilot7,1740572316877.0,0.0
pilot7,1740572379258.0,0.0
pilot7,1740572442263.0,0.0
pilot7,1740572504256.0,0.0
pilot7,1740572566296.0,0.0
pilot7,1740572628555.0,0.0
pilot7,1740572688871.0,0.0
pilot7,1740572749255.0,0.0
pilot7,1740572811268.0,0.0
pilot7,1740572873276.0,0.0
pilot7,1740572934266.0,0.0
pilot7,1740573007420.0,0.0
pilot7,1740573071123.0,0.0
pilot7,1740573131366.0,0.0
pilot7,1740573198535.0,0.0
pilot7,1740573262260.0,0.0
pilot7,1740573325949.0,0.0
pilot7,1740573389647.0,0.0
pilot7,1740573453372.0,0.0
pilot7,1740573517077.0,0.0
pilot7,1740573580726.0,0.0
pilot7,1740573642984.0,0.0
pilot7,1740573708057.0,0.0
pilot7,1740573771718.0,0.0
pilot7,1740573835420.0,0.0
pilot7,1740573896251.0,0.0
pilot7,1740573957245.0,0.0
pilot7,1740574017609.0,0.0
pilot7,1740574084745.0,0.0
pilot7,1740574153678.0,0.0
pilot7,1740574217354.0,0.0
pilot7,1740574280993.0,0.0
pilot7,1740574342253.0,0.0
pilot7,1740574404259.0,0.0
pilot7,1740574466250.0,0.0
pilot7,1740574527252.0,0.0
pilot7,1740574589278.0,0.0
pilot7,1740574650251.0,0.0
pilot7,1740574710626.0,0.0
pilot7,1740578450237.0,0.0
pilot7,1740578524766.0,0.0
pilot7,1740578584803.0,0.0
pilot7,1740578651087.0,0.0
pilot7,1740578732828.0,0.0
pilot7,1740578794146.0,0.0
pilot7,1740578854525.0,0.0
pilot7,1740578915908.0,0.0
pilot7,1740578991677.0,0.0
pilot7,1740579058906.0,0.0
pilot7,1740579123297.0,46.0
pilot7,1740579189650.0,73.0
pilot7,1740579260206.0,40.0
pilot7,1740579323620.0,14.0
pilot7,1740579388194.0,0.0
pilot7,1740579457994.0,0.0
pilot7,1740579519328.0,0.0
pilot7,1740579587124.0,18.0
pilot7,1740579647126.0,53.0
pilot7,1740579707263.0,38.0
pilot7,1740579790226.0,2.0
pilot7,1740579865175.0,35.0
pilot7,1740579952005.0,29.0
pilot7,1740580030507.0,61.0
pilot7,1740580095474.0,92.0
pilot7,1740580155476.0,92.0
pilot7,1740580215547.0,78.0
pilot7,1740580275674.0,45.0
pilot7,1740580362750.0,82.0
pilot7,1740580437057.0,29.0
pilot7,1740580497334.0,5.0
pilot7,1740580580197.0,21.0
pilot7,1740580649913.0,27.0
pilot7,1740580714775.0,10.0
pilot7,1740580783109.0,20.0
pilot7,1740580852570.0,0.0
pilot7,1740580931630.0,89.0
pilot7,1740581005345.0,155.0
pilot7,1740581065357.0,140.0
pilot7,1740581151028.0,134.0
pilot7,1740581211370.0,116.0
pilot7,1740581286582.0,99.0
pilot7,1740581347003.0,175.0
pilot7,1740581407006.0,117.0
pilot7,1740581472560.0,0.0
pilot7,1740581547936.0,0.0
pilot7,1740581608638.0,0.0
pilot7,1740581675342.0,28.0
pilot7,1740581737451.0,0.0
pilot7,1740581797709.0,0.0
pilot7,1740581867733.0,0.0
pilot7,1740581946931.0,0.0
pilot7,1740582008935.0,0.0
pilot7,1740582070187.0,0.0
pilot7,1740611020118.0,21.0
pilot7,1740611080811.0,0.0
pilot7,1740611140931.0,0.0
pilot7,1740611202098.0,5.0
pilot7,1740611262340.0,0.0
pilot7,1740611347717.0,0.0
pilot7,1740611417020.0,0.0
pilot7,1740611477179.0,0.0
pilot7,1740611543151.0,0.0
pilot7,1740611603533.0,0.0
pilot7,1740611663653.0,0.0
pilot7,1740611728139.0,0.0
pilot7,1740611809820.0,0.0
pilot7,1740611884565.0,0.0
pilot7,1740611970946.0,0.0
pilot7,1740612032141.0,0.0
pilot7,1740612103142.0,0.0
pilot7,1740612163635.0,0.0
pilot7,1740612223636.0,0.0
pilot7,1740612302087.0,0.0
pilot7,1740612376725.0,0.0
pilot7,1740612437209.0,0.0
pilot7,1740612497210.0,0.0
pilot7,1740612557411.0,0.0
pilot7,1740612643212.0,0.0
pilot7,1740612703529.0,0.0
pilot7,1740612767739.0,0.0
pilot7,1740612828222.0,0.0
pilot7,1740612888619.0,0.0
pilot7,1740612949436.0,0.0
pilot7,1740613009761.0,0.0
pilot7,1740613076274.0,0.0
pilot7,1740613163978.0,0.0
pilot7,1740613230727.0,8.0
pilot7,1740613310294.0,0.0
pilot7,1740613370372.0,0.0
pilot7,1740613430714.0,0.0
pilot7,1740613490937.0,0.0
pilot7,1740613551348.0,0.0
pilot7,1740613611721.0,0.0
pilot7,1740613672104.0,0.0
pilot7,1740613739099.0,0.0
pilot7,1740613799462.0,0.0
pilot7,1740613859861.0,0.0
pilot7,1740613920053.0,0.0
pilot7,1740613980136.0,0.0
pilot7,1740614040748.0,0.0
pilot7,1740614114505.0,0.0
pilot7,1740614174581.0,0.0
pilot7,1740614234954.0,0.0
pilot7,1740614320637.0,0.0
pilot7,1740614380820.0,0.0
pilot7,1740546169256.0,0.0
pilot7,1740546231277.0,0.0
pilot7,1740546291462.0,0.0
pilot7,1740546360643.0,0.0
pilot7,1740546424427.0,0.0
pilot7,1740546488185.0,0.0
pilot7,1740546548506.0,0.0
pilot7,1740546615719.0,0.0
pilot7,1740546679624.0,0.0
pilot7,1740546741926.0,0.0
pilot7,1740546802227.0,0.0
pilot7,1740546864324.0,0.0
pilot7,1740546934520.0,0.0
pilot7,1740546998299.0,0.0
pilot7,1740547062075.0,0.0
pilot7,1740547124735.0,0.0
pilot7,1740547189559.0,0.0
pilot7,1740547253334.0,0.0
pilot7,1740547314688.0,0.0
pilot7,1740547374876.0,0.0
pilot7,1740547436954.0,0.0
pilot7,1740547497336.0,0.0
pilot7,1740547558217.0,0.0
pilot7,1740547619772.0,0.0
pilot7,1740547683615.0,0.0
pilot7,1740547747369.0,0.0
pilot7,1740547810310.0,0.0
pilot7,1740547874838.0,0.0
pilot7,1740547938632.0,0.0
pilot7,1740547999751.0,0.0
pilot7,1740548060147.0,0.0
pilot7,1740548129929.0,0.0
pilot7,1740548193655.0,0.0
pilot7,1740548257454.0,0.0
pilot7,1740548321036.0,0.0
pilot7,1740548381434.0,0.0
pilot7,1740548441787.0,0.0
pilot7,1740548512395.0,0.0
pilot7,1740548574338.0,0.0
pilot7,1740548635343.0,0.0
pilot7,1740548696317.0,0.0
pilot7,1740548757331.0,0.0
pilot7,1740548819315.0,0.0
pilot7,1740548882835.0,0.0
pilot7,1740548958634.0,0.0
pilot7,1740549022307.0,0.0
pilot7,1740549086061.0,0.0
pilot7,1740549149721.0,0.0
pilot7,1740549212965.0,0.0
pilot7,1740549273244.0,0.0
pilot7,1740549336312.0,0.0
pilot7,1740549397354.0,0.0
pilot7,1740549458320.0,0.0
pilot7,1740564237406.0,0.0
pilot7,1740564309511.0,0.0
pilot7,1740564369878.0,0.0
pilot7,1740564434612.0,0.0
pilot7,1740564501072.0,0.0
pilot7,1740564561445.0,0.0
pilot7,1740564630243.0,0.0
pilot7,1740564693957.0,0.0
pilot7,1740564757658.0,0.0
pilot7,1740564821370.0,0.0
pilot7,1740564885094.0,0.0
pilot7,1740564948826.0,0.0
pilot7,1740565010772.0,0.0
pilot7,1740565076314.0,0.0
pilot7,1740565137285.0,0.0
pilot7,1740565203706.0,0.0
pilot7,1740565265281.0,0.0
pilot7,1740565327288.0,0.0
pilot7,1740565392376.0,0.0
pilot7,1740565453646.0,0.0
pilot7,1740565522217.0,0.0
pilot7,1740565582237.0,0.0
pilot7,1740565649618.0,0.0
pilot7,1740565713366.0,0.0
pilot7,1740565776759.0,0.0
pilot7,1740565840761.0,0.0
pilot7,1740565904473.0,0.0
pilot7,1740565967307.0,0.0
pilot7,1740566028277.0,0.0
pilot7,1740566089285.0,0.0
pilot7,1740566150313.0,0.0
pilot7,1740566213277.0,0.0
pilot7,1740566275299.0,0.0
pilot7,1740566338490.0,0.0
pilot7,1740566414133.0,0.0
pilot7,1740566477843.0,0.0
pilot7,1740566539852.0,0.0
pilot7,1740566600201.0,0.0
pilot7,1740566661247.0,0.0
pilot7,1740566727663.0,0.0
pilot7,1740566787664.0,0.0
pilot7,1740566847945.0,0.0
pilot7,1740566907986.0,0.0
pilot7,1740566971268.0,0.0
pilot7,1740567035097.0,0.0
pilot7,1740567099109.0,0.0
pilot7,1740567160899.0,0.0
pilot7,1740567221213.0,0.0
pilot7,1740567281220.0,0.0
pilot7,1740567353911.0,0.0
pilot7,1740567416287.0,0.0
pilot7,1740567481338.0,0.0
pilot7,1740567544853.0,0.0
pilot7,1740614455719.0,0.0
pilot7,1740614516113.0,0.0
pilot7,1740614576350.0,0.0
pilot7,1740614636351.0,0.0
pilot7,1740614706486.0,0.0
pilot7,1740614786373.0,17.0
pilot7,1740614869933.0,34.0
pilot7,1740614930552.0,0.0
pilot7,1740614997794.0,9.0
pilot7,1740615057795.0,2.0
pilot7,1740615118027.0,0.0
pilot7,1740615185385.0,0.0
pilot7,1740615266539.0,0.0
pilot7,1740615328974.0,0.0
pilot7,1740615414138.0,21.0
pilot7,1740615475776.0,0.0
pilot7,1740615539936.0,0.0
pilot7,1740615600160.0,0.0
pilot7,1740615660632.0,0.0
pilot7,1740615720633.0,0.0
pilot7,1740615781342.0,0.0
pilot7,1740615867014.0,0.0
pilot7,1740615936800.0,0.0
pilot7,1740616002240.0,0.0
pilot7,1740616067136.0,0.0
pilot7,1740616142686.0,0.0
pilot7,1740616203073.0,0.0
pilot7,1740616263120.0,0.0
pilot7,1740616323462.0,0.0
pilot7,1740616390364.0,0.0
pilot7,1740616450712.0,0.0
pilot7,1740616512124.0,0.0
pilot7,1740616574834.0,0.0
pilot7,1740616660957.0,0.0
pilot7,1740616722152.0,0.0
pilot7,1740616796133.0,0.0
pilot7,1740616865892.0,0.0
pilot7,1740616926264.0,0.0
pilot7,1740616986321.0,0.0
pilot7,1740617046552.0,0.0
pilot7,1740617106935.0,0.0
pilot7,1740617167296.0,0.0
pilot7,1740617238140.0,0.0
pilot7,1740617313848.0,0.0
pilot7,1740617379129.0,0.0
pilot7,1740617443031.0,14.0
pilot7,1740617509369.0,0.0
pilot7,1740617569373.0,0.0
pilot7,1740617649641.0,0.0
pilot7,1740617716551.0,0.0
pilot7,1740617780332.0,0.0
pilot7,1740618192439.0,0.0
pilot7,1740618260139.0,0.0
pilot7,1740618320953.0,0.0
pilot7,1740618407129.0,0.0
pilot7,1740618468328.0,0.0
pilot7,1740618531571.0,0.0
pilot7,1740618602768.0,0.0
pilot7,1740618674108.0,9.0
pilot7,1740618734136.0,0.0
pilot7,1740618794442.0,0.0
pilot7,1740618854620.0,0.0
pilot7,1740618915180.0,0.0
pilot7,1740618975181.0,0.0
pilot7,1740619035960.0,0.0
pilot7,1740619113973.0,0.0
pilot7,1740619182179.0,20.0
pilot7,1740619245202.0,53.0
pilot7,1740619307705.0,0.0
pilot7,1740619367731.0,0.0
pilot7,1740619428174.0,43.0
pilot7,1740619488380.0,10.0
pilot7,1740619548810.0,0.0
pilot7,1740619635938.0,0.0
pilot7,1740619698509.0,20.0
pilot7,1740619758649.0,75.0
pilot7,1740619819039.0,0.0
pilot7,1740619879467.0,19.0
pilot7,1740619939498.0,53.0
pilot7,1740620000229.0,24.0
pilot7,1740620067161.0,14.0
pilot7,1740620127495.0,0.0
pilot7,1740620188366.0,0.0
pilot7,1740620258595.0,0.0
pilot7,1740620335767.0,0.0
pilot7,1740620396794.0,7.0
pilot7,1740620457116.0,0.0
pilot7,1740620520707.0,53.0
pilot7,1740620602291.0,21.0
pilot7,1740620662566.0,0.0
pilot7,1740620734303.0,59.0
pilot7,1740620794304.0,29.0
pilot7,1740620880338.0,0.0
pilot7,1740620946128.0,0.0
pilot7,1740621014471.0,0.0
pilot7,1740621074869.0,0.0
pilot7,1740621135401.0,0.0
pilot7,1740621195605.0,0.0
pilot7,1740621261119.0,0.0
pilot7,1740621322310.0,0.0
pilot7,1740621383213.0,0.0
pilot7,1740621446123.0,0.0
pilot7,1740621506124.0,0.0
pilot7,1740643307753.0,0.0
pilot7,1740643368745.0,0.0
pilot7,1740643430767.0,0.0
pilot7,1740643491447.0,0.0
pilot7,1740643552752.0,0.0
pilot7,1740643615995.0,0.0
pilot7,1740643680437.0,0.0
pilot7,1740643744142.0,0.0
pilot7,1740643807875.0,0.0
pilot7,1740643871715.0,0.0
pilot7,1740643935364.0,0.0
pilot7,1740643999128.0,0.0
pilot7,1740644062861.0,0.0
pilot7,1740644126614.0,0.0
pilot7,1740644190359.0,0.0
pilot7,1740644254111.0,0.0
pilot7,1740644317885.0,0.0
pilot7,1740644381648.0,0.0
pilot7,1740644444765.0,0.0
pilot7,1740644506793.0,0.0
pilot7,1740644568752.0,0.0
pilot7,1740644629741.0,0.0
pilot7,1740644693798.0,0.0
pilot7,1740644764175.0,0.0
pilot7,1740644827952.0,0.0
pilot7,1740644891669.0,0.0
pilot7,1740644955431.0,0.0
pilot7,1740645019167.0,0.0
pilot7,1740645082913.0,0.0
pilot7,1740645146632.0,0.0
pilot7,1740645210424.0,0.0
pilot7,1740645271744.0,0.0
pilot7,1740645333749.0,0.0
pilot7,1740645394784.0,0.0
pilot7,1740645457750.0,0.0
pilot7,1740645519752.0,0.0
pilot7,1740645580782.0,0.0
pilot7,1740645640833.0,0.0
pilot7,1740645702752.0,0.0
pilot7,1740645763787.0,0.0
pilot7,1740645825763.0,0.0
pilot7,1740645886747.0,0.0
pilot7,1740645948748.0,0.0
pilot7,1740646010757.0,0.0
pilot7,1740646071203.0,0.0
pilot7,1740646131754.0,0.0
pilot7,1740646192744.0,0.0
pilot7,1740646255871.0,0.0
pilot7,1740646323713.0,0.0
pilot7,1740646384746.0,0.0
pilot7,1740646453861.0,0.0
pilot7,1740646517663.0,0.0
pilot7,1740646581500.0,0.0
pilot7,1740646897833.0,0.0
pilot7,1740646958751.0,0.0
pilot7,1740647020777.0,0.0
pilot7,1740647082740.0,0.0
pilot7,1740647143742.0,0.0
pilot7,1740647203743.0,0.0
pilot7,1740647265748.0,0.0
pilot7,1740647327771.0,0.0
pilot7,1740647388742.0,0.0
pilot7,1740647449743.0,0.0
pilot7,1740647511741.0,0.0
pilot7,1740647586749.0,0.0
pilot7,1740647650601.0,0.0
pilot7,1740647714629.0,0.0
pilot7,1740647774722.0,0.0
pilot7,1740647842208.0,0.0
pilot7,1740647906049.0,0.0
pilot7,1740647969903.0,0.0
pilot7,1740648032771.0,0.0
pilot7,1740648093746.0,0.0
pilot7,1740648155744.0,0.0
pilot7,1740648216756.0,0.0
pilot7,1740648296440.0,0.0
pilot7,1740648367747.0,0.0
pilot7,1740648428936.0,0.0
pilot7,1740648489744.0,0.0
pilot7,1740648550598.0,0.0
pilot7,1740648624714.0,0.0
pilot7,1740648688592.0,0.0
pilot7,1740648752482.0,0.0
pilot7,1740648816345.0,0.0
pilot7,1740648880190.0,0.0
pilot7,1740648944024.0,0.0
pilot7,1740649007879.0,0.0
pilot7,1740649070730.0,0.0
pilot7,1740649131768.0,0.0
pilot7,1740649193743.0,0.0
pilot7,1740649255352.0,0.0
pilot7,1740649315749.0,0.0
pilot7,1740649379046.0,0.0
pilot7,1740649440892.0,0.0
pilot7,1740649502670.0,0.0
pilot7,1740649566507.0,0.0
pilot7,1740649630390.0,0.0
pilot7,1740649694214.0,0.0
pilot7,1740649758096.0,0.0
pilot7,1740649821976.0,0.0
pilot7,1740649885786.0,0.0
pilot7,1740649949635.0,0.0
pilot7,1740650013514.0,0.0
pilot7,1740650077357.0,0.0
pilot7,1740650141212.0,0.0
pilot7,1740650203750.0,0.0
pilot7,1740650265774.0,0.0
pilot7,1740672115076.0,12.0
pilot7,1740672185733.0,0.0
pilot7,1740672262278.0,0.0
pilot7,1740672341818.0,0.0
pilot7,1740672407947.0,0.0
pilot7,1740672479328.0,0.0
pilot7,1740672547844.0,0.0
pilot7,1740672615678.0,0.0
pilot7,1740672682245.0,0.0
pilot7,1740672765496.0,0.0
pilot7,1740672845860.0,0.0
pilot7,1740672910947.0,0.0
pilot7,1740672981651.0,0.0
pilot7,1740673048671.0,0.0
pilot7,1740673114548.0,0.0
pilot7,1740673175471.0,1.0
pilot7,1740673255493.0,0.0
pilot7,1740673324368.0,0.0
pilot7,1740673399853.0,0.0
pilot7,1740673485031.0,0.0
pilot7,1740673555373.0,6.0
pilot7,1740673633137.0,0.0
pilot7,1740673698032.0,0.0
pilot7,1740673768370.0,0.0
pilot7,1740673836329.0,0.0
pilot7,1740673905093.0,0.0
pilot7,1740673978928.0,0.0
pilot7,1740674048631.0,31.0
pilot7,1740674117380.0,19.0
pilot7,1740674190400.0,0.0
pilot7,1740674251583.0,0.0
pilot7,1740674318391.0,57.0
pilot7,1740674384110.0,0.0
pilot7,1740674446693.0,7.0
pilot7,1740674521928.0,102.0
pilot7,1740674605592.0,0.0
pilot7,1740674675390.0,0.0
pilot7,1740674743859.0,0.0
pilot7,1740674809514.0,120.0
pilot7,1740674875223.0,89.0
pilot7,1740674937650.0,108.0
pilot7,1740674998916.0,0.0
pilot7,1740675066454.0,33.0
pilot7,1740675130306.0,0.0
pilot7,1740675207591.0,0.0
pilot7,1740675270694.0,0.0
pilot7,1740675331080.0,0.0
pilot7,1740675397595.0,0.0
pilot7,1740675458622.0,0.0
pilot7,1740639901173.0,0.0
pilot7,1740639964925.0,0.0
pilot7,1740640028854.0,0.0
pilot7,1740640092528.0,0.0
pilot7,1740640156438.0,0.0
pilot7,1740640219764.0,0.0
pilot7,1740640281794.0,0.0
pilot7,1740640342769.0,0.0
pilot7,1740640403775.0,0.0
pilot7,1740640464757.0,0.0
pilot7,1740640526750.0,0.0
pilot7,1740640586972.0,0.0
pilot7,1740640650748.0,0.0
pilot7,1740640714538.0,0.0
pilot7,1740640778336.0,0.0
pilot7,1740640842123.0,0.0
pilot7,1740640905929.0,0.0
pilot7,1740640969714.0,0.0
pilot7,1740641033533.0,0.0
pilot7,1740641097333.0,0.0
pilot7,1740641161134.0,0.0
pilot7,1740641225058.0,0.0
pilot7,1740641287755.0,0.0
pilot7,1740641348758.0,0.0
pilot7,1740641410760.0,0.0
pilot7,1740641471763.0,0.0
pilot7,1740641533786.0,0.0
pilot7,1740641595779.0,0.0
pilot7,1740641664751.0,0.0
pilot7,1740641735272.0,0.0
pilot7,1740641799085.0,0.0
pilot7,1740641862843.0,0.0
pilot7,1740641926629.0,0.0
pilot7,1740641990411.0,0.0
pilot7,1740642051784.0,0.0
pilot7,1740642112775.0,0.0
pilot7,1740642175640.0,0.0
pilot7,1740642235783.0,0.0
pilot7,1740642295932.0,0.0
pilot7,1740642357183.0,0.0
pilot7,1740642418796.0,0.0
pilot7,1740642479760.0,0.0
pilot7,1740642540892.0,0.0
pilot7,1740642601800.0,0.0
pilot7,1740642676066.0,0.0
pilot7,1740642739869.0,0.0
pilot7,1740642803631.0,0.0
pilot7,1740642867406.0,0.0
pilot7,1740642931181.0,0.0
pilot7,1740668431112.0,0.0
pilot7,1740668515202.0,3.0
pilot7,1740668586117.0,1.0
pilot7,1740668662474.0,0.0
pilot7,1740668722479.0,0.0
pilot7,1740668789446.0,0.0
pilot7,1740668865591.0,0.0
pilot7,1740668929229.0,0.0
pilot7,1740669005401.0,0.0
pilot7,1740669071397.0,0.0
pilot7,1740669132290.0,0.0
pilot7,1740669198025.0,0.0
pilot7,1740669260769.0,7.0
pilot7,1740669327343.0,0.0
pilot7,1740669388374.0,0.0
pilot7,1740669454858.0,0.0
pilot7,1740669516812.0,0.0
pilot7,1740669600609.0,53.0
pilot7,1740669662760.0,3.0
pilot7,1740669723090.0,8.0
pilot7,1740669796231.0,0.0
pilot7,1740669856979.0,5.0
pilot7,1740669922440.0,133.0
pilot7,1740669983752.0,112.0
pilot7,1740670048556.0,77.0
pilot7,1740670130863.0,0.0
pilot7,1740670212919.0,0.0
pilot7,1740670281416.0,0.0
pilot7,1740670355903.0,0.0
pilot7,1740670427126.0,0.0
pilot7,1740670490820.0,7.0
pilot7,1740670567450.0,0.0
pilot7,1740670627674.0,0.0
pilot7,1740670710334.0,0.0
pilot7,1740670776173.0,0.0
pilot7,1740670856117.0,0.0
pilot7,1740670922912.0,0.0
pilot7,1740670995846.0,0.0
pilot7,1740671065513.0,0.0
pilot7,1740671140529.0,0.0
pilot7,1740671203584.0,29.0
pilot7,1740671269836.0,0.0
pilot7,1740671330850.0,0.0
pilot7,1740671403588.0,0.0
pilot7,1740671486757.0,0.0
pilot7,1740671562522.0,0.0
pilot7,1740671626061.0,0.0
pilot7,1740671694321.0,0.0
pilot7,1740671760460.0,0.0
pilot7,1740671824950.0,0.0
pilot7,1740671889242.0,0.0
pilot7,1740671962864.0,0.0
pilot7,1740672037398.0,0.0
pilot7,1740675796226.0,0.0
pilot7,1740675868775.0,0.0
pilot7,1740675930072.0,0.0
pilot7,1740675996286.0,0.0
pilot7,1740676059115.0,0.0
pilot7,1740676121418.0,0.0
pilot7,1740676182757.0,0.0
pilot7,1740676258566.0,0.0
pilot7,1740676330989.0,0.0
pilot7,1740676400227.0,0.0
pilot7,1740676473426.0,0.0
pilot7,1740676534816.0,0.0
pilot7,1740676600794.0,0.0
pilot7,1740676664809.0,0.0
pilot7,1740676727146.0,9.0
pilot7,1740676789244.0,85.0
pilot7,1740676864715.0,101.0
pilot7,1740676948527.0,114.0
pilot7,1740677008529.0,153.0
pilot7,1740677075939.0,181.0
pilot7,1740677138067.0,110.0
pilot7,1740677207301.0,109.0
pilot7,1740677269556.0,108.0
pilot7,1740677333979.0,90.0
pilot7,1740677401535.0,110.0
pilot7,1740677465692.0,142.0
pilot7,1740677547599.0,26.0
pilot7,1740677612785.0,12.0
pilot7,1740677686053.0,25.0
pilot7,1740677755163.0,0.0
pilot7,1740677829447.0,93.0
pilot7,1740677897911.0,0.0
pilot7,1740677973770.0,0.0
pilot7,1740678037373.0,30.0
pilot7,1740678114092.0,0.0
pilot7,1740678176535.0,0.0
pilot7,1740678236998.0,49.0
pilot7,1740678302642.0,72.0
pilot7,1740678375624.0,0.0
pilot7,1740678450667.0,10.0
pilot7,1740678519617.0,16.0
pilot7,1740678585071.0,0.0
pilot7,1740678666280.0,0.0
pilot7,1740678741166.0,44.0
pilot7,1740678818897.0,41.0
pilot7,1740678903822.0,0.0
pilot7,1740678978822.0,0.0
pilot7,1740679056916.0,17.0
pilot7,1740679122605.0,42.0
pilot7,1740661367759.0,0.0
pilot7,1740661431536.0,0.0
pilot7,1740661491716.0,0.0
pilot7,1740661555722.0,0.0
pilot7,1740661617730.0,0.0
pilot7,1740661679716.0,0.0
pilot7,1740661740727.0,0.0
pilot7,1740661801700.0,0.0
pilot7,1740661862238.0,0.0
pilot7,1740661923714.0,0.0
pilot7,1740661984715.0,0.0
pilot7,1740662045711.0,0.0
pilot7,1740662108715.0,0.0
pilot7,1740662170710.0,0.0
pilot7,1740662232746.0,0.0
pilot7,1740662292890.0,0.0
pilot7,1740662354746.0,0.0
pilot7,1740662416705.0,0.0
pilot7,1740662478710.0,0.0
pilot7,1740662539707.0,0.0
pilot7,1740662600740.0,0.0
pilot7,1740662675682.0,0.0
pilot7,1740662739467.0,0.0
pilot7,1740662803260.0,0.0
pilot7,1740662867036.0,0.0
pilot7,1740662930830.0,0.0
pilot7,1740662994660.0,0.0
pilot7,1740663058475.0,0.0
pilot7,1740663121715.0,0.0
pilot7,1740663184437.0,0.0
pilot7,1740663244782.0,0.0
pilot7,1740663304788.0,0.0
pilot7,1740663366710.0,0.0
pilot7,1740663428698.0,0.0
pilot7,1740663489017.0,0.0
pilot7,1740663551705.0,0.0
pilot7,1740663612749.0,0.0
pilot7,1740663674711.0,0.0
pilot7,1740663735702.0,0.0
pilot7,1740663797716.0,0.0
pilot7,1740663863822.0,0.0
pilot7,1740663935546.0,0.0
pilot7,1740663999359.0,0.0
pilot7,1740664063150.0,0.0
pilot7,1740664126929.0,0.0
pilot7,1740664190714.0,0.0
pilot7,1740664251730.0,0.0
pilot7,1740664316702.0,0.0
pilot7,1740664378738.0,0.0
pilot7,1740664439699.0,0.0
pilot7,1740664516898.0,0.0
pilot7,1740664588020.0,0.0
pilot7,1740664664521.0,0.0
pilot7,1740679475412.0,0.0
pilot7,1740679544363.0,49.0
pilot7,1740679621316.0,0.0
pilot7,1740679691703.0,34.0
pilot7,1740679759225.0,65.0
pilot7,1740679835426.0,38.0
pilot7,1740679904572.0,0.0
pilot7,1740679965482.0,0.0
pilot7,1740680031248.0,0.0
pilot7,1740680093949.0,0.0
pilot7,1740680155886.0,0.0
pilot7,1740680216538.0,0.0
pilot7,1740680284870.0,0.0
pilot7,1740680354540.0,0.0
pilot7,1740680429627.0,0.0
pilot7,1740680506274.0,10.0
pilot7,1740680571347.0,0.0
pilot7,1740680653087.0,56.0
pilot7,1740680719652.0,48.0
pilot7,1740680792628.0,32.0
pilot7,1740680863394.0,0.0
pilot7,1740680924319.0,0.0
pilot7,1740680987930.0,0.0
pilot7,1740681049490.0,0.0
pilot7,1740681127645.0,0.0
pilot7,1740681196021.0,6.0
pilot7,1740681269408.0,0.0
pilot7,1740681339948.0,0.0
pilot7,1740681400615.0,0.0
pilot7,1740681476028.0,6.0
pilot7,1740681544100.0,0.0
pilot7,1740681617950.0,0.0
pilot7,1740681688616.0,0.0
pilot7,1740681749994.0,4.0
pilot7,1740681815595.0,0.0
pilot7,1740681876354.0,0.0
pilot7,1740681945986.0,0.0
pilot7,1740682021259.0,0.0
pilot7,1740682093210.0,0.0
pilot7,1740682157136.0,0.0
pilot7,1740682224456.0,8.0
pilot7,1740682297432.0,0.0
pilot7,1740682366787.0,0.0
pilot7,1740682439832.0,0.0
pilot7,1740682500817.0,0.0
pilot7,1740708100058.0,0.0
pilot7,1740708163866.0,0.0
pilot7,1740708227761.0,0.0
pilot7,1740708291520.0,0.0
pilot7,1740708354859.0,0.0
pilot7,1740708416844.0,0.0
pilot7,1740708477106.0,0.0
pilot7,1740708538840.0,0.0
pilot7,1740708608048.0,0.0
pilot7,1740708674436.0,0.0
pilot7,1740708738548.0,0.0
pilot7,1740708802190.0,0.0
pilot7,1740708866033.0,0.0
pilot7,1740708929852.0,0.0
pilot7,1740708993696.0,0.0
pilot7,1740709056844.0,0.0
pilot7,1740709118884.0,0.0
pilot7,1740709179835.0,0.0
pilot7,1740709240685.0,0.0
pilot7,1740709302901.0,0.0
pilot7,1740709363713.0,0.0
pilot7,1740709424509.0,0.0
pilot7,1740709484924.0,0.0
pilot7,1740709552182.0,0.0
pilot7,1740709615295.0,0.0
pilot7,1740709679826.0,0.0
pilot7,1740709743656.0,0.0
pilot7,1740709807465.0,0.0
pilot7,1740709871312.0,0.0
pilot7,1740709935106.0,0.0
pilot7,1740709998947.0,0.0
pilot7,1740710062716.0,0.0
pilot7,1740710126564.0,0.0
pilot7,1740710187853.0,0.0
pilot7,1740710249851.0,0.0
pilot7,1740710312836.0,0.0
pilot7,1740710373872.0,0.0
pilot7,1740710434835.0,0.0
pilot7,1740710497858.0,0.0
pilot7,1740710563839.0,0.0
pilot7,1740710637004.0,0.0
pilot7,1740710700833.0,0.0
pilot7,1740710761853.0,0.0
pilot7,1740710828469.0,0.0
pilot7,1740710892284.0,0.0
pilot7,1740710954838.0,0.0
pilot7,1740711016859.0,0.0
pilot7,1740711077832.0,0.0
pilot7,1740711140867.0,0.0
pilot7,1740711202831.0,0.0
pilot7,1740711264840.0,0.0
pilot7,1740711331839.0,0.0
pilot7,1740711399804.0,0.0
pilot7,1740654294724.0,0.0
pilot7,1740654369165.0,0.0
pilot7,1740654432972.0,0.0
pilot7,1740654496773.0,0.0
pilot7,1740654560582.0,0.0
pilot7,1740654624354.0,0.0
pilot7,1740654688141.0,0.0
pilot7,1740654751964.0,0.0
pilot7,1740654814759.0,0.0
pilot7,1740654876725.0,0.0
pilot7,1740654937739.0,0.0
pilot7,1740654999730.0,0.0
pilot7,1740655060725.0,0.0
pilot7,1740655122759.0,0.0
pilot7,1740655191739.0,0.0
pilot7,1740655251740.0,0.0
pilot7,1740655325994.0,0.0
pilot7,1740655389814.0,0.0
pilot7,1740655453604.0,0.0
pilot7,1740655517370.0,0.0
pilot7,1740655581191.0,0.0
pilot7,1740655642835.0,0.0
pilot7,1740655703731.0,0.0
pilot7,1740655764736.0,0.0
pilot7,1740655826723.0,0.0
pilot7,1740655888722.0,0.0
pilot7,1740655951556.0,0.0
pilot7,1740656011802.0,0.0
pilot7,1740656075603.0,0.0
pilot7,1740656139375.0,0.0
pilot7,1740656203157.0,0.0
pilot7,1740656266958.0,0.0
pilot7,1740656330794.0,0.0
pilot7,1740656394545.0,0.0
pilot7,1740656458283.0,0.0
pilot7,1740656522044.0,0.0
pilot7,1740656585785.0,0.0
pilot7,1740656649580.0,0.0
pilot7,1740656713490.0,0.0
pilot7,1740656775734.0,0.0
pilot7,1740656838749.0,0.0
pilot7,1740656899726.0,0.0
pilot7,1740656960718.0,0.0
pilot7,1740657021751.0,0.0
pilot7,1740657095777.0,0.0
pilot7,1740657159492.0,0.0
pilot7,1740657223215.0,0.0
pilot7,1740657286957.0,0.0
pilot7,1740657350706.0,0.0
pilot7,1740657411747.0,0.0
pilot7,1740657476751.0,0.0
pilot7,1740657538744.0,0.0
pilot7,1740657599738.0,0.0
pilot7,1740686640410.0,0.0
pilot7,1740686711224.0,0.0
pilot7,1740686787752.0,0.0
pilot7,1740686847753.0,0.0
pilot7,1740686913577.0,0.0
pilot7,1740686994244.0,0.0
pilot7,1740687064987.0,0.0
pilot7,1740687141262.0,0.0
pilot7,1740687201702.0,0.0
pilot7,1740687279578.0,0.0
pilot7,1740687341929.0,0.0
pilot7,1740687411973.0,0.0
pilot7,1740687488175.0,0.0
pilot7,1740687548176.0,0.0
pilot7,1740687622526.0,0.0
pilot7,1740687702395.0,17.0
pilot7,1740687773293.0,0.0
pilot7,1740687851092.0,0.0
pilot7,1740687916300.0,0.0
pilot7,1740687986165.0,0.0
pilot7,1740688055038.0,0.0
pilot7,1740688125642.0,0.0
pilot7,1740636249320.0,0.0
pilot7,1740636313114.0,0.0
pilot7,1740636376912.0,0.0
pilot7,1740636437780.0,0.0
pilot7,1740636498767.0,0.0
pilot7,1740636560776.0,0.0
pilot7,1740636622764.0,0.0
pilot7,1740636683771.0,0.0
pilot7,1740636743772.0,0.0
pilot7,1740636805782.0,0.0
pilot7,1740636866771.0,0.0
pilot7,1740636928799.0,0.0
pilot7,1740636990776.0,0.0
pilot7,1740637051764.0,0.0
pilot7,1740637113769.0,0.0
pilot7,1740637174246.0,0.0
pilot7,1740637235767.0,0.0
pilot7,1740637296781.0,0.0
pilot7,1740637357768.0,0.0
pilot7,1740637419777.0,0.0
pilot7,1740637481772.0,0.0
pilot7,1740637556969.0,0.0
pilot7,1740637620753.0,0.0
pilot7,1740637684533.0,0.0
pilot7,1740637748322.0,0.0
pilot7,1740637812079.0,0.0
pilot7,1740637875834.0,0.0
pilot7,1740637939612.0,0.0
pilot7,1740638003429.0,0.0
pilot7,1740638065774.0,0.0
pilot7,1740638126775.0,0.0
pilot7,1740638187126.0,0.0
pilot7,1740638249795.0,0.0
pilot7,1740638311792.0,0.0
pilot7,1740638374145.0,0.0
pilot7,1740638450020.0,0.0
pilot7,1740638513791.0,0.0
pilot7,1740638577579.0,0.0
pilot7,1740638641422.0,0.0
pilot7,1740638705157.0,0.0
pilot7,1740638768930.0,0.0
pilot7,1740638832707.0,0.0
pilot7,1740638894769.0,0.0
pilot7,1740638955954.0,0.0
pilot7,1740639017769.0,0.0
pilot7,1740639079763.0,0.0
pilot7,1740639141759.0,0.0
pilot7,1740639203758.0,0.0
pilot7,1740639266906.0,0.0
pilot7,1740639327086.0,0.0
pilot7,1740639390767.0,0.0
pilot7,1740639454648.0,0.0
pilot7,1740639518425.0,0.0
pilot7,1740715409798.0,0.0
pilot7,1740715473618.0,0.0
pilot7,1740715537476.0,0.0
pilot7,1740715601405.0,0.0
pilot7,1740715665222.0,0.0
pilot7,1740715726825.0,0.0
pilot7,1740715787847.0,0.0
pilot7,1740715848822.0,0.0
pilot7,1740715910835.0,0.0
pilot7,1740715972838.0,0.0
pilot7,1740716036142.0,0.0
pilot7,1740716100819.0,0.0
pilot7,1740716163823.0,0.0
pilot7,1740716224038.0,0.0
pilot7,1740716287893.0,0.0
pilot7,1740716349354.0,0.0
pilot7,1740716415578.0,0.0
pilot7,1740716479421.0,0.0
pilot7,1740716539447.0,0.0
pilot7,1740716607062.0,0.0
pilot7,1740716670873.0,0.0
pilot7,1740716731903.0,0.0
pilot7,1740716796821.0,0.0
pilot7,1740716857588.0,0.0
pilot7,1740716919827.0,0.0
pilot7,1740716981822.0,0.0
pilot7,1740717042874.0,0.0
pilot7,1740717117641.0,0.0
pilot7,1740717181433.0,0.0
pilot7,1740717241861.0,0.0
pilot7,1740717306456.0,0.0
pilot7,1740717372800.0,0.0
pilot7,1740717436634.0,0.0
pilot7,1740717496816.0,0.0
pilot7,1740717564252.0,0.0
pilot7,1740717626982.0,0.0
pilot7,1740717689828.0,0.0
pilot7,1740717750858.0,0.0
pilot7,1740717812833.0,0.0
pilot7,1740717873822.0,0.0
pilot7,1740717943813.0,0.0
pilot7,1740718011016.0,0.0
pilot7,1740718074890.0,0.0
pilot7,1740718138719.0,0.0
pilot7,1740718201816.0,0.0
pilot7,1740718266349.0,0.0
pilot7,1740718326956.0,0.0
pilot7,1740718393974.0,0.0
pilot7,1740718454875.0,0.0
pilot7,1740718515816.0,0.0
pilot7,1740718577822.0,0.0
pilot7,1740718639812.0,0.0
pilot7,1740718701460.0,0.0
pilot7,1740682889028.0,4.0
pilot7,1740682964035.0,0.0
pilot7,1740683026856.0,0.0
pilot7,1740683094738.0,0.0
pilot7,1740683159690.0,0.0
pilot7,1740683223674.0,0.0
pilot7,1740683286752.0,0.0
pilot7,1740683365671.0,0.0
pilot7,1740683439156.0,0.0
pilot7,1740683518308.0,0.0
pilot7,1740683584430.0,0.0
pilot7,1740683656010.0,0.0
pilot7,1740683732808.0,0.0
pilot7,1740683797181.0,0.0
pilot7,1740683867055.0,0.0
pilot7,1740683939666.0,0.0
pilot7,1740684006270.0,0.0
pilot7,1740684085577.0,0.0
pilot7,1740684152131.0,1.0
pilot7,1740684223758.0,0.0
pilot7,1740684292753.0,0.0
pilot7,1740684366716.0,0.0
pilot7,1740684443125.0,0.0
pilot7,1740684507181.0,0.0
pilot7,1740684568850.0,0.0
pilot7,1740684647750.0,0.0
pilot7,1740684721173.0,9.0
pilot7,1740684782119.0,0.0
pilot7,1740684848634.0,0.0
pilot7,1740684925804.0,0.0
pilot7,1740685001290.0,0.0
pilot7,1740685069213.0,0.0
pilot7,1740685148481.0,0.0
pilot7,1740685221728.0,5.0
pilot7,1740685292301.0,0.0
pilot7,1740685368891.0,0.0
pilot7,1740685432613.0,11.0
pilot7,1740685504038.0,0.0
pilot7,1740685575259.0,12.0
pilot7,1740685645882.0,0.0
pilot7,1740685722208.0,0.0
pilot7,1740685782508.0,0.0
pilot7,1740685849515.0,0.0
pilot7,1740685916202.0,0.0
pilot7,1740685994555.0,0.0
pilot7,1740686060116.0,0.0
pilot7,1740686130465.0,0.0
pilot7,1740686208224.0,0.0
pilot7,1740657660998.0,0.0
pilot7,1740657723713.0,0.0
pilot7,1740657785734.0,0.0
pilot7,1740657860505.0,0.0
pilot7,1740657924319.0,0.0
pilot7,1740657988002.0,0.0
pilot7,1740658051738.0,0.0
pilot7,1740658115485.0,0.0
pilot7,1740658179254.0,0.0
pilot7,1740658243011.0,0.0
pilot7,1740658305737.0,0.0
pilot7,1740658367722.0,0.0
pilot7,1740658428734.0,0.0
pilot7,1740658490716.0,0.0
pilot7,1740658551747.0,0.0
pilot7,1740658614882.0,0.0
pilot7,1740658689337.0,0.0
pilot7,1740658753105.0,0.0
pilot7,1740658816814.0,0.0
pilot7,1740658880583.0,0.0
pilot7,1740658944346.0,0.0
pilot7,1740659008142.0,0.0
pilot7,1740659071857.0,0.0
pilot7,1740659135634.0,0.0
pilot7,1740659196721.0,0.0
pilot7,1740659258716.0,0.0
pilot7,1740659320722.0,0.0
pilot7,1740659381725.0,0.0
pilot7,1740659443731.0,0.0
pilot7,1740659518241.0,0.0
pilot7,1740659582010.0,0.0
pilot7,1740659645756.0,0.0
pilot7,1740659709508.0,0.0
pilot7,1740659769994.0,0.0
pilot7,1740659837041.0,0.0
pilot7,1740659900786.0,0.0
pilot7,1740659962717.0,0.0
pilot7,1740660025723.0,0.0
pilot7,1740660086713.0,0.0
pilot7,1740660147733.0,0.0
pilot7,1740660209737.0,0.0
pilot7,1740660271720.0,0.0
pilot7,1740660347168.0,0.0
pilot7,1740660410939.0,0.0
pilot7,1740660474750.0,0.0
pilot7,1740660538532.0,0.0
pilot7,1740660602293.0,0.0
pilot7,1740660666113.0,0.0
pilot7,1740660729911.0,0.0
pilot7,1740660791734.0,0.0
pilot7,1740660853715.0,0.0
pilot7,1740660914710.0,0.0
pilot7,1740660975721.0,0.0
pilot7,1740664986232.0,0.0
pilot7,1740665063155.0,0.0
pilot7,1740665123722.0,0.0
pilot7,1740665198935.0,0.0
pilot7,1740665271134.0,0.0
pilot7,1740665331478.0,0.0
pilot7,1740665399976.0,0.0
pilot7,1740665460520.0,0.0
pilot7,1740665529578.0,0.0
pilot7,1740665590036.0,0.0
pilot7,1740665655300.0,0.0
pilot7,1740665731051.0,0.0
pilot7,1740665794550.0,0.0
pilot7,1740665874041.0,1.0
pilot7,1740665951321.0,0.0
pilot7,1740666018229.0,0.0
pilot7,1740666089197.0,0.0
pilot7,1740666150052.0,0.0
pilot7,1740666213977.0,0.0
pilot7,1740666278314.0,0.0
pilot7,1740666348690.0,0.0
pilot7,1740666425968.0,0.0
pilot7,1740666486931.0,0.0
pilot7,1740666555003.0,0.0
pilot7,1740666619840.0,0.0
pilot7,1740666681819.0,0.0
pilot7,1740666751304.0,0.0
pilot7,1740666826609.0,0.0
pilot7,1740666912199.0,0.0
pilot7,1740666982524.0,0.0
pilot7,1740667058877.0,0.0
pilot7,1740667119196.0,0.0
pilot7,1740667185789.0,0.0
pilot7,1740667249796.0,47.0
pilot7,1740667309819.0,0.0
pilot7,1740667370156.0,0.0
pilot7,1740667455348.0,3.0
pilot7,1740667524690.0,212.0
pilot7,1740667599599.0,114.0
pilot7,1740667671126.0,164.0
pilot7,1740667732823.0,110.0
pilot7,1740667794162.0,100.0
pilot7,1740667867293.0,114.0
pilot7,1740667928419.0,104.0
pilot7,1740668002959.0,82.0
pilot7,1740668065380.0,44.0
pilot7,1740668145211.0,0.0
pilot7,1740668212543.0,0.0
pilot7,1740668285727.0,0.0
pilot7,1740668355226.0,0.0
pilot7,1740699722335.0,0.0
pilot7,1740699785277.0,0.0
pilot7,1740699845755.0,0.0
pilot7,1740699922342.0,0.0
pilot7,1740699986491.0,0.0
pilot7,1740700047970.0,0.0
pilot7,1740700114864.0,0.0
pilot7,1740700175828.0,0.0
pilot7,1740700235829.0,0.0
pilot7,1740700300866.0,0.0
pilot7,1740700364388.0,0.0
pilot7,1740700429850.0,0.0
pilot7,1740700493534.0,0.0
pilot7,1740700555962.0,0.0
pilot7,1740700622285.0,0.0
pilot7,1740711744838.0,0.0
pilot7,1740711815831.0,0.0
pilot7,1740711877889.0,0.0
pilot7,1740711939835.0,0.0
pilot7,1740712001872.0,0.0
pilot7,1740712073301.0,0.0
pilot7,1740712137170.0,0.0
pilot7,1740712200854.0,0.0
pilot7,1740712264881.0,0.0
pilot7,1740712328719.0,0.0
pilot7,1740712392614.0,0.0
pilot7,1740712456469.0,0.0
pilot7,1740712518842.0,0.0
pilot7,1740712580834.0,0.0
pilot7,1740712641115.0,0.0
pilot7,1740712704832.0,0.0
pilot7,1740712765842.0,0.0
pilot7,1740712827185.0,0.0
pilot7,1740712887559.0,0.0
pilot7,1740712948832.0,0.0
pilot7,1740713009841.0,0.0
pilot7,1740713070835.0,0.0
pilot7,1740713141831.0,0.0
pilot7,1740713206822.0,0.0
pilot7,1740713270667.0,0.0
pilot7,1740713334557.0,0.0
pilot7,1740713398393.0,0.0
pilot7,1740713462262.0,0.0
pilot7,1740713526102.0,0.0
pilot7,1740713586312.0,0.0
pilot7,1740713649829.0,0.0
pilot7,1740713710439.0,0.0
pilot7,1740713771826.0,0.0
pilot7,1740713831996.0,0.0
pilot7,1740713893210.0,0.0
pilot7,1740713953823.0,0.0
pilot7,1740714014827.0,0.0
pilot7,1740714076860.0,0.0
pilot7,1740714138824.0,0.0
pilot7,1740714200037.0,0.0
pilot7,1740714260301.0,0.0
pilot7,1740714322343.0,0.0
pilot7,1740714388011.0,0.0
pilot7,1740714451367.0,0.0
pilot7,1740714514454.0,0.0
pilot7,1740714579610.0,0.0
pilot7,1740714643448.0,0.0
pilot7,1740714707312.0,0.0
pilot7,1740714771125.0,0.0
pilot7,1740714834974.0,0.0
pilot7,1740714898006.0,0.0
pilot7,1740714961826.0,0.0
pilot7,1740715022857.0,0.0
pilot7,1740715084304.0,0.0
pilot7,1740632571835.0,0.0
pilot7,1740632636788.0,0.0
pilot7,1740632697778.0,0.0
pilot7,1740632761786.0,0.0
pilot7,1740632834786.0,0.0
pilot7,1740632898484.0,0.0
pilot7,1740632962348.0,0.0
pilot7,1740633026213.0,0.0
pilot7,1740633090076.0,0.0
pilot7,1740633153920.0,0.0
pilot7,1740633217755.0,0.0
pilot7,1740633280797.0,0.0
pilot7,1740633342776.0,0.0
pilot7,1740633403784.0,0.0
pilot7,1740633465910.0,0.0
pilot7,1740633527786.0,0.0
pilot7,1740633588808.0,0.0
pilot7,1740633648949.0,0.0
pilot7,1740633710773.0,0.0
pilot7,1740633771841.0,0.0
pilot7,1740633833774.0,0.0
pilot7,1740633894777.0,0.0
pilot7,1740633956808.0,0.0
pilot7,1740634019562.0,0.0
pilot7,1740634079574.0,0.0
pilot7,1740634139810.0,0.0
pilot7,1740634200781.0,0.0
pilot7,1740634261775.0,0.0
pilot7,1740634328777.0,0.0
pilot7,1740634391143.0,0.0
pilot7,1740634462555.0,0.0
pilot7,1740634526403.0,0.0
pilot7,1740634590277.0,0.0
pilot7,1740634654072.0,0.0
pilot7,1740634717896.0,0.0
pilot7,1740634781725.0,0.0
pilot7,1740634844777.0,0.0
pilot7,1740634907792.0,0.0
pilot7,1740634969774.0,0.0
pilot7,1740635036993.0,0.0
pilot7,1740635100805.0,0.0
pilot7,1740635164636.0,0.0
pilot7,1740635228464.0,0.0
pilot7,1740635292256.0,0.0
pilot7,1740635356066.0,0.0
pilot7,1740635419859.0,0.0
pilot7,1740635483674.0,0.0
pilot7,1740635547470.0,0.0
pilot7,1740635611275.0,0.0
pilot7,1740635673784.0,0.0
pilot7,1740635735767.0,0.0
pilot7,1740635796772.0,0.0
pilot7,1740635857776.0,0.0
pilot7,1740650632777.0,0.0
pilot7,1740650695738.0,0.0
pilot7,1740650755742.0,0.0
pilot7,1740650817759.0,0.0
pilot7,1740650880742.0,0.0
pilot7,1740650955150.0,0.0
pilot7,1740651018960.0,0.0
pilot7,1740651082860.0,0.0
pilot7,1740651146603.0,0.0
pilot7,1740651210434.0,0.0
pilot7,1740651274269.0,0.0
pilot7,1740651338111.0,0.0
pilot7,1740651400707.0,0.0
pilot7,1740651462744.0,0.0
pilot7,1740651523764.0,0.0
pilot7,1740651585737.0,0.0
pilot7,1740651647749.0,0.0
pilot7,1740651709763.0,0.0
pilot7,1740651774550.0,0.0
pilot7,1740651835890.0,0.0
pilot7,1740651896753.0,0.0
pilot7,1740651960615.0,0.0
pilot7,1740652024430.0,0.0
pilot7,1740652088245.0,0.0
pilot7,1740652152044.0,0.0
pilot7,1740652215891.0,0.0
pilot7,1740652279711.0,0.0
pilot7,1740652343544.0,0.0
pilot7,1740652407366.0,0.0
pilot7,1740652471191.0,0.0
pilot7,1740652535036.0,0.0
pilot7,1740652598849.0,0.0
pilot7,1740652662648.0,0.0
pilot7,1740652724754.0,0.0
pilot7,1740652785763.0,0.0
pilot7,1740652846738.0,0.0
pilot7,1740652908742.0,0.0
pilot7,1740652970741.0,0.0
pilot7,1740653032733.0,0.0
pilot7,1740653095735.0,0.0
pilot7,1740653157074.0,0.0
pilot7,1740653221213.0,0.0
pilot7,1740653284739.0,0.0
pilot7,1740653348644.0,0.0
pilot7,1740653412424.0,0.0
pilot7,1740653476217.0,0.0
pilot7,1740653540001.0,0.0
pilot7,1740653603773.0,0.0
pilot7,1740653667532.0,0.0
pilot7,1740653731312.0,0.0
pilot7,1740653795107.0,0.0
pilot7,1740653858896.0,0.0
pilot7,1740653922664.0,0.0
pilot7,1740700937055.0,0.0
pilot7,1740700999348.0,0.0
pilot7,1740701059968.0,0.0
pilot7,1740701124054.0,0.0
pilot7,1740701184806.0,0.0
pilot7,1740701252107.0,0.0
pilot7,1740701316191.0,0.0
pilot7,1740701376901.0,0.0
pilot7,1740701442666.0,0.0
pilot7,1740701508225.0,0.0
pilot7,1740701572270.0,0.0
pilot7,1740701635883.0,0.0
pilot7,1740701696867.0,0.0
pilot7,1740701758860.0,0.0
pilot7,1740701821291.0,0.0
pilot7,1740701887991.0,0.0
pilot7,1740701956190.0,0.0
pilot7,1740702020104.0,0.0
pilot7,1740702084064.0,0.0
pilot7,1740702145870.0,0.0
pilot7,1740702212113.0,0.0
pilot7,1740702272867.0,0.0
pilot7,1740702333392.0,0.0
pilot7,1740702394613.0,0.0
pilot7,1740702456834.0,0.0
pilot7,1740702519535.0,0.0
pilot7,1740702579536.0,0.0
pilot7,1740702641731.0,0.0
pilot7,1740702707317.0,0.0
pilot7,1740702771213.0,0.0
pilot7,1740702835106.0,0.0
pilot7,1740702895942.0,0.0
pilot7,1740702961070.0,0.0
pilot7,1740703026805.0,0.0
pilot7,1740703090642.0,0.0
pilot7,1740703153750.0,0.0
pilot7,1740703218029.0,0.0
pilot7,1740703278860.0,0.0
pilot7,1740703340848.0,0.0
pilot7,1740703401868.0,0.0
pilot7,1740703462858.0,0.0
pilot7,1740703525997.0,0.0
pilot7,1740703589369.0,0.0
pilot7,1740703649396.0,0.0
pilot7,1740703713073.0,0.0
pilot7,1740703777150.0,0.0
pilot7,1740703840789.0,0.0
pilot7,1740703903875.0,0.0
pilot7,1740703968468.0,0.0
pilot7,1740704032247.0,0.0
pilot7,1740704093093.0,0.0
pilot7,1740704159922.0,0.0
pilot7,1740704223740.0,0.0
pilot7,1740704287567.0,0.0
pilot7,1740704349222.0,0.0
pilot7,1740704415198.0,0.0
pilot7,1740704475897.0,0.0
pilot7,1740704536725.0,0.0
pilot7,1740704597645.0,0.0
pilot7,1740704659851.0,0.0
pilot7,1740704724233.0,0.0
pilot7,1740704794634.0,0.0
pilot7,1740704862022.0,0.0
pilot7,1740704925850.0,0.0
pilot7,1740704989706.0,0.0
pilot7,1740705052388.0,0.0
pilot7,1740705117008.0,0.0
pilot7,1740705177889.0,0.0
pilot7,1740705239887.0,0.0
pilot7,1740705301849.0,0.0
pilot7,1740705361876.0,0.0
pilot7,1740705424255.0,0.0
pilot7,1740705500309.0,0.0
pilot7,1740705564089.0,0.0
pilot7,1740705627908.0,0.0
pilot7,1740705691715.0,0.0
pilot7,1740705755531.0,0.0
pilot7,1740705819331.0,0.0
pilot7,1740705881865.0,0.0
pilot7,1740705943865.0,0.0
pilot7,1740706004857.0,0.0
pilot7,1740706065846.0,0.0
pilot7,1740706134858.0,0.0
pilot7,1740706200841.0,0.0
pilot7,1740706266066.0,0.0
pilot7,1740706329855.0,0.0
pilot7,1740706393646.0,0.0
pilot7,1740706453669.0,0.0
pilot7,1740706521222.0,0.0
pilot7,1740706585198.0,0.0
pilot7,1740706645822.0,0.0
pilot7,1740706706996.0,0.0
pilot7,1740706768851.0,0.0
pilot7,1740706829849.0,0.0
pilot7,1740706891850.0,0.0
pilot7,1740706951860.0,0.0
pilot7,1740707012563.0,0.0
pilot7,1740707073844.0,0.0
pilot7,1740707134880.0,0.0
pilot7,1740707196882.0,0.0
pilot7,1740707270659.0,0.0
pilot7,1740707334448.0,0.0
pilot7,1740707398228.0,0.0
pilot7,1740707462121.0,0.0
pilot7,1740707525776.0,0.0
pilot7,1740707589624.0,0.0
pilot7,1740707653393.0,0.0
pilot7,1740707715857.0,0.0
pilot8,1740604142329.0,0.0
pilot8,1740604223449.0,0.0
pilot8,1740604290007.0,0.0
pilot8,1740604366754.0,0.0
pilot8,1740604437617.0,0.0
pilot8,1740604513718.0,0.0
pilot8,1740604586464.0,0.0
pilot8,1740604651123.0,0.0
pilot8,1740604726470.0,0.0
pilot8,1740604789344.0,0.0
pilot8,1740604857246.0,0.0
pilot8,1740604920161.0,1.0
pilot8,1740604983707.0,68.0
pilot8,1740605046219.0,46.0
pilot8,1740605111761.0,100.0
pilot8,1740605177991.0,101.0
pilot8,1740605238000.0,131.0
pilot8,1740605298002.0,114.0
pilot8,1740605377245.0,68.0
pilot8,1740605458347.0,89.0
pilot8,1740605520252.0,16.0
pilot8,1740605581479.0,101.0
pilot8,1740605641483.0,116.0
pilot8,1740605701484.0,90.0
pilot8,1740605768952.0,86.0
pilot8,1740605828963.0,93.0
pilot8,1740605888964.0,110.0
pilot8,1740605948967.0,96.0
pilot8,1740606009007.0,170.0
pilot8,1740606069011.0,69.0
pilot8,1740606129014.0,137.0
pilot8,1740606203518.0,117.0
pilot8,1740606274865.0,104.0
pilot8,1740606351227.0,53.0
pilot8,1740606411800.0,119.0
pilot8,1740606486825.0,106.0
pilot8,1740606552408.0,108.0
pilot8,1740606612414.0,157.0
pilot8,1740606675389.0,50.0
pilot8,1740606737515.0,95.0
pilot8,1740606811543.0,78.0
pilot8,1740606873224.0,106.0
pilot8,1740606943798.0,105.0
pilot8,1740607010830.0,0.0
pilot8,1740607080990.0,78.0
pilot8,1740607142200.0,26.0
pilot8,1740607203722.0,0.0
pilot8,1740607287819.0,66.0
pilot8,1740607360582.0,1.0
pilot8,1740607422607.0,0.0
pilot8,1740607489867.0,0.0
pilot8,1740607554184.0,0.0
pilot8,1740607635344.0,0.0
pilot8,1740607700442.0,0.0
pilot8,1740607771610.0,0.0
pilot8,1740607837062.0,0.0
pilot8,1740607907871.0,0.0
pilot8,1740607969452.0,0.0
pilot8,1740608036360.0,0.0
pilot8,1740608100290.0,0.0
pilot8,1740608162474.0,0.0
pilot8,1740608239201.0,0.0
pilot8,1740608318559.0,0.0
pilot8,1740608386143.0,0.0
pilot8,1740608459867.0,0.0
pilot8,1740608528356.0,0.0
pilot8,1740608594463.0,0.0
pilot8,1740608659246.0,0.0
pilot8,1740608722650.0,0.0
pilot8,1740608804723.0,0.0
pilot8,1740608867604.0,0.0
pilot8,1740608935508.0,0.0
pilot8,1740609000721.0,0.0
pilot8,1740609063865.0,0.0
pilot8,1740609146457.0,0.0
pilot8,1740609216794.0,0.0
pilot8,1740609293203.0,0.0
pilot8,1740609370889.0,0.0
pilot8,1740609435621.0,0.0
pilot8,1740609506508.0,0.0
pilot8,1740609573347.0,0.0
pilot8,1740609646195.0,0.0
pilot8,1740609711459.0,0.0
pilot8,1740609777636.0,0.0
pilot8,1740609842105.0,0.0
pilot8,1740609905521.0,0.0
pilot8,1740609980467.0,57.0
pilot8,1740610051552.0,95.0
pilot8,1740610124532.0,91.0
pilot8,1740610186795.0,99.0
pilot8,1740610248231.0,0.0
pilot8,1740610308867.0,5.0
pilot8,1740610387942.0,84.0
pilot8,1740610468143.0,35.0
pilot8,1740610535685.0,12.0
pilot8,1740610607271.0,28.0
pilot8,1740621814861.0,0.0
pilot8,1740621895762.0,0.0
pilot8,1740621963154.0,0.0
pilot8,1740622035816.0,0.0
pilot8,1740622105948.0,0.0
pilot8,1740622166149.0,0.0
pilot8,1740622229148.0,0.0
pilot8,1740622310648.0,0.0
pilot8,1740622371314.0,1.0
pilot8,1740622431316.0,87.0
pilot8,1740622491317.0,94.0
pilot8,1740622555384.0,91.0
pilot8,1740622618762.0,60.0
pilot8,1740622679363.0,0.0
pilot8,1740622755651.0,0.0
pilot8,1740622822004.0,0.0
pilot8,1740622897066.0,0.0
pilot8,1740622979658.0,136.0
pilot8,1740623047230.0,103.0
pilot8,1740623120017.0,104.0
pilot8,1740623190314.0,0.0
pilot8,1740623250635.0,0.0
pilot8,1740623319282.0,0.0
pilot8,1740623391816.0,0.0
pilot8,1740623451817.0,0.0
pilot8,1740623528008.0,0.0
pilot8,1740623589625.0,50.0
pilot8,1740623652479.0,99.0
pilot8,1740623725179.0,134.0
pilot8,1740623795140.0,96.0
pilot8,1740623863369.0,41.0
pilot8,1740623937477.0,103.0
pilot8,1740623999594.0,102.0
pilot8,1740624071362.0,121.0
pilot8,1740624136926.0,102.0
pilot8,1740624196931.0,111.0
pilot8,1740624278047.0,79.0
pilot8,1740624345270.0,80.0
pilot8,1740624405289.0,11.0
pilot8,1740624465290.0,182.0
pilot8,1740624528304.0,129.0
pilot8,1740624595521.0,107.0
pilot8,1740624673602.0,111.0
pilot8,1740624741622.0,79.0
pilot8,1740624811187.0,109.0
pilot8,1740624877651.0,97.0
pilot8,1740624948414.0,106.0
pilot8,1740625016745.0,0.0
pilot8,1740625080612.0,15.0
pilot8,1740625151172.0,0.0
pilot8,1740607287819.0,66.0
pilot8,1740607360582.0,1.0
pilot8,1740607422607.0,0.0
pilot8,1740607489867.0,0.0
pilot8,1740607554184.0,0.0
pilot8,1740607635344.0,0.0
pilot8,1740607700442.0,0.0
pilot8,1740607771610.0,0.0
pilot8,1740607837062.0,0.0
pilot8,1740607907871.0,0.0
pilot8,1740607969452.0,0.0
pilot8,1740608036360.0,0.0
pilot8,1740608100290.0,0.0
pilot8,1740608162474.0,0.0
pilot8,1740608239201.0,0.0
pilot8,1740608318559.0,0.0
pilot8,1740608386143.0,0.0
pilot8,1740608459867.0,0.0
pilot8,1740608528356.0,0.0
pilot8,1740608594463.0,0.0
pilot8,1740608659246.0,0.0
pilot8,1740608722650.0,0.0
pilot8,1740608804723.0,0.0
pilot8,1740608867604.0,0.0
pilot8,1740608935508.0,0.0
pilot8,1740609000721.0,0.0
pilot8,1740609063865.0,0.0
pilot8,1740609146457.0,0.0
pilot8,1740609216794.0,0.0
pilot8,1740609293203.0,0.0
pilot8,1740609370889.0,0.0
pilot8,1740609435621.0,0.0
pilot8,1740609506508.0,0.0
pilot8,1740609573347.0,0.0
pilot8,1740609646195.0,0.0
pilot8,1740609711459.0,0.0
pilot8,1740609777636.0,0.0
pilot8,1740609842105.0,0.0
pilot8,1740609905521.0,0.0
pilot8,1740609980467.0,57.0
pilot8,1740610051552.0,95.0
pilot8,1740610124532.0,91.0
pilot8,1740610186795.0,99.0
pilot8,1740610248231.0,0.0
pilot8,1740610308867.0,5.0
pilot8,1740610387942.0,84.0
pilot8,1740610468143.0,35.0
pilot8,1740610535685.0,12.0
pilot8,1740610607271.0,28.0
pilot8,1740629941461.0,0.0
pilot8,1740630005036.0,0.0
pilot8,1740630070980.0,0.0
pilot8,1740630130981.0,0.0
pilot8,1740630193325.0,0.0
pilot8,1740630257995.0,0.0
pilot8,1740630320850.0,0.0
pilot8,1740630380852.0,0.0
pilot8,1740630445031.0,0.0
pilot8,1740630505032.0,0.0
pilot8,1740630568381.0,0.0
pilot8,1740630629994.0,0.0
pilot8,1740630694678.0,0.0
pilot8,1740630755897.0,0.0
pilot8,1740630817062.0,0.0
pilot8,1740630881733.0,0.0
pilot8,1740630943400.0,0.0
pilot8,1740631007978.0,0.0
pilot8,1740631068030.0,0.0
pilot8,1740631130919.0,0.0
pilot8,1740631201273.0,0.0
pilot8,1740631261968.0,0.0
pilot8,1740631324894.0,0.0
pilot8,1740631388823.0,0.0
pilot8,1740631449185.0,0.0
pilot8,1740631509971.0,0.0
pilot8,1740631569972.0,0.0
pilot8,1740631633908.0,0.0
pilot8,1740631700005.0,0.0
pilot8,1740631763808.0,0.0
pilot8,1740631825918.0,0.0
pilot8,1740631896490.0,0.0
pilot8,1740631956916.0,0.0
pilot8,1740632021679.0,0.0
pilot8,1740632085010.0,0.0
pilot8,1740632147907.0,0.0
pilot8,1740632208779.0,0.0
pilot8,1740632273466.0,0.0
pilot8,1740632335754.0,0.0
pilot8,1740610972166.0,0.0
pilot8,1740611052857.0,0.0
pilot8,1740611117968.0,0.0
pilot8,1740611188475.0,0.0
pilot8,1740611256487.0,0.0
pilot8,1740611325065.0,0.0
pilot8,1740611399009.0,0.0
pilot8,1740611464166.0,0.0
pilot8,1740611527933.0,0.0
pilot8,1740611606936.0,0.0
pilot8,1740611672686.0,0.0
pilot8,1740611745967.0,0.0
pilot8,1740611814042.0,5.0
pilot8,1740611890714.0,0.0
pilot8,1740611951020.0,0.0
pilot8,1740612012500.0,0.0
pilot8,1740612078480.0,0.0
pilot8,1740612160967.0,0.0
pilot8,1740612230080.0,0.0
pilot8,1740612312459.0,0.0
pilot8,1740612376132.0,0.0
pilot8,1740612444860.0,0.0
pilot8,1740612511226.0,0.0
pilot8,1740612595498.0,0.0
pilot8,1740612664305.0,0.0
pilot8,1740612730119.0,0.0
pilot8,1740612800204.0,0.0
pilot8,1740612867676.0,0.0
pilot8,1740612943003.0,0.0
pilot8,1740613012517.0,0.0
pilot8,1740613079170.0,0.0
pilot8,1740613151544.0,0.0
pilot8,1740613212103.0,0.0
pilot8,1740613280804.0,0.0
pilot8,1740613342941.0,0.0
pilot8,1740613411804.0,0.0
pilot8,1740613472443.0,0.0
pilot8,1740613549557.0,0.0
pilot8,1740613614313.0,0.0
pilot8,1740613684616.0,0.0
pilot8,1740613751718.0,0.0
pilot8,1740613818072.0,0.0
pilot8,1740613880243.0,0.0
pilot8,1740613942526.0,0.0
pilot8,1740614004900.0,0.0
pilot8,1740614086471.0,0.0
pilot8,1740614154331.0,0.0
pilot8,1740614228515.0,0.0
pilot8,1740614299003.0,0.0
pilot8,1740614359994.0,0.0
pilot8,1740610972166.0,0.0
pilot8,1740611052857.0,0.0
pilot8,1740611117968.0,0.0
pilot8,1740611188475.0,0.0
pilot8,1740611256487.0,0.0
pilot8,1740611325065.0,0.0
pilot8,1740611399009.0,0.0
pilot8,1740611464166.0,0.0
pilot8,1740611527933.0,0.0
pilot8,1740611606936.0,0.0
pilot8,1740611672686.0,0.0
pilot8,1740611745967.0,0.0
pilot8,1740611814042.0,5.0
pilot8,1740611890714.0,0.0
pilot8,1740611951020.0,0.0
pilot8,1740612012500.0,0.0
pilot8,1740612078480.0,0.0
pilot8,1740612160967.0,0.0
pilot8,1740612230080.0,0.0
pilot8,1740612312459.0,0.0
pilot8,1740612376132.0,0.0
pilot8,1740612444860.0,0.0
pilot8,1740612511226.0,0.0
pilot8,1740612595498.0,0.0
pilot8,1740612664305.0,0.0
pilot8,1740612730119.0,0.0
pilot8,1740612800204.0,0.0
pilot8,1740612867676.0,0.0
pilot8,1740612943003.0,0.0
pilot8,1740613012517.0,0.0
pilot8,1740613079170.0,0.0
pilot8,1740613151544.0,0.0
pilot8,1740613212103.0,0.0
pilot8,1740613280804.0,0.0
pilot8,1740613342941.0,0.0
pilot8,1740613411804.0,0.0
pilot8,1740613472443.0,0.0
pilot8,1740613549557.0,0.0
pilot8,1740613614313.0,0.0
pilot8,1740613684616.0,0.0
pilot8,1740613751718.0,0.0
pilot8,1740613818072.0,0.0
pilot8,1740613880243.0,0.0
pilot8,1740613942526.0,0.0
pilot8,1740614004900.0,0.0
pilot8,1740614086471.0,0.0
pilot8,1740614154331.0,0.0
pilot8,1740614228515.0,0.0
pilot8,1740614299003.0,0.0
pilot8,1740614359994.0,0.0
pilot8,1740625227594.0,0.0
pilot8,1740625288719.0,21.0
pilot8,1740625364022.0,0.0
pilot8,1740625442100.0,0.0
pilot8,1740625525414.0,0.0
pilot8,1740625594958.0,0.0
pilot8,1740625670798.0,0.0
pilot8,1740625742887.0,0.0
pilot8,1740625805549.0,0.0
pilot8,1740625876186.0,0.0
pilot8,1740625946246.0,0.0
pilot8,1740626014471.0,0.0
pilot8,1740626099098.0,0.0
pilot8,1740626178952.0,0.0
pilot8,1740626251003.0,0.0
pilot8,1740626325108.0,0.0
pilot8,1740626409146.0,160.0
pilot8,1740614423494.0,0.0
pilot8,1740614488927.0,7.0
pilot8,1740614564262.0,0.0
pilot8,1740614627553.0,0.0
pilot8,1740614688019.0,0.0
pilot8,1740614758101.0,0.0
pilot8,1740614818132.0,0.0
pilot8,1740614883045.0,0.0
pilot8,1740614945215.0,0.0
pilot8,1740615012043.0,1.0
pilot8,1740615089273.0,0.0
pilot8,1740615155720.0,54.0
pilot8,1740615226497.0,62.0
pilot8,1740615297322.0,0.0
pilot8,1740615372344.0,2.0
pilot8,1740615432351.0,135.0
pilot8,1740615492352.0,121.0
pilot8,1740615562477.0,154.0
pilot8,1740615636489.0,0.0
pilot8,1740615706466.0,0.0
pilot8,1740615781166.0,0.0
pilot8,1740615853135.0,0.0
pilot8,1740615925671.0,0.0
pilot8,1740615997924.0,0.0
pilot8,1740616058080.0,0.0
pilot8,1740616123133.0,0.0
pilot8,1740616190004.0,0.0
pilot8,1740616269451.0,0.0
pilot8,1740616339508.0,0.0
pilot8,1740616415514.0,0.0
pilot8,1740616487611.0,0.0
pilot8,1740616556503.0,0.0
pilot8,1740616621489.0,28.0
pilot8,1740616684987.0,100.0
pilot8,1740616745100.0,0.0
pilot8,1740616823005.0,11.0
pilot8,1740616886631.0,0.0
pilot8,1740616966237.0,124.0
pilot8,1740617041374.0,107.0
pilot8,1740617111994.0,110.0
pilot8,1740617184159.0,109.0
pilot8,1740617251983.0,196.0
pilot8,1740617321238.0,111.0
pilot8,1740617388059.0,108.0
pilot8,1740617454521.0,65.0
pilot8,1740617525530.0,106.0
pilot8,1740617594311.0,84.0
pilot8,1740617654312.0,100.0
pilot8,1740617723548.0,25.0
pilot8,1740618089313.0,50.0
pilot8,1740618164254.0,0.0
pilot8,1740618227049.0,0.0
pilot8,1740618294985.0,0.0
pilot8,1740618363716.0,0.0
pilot8,1740618426432.0,0.0
pilot8,1740618490973.0,0.0
pilot8,1740618570977.0,0.0
pilot8,1740618644869.0,0.0
pilot8,1740618715943.0,0.0
pilot8,1740618793414.0,0.0
pilot8,1740618868514.0,0.0
pilot8,1740618936378.0,0.0
pilot8,1740619000920.0,0.0
pilot8,1740619071611.0,0.0
pilot8,1740619138596.0,0.0
pilot8,1740619204095.0,0.0
pilot8,1740619284052.0,0.0
pilot8,1740619350897.0,0.0
pilot8,1740619423465.0,0.0
pilot8,1740619487865.0,0.0
pilot8,1740619551926.0,0.0
pilot8,1740619614408.0,0.0
pilot8,1740619681224.0,1.0
pilot8,1740619750368.0,0.0
pilot8,1740619825580.0,0.0
pilot8,1740619897206.0,0.0
pilot8,1740619959157.0,0.0
pilot8,1740620023511.0,0.0
pilot8,1740620086618.0,8.0
pilot8,1740620146619.0,0.0
pilot8,1740620225022.0,0.0
pilot8,1740620290120.0,0.0
pilot8,1740620360036.0,0.0
pilot8,1740620427305.0,0.0
pilot8,1740620495260.0,0.0
pilot8,1740620578487.0,0.0
pilot8,1740620655106.0,0.0
pilot8,1740620719140.0,0.0
pilot8,1740620784794.0,0.0
pilot8,1740620862183.0,0.0
pilot8,1740620926362.0,0.0
pilot8,1740620995946.0,0.0
pilot8,1740621063810.0,38.0
pilot8,1740621130923.0,0.0
pilot8,1740621191835.0,0.0
pilot8,1740621259387.0,0.0
pilot8,1740621328502.0,0.0
pilot8,1740621388898.0,0.0
pilot8,1740621461539.0,0.0
pilot8,1740643497204.0,0.0
pilot8,1740643561720.0,0.0
pilot8,1740643623714.0,0.0
pilot8,1740643685681.0,0.0
pilot8,1740643747703.0,0.0
pilot8,1740643807850.0,0.0
pilot8,1740643869683.0,0.0
pilot8,1740643936865.0,0.0
pilot8,1740644001395.0,0.0
pilot8,1740644065929.0,0.0
pilot8,1740644130405.0,0.0
pilot8,1740644194931.0,0.0
pilot8,1740644259402.0,0.0
pilot8,1740644323889.0,0.0
pilot8,1740644385878.0,0.0
pilot8,1740644451700.0,0.0
pilot8,1740644513686.0,0.0
pilot8,1740644575698.0,0.0
pilot8,1740644637712.0,0.0
pilot8,1740644697806.0,0.0
pilot8,1740644759137.0,0.0
pilot8,1740644819138.0,0.0
pilot8,1740644882682.0,0.0
pilot8,1740644943689.0,0.0
pilot8,1740645005682.0,0.0
pilot8,1740645071856.0,0.0
pilot8,1740645145821.0,0.0
pilot8,1740645210262.0,0.0
pilot8,1740645273852.0,0.0
pilot8,1740645339175.0,0.0
pilot8,1740645403635.0,0.0
pilot8,1740645465675.0,0.0
pilot8,1740645528685.0,0.0
pilot8,1740645590687.0,0.0
pilot8,1740645652673.0,0.0
pilot8,1740645713719.0,0.0
pilot8,1740645774289.0,0.0
pilot8,1740645835681.0,0.0
pilot8,1740645896393.0,0.0
pilot8,1740645958672.0,0.0
pilot8,1740646022790.0,0.0
pilot8,1740646086860.0,0.0
pilot8,1740646161073.0,0.0
pilot8,1740646225536.0,0.0
pilot8,1740646289988.0,0.0
pilot8,1740646352454.0,0.0
pilot8,1740646416716.0,0.0
pilot8,1740646478690.0,0.0
pilot8,1740646547905.0,0.0
pilot8,1740646612428.0,0.0
pilot8,1740646676591.0,0.0
pilot8,1740646736689.0,0.0
pilot8,1740646799823.0,0.0
pilot8,1740690000679.0,0.0
pilot8,1740690061069.0,0.0
pilot8,1740690127560.0,0.0
pilot8,1740690212565.0,0.0
pilot8,1740690274413.0,0.0
pilot8,1740690337326.0,0.0
pilot8,1740690398527.0,0.0
pilot8,1740690468800.0,0.0
pilot8,1740690547916.0,0.0
pilot8,1740690617622.0,0.0
pilot8,1740690701809.0,0.0
pilot8,1740690762531.0,0.0
pilot8,1740690828947.0,0.0
pilot8,1740690901980.0,0.0
pilot8,1740690966732.0,0.0
pilot8,1740691029461.0,0.0
pilot8,1740691109480.0,0.0
pilot8,1740691170555.0,6.0
pilot8,1740691254745.0,0.0
pilot8,1740691319793.0,0.0
pilot8,1740691402757.0,0.0
pilot8,1740691466534.0,0.0
pilot8,1740691550215.0,31.0
pilot8,1740691636580.0,0.0
pilot8,1740691712298.0,41.0
pilot8,1740691785499.0,42.0
pilot8,1740691855461.0,0.0
pilot8,1740691920657.0,0.0
pilot8,1740691991358.0,9.0
pilot8,1740692073632.0,28.0
pilot8,1740692138972.0,21.0
pilot8,1740692208680.0,16.0
pilot8,1740692276461.0,0.0
pilot8,1740692362310.0,0.0
pilot8,1740692425627.0,0.0
pilot8,1740692510135.0,0.0
pilot8,1740692588760.0,0.0
pilot8,1740692670709.0,0.0
pilot8,1740692731481.0,0.0
pilot8,1740692794527.0,0.0
pilot8,1740692874556.0,0.0
pilot8,1740692939520.0,0.0
pilot8,1740693000810.0,0.0
pilot8,1740693060829.0,0.0
pilot8,1740693123714.0,0.0
pilot8,1740693199788.0,0.0
pilot8,1740693262396.0,0.0
pilot8,1740693326553.0,0.0
pilot8,1740693388483.0,0.0
pilot8,1740646860682.0,0.0
pilot8,1740646934721.0,0.0
pilot8,1740646999205.0,0.0
pilot8,1740647061671.0,0.0
pilot8,1740647123675.0,0.0
pilot8,1740647185679.0,0.0
pilot8,1740647246866.0,0.0
pilot8,1740647321613.0,0.0
pilot8,1740647386100.0,0.0
pilot8,1740647447812.0,0.0
pilot8,1740647515006.0,0.0
pilot8,1740647576671.0,0.0
pilot8,1740647642707.0,0.0
pilot8,1740647704684.0,0.0
pilot8,1740647766664.0,0.0
pilot8,1740647827719.0,0.0
pilot8,1740647887890.0,0.0
pilot8,1740647950237.0,0.0
pilot8,1740648011670.0,0.0
pilot8,1740648073684.0,0.0
pilot8,1740648135688.0,0.0
pilot8,1740648195940.0,0.0
pilot8,1740648256545.0,0.0
pilot8,1740648318673.0,0.0
pilot8,1740648380666.0,0.0
pilot8,1740648442674.0,0.0
pilot8,1740648504703.0,0.0
pilot8,1740648579010.0,0.0
pilot8,1740648641067.0,0.0
pilot8,1740648703777.0,0.0
pilot8,1740648772498.0,0.0
pilot8,1740648835340.0,0.0
pilot8,1740648896693.0,0.0
pilot8,1740648962711.0,0.0
pilot8,1740649022802.0,0.0
pilot8,1740649084691.0,0.0
pilot8,1740649146675.0,0.0
pilot8,1740649207564.0,0.0
pilot8,1740649269790.0,0.0
pilot8,1740649331686.0,0.0
pilot8,1740649396789.0,0.0
pilot8,1740649462839.0,0.0
pilot8,1740649528904.0,0.0
pilot8,1740649594572.0,0.0
pilot8,1740649659009.0,0.0
pilot8,1740649723468.0,0.0
pilot8,1740649787926.0,0.0
pilot8,1740649850671.0,0.0
pilot8,1740649912668.0,0.0
pilot8,1740649974677.0,0.0
pilot8,1740650036708.0,0.0
pilot8,1740650102806.0,0.0
pilot8,1740650163778.0,0.0
pilot8,1740672173885.0,0.0
pilot8,1740672251404.0,0.0
pilot8,1740672316278.0,1.0
pilot8,1740672386805.0,16.0
pilot8,1740672454546.0,10.0
pilot8,1740672522692.0,0.0
pilot8,1740672591089.0,0.0
pilot8,1740672655565.0,13.0
pilot8,1740672716695.0,0.0
pilot8,1740672800135.0,44.0
pilot8,1740672872024.0,8.0
pilot8,1740672942512.0,0.0
pilot8,1740673027505.0,0.0
pilot8,1740673093770.0,27.0
pilot8,1740673158624.0,129.0
pilot8,1740673221539.0,114.0
pilot8,1740673286473.0,77.0
pilot8,1740673360478.0,123.0
pilot8,1740673426708.0,80.0
pilot8,1740673511790.0,67.0
pilot8,1740673595613.0,85.0
pilot8,1740673659618.0,37.0
pilot8,1740673740574.0,107.0
pilot8,1740673817027.0,26.0
pilot8,1740673888487.0,0.0
pilot8,1740673962632.0,0.0
pilot8,1740674022722.0,0.0
pilot8,1740674084263.0,0.0
pilot8,1740674169769.0,0.0
pilot8,1740674232686.0,0.0
pilot8,1740674294612.0,0.0
pilot8,1740674373936.0,0.0
pilot8,1740674438600.0,0.0
pilot8,1740674523623.0,0.0
pilot8,1740674608962.0,0.0
pilot8,1740674693430.0,0.0
pilot8,1740674756592.0,0.0
pilot8,1740674819965.0,128.0
pilot8,1740674896654.0,107.0
pilot8,1740674956982.0,118.0
pilot8,1740675038146.0,113.0
pilot8,1740675110675.0,143.0
pilot8,1740675193242.0,126.0
pilot8,1740675269519.0,76.0
pilot8,1740675331546.0,103.0
pilot8,1740675393393.0,40.0
pilot8,1740675479280.0,0.0
pilot8,1740675565784.0,0.0
pilot8,1740639807885.0,0.0
pilot8,1740639872399.0,0.0
pilot8,1740639933423.0,0.0
pilot8,1740640001449.0,0.0
pilot8,1740640061892.0,0.0
pilot8,1740640130533.0,0.0
pilot8,1740640191692.0,0.0
pilot8,1740640254689.0,0.0
pilot8,1740640315729.0,0.0
pilot8,1740640376688.0,0.0
pilot8,1740640437122.0,0.0
pilot8,1740640501617.0,0.0
pilot8,1740640566138.0,0.0
pilot8,1740640630669.0,0.0
pilot8,1740640695213.0,0.0
pilot8,1740640759781.0,0.0
pilot8,1740640824256.0,0.0
pilot8,1740640888724.0,0.0
pilot8,1740640953253.0,0.0
pilot8,1740641016763.0,0.0
pilot8,1740641078683.0,0.0
pilot8,1740641139692.0,0.0
pilot8,1740641201730.0,0.0
pilot8,1740641275666.0,0.0
pilot8,1740641336699.0,0.0
pilot8,1740641404718.0,0.0
pilot8,1740641469216.0,0.0
pilot8,1740641533769.0,0.0
pilot8,1740641598285.0,0.0
pilot8,1740641659821.0,0.0
pilot8,1740641722682.0,0.0
pilot8,1740641783684.0,0.0
pilot8,1740641845717.0,0.0
pilot8,1740641920899.0,0.0
pilot8,1740641985429.0,0.0
pilot8,1740642049948.0,0.0
pilot8,1740642112039.0,0.0
pilot8,1740642176678.0,0.0
pilot8,1740642237049.0,0.0
pilot8,1740642302701.0,0.0
pilot8,1740642365705.0,0.0
pilot8,1740642427813.0,0.0
pilot8,1740642489688.0,0.0
pilot8,1740642549987.0,0.0
pilot8,1740642610706.0,0.0
pilot8,1740642672706.0,0.0
pilot8,1740642734715.0,0.0
pilot8,1740642796839.0,0.0
pilot8,1740642872544.0,0.0
pilot8,1740642932812.0,0.0
pilot8,1740643001527.0,0.0
pilot8,1740643066036.0,0.0
pilot8,1740643130532.0,0.0
pilot8,1740668724646.0,0.0
pilot8,1740668809061.0,0.0
pilot8,1740668895801.0,0.0
pilot8,1740668966056.0,0.0
pilot8,1740669051598.0,0.0
pilot8,1740669113610.0,0.0
pilot8,1740669181169.0,0.0
pilot8,1740669242614.0,0.0
pilot8,1740669323638.0,0.0
pilot8,1740669387646.0,0.0
pilot8,1740669454248.0,0.0
pilot8,1740669537993.0,0.0
pilot8,1740669598606.0,0.0
pilot8,1740669674621.0,0.0
pilot8,1740669759412.0,0.0
pilot8,1740669821586.0,0.0
pilot8,1740669895403.0,0.0
pilot8,1740669960617.0,0.0
pilot8,1740670038281.0,0.0
pilot8,1740670109634.0,0.0
pilot8,1740670180967.0,0.0
pilot8,1740670265535.0,0.0
pilot8,1740670348741.0,0.0
pilot8,1740670409641.0,0.0
pilot8,1740670479274.0,0.0
pilot8,1740670563057.0,0.0
pilot8,1740670625611.0,0.0
pilot8,1740670686659.0,0.0
pilot8,1740670747685.0,0.0
pilot8,1740670814338.0,0.0
pilot8,1740670878595.0,0.0
pilot8,1740670945005.0,0.0
pilot8,1740671017618.0,0.0
pilot8,1740671089612.0,0.0
pilot8,1740671170257.0,0.0
pilot8,1740671249631.0,0.0
pilot8,1740671313613.0,0.0
pilot8,1740671397573.0,0.0
pilot8,1740671462207.0,0.0
pilot8,1740671528055.0,0.0
pilot8,1740671608627.0,0.0
pilot8,1740671668629.0,0.0
pilot8,1740671750082.0,0.0
pilot8,1740671818469.0,0.0
pilot8,1740675637259.0,0.0
pilot8,1740675715264.0,0.0
pilot8,1740675779553.0,0.0
pilot8,1740675856602.0,0.0
pilot8,1740675938522.0,0.0
pilot8,1740676021441.0,0.0
pilot8,1740676089067.0,0.0
pilot8,1740676158785.0,0.0
pilot8,1740676221821.0,0.0
pilot8,1740676286782.0,0.0
pilot8,1740676349514.0,0.0
pilot8,1740676421443.0,0.0
pilot8,1740676501794.0,0.0
pilot8,1740676575128.0,0.0
pilot8,1740676646779.0,0.0
pilot8,1740676730990.0,0.0
pilot8,1740676791563.0,0.0
pilot8,1740676855697.0,0.0
pilot8,1740676940707.0,0.0
pilot8,1740677017749.0,0.0
pilot8,1740677083562.0,0.0
pilot8,1740677152550.0,0.0
pilot8,1740677232667.0,0.0
pilot8,1740677313521.0,0.0
pilot8,1740677378390.0,0.0
pilot8,1740677461443.0,0.0
pilot8,1740677525653.0,0.0
pilot8,1740677603346.0,0.0
pilot8,1740677674532.0,0.0
pilot8,1740677736592.0,0.0
pilot8,1740677821172.0,0.0
pilot8,1740677881550.0,0.0
pilot8,1740677966995.0,0.0
pilot8,1740678049804.0,0.0
pilot8,1740678132768.0,0.0
pilot8,1740678196379.0,0.0
pilot8,1740678261801.0,0.0
pilot8,1740678347132.0,0.0
pilot8,1740678419481.0,0.0
pilot8,1740678484702.0,0.0
pilot8,1740678552999.0,0.0
pilot8,1740678633717.0,0.0
pilot8,1740678702454.0,0.0
pilot8,1740678778315.0,0.0
pilot8,1740678861608.0,0.0
pilot8,1740678924125.0,0.0
pilot8,1740678995685.0,0.0
pilot8,1740661246474.0,0.0
pilot8,1740661307737.0,0.0
pilot8,1740661375378.0,0.0
pilot8,1740661439855.0,0.0
pilot8,1740661503647.0,0.0
pilot8,1740661565636.0,0.0
pilot8,1740661626757.0,0.0
pilot8,1740661697632.0,0.0
pilot8,1740661762068.0,0.0
pilot8,1740661826401.0,0.0
pilot8,1740661890952.0,0.0
pilot8,1740661955365.0,0.0
pilot8,1740662019799.0,0.0
pilot8,1740662084232.0,0.0
pilot8,1740662148649.0,0.0
pilot8,1740662210682.0,0.0
pilot8,1740662271642.0,0.0
pilot8,1740662333695.0,0.0
pilot8,1740662396656.0,0.0
pilot8,1740662460575.0,0.0
pilot8,1740662522904.0,0.0
pilot8,1740662583713.0,0.0
pilot8,1740662648105.0,0.0
pilot8,1740662712567.0,0.0
pilot8,1740662776983.0,0.0
pilot8,1740662841458.0,0.0
pilot8,1740662905923.0,0.0
pilot8,1740662970387.0,0.0
pilot8,1740663030422.0,0.0
pilot8,1740663096405.0,0.0
pilot8,1740663159655.0,0.0
pilot8,1740663223647.0,0.0
pilot8,1740663285675.0,0.0
pilot8,1740663346639.0,0.0
pilot8,1740663408633.0,0.0
pilot8,1740663479075.0,0.0
pilot8,1740663546706.0,0.0
pilot8,1740663614119.0,0.0
pilot8,1740663679061.0,0.0
pilot8,1740663742630.0,0.0
pilot8,1740663809664.0,0.0
pilot8,1740663887813.0,0.0
pilot8,1740663960701.0,0.0
pilot8,1740664022047.0,0.0
pilot8,1740664085401.0,0.0
pilot8,1740664161820.0,0.0
pilot8,1740664227741.0,0.0
pilot8,1740664295149.0,0.0
pilot8,1740664374094.0,0.0
pilot8,1740664442098.0,0.0
pilot8,1740664510054.0,0.0
pilot8,1740664593227.0,0.0
pilot8,1740664659925.0,0.0
pilot8,1740664733908.0,0.0
pilot8,1740664799630.0,0.0
pilot8,1740664880676.0,0.0
pilot8,1740693757680.0,0.0
pilot8,1740693826949.0,0.0
pilot8,1740693887056.0,0.0
pilot8,1740693950473.0,0.0
pilot8,1740694032505.0,0.0
pilot8,1740694119451.0,0.0
pilot8,1740694183406.0,6.0
pilot8,1740694268664.0,0.0
pilot8,1740694340318.0,0.0
pilot8,1740694408298.0,0.0
pilot8,1740694477515.0,0.0
pilot8,1740694540410.0,0.0
pilot8,1740694624850.0,0.0
pilot8,1740694707978.0,0.0
pilot8,1740694784437.0,0.0
pilot8,1740694848543.0,0.0
pilot8,1740694911547.0,0.0
pilot8,1740694997471.0,0.0
pilot8,1740695081673.0,0.0
pilot8,1740695152471.0,0.0
pilot8,1740695229515.0,0.0
pilot8,1740695290505.0,0.0
pilot8,1740695350544.0,29.0
pilot8,1740695415397.0,0.0
pilot8,1740695499273.0,0.0
pilot8,1740695562559.0,0.0
pilot8,1740695646546.0,0.0
pilot8,1740695713369.0,0.0
pilot8,1740695789542.0,0.0
pilot8,1740695849784.0,0.0
pilot8,1740695936268.0,0.0
pilot8,1740696020673.0,0.0
pilot8,1740696081093.0,0.0
pilot8,1740696149082.0,0.0
pilot8,1740696219328.0,0.0
pilot8,1740696289668.0,0.0
pilot8,1740696355122.0,0.0
pilot8,1740696438885.0,0.0
pilot8,1740696506433.0,0.0
pilot8,1740696584457.0,0.0
pilot8,1740696651544.0,0.0
pilot8,1740696720650.0,0.0
pilot8,1740696785408.0,0.0
pilot8,1740696871013.0,5.0
pilot8,1740696935361.0,11.0
pilot8,1740697011721.0,0.0
pilot8,1740697074871.0,0.0
pilot8,1740679428555.0,0.0
pilot8,1740679491603.0,30.0
pilot8,1740679561491.0,27.0
pilot8,1740679622521.0,33.0
pilot8,1740679691345.0,74.0
pilot8,1740679775526.0,119.0
pilot8,1740679849948.0,0.0
pilot8,1740679923029.0,51.0
pilot8,1740679985579.0,120.0
pilot8,1740680045592.0,158.0
pilot8,1740680106589.0,65.0
pilot8,1740680182534.0,0.0
pilot8,1740680244252.0,0.0
pilot8,1740680327560.0,0.0
pilot8,1740680388483.0,0.0
pilot8,1740680449583.0,20.0
pilot8,1740680510623.0,3.0
pilot8,1740680593180.0,0.0
pilot8,1740680658560.0,0.0
pilot8,1740680743790.0,0.0
pilot8,1740680807928.0,0.0
pilot8,1740680870493.0,0.0
pilot8,1740680954000.0,0.0
pilot8,1740681017554.0,0.0
pilot8,1740681101931.0,0.0
pilot8,1740681166513.0,0.0
pilot8,1740681250822.0,0.0
pilot8,1740681313437.0,0.0
pilot8,1740681388593.0,0.0
pilot8,1740681472882.0,0.0
pilot8,1740681537489.0,0.0
pilot8,1740681600933.0,0.0
pilot8,1740681685552.0,0.0
pilot8,1740681762534.0,0.0
pilot8,1740681846916.0,0.0
pilot8,1740681924306.0,0.0
pilot8,1740681992578.0,0.0
pilot8,1740682071650.0,0.0
pilot8,1740682155235.0,72.0
pilot8,1740682220213.0,160.0
pilot8,1740682302374.0,157.0
pilot8,1740682364084.0,108.0
pilot8,1740682428634.0,97.0
pilot8,1740682504126.0,124.0
pilot8,1740682569592.0,160.0
pilot8,1740682653175.0,70.0
pilot8,1740682732048.0,36.0
pilot8,1740682792553.0,41.0
pilot8,1740708333161.0,14.0
pilot8,1740708405984.0,0.0
pilot8,1740708474895.0,22.0
pilot8,1740708548493.0,0.0
pilot8,1740708631432.0,0.0
pilot8,1740708692473.0,0.0
pilot8,1740708758474.0,8.0
pilot8,1740708839153.0,0.0
pilot8,1740708911453.0,8.0
pilot8,1740708988083.0,31.0
pilot8,1740709055468.0,8.0
pilot8,1740709132504.0,0.0
pilot8,1740709196639.0,0.0
pilot8,1740709269912.0,16.0
pilot8,1740709352336.0,0.0
pilot8,1740709431646.0,15.0
pilot8,1740709499290.0,4.0
pilot8,1740709559291.0,0.0
pilot8,1740709646596.0,0.0
pilot8,1740709729389.0,0.0
pilot8,1740709800791.0,0.0
pilot8,1740709861292.0,0.0
pilot8,1740709941393.0,26.0
pilot8,1740710005131.0,11.0
pilot8,1740710083722.0,0.0
pilot8,1740710149624.0,0.0
pilot8,1740710223512.0,0.0
pilot8,1740710303395.0,0.0
pilot8,1740710375549.0,25.0
pilot8,1740710459461.0,27.0
pilot8,1740710526218.0,26.0
pilot8,1740710605846.0,0.0
pilot8,1740710669756.0,0.0
pilot8,1740710739579.0,0.0
pilot8,1740710808631.0,0.0
pilot8,1740710871263.0,0.0
pilot8,1740710932263.0,0.0
pilot8,1740711001372.0,0.0
pilot8,1740711079466.0,0.0
pilot8,1740711163475.0,0.0
pilot8,1740711227559.0,0.0
pilot8,1740711292283.0,0.0
pilot8,1740711353656.0,0.0
pilot8,1740654176665.0,0.0
pilot8,1740654248515.0,0.0
pilot8,1740654317070.0,0.0
pilot8,1740654381572.0,0.0
pilot8,1740654444695.0,0.0
pilot8,1740654506654.0,0.0
pilot8,1740654567668.0,0.0
pilot8,1740654628694.0,0.0
pilot8,1740654689069.0,0.0
pilot8,1740654749775.0,0.0
pilot8,1740654812665.0,0.0
pilot8,1740654874664.0,0.0
pilot8,1740654935661.0,0.0
pilot8,1740654997694.0,0.0
pilot8,1740655058517.0,0.0
pilot8,1740655119221.0,0.0
pilot8,1740655185755.0,0.0
pilot8,1740655251915.0,0.0
pilot8,1740655316397.0,0.0
pilot8,1740655380879.0,0.0
pilot8,1740655445405.0,0.0
pilot8,1740655509485.0,0.0
pilot8,1740655574350.0,0.0
pilot8,1740655638805.0,0.0
pilot8,1740655700672.0,0.0
pilot8,1740655762648.0,0.0
pilot8,1740655823090.0,0.0
pilot8,1740655884715.0,0.0
pilot8,1740655945000.0,0.0
pilot8,1740656006660.0,0.0
pilot8,1740656068697.0,0.0
pilot8,1740656129659.0,0.0
pilot8,1740656202900.0,0.0
pilot8,1740656264659.0,0.0
pilot8,1740656325657.0,0.0
pilot8,1740656391771.0,0.0
pilot8,1740656456660.0,0.0
pilot8,1740656525254.0,0.0
pilot8,1740656588675.0,0.0
pilot8,1740656650654.0,0.0
pilot8,1740656712716.0,0.0
pilot8,1740656775656.0,0.0
pilot8,1740656836512.0,0.0
pilot8,1740656898495.0,0.0
pilot8,1740656959700.0,0.0
pilot8,1740657021654.0,0.0
pilot8,1740657082767.0,0.0
pilot8,1740657147129.0,0.0
pilot8,1740657218214.0,0.0
pilot8,1740657282657.0,0.0
pilot8,1740657347142.0,0.0
pilot8,1740657411565.0,0.0
pilot8,1740657476037.0,0.0
pilot8,1740686570897.0,0.0
pilot8,1740686639571.0,0.0
pilot8,1740686723840.0,0.0
pilot8,1740686788863.0,0.0
pilot8,1740686873379.0,0.0
pilot8,1740686955566.0,0.0
pilot8,1740687042319.0,0.0
pilot8,1740687106587.0,0.0
pilot8,1740687185872.0,0.0
pilot8,1740687271579.0,0.0
pilot8,1740687333627.0,0.0
pilot8,1740687394560.0,0.0
pilot8,1740687454581.0,0.0
pilot8,1740687519450.0,0.0
pilot8,1740687583558.0,0.0
pilot8,1740687644382.0,0.0
pilot8,1740687718225.0,0.0
pilot8,1740687783026.0,0.0
pilot8,1740687843832.0,0.0
pilot8,1740687930600.0,0.0
pilot8,1740688013485.0,0.0
pilot8,1740688077460.0,0.0
pilot8,1740688156085.0,0.0
pilot8,1740688234908.0,0.0
pilot8,1740688303534.0,0.0
pilot8,1740688374780.0,0.0
pilot8,1740688452880.0,0.0
pilot8,1740688522777.0,0.0
pilot8,1740688608989.0,0.0
pilot8,1740688669872.0,0.0
pilot8,1740688730612.0,0.0
pilot8,1740688793823.0,0.0
pilot8,1740688878798.0,0.0
pilot8,1740688949823.0,0.0
pilot8,1740689020839.0,0.0
pilot8,1740689102859.0,0.0
pilot8,1740689174455.0,0.0
pilot8,1740689235613.0,0.0
pilot8,1740689309973.0,0.0
pilot8,1740689382552.0,0.0
pilot8,1740689446452.0,0.0
pilot8,1740689509462.0,0.0
pilot8,1740689569483.0,0.0
pilot8,1740689631556.0,0.0
pilot8,1740689716570.0,0.0
pilot8,1740689802618.0,0.0
pilot8,1740689865385.0,0.0
pilot8,1740689939383.0,0.0
pilot8,1740636210581.0,0.0
pilot8,1740636271869.0,0.0
pilot8,1740636333873.0,0.0
pilot8,1740636393908.0,0.0
pilot8,1740636454256.0,0.0
pilot8,1740636517700.0,0.0
pilot8,1740636579727.0,0.0
pilot8,1740636641741.0,0.0
pilot8,1740636702737.0,0.0
pilot8,1740636766020.0,0.0
pilot8,1740636829867.0,0.0
pilot8,1740636895944.0,0.0
pilot8,1740636968703.0,0.0
pilot8,1740637034830.0,0.0
pilot8,1740637098698.0,0.0
pilot8,1740637159804.0,0.0
pilot8,1740637221699.0,0.0
pilot8,1740637283697.0,0.0
pilot8,1740637343875.0,0.0
pilot8,1740637405692.0,0.0
pilot8,1740637465714.0,0.0
pilot8,1740637526737.0,0.0
pilot8,1740637588714.0,0.0
pilot8,1740637663562.0,0.0
pilot8,1740637728036.0,0.0
pilot8,1740637792588.0,0.0
pilot8,1740637856696.0,0.0
pilot8,1740637921541.0,0.0
pilot8,1740637981949.0,0.0
pilot8,1740638046710.0,0.0
pilot8,1740638107856.0,0.0
pilot8,1740638169690.0,0.0
pilot8,1740638231720.0,0.0
pilot8,1740638292198.0,0.0
pilot8,1740638355841.0,0.0
pilot8,1740638416700.0,0.0
pilot8,1740638478721.0,0.0
pilot8,1740638539698.0,0.0
pilot8,1740638601720.0,0.0
pilot8,1740638662695.0,0.0
pilot8,1740638723726.0,0.0
pilot8,1740638784696.0,0.0
pilot8,1740638846681.0,0.0
pilot8,1740638908683.0,0.0
pilot8,1740638969310.0,0.0
pilot8,1740639030692.0,0.0
pilot8,1740639092705.0,0.0
pilot8,1740639152888.0,0.0
pilot8,1740639227310.0,0.0
pilot8,1740639291786.0,0.0
pilot8,1740639353858.0,0.0
pilot8,1740639416742.0,0.0
pilot8,1740715204586.0,14.0
pilot8,1740715289739.0,0.0
pilot8,1740715368199.0,0.0
pilot8,1740715443327.0,0.0
pilot8,1740715523647.0,15.0
pilot8,1740715606488.0,8.0
pilot8,1740715675736.0,0.0
pilot8,1740715759536.0,42.0
pilot8,1740715847107.0,17.0
pilot8,1740715915449.0,0.0
pilot8,1740715979384.0,0.0
pilot8,1740716065343.0,0.0
pilot8,1740716142253.0,17.0
pilot8,1740716203040.0,11.0
pilot8,1740716269486.0,0.0
pilot8,1740716353044.0,0.0
pilot8,1740716417543.0,0.0
pilot8,1740716503849.0,0.0
pilot8,1740716567566.0,0.0
pilot8,1740716653073.0,0.0
pilot8,1740716716180.0,0.0
pilot8,1740716776823.0,0.0
pilot8,1740716861901.0,0.0
pilot8,1740716924492.0,0.0
pilot8,1740716995479.0,0.0
pilot8,1740717059496.0,0.0
pilot8,1740717131479.0,0.0
pilot8,1740717199602.0,0.0
pilot8,1740717266483.0,0.0
pilot8,1740717331565.0,0.0
pilot8,1740717400790.0,0.0
pilot8,1740717466480.0,0.0
pilot8,1740717535577.0,0.0
pilot8,1740717598895.0,0.0
pilot8,1740717664139.0,0.0
pilot8,1740717728492.0,0.0
pilot8,1740717795535.0,0.0
pilot8,1740717866138.0,0.0
pilot8,1740717927482.0,0.0
pilot8,1740717989364.0,0.0
pilot8,1740718067868.0,0.0
pilot8,1740718132494.0,0.0
pilot8,1740718194563.0,0.0
pilot8,1740718264037.0,0.0
pilot8,1740718349698.0,0.0
pilot8,1740718435441.0,0.0
pilot8,1740718500363.0,0.0
pilot8,1740643497204.0,0.0
pilot8,1740643561720.0,0.0
pilot8,1740643623714.0,0.0
pilot8,1740643685681.0,0.0
pilot8,1740643747703.0,0.0
pilot8,1740643807850.0,0.0
pilot8,1740643869683.0,0.0
pilot8,1740643936865.0,0.0
pilot8,1740644001395.0,0.0
pilot8,1740644065929.0,0.0
pilot8,1740644130405.0,0.0
pilot8,1740644194931.0,0.0
pilot8,1740644259402.0,0.0
pilot8,1740644323889.0,0.0
pilot8,1740644385878.0,0.0
pilot8,1740644451700.0,0.0
pilot8,1740644513686.0,0.0
pilot8,1740644575698.0,0.0
pilot8,1740644637712.0,0.0
pilot8,1740644697806.0,0.0
pilot8,1740644759137.0,0.0
pilot8,1740644819138.0,0.0
pilot8,1740644882682.0,0.0
pilot8,1740644943689.0,0.0
pilot8,1740645005682.0,0.0
pilot8,1740645071856.0,0.0
pilot8,1740645145821.0,0.0
pilot8,1740645210262.0,0.0
pilot8,1740645273852.0,0.0
pilot8,1740645339175.0,0.0
pilot8,1740645403635.0,0.0
pilot8,1740645465675.0,0.0
pilot8,1740645528685.0,0.0
pilot8,1740645590687.0,0.0
pilot8,1740645652673.0,0.0
pilot8,1740645713719.0,0.0
pilot8,1740645774289.0,0.0
pilot8,1740645835681.0,0.0
pilot8,1740645896393.0,0.0
pilot8,1740645958672.0,0.0
pilot8,1740646022790.0,0.0
pilot8,1740646086860.0,0.0
pilot8,1740646161073.0,0.0
pilot8,1740646225536.0,0.0
pilot8,1740646289988.0,0.0
pilot8,1740646352454.0,0.0
pilot8,1740646416716.0,0.0
pilot8,1740646478690.0,0.0
pilot8,1740646547905.0,0.0
pilot8,1740646612428.0,0.0
pilot8,1740646676591.0,0.0
pilot8,1740646736689.0,0.0
pilot8,1740646799823.0,0.0
pilot8,1740682860553.0,33.0
pilot8,1740682941574.0,0.0
pilot8,1740683015723.0,0.0
pilot8,1740683076489.0,0.0
pilot8,1740683161907.0,0.0
pilot8,1740683247047.0,0.0
pilot8,1740683311901.0,0.0
pilot8,1740683388062.0,0.0
pilot8,1740683459763.0,0.0
pilot8,1740683535544.0,0.0
pilot8,1740683597793.0,0.0
pilot8,1740683660576.0,0.0
pilot8,1740683722275.0,10.0
pilot8,1740683793615.0,33.0
pilot8,1740683855341.0,13.0
pilot8,1740683918178.0,4.0
pilot8,1740684001752.0,0.0
pilot8,1740684062082.0,0.0
pilot8,1740684125438.0,0.0
pilot8,1740684189484.0,0.0
pilot8,1740684253856.0,0.0
pilot8,1740684316951.0,0.0
pilot8,1740684379739.0,0.0
pilot8,1740684443354.0,22.0
pilot8,1740684505267.0,9.0
pilot8,1740684568468.0,0.0
pilot8,1740684633503.0,0.0
pilot8,1740684717582.0,0.0
pilot8,1740684780579.0,7.0
pilot8,1740684841653.0,0.0
pilot8,1740684919451.0,0.0
pilot8,1740684984541.0,0.0
pilot8,1740685064478.0,0.0
pilot8,1740685133615.0,0.0
pilot8,1740685194282.0,0.0
pilot8,1740685265876.0,0.0
pilot8,1740685331592.0,0.0
pilot8,1740685407454.0,0.0
pilot8,1740685481448.0,0.0
pilot8,1740685554537.0,0.0
pilot8,1740685620613.0,0.0
pilot8,1740685682549.0,24.0
pilot8,1740685755637.0,4.0
pilot8,1740685842621.0,0.0
pilot8,1740685917832.0,0.0
pilot8,1740685978459.0,0.0
pilot8,1740686050641.0,0.0
pilot8,1740686133382.0,0.0
pilot8,1740686210780.0,0.0
pilot8,1740657852687.0,0.0
pilot8,1740657914402.0,0.0
pilot8,1740657975664.0,0.0
pilot8,1740658037652.0,0.0
pilot8,1740658098651.0,0.0
pilot8,1740658160599.0,0.0
pilot8,1740658222653.0,0.0
pilot8,1740658292668.0,0.0
pilot8,1740658357766.0,0.0
pilot8,1740658427038.0,0.0
pilot8,1740658491448.0,0.0
pilot8,1740658555901.0,0.0
pilot8,1740658616350.0,0.0
pilot8,1740658680652.0,0.0
pilot8,1740658741688.0,0.0
pilot8,1740658813705.0,0.0
pilot8,1740658873748.0,0.0
pilot8,1740658942618.0,0.0
pilot8,1740659007042.0,0.0
pilot8,1740659067241.0,0.0
pilot8,1740659135913.0,0.0
pilot8,1740659200337.0,0.0
pilot8,1740659262679.0,0.0
pilot8,1740659326666.0,0.0
pilot8,1740659387681.0,0.0
pilot8,1740659449654.0,0.0
pilot8,1740659511661.0,0.0
pilot8,1740659576654.0,0.0
pilot8,1740659651390.0,0.0
pilot8,1740659715838.0,0.0
pilot8,1740659780311.0,0.0
pilot8,1740659844750.0,0.0
pilot8,1740659909208.0,0.0
pilot8,1740659969240.0,0.0
pilot8,1740660032642.0,0.0
pilot8,1740660093643.0,0.0
pilot8,1740660154638.0,0.0
pilot8,1740660215414.0,0.0
pilot8,1740660277670.0,0.0
pilot8,1740660338653.0,0.0
pilot8,1740660400696.0,0.0
pilot8,1740660462648.0,0.0
pilot8,1740660536669.0,0.0
pilot8,1740660602086.0,0.0
pilot8,1740660666520.0,0.0
pilot8,1740660730944.0,0.0
pilot8,1740660795379.0,0.0
pilot8,1740660859838.0,0.0
pilot8,1740660922653.0,0.0
pilot8,1740660983647.0,0.0
pilot8,1740661045683.0,0.0
pilot8,1740661107647.0,0.0
pilot8,1740661182037.0,0.0
pilot8,1740664964413.0,0.0
pilot8,1740665038342.0,0.0
pilot8,1740665120075.0,0.0
pilot8,1740665188635.0,0.0
pilot8,1740665269597.0,0.0
pilot8,1740665357080.0,0.0
pilot8,1740665434598.0,0.0
pilot8,1740665498065.0,0.0
pilot8,1740665564162.0,0.0
pilot8,1740665646066.0,0.0
pilot8,1740665710231.0,0.0
pilot8,1740665775593.0,0.0
pilot8,1740665843478.0,0.0
pilot8,1740665929006.0,0.0
pilot8,1740665989905.0,0.0
pilot8,1740666071867.0,0.0
pilot8,1740666160146.0,0.0
pilot8,1740666221686.0,0.0
pilot8,1740666309163.0,0.0
pilot8,1740666380197.0,0.0
pilot8,1740666459626.0,0.0
pilot8,1740666540640.0,0.0
pilot8,1740666618211.0,0.0
pilot8,1740666684651.0,0.0
pilot8,1740666752598.0,0.0
pilot8,1740666836093.0,0.0
pilot8,1740666896094.0,0.0
pilot8,1740666984200.0,0.0
pilot8,1740667049055.0,0.0
pilot8,1740667128504.0,0.0
pilot8,1740667191341.0,0.0
pilot8,1740667268291.0,0.0
pilot8,1740667332279.0,0.0
pilot8,1740667399642.0,0.0
pilot8,1740667464621.0,0.0
pilot8,1740667529382.0,0.0
pilot8,1740667614706.0,0.0
pilot8,1740667699624.0,0.0
pilot8,1740667775067.0,0.0
pilot8,1740667854065.0,0.0
pilot8,1740667938136.0,0.0
pilot8,1740668010241.0,0.0
pilot8,1740668094051.0,0.0
pilot8,1740668167056.0,0.0
pilot8,1740668227737.0,0.0
pilot8,1740668309626.0,0.0
pilot8,1740697416885.0,0.0
pilot8,1740697484193.0,0.0
pilot8,1740697546992.0,0.0
pilot8,1740697611743.0,16.0
pilot8,1740697694611.0,4.0
pilot8,1740697769430.0,0.0
pilot8,1740697851913.0,0.0
pilot8,1740697928430.0,0.0
pilot8,1740697991368.0,0.0
pilot8,1740698068714.0,0.0
pilot8,1740698148772.0,0.0
pilot8,1740698227643.0,0.0
pilot8,1740698290532.0,0.0
pilot8,1740698354513.0,0.0
pilot8,1740698441232.0,0.0
pilot8,1740698506347.0,0.0
pilot8,1740698571352.0,0.0
pilot8,1740698635591.0,0.0
pilot8,1740698718536.0,0.0
pilot8,1740698803157.0,0.0
pilot8,1740698876799.0,0.0
pilot8,1740698948700.0,0.0
pilot8,1740699025537.0,0.0
pilot8,1740699089353.0,0.0
pilot8,1740699151331.0,0.0
pilot8,1740699213091.0,0.0
pilot8,1740699278057.0,0.0
pilot8,1740699341445.0,0.0
pilot8,1740699416886.0,0.0
pilot8,1740699481499.0,52.0
pilot8,1740699543443.0,0.0
pilot8,1740699618217.0,0.0
pilot8,1740699680542.0,0.0
pilot8,1740699743986.0,0.0
pilot8,1740699815529.0,0.0
pilot8,1740699876537.0,0.0
pilot8,1740699941171.0,0.0
pilot8,1740700001499.0,0.0
pilot8,1740700072261.0,0.0
pilot8,1740700143543.0,0.0
pilot8,1740700217846.0,6.0
pilot8,1740700303231.0,0.0
pilot8,1740700388667.0,0.0
pilot8,1740700454322.0,0.0
pilot8,1740700517394.0,0.0
pilot8,1740700602239.0,0.0
pilot8,1740700668642.0,0.0
pilot8,1740711783713.0,0.0
pilot8,1740711846505.0,0.0
pilot8,1740711931975.0,0.0
pilot8,1740712016667.0,12.0
pilot8,1740712079425.0,0.0
pilot8,1740712159130.0,0.0
pilot8,1740712222763.0,0.0
pilot8,1740712306511.0,0.0
pilot8,1740712380142.0,0.0
pilot8,1740712445491.0,0.0
pilot8,1740712515399.0,0.0
pilot8,1740712581385.0,0.0
pilot8,1740712658096.0,0.0
pilot8,1740712728768.0,0.0
pilot8,1740712811903.0,0.0
pilot8,1740712897342.0,0.0
pilot8,1740712982817.0,0.0
pilot8,1740713050424.0,0.0
pilot8,1740713127255.0,0.0
pilot8,1740713197525.0,0.0
pilot8,1740713270452.0,0.0
pilot8,1740713337227.0,0.0
pilot8,1740713414810.0,0.0
pilot8,1740713479792.0,0.0
pilot8,1740713566493.0,0.0
pilot8,1740713628496.0,0.0
pilot8,1740713701612.0,0.0
pilot8,1740713770063.0,0.0
pilot8,1740713836499.0,0.0
pilot8,1740713922542.0,0.0
pilot8,1740714007141.0,0.0
pilot8,1740714089946.0,0.0
pilot8,1740714153538.0,0.0
pilot8,1740714234023.0,0.0
pilot8,1740714312595.0,0.0
pilot8,1740714393011.0,0.0
pilot8,1740714462365.0,0.0
pilot8,1740714524663.0,10.0
pilot8,1740714594529.0,0.0
pilot8,1740714669254.0,0.0
pilot8,1740714740724.0,0.0
pilot8,1740714822340.0,0.0
pilot8,1740714889490.0,0.0
pilot8,1740714973367.0,0.0
pilot8,1740715057610.0,24.0
pilot8,1740715141963.0,21.0
pilot8,1740632707921.0,0.0
pilot8,1740632771710.0,0.0
pilot8,1740632834942.0,0.0
pilot8,1740632895960.0,0.0
pilot8,1740632959148.0,0.0
pilot8,1740633019223.0,0.0
pilot8,1740633081509.0,0.0
pilot8,1740633146171.0,0.0
pilot8,1740633206361.0,0.0
pilot8,1740633275318.0,0.0
pilot8,1740633339935.0,0.0
pilot8,1740633404553.0,0.0
pilot8,1740633466809.0,0.0
pilot8,1740633528715.0,0.0
pilot8,1740633589634.0,0.0
pilot8,1740633650897.0,0.0
pilot8,1740633715932.0,0.0
pilot8,1740633775949.0,0.0
pilot8,1740633836296.0,0.0
pilot8,1740633896832.0,0.0
pilot8,1740633959960.0,0.0
pilot8,1740634023273.0,0.0
pilot8,1740634084388.0,0.0
pilot8,1740634147143.0,0.0
pilot8,1740634208926.0,0.0
pilot8,1740634271883.0,0.0
pilot8,1740634338881.0,0.0
pilot8,1740634405365.0,0.0
pilot8,1740634469876.0,0.0
pilot8,1740634529975.0,0.0
pilot8,1740634595245.0,0.0
pilot8,1740634655447.0,0.0
pilot8,1740634717229.0,0.0
pilot8,1740634782948.0,0.0
pilot8,1740634856726.0,0.0
pilot8,1740634921572.0,0.0
pilot8,1740634986126.0,0.0
pilot8,1740635047709.0,0.0
pilot8,1740635109852.0,0.0
pilot8,1740635171698.0,0.0
pilot8,1740635232669.0,0.0
pilot8,1740635292697.0,0.0
pilot8,1740635354730.0,0.0
pilot8,1740635416700.0,0.0
pilot8,1740635486348.0,0.0
pilot8,1740635557879.0,0.0
pilot8,1740635629734.0,0.0
pilot8,1740635691730.0,0.0
pilot8,1740635754744.0,0.0
pilot8,1740635816658.0,0.0
pilot8,1740650492766.0,0.0
pilot8,1740650554673.0,0.0
pilot8,1740650615678.0,0.0
pilot8,1740650676945.0,0.0
pilot8,1740650737703.0,0.0
pilot8,1740650798670.0,0.0
pilot8,1740650858927.0,0.0
pilot8,1740650921560.0,0.0
pilot8,1740650996937.0,0.0
pilot8,1740651061395.0,0.0
pilot8,1740651125881.0,0.0
pilot8,1740651190350.0,0.0
pilot8,1740651254825.0,0.0
pilot8,1740651314886.0,0.0
pilot8,1740651376669.0,0.0
pilot8,1740651438696.0,0.0
pilot8,1740651503757.0,0.0
pilot8,1740651567832.0,0.0
pilot8,1740651633458.0,0.0
pilot8,1740651702481.0,0.0
pilot8,1740651770595.0,0.0
pilot8,1740651835104.0,0.0
pilot8,1740651896685.0,0.0
pilot8,1740651957781.0,0.0
pilot8,1740652022671.0,0.0
pilot8,1740652083722.0,0.0
pilot8,1740652145676.0,0.0
pilot8,1740652205804.0,0.0
pilot8,1740652269747.0,0.0
pilot8,1740652334766.0,0.0
pilot8,1740652397756.0,0.0
pilot8,1740652463739.0,0.0
pilot8,1740652525180.0,0.0
pilot8,1740652589688.0,0.0
pilot8,1740652652805.0,0.0
pilot8,1740652721623.0,0.0
pilot8,1740652786095.0,0.0
pilot8,1740652846770.0,0.0
pilot8,1740652910670.0,0.0
pilot8,1740652972720.0,0.0
pilot8,1740653033673.0,0.0
pilot8,1740653095680.0,0.0
pilot8,1740653156658.0,0.0
pilot8,1740653216697.0,0.0
pilot8,1740653278654.0,0.0
pilot8,1740653339673.0,0.0
pilot8,1740653414607.0,0.0
pilot8,1740653479027.0,0.0
pilot8,1740653543518.0,0.0
pilot8,1740653607911.0,0.0
pilot8,1740653672393.0,0.0
pilot8,1740653733771.0,0.0
pilot8,1740653801159.0,0.0
pilot8,1740701084654.0,0.0
pilot8,1740701160966.0,28.0
pilot8,1740701242370.0,89.0
pilot8,1740701328200.0,0.0
pilot8,1740701389366.0,0.0
pilot8,1740701460566.0,27.0
pilot8,1740701522523.0,0.0
pilot8,1740701600915.0,0.0
pilot8,1740701681996.0,0.0
pilot8,1740701745321.0,29.0
pilot8,1740701807666.0,15.0
pilot8,1740701870838.0,2.0
pilot8,1740701931247.0,35.0
pilot8,1740701991736.0,102.0
pilot8,1740702056757.0,111.0
pilot8,1740702131865.0,94.0
pilot8,1740702208060.0,134.0
pilot8,1740702286583.0,72.0
pilot8,1740702350496.0,78.0
pilot8,1740702411972.0,74.0
pilot8,1740702479537.0,122.0
pilot8,1740702539933.0,144.0
pilot8,1740702601654.0,103.0
pilot8,1740702667325.0,55.0
pilot8,1740702742528.0,0.0
pilot8,1740702808427.0,40.0
pilot8,1740702889699.0,4.0
pilot8,1740702974362.0,0.0
pilot8,1740703036843.0,0.0
pilot8,1740703121354.0,0.0
pilot8,1740703185851.0,0.0
pilot8,1740703270463.0,0.0
pilot8,1740703351033.0,0.0
pilot8,1740703435333.0,9.0
pilot8,1740703497598.0,78.0
pilot8,1740703565836.0,34.0
pilot8,1740703638762.0,23.0
pilot8,1740703698766.0,35.0
pilot8,1740703771648.0,39.0
pilot8,1740703845530.0,31.0
pilot8,1740703918697.0,0.0
pilot8,1740703994837.0,6.0
pilot8,1740704055250.0,0.0
pilot8,1740704120673.0,0.0
pilot8,1740704202572.0,0.0
pilot8,1740704556303.0,88.0
pilot8,1740704638972.0,84.0
pilot8,1740704707468.0,77.0
pilot8,1740704786040.0,72.0
pilot8,1740704848142.0,0.0
pilot8,1740704911264.0,0.0
pilot8,1740704987492.0,0.0
pilot8,1740705051726.0,0.0
pilot8,1740705111784.0,0.0
pilot8,1740705193071.0,0.0
pilot8,1740705272624.0,0.0
pilot8,1740705342776.0,0.0
pilot8,1740705409293.0,0.0
pilot8,1740705472247.0,0.0
pilot8,1740705544448.0,0.0
pilot8,1740705611211.0,0.0
pilot8,1740705693807.0,0.0
pilot8,1740705755493.0,0.0
pilot8,1740705836571.0,0.0
pilot8,1740705899276.0,0.0
pilot8,1740705974750.0,0.0
pilot8,1740706039399.0,0.0
pilot8,1740706112616.0,0.0
pilot8,1740706183511.0,0.0
pilot8,1740706243876.0,121.0
pilot8,1740706306552.0,115.0
pilot8,1740706370601.0,77.0
pilot8,1740706437498.0,75.0
pilot8,1740706504525.0,40.0
pilot8,1740706574374.0,17.0
pilot8,1740706638000.0,6.0
pilot8,1740706698216.0,0.0
pilot8,1740706759741.0,38.0
pilot8,1740706828284.0,0.0
pilot8,1740706889423.0,0.0
pilot8,1740706969458.0,0.0
pilot8,1740707035611.0,0.0
pilot8,1740707095748.0,0.0
pilot8,1740707156175.0,0.0
pilot8,1740707232506.0,0.0
pilot8,1740707296240.0,0.0
pilot8,1740707382233.0,9.0
pilot8,1740707444423.0,23.0
pilot8,1740707510235.0,0.0
pilot8,1740707592901.0,0.0
pilot8,1740707657588.0,0.0
pilot8,1740707732403.0,0.0
pilot8,1740707792641.0,15.0
pilot8,1740707854695.0,1.0
pilot8,1740707926293.0,11.0
pilot9,1740816109789.0,0.0
pilot9,1740816171806.0,0.0
pilot9,1740816234780.0,0.0
pilot9,1740816302140.0,0.0
pilot9,1740816373652.0,0.0
pilot9,1740816437530.0,0.0
pilot9,1740816499803.0,0.0
pilot9,1740816565330.0,0.0
pilot9,1740816629224.0,0.0
pilot9,1740816693133.0,0.0
pilot9,1740816754771.0,0.0
pilot9,1740816815802.0,0.0
pilot9,1740816877770.0,0.0
pilot9,1740816939798.0,0.0
pilot9,1740817000801.0,0.0
pilot9,1740817070525.0,0.0
pilot9,1740817139643.0,0.0
pilot9,1740817204421.0,0.0
pilot9,1740817268331.0,0.0
pilot9,1740817332261.0,0.0
pilot9,1740817396203.0,0.0
pilot9,1740817459234.0,0.0
pilot9,1740817536479.0,0.0
pilot9,1740817603915.0,0.0
pilot9,1740817667858.0,0.0
pilot9,1740817731844.0,0.0
pilot9,1740817792235.0,0.0
pilot9,1740817859686.0,0.0
pilot9,1740817923584.0,0.0
pilot9,1740817984806.0,0.0
pilot9,1740818045816.0,0.0
pilot9,1740818107793.0,0.0
pilot9,1740818168773.0,0.0
pilot9,1740818238120.0,0.0
pilot9,1740818307127.0,0.0
pilot9,1740818371090.0,0.0
pilot9,1740818435039.0,0.0
pilot9,1740818495771.0,0.0
pilot9,1740818562935.0,0.0
pilot9,1740818626983.0,0.0
pilot9,1740818690805.0,0.0
pilot9,1740818754155.0,0.0
pilot9,1740818818676.0,0.0
pilot9,1740818880557.0,0.0
pilot9,1740818946560.0,0.0
pilot9,1740819010510.0,0.0
pilot9,1740819074470.0,0.0
pilot9,1740819138394.0,0.0
pilot9,1740819202309.0,0.0
pilot9,1740819266278.0,0.0
pilot9,1740819327143.0,0.0
pilot9,1740862822911.0,7.0
pilot9,1740862892022.0,23.0
pilot9,1740862979367.0,13.0
pilot9,1740863052122.0,45.0
pilot9,1740863117146.0,0.0
pilot9,1740863177147.0,0.0
pilot9,1740863258119.0,0.0
pilot9,1740863327951.0,0.0
pilot9,1740863414513.0,0.0
pilot9,1740863496283.0,0.0
pilot9,1740863580725.0,0.0
pilot9,1740863643712.0,0.0
pilot9,1740863719214.0,0.0
pilot9,1740863793114.0,0.0
pilot9,1740863869945.0,0.0
pilot9,1740863953110.0,0.0
pilot9,1740864020819.0,0.0
pilot9,1740864083096.0,0.0
pilot9,1740864168448.0,0.0
pilot9,1740864248786.0,0.0
pilot9,1740864335810.0,0.0
pilot9,1740864395811.0,0.0
pilot9,1740864457707.0,0.0
pilot9,1740864525174.0,0.0
pilot9,1740864589190.0,0.0
pilot9,1740864651446.0,0.0
pilot9,1740864718472.0,0.0
pilot9,1740864778953.0,0.0
pilot9,1740864846285.0,0.0
pilot9,1740864925853.0,0.0
pilot9,1740864993280.0,47.0
pilot9,1740865064120.0,24.0
pilot9,1740865132772.0,0.0
pilot9,1740865205516.0,19.0
pilot9,1740865273069.0,0.0
pilot9,1740865359767.0,0.0
pilot9,1740865446520.0,0.0
pilot9,1740865511725.0,0.0
pilot9,1740865574714.0,0.0
pilot9,1740865658713.0,0.0
pilot9,1740865718714.0,0.0
pilot9,1740865798228.0,0.0
pilot9,1740865858229.0,34.0
pilot9,1740865930137.0,19.0
pilot9,1740865994151.0,58.0
pilot9,1740866054155.0,0.0
pilot9,1740866116113.0,0.0
pilot9,1740819713787.0,0.0
pilot9,1740819777706.0,0.0
pilot9,1740819841620.0,0.0
pilot9,1740819905587.0,0.0
pilot9,1740819969492.0,0.0
pilot9,1740820032774.0,0.0
pilot9,1740820097331.0,0.0
pilot9,1740820161248.0,0.0
pilot9,1740820225189.0,0.0
pilot9,1740820289080.0,0.0
pilot9,1740820353009.0,0.0
pilot9,1740820415787.0,0.0
pilot9,1740820479983.0,0.0
pilot9,1740820544753.0,0.0
pilot9,1740820608632.0,0.0
pilot9,1740820672545.0,0.0
pilot9,1740820736444.0,0.0
pilot9,1740820798791.0,0.0
pilot9,1740820859767.0,0.0
pilot9,1740820921766.0,0.0
pilot9,1740820981780.0,0.0
pilot9,1740821044770.0,0.0
pilot9,1740821114235.0,0.0
pilot9,1740821183808.0,0.0
pilot9,1740821247718.0,0.0
pilot9,1740821311599.0,0.0
pilot9,1740821375526.0,0.0
pilot9,1740821439370.0,0.0
pilot9,1740821503292.0,0.0
pilot9,1740821564770.0,0.0
pilot9,1740821626802.0,0.0
pilot9,1740821688249.0,0.0
pilot9,1740821749884.0,0.0
pilot9,1740821813480.0,0.0
pilot9,1740821877638.0,0.0
pilot9,1740821950572.0,0.0
pilot9,1740822014472.0,0.0
pilot9,1740822074767.0,0.0
pilot9,1740822142329.0,0.0
pilot9,1740822206274.0,0.0
pilot9,1740822266278.0,0.0
pilot9,1740822329770.0,0.0
pilot9,1740822391777.0,0.0
pilot9,1740822452238.0,0.0
pilot9,1740822513763.0,0.0
pilot9,1740822573832.0,0.0
pilot9,1740822635783.0,0.0
pilot9,1740822695785.0,0.0
pilot9,1740822757771.0,0.0
pilot9,1740822829501.0,0.0
pilot9,1740822893425.0,0.0
pilot9,1740822957386.0,0.0
pilot9,1740823021209.0,0.0
pilot9,1740844974987.0,0.0
pilot9,1740845043337.0,0.0
pilot9,1740845104627.0,0.0
pilot9,1740845176473.0,0.0
pilot9,1740845247613.0,0.0
pilot9,1740845309746.0,0.0
pilot9,1740845369749.0,0.0
pilot9,1740845431328.0,0.0
pilot9,1740845507637.0,0.0
pilot9,1740845591221.0,0.0
pilot9,1740845670755.0,0.0
pilot9,1740845749109.0,0.0
pilot9,1740845834708.0,1.0
pilot9,1740845909038.0,13.0
pilot9,1740845971413.0,0.0
pilot9,1740846054697.0,0.0
pilot9,1740846118735.0,0.0
pilot9,1740846182730.0,0.0
pilot9,1740846249501.0,0.0
pilot9,1740846309793.0,0.0
pilot9,1740846370181.0,0.0
pilot9,1740846430407.0,0.0
pilot9,1740846490726.0,0.0
pilot9,1740846551735.0,0.0
pilot9,1740846612601.0,0.0
pilot9,1740846672602.0,0.0
pilot9,1740846732732.0,0.0
pilot9,1740846813778.0,0.0
pilot9,1740846876742.0,0.0
pilot9,1740846955713.0,0.0
pilot9,1740847038774.0,0.0
pilot9,1740847101729.0,0.0
pilot9,1740847177281.0,0.0
pilot9,1740847251041.0,0.0
pilot9,1740847334861.0,0.0
pilot9,1740847396868.0,0.0
pilot9,1740847460269.0,0.0
pilot9,1740847520548.0,0.0
pilot9,1740847580877.0,0.0
pilot9,1740847641195.0,0.0
pilot9,1740847701210.0,0.0
pilot9,1740847762029.0,0.0
pilot9,1740847823781.0,0.0
pilot9,1740847883798.0,0.0
pilot9,1740847947322.0,0.0
pilot9,1740848007411.0,0.0
pilot9,1740848067938.0,0.0
pilot9,1740848128154.0,0.0
pilot9,1740848193214.0,0.0
pilot9,1740848255699.0,0.0
pilot9,1740848319038.0,0.0
pilot9,1740812426829.0,0.0
pilot9,1740812490771.0,0.0
pilot9,1740812552801.0,0.0
pilot9,1740812614831.0,0.0
pilot9,1740812677777.0,0.0
pilot9,1740812739779.0,0.0
pilot9,1740812803573.0,0.0
pilot9,1740812865258.0,0.0
pilot9,1740812934324.0,0.0
pilot9,1740813000378.0,0.0
pilot9,1740813065969.0,0.0
pilot9,1740813129847.0,0.0
pilot9,1740813193783.0,0.0
pilot9,1740813254446.0,0.0
pilot9,1740813315547.0,0.0
pilot9,1740813381771.0,0.0
pilot9,1740813443779.0,0.0
pilot9,1740813504777.0,0.0
pilot9,1740813565777.0,0.0
pilot9,1740813641207.0,0.0
pilot9,1740813705157.0,0.0
pilot9,1740813769083.0,0.0
pilot9,1740813833087.0,0.0
pilot9,1740813896936.0,0.0
pilot9,1740813960880.0,0.0
pilot9,1740814024778.0,0.0
pilot9,1740814086783.0,0.0
pilot9,1740814147817.0,0.0
pilot9,1740814209772.0,0.0
pilot9,1740814271777.0,0.0
pilot9,1740814333777.0,0.0
pilot9,1740814395777.0,0.0
pilot9,1740814456004.0,0.0
pilot9,1740814517859.0,0.0
pilot9,1740814577860.0,0.0
pilot9,1740814640807.0,0.0
pilot9,1740814702774.0,0.0
pilot9,1740814766175.0,0.0
pilot9,1740814839798.0,0.0
pilot9,1740814899923.0,0.0
pilot9,1740814967543.0,0.0
pilot9,1740815031454.0,0.0
pilot9,1740815095404.0,0.0
pilot9,1740815157775.0,0.0
pilot9,1740815218778.0,0.0
pilot9,1740815280781.0,0.0
pilot9,1740815342779.0,0.0
pilot9,1740815403818.0,0.0
pilot9,1740815467320.0,0.0
pilot9,1740815533370.0,0.0
pilot9,1740815597778.0,0.0
pilot9,1740815670625.0,0.0
pilot9,1740815734576.0,0.0
pilot9,1740815794617.0,0.0
pilot9,1740815854810.0,0.0
pilot9,1740815925786.0,0.0
pilot9,1740815987767.0,0.0
pilot9,1740816048774.0,0.0
pilot9,1740841290222.0,0.0
pilot9,1740841350997.0,0.0
pilot9,1740841426866.0,0.0
pilot9,1740841487730.0,0.0
pilot9,1740841558732.0,0.0
pilot9,1740841633346.0,0.0
pilot9,1740841694655.0,0.0
pilot9,1740841770806.0,0.0
pilot9,1740841841796.0,0.0
pilot9,1740841922144.0,0.0
pilot9,1740841994885.0,0.0
pilot9,1740842073155.0,0.0
pilot9,1740842133534.0,0.0
pilot9,1740842195475.0,0.0
pilot9,1740842261705.0,0.0
pilot9,1740842347971.0,0.0
pilot9,1740842407972.0,0.0
pilot9,1740842483061.0,0.0
pilot9,1740842548494.0,0.0
pilot9,1740842608859.0,0.0
pilot9,1740842669174.0,0.0
pilot9,1740842730431.0,0.0
pilot9,1740842797880.0,0.0
pilot9,1740842857881.0,0.0
pilot9,1740842918038.0,0.0
pilot9,1740842978214.0,0.0
pilot9,1740843038765.0,0.0
pilot9,1740843112308.0,0.0
pilot9,1740843193950.0,0.0
pilot9,1740843257732.0,0.0
pilot9,1740843328256.0,0.0
pilot9,1740843394739.0,0.0
pilot9,1740843467052.0,0.0
pilot9,1740843546553.0,0.0
pilot9,1740843625097.0,0.0
pilot9,1740843690732.0,0.0
pilot9,1740843752483.0,0.0
pilot9,1740843814353.0,0.0
pilot9,1740843892304.0,0.0
pilot9,1740843973033.0,0.0
pilot9,1740844055846.0,0.0
pilot9,1740844118731.0,0.0
pilot9,1740844182763.0,0.0
pilot9,1740844244216.0,0.0
pilot9,1740844312756.0,0.0
pilot9,1740844376732.0,0.0
pilot9,1740844437727.0,0.0
pilot9,1740844497733.0,0.0
pilot9,1740844563639.0,0.0
pilot9,1740844624727.0,0.0
pilot9,1740848709524.0,0.0
pilot9,1740848777864.0,0.0
pilot9,1740848846739.0,0.0
pilot9,1740848906774.0,0.0
pilot9,1740848969472.0,0.0
pilot9,1740849033947.0,0.0
pilot9,1740849100599.0,0.0
pilot9,1740849169731.0,0.0
pilot9,1740849243225.0,0.0
pilot9,1740849313176.0,0.0
pilot9,1740849377828.0,0.0
pilot9,1740849451282.0,25.0
pilot9,1740849520493.0,20.0
pilot9,1740849580901.0,10.0
pilot9,1740849640951.0,37.0
pilot9,1740849701288.0,40.0
pilot9,1740849761307.0,0.0
pilot9,1740849821953.0,0.0
pilot9,1740849882470.0,0.0
pilot9,1740849946359.0,0.0
pilot9,1740850006882.0,0.0
pilot9,1740850067173.0,31.0
pilot9,1740850127503.0,0.0
pilot9,1740850187610.0,0.0
pilot9,1740850260802.0,0.0
pilot9,1740850320819.0,40.0
pilot9,1740850397153.0,36.0
pilot9,1740850483100.0,41.0
pilot9,1740850544091.0,30.0
pilot9,1740850604481.0,5.0
pilot9,1740850664835.0,0.0
pilot9,1740850725231.0,9.0
pilot9,1740850785606.0,33.0
pilot9,1740850845883.0,28.0
pilot9,1740850928788.0,0.0
pilot9,1740850993727.0,6.0
pilot9,1740851073915.0,28.0
pilot9,1740851143070.0,45.0
pilot9,1740851207028.0,0.0
pilot9,1740851267341.0,32.0
pilot9,1740851327342.0,0.0
pilot9,1740851388693.0,30.0
pilot9,1740851449179.0,11.0
pilot9,1740851514004.0,12.0
pilot9,1740851577865.0,33.0
pilot9,1740851660718.0,33.0
pilot9,1740851733058.0,0.0
pilot9,1740851800162.0,0.0
pilot9,1740851868815.0,0.0
pilot9,1740851930798.0,0.0
pilot9,1740851990939.0,0.0
pilot9,1740834201412.0,0.0
pilot9,1740834265736.0,0.0
pilot9,1740834329751.0,0.0
pilot9,1740834390746.0,0.0
pilot9,1740834452871.0,0.0
pilot9,1740834530626.0,0.0
pilot9,1740834593962.0,0.0
pilot9,1740834661316.0,0.0
pilot9,1740834742064.0,0.0
pilot9,1740834802383.0,0.0
pilot9,1740834862805.0,0.0
pilot9,1740834923740.0,0.0
pilot9,1740834983937.0,0.0
pilot9,1740835044168.0,0.0
pilot9,1740835104375.0,0.0
pilot9,1740835164498.0,0.0
pilot9,1740835224678.0,0.0
pilot9,1740835292761.0,0.0
pilot9,1740835352768.0,0.0
pilot9,1740835417374.0,0.0
pilot9,1740835479716.0,0.0
pilot9,1740835541744.0,0.0
pilot9,1740835617927.0,0.0
pilot9,1740835705424.0,0.0
pilot9,1740835767373.0,0.0
pilot9,1740835834751.0,0.0
pilot9,1740835896666.0,0.0
pilot9,1740835981402.0,0.0
pilot9,1740836046349.0,0.0
pilot9,1740836127602.0,0.0
pilot9,1740836194738.0,0.0
pilot9,1740836256981.0,0.0
pilot9,1740836317068.0,0.0
pilot9,1740836379466.0,0.0
pilot9,1740836440303.0,0.0
pilot9,1740836526655.0,0.0
pilot9,1740836600416.0,0.0
pilot9,1740836669729.0,0.0
pilot9,1740836730093.0,0.0
pilot9,1740836790461.0,0.0
pilot9,1740836851283.0,0.0
pilot9,1740836916645.0,0.0
pilot9,1740836997934.0,0.0
pilot9,1740837061297.0,0.0
pilot9,1740837134648.0,0.0
pilot9,1740837207805.0,0.0
pilot9,1740837280215.0,0.0
pilot9,1740837341566.0,0.0
pilot9,1740837423708.0,0.0
pilot9,1740837487738.0,0.0
pilot9,1740866516095.0,0.0
pilot9,1740866579420.0,20.0
pilot9,1740866656835.0,20.0
pilot9,1740866716836.0,11.0
pilot9,1740866777224.0,43.0
pilot9,1740866837429.0,0.0
pilot9,1740866897648.0,13.0
pilot9,1740866960910.0,0.0
pilot9,1740867022988.0,9.0
pilot9,1740867111096.0,12.0
pilot9,1740867172897.0,0.0
pilot9,1740867232990.0,0.0
pilot9,1740867297489.0,0.0
pilot9,1740867368045.0,0.0
pilot9,1740867429001.0,0.0
pilot9,1740867490694.0,6.0
pilot9,1740867558487.0,0.0
pilot9,1740867618858.0,0.0
pilot9,1740867679206.0,13.0
pilot9,1740867740319.0,0.0
pilot9,1740867819941.0,0.0
pilot9,1740867894820.0,0.0
pilot9,1740867963995.0,0.0
pilot9,1740868028687.0,0.0
pilot9,1740868101153.0,0.0
pilot9,1740868161985.0,0.0
pilot9,1740868226862.0,0.0
pilot9,1740868287073.0,0.0
pilot9,1740868347955.0,0.0
pilot9,1740868409860.0,7.0
pilot9,1740868474680.0,23.0
pilot9,1740868553049.0,27.0
pilot9,1740868616674.0,18.0
pilot9,1740868680733.0,0.0
pilot9,1740868751752.0,12.0
pilot9,1740868821678.0,17.0
pilot9,1740868890665.0,99.0
pilot9,1740868951100.0,24.0
pilot9,1740869011383.0,0.0
pilot9,1740869075896.0,21.0
pilot9,1740869137353.0,0.0
pilot9,1740869198336.0,0.0
pilot9,1740869263261.0,0.0
pilot9,1740869329561.0,0.0
pilot9,1740869389909.0,0.0
pilot9,1740869460728.0,0.0
pilot9,1740869521113.0,0.0
pilot9,1740869588424.0,0.0
pilot9,1740869652293.0,0.0
pilot9,1740869715608.0,0.0
pilot9,1740869794406.0,0.0
pilot9,1740852053733.0,0.0
pilot9,1740852126944.0,0.0
pilot9,1740852197727.0,0.0
pilot9,1740852262548.0,0.0
pilot9,1740852338058.0,0.0
pilot9,1740852400024.0,0.0
pilot9,1740852465721.0,0.0
pilot9,1740852530606.0,0.0
pilot9,1740852591065.0,0.0
pilot9,1740852651734.0,0.0
pilot9,1740852713248.0,0.0
pilot9,1740852773455.0,0.0
pilot9,1740852833487.0,0.0
pilot9,1740852893836.0,0.0
pilot9,1740852953968.0,0.0
pilot9,1740853015164.0,0.0
pilot9,1740853081721.0,0.0
pilot9,1740853153044.0,0.0
pilot9,1740853227672.0,0.0
pilot9,1740853291081.0,0.0
pilot9,1740853368868.0,0.0
pilot9,1740853430015.0,0.0
pilot9,1740853493743.0,0.0
pilot9,1740853557167.0,0.0
pilot9,1740853620748.0,0.0
pilot9,1740853681252.0,0.0
pilot9,1740853741256.0,0.0
pilot9,1740853801409.0,0.0
pilot9,1740853861602.0,0.0
pilot9,1740853925079.0,10.0
pilot9,1740853985144.0,0.0
pilot9,1740854059816.0,0.0
pilot9,1740854133605.0,0.0
pilot9,1740854217942.0,0.0
pilot9,1740854281722.0,0.0
pilot9,1740854342079.0,0.0
pilot9,1740854403269.0,0.0
pilot9,1740854463539.0,0.0
pilot9,1740854524038.0,0.0
pilot9,1740854584491.0,0.0
pilot9,1740854646339.0,0.0
pilot9,1740854731731.0,0.0
pilot9,1740854795446.0,0.0
pilot9,1740854855452.0,0.0
pilot9,1740854916191.0,0.0
pilot9,1740854980726.0,0.0
pilot9,1740855043036.0,0.0
pilot9,1740855103704.0,0.0
pilot9,1740855177906.0,0.0
pilot9,1740855247333.0,0.0
pilot9,1740855307514.0,0.0
pilot9,1740855369836.0,0.0
pilot9,1740880962799.0,60.0
pilot9,1740881031837.0,113.0
pilot9,1740881106874.0,89.0
pilot9,1740881177491.0,58.0
pilot9,1740881255644.0,86.0
pilot9,1740881337795.0,138.0
pilot9,1740881421980.0,141.0
pilot9,1740881483850.0,76.0
pilot9,1740881568453.0,17.0
pilot9,1740881642785.0,47.0
pilot9,1740881727215.0,0.0
pilot9,1740881808037.0,115.0
pilot9,1740881892597.0,42.0
pilot9,1740881956771.0,54.0
pilot9,1740882028621.0,29.0
pilot9,1740882093478.0,146.0
pilot9,1740882158599.0,174.0
pilot9,1740882241930.0,141.0
pilot9,1740882308490.0,161.0
pilot9,1740882378769.0,159.0
pilot9,1740882441778.0,84.0
pilot9,1740882525713.0,0.0
pilot9,1740882591123.0,40.0
pilot9,1740882675316.0,3.0
pilot9,1740882748970.0,157.0
pilot9,1740882833085.0,54.0
pilot9,1740882918254.0,79.0
pilot9,1740882984147.0,38.0
pilot9,1740883049752.0,0.0
pilot9,1740883133761.0,12.0
pilot9,1740883218742.0,0.0
pilot9,1740883282764.0,58.0
pilot9,1740883367616.0,0.0
pilot9,1740883450804.0,0.0
pilot9,1740883514748.0,87.0
pilot9,1740883576775.0,71.0
pilot9,1740883661119.0,90.0
pilot9,1740883745586.0,84.0
pilot9,1740883828206.0,100.0
pilot9,1740883893743.0,44.0
pilot9,1740883978476.0,12.0
pilot9,1740884043134.0,99.0
pilot9,1740884127230.0,2.0
pilot9,1740884198348.0,87.0
pilot9,1740884277314.0,0.0
pilot9,1740884357740.0,13.0
pilot9,1740826888287.0,0.0
pilot9,1740826951369.0,0.0
pilot9,1740827015762.0,0.0
pilot9,1740827078758.0,0.0
pilot9,1740827140764.0,0.0
pilot9,1740827201751.0,0.0
pilot9,1740827263751.0,0.0
pilot9,1740827335923.0,0.0
pilot9,1740827396347.0,0.0
pilot9,1740827459509.0,0.0
pilot9,1740827526057.0,0.0
pilot9,1740827591623.0,0.0
pilot9,1740827655566.0,0.0
pilot9,1740827719510.0,0.0
pilot9,1740827781228.0,0.0
pilot9,1740827847416.0,0.0
pilot9,1740827911337.0,0.0
pilot9,1740827972761.0,0.0
pilot9,1740828039182.0,0.0
pilot9,1740828103108.0,0.0
pilot9,1740828163598.0,0.0
pilot9,1740828226403.0,0.0
pilot9,1740828287268.0,0.0
pilot9,1740828347687.0,0.0
pilot9,1740828422874.0,0.0
pilot9,1740828486852.0,0.0
pilot9,1740828550796.0,0.0
pilot9,1740828611946.0,0.0
pilot9,1740828674192.0,31.0
pilot9,1740828736130.0,49.0
pilot9,1740828810121.0,0.0
pilot9,1740828870746.0,22.0
pilot9,1740828948587.0,0.0
pilot9,1740829009443.0,0.0
pilot9,1740829082222.0,0.0
pilot9,1740829157132.0,0.0
pilot9,1740829227899.0,0.0
pilot9,1740829287900.0,23.0
pilot9,1740829350592.0,41.0
pilot9,1740829436138.0,0.0
pilot9,1740829501757.0,0.0
pilot9,1740829569510.0,0.0
pilot9,1740829629844.0,0.0
pilot9,1740829690916.0,0.0
pilot9,1740829751338.0,29.0
pilot9,1740829838079.0,16.0
pilot9,1740829898829.0,22.0
pilot9,1740829968102.0,0.0
pilot9,1740830045814.0,0.0
pilot9,1740830106414.0,0.0
pilot9,1740830184123.0,0.0
pilot9,1740859451128.0,0.0
pilot9,1740859513665.0,0.0
pilot9,1740859575072.0,0.0
pilot9,1740859635181.0,0.0
pilot9,1740859719435.0,0.0
pilot9,1740859795100.0,0.0
pilot9,1740859863085.0,0.0
pilot9,1740859926625.0,0.0
pilot9,1740860000669.0,0.0
pilot9,1740860062731.0,0.0
pilot9,1740860125143.0,0.0
pilot9,1740860203792.0,0.0
pilot9,1740860266731.0,0.0
pilot9,1740860327179.0,0.0
pilot9,1740860388427.0,0.0
pilot9,1740860448807.0,0.0
pilot9,1740860512720.0,0.0
pilot9,1740860576549.0,0.0
pilot9,1740860637433.0,0.0
pilot9,1740860701597.0,0.0
pilot9,1740860761598.0,0.0
pilot9,1740860821703.0,0.0
pilot9,1740860882880.0,0.0
pilot9,1740860943874.0,0.0
pilot9,1740861006772.0,0.0
pilot9,1740861069275.0,0.0
pilot9,1740861133460.0,0.0
pilot9,1740861195432.0,0.0
pilot9,1740861281414.0,0.0
pilot9,1740861361714.0,0.0
pilot9,1740861430687.0,0.0
pilot9,1740861491236.0,0.0
pilot9,1740861560797.0,0.0
pilot9,1740861621833.0,0.0
pilot9,1740861681834.0,0.0
pilot9,1740861743345.0,0.0
pilot9,1740861816035.0,0.0
pilot9,1740861878135.0,0.0
pilot9,1740861950689.0,0.0
pilot9,1740862010714.0,0.0
pilot9,1740862073717.0,0.0
pilot9,1740862151153.0,0.0
pilot9,1740862212104.0,0.0
pilot9,1740862275928.0,0.0
pilot9,1740862355072.0,0.0
pilot9,1740862431782.0,0.0
pilot9,1740862492777.0,0.0
pilot9,1740862566282.0,0.0
pilot9,1740862631382.0,0.0
pilot9,1740862693637.0,0.0
pilot9,1740862760516.0,0.0
pilot9,1740809056598.0,0.0
pilot9,1740809120471.0,0.0
pilot9,1740809184404.0,0.0
pilot9,1740809246784.0,0.0
pilot9,1740809307787.0,0.0
pilot9,1740809368829.0,0.0
pilot9,1740809429776.0,0.0
pilot9,1740809495781.0,0.0
pilot9,1740809567801.0,0.0
pilot9,1740809629187.0,0.0
pilot9,1740809695593.0,0.0
pilot9,1740809759499.0,0.0
pilot9,1740809821760.0,0.0
pilot9,1740809886024.0,0.0
pilot9,1740809949779.0,0.0
pilot9,1740810010796.0,0.0
pilot9,1740810072780.0,0.0
pilot9,1740810134783.0,0.0
pilot9,1740810196812.0,0.0
pilot9,1740810259783.0,0.0
pilot9,1740810334473.0,0.0
pilot9,1740810398386.0,0.0
pilot9,1740810460444.0,0.0
pilot9,1740810526183.0,0.0
pilot9,1740810590172.0,0.0
pilot9,1740810653975.0,0.0
pilot9,1740810714812.0,0.0
pilot9,1740810778653.0,0.0
pilot9,1740810840783.0,0.0
pilot9,1740810901616.0,0.0
pilot9,1740810962785.0,0.0
pilot9,1740811024786.0,0.0
pilot9,1740811085216.0,0.0
pilot9,1740811146784.0,0.0
pilot9,1740811207772.0,0.0
pilot9,1740811268814.0,0.0
pilot9,1740811329271.0,0.0
pilot9,1740811404634.0,0.0
pilot9,1740811468532.0,0.0
pilot9,1740811529268.0,0.0
pilot9,1740811596287.0,0.0
pilot9,1740811660173.0,0.0
pilot9,1740811722782.0,0.0
pilot9,1740811787423.0,0.0
pilot9,1740811849808.0,0.0
pilot9,1740811910779.0,0.0
pilot9,1740811972793.0,0.0
pilot9,1740812034811.0,0.0
pilot9,1740812107402.0,0.0
pilot9,1740812171264.0,0.0
pilot9,1740812235156.0,0.0
pilot9,1740812299036.0,0.0
pilot9,1740812362925.0,0.0
pilot9,1740888156885.0,83.0
pilot9,1740888242223.0,73.0
pilot9,1740888306666.0,105.0
pilot9,1740888391924.0,58.0
pilot9,1740888453118.0,4.0
pilot9,1740888538253.0,8.0
pilot9,1740888599780.0,13.0
pilot9,1740888660782.0,7.0
pilot9,1740888745600.0,12.0
pilot9,1740888809146.0,18.0
pilot9,1740888892729.0,34.0
pilot9,1740888976857.0,57.0
pilot9,1740889041531.0,55.0
pilot9,1740889125936.0,100.0
pilot9,1740889199198.0,9.0
pilot9,1740889279555.0,49.0
pilot9,1740889363622.0,105.0
pilot9,1740889429207.0,60.0
pilot9,1740889512804.0,13.0
pilot9,1740889576708.0,0.0
pilot9,1740889661734.0,10.0
pilot9,1740889725566.0,4.0
pilot9,1740889810283.0,75.0
pilot9,1740889873679.0,33.0
pilot9,1740889958308.0,17.0
pilot9,1740890032168.0,40.0
pilot9,1740890119623.0,69.0
pilot9,1740890204047.0,25.0
pilot9,1740890285758.0,54.0
pilot9,1740890370259.0,37.0
pilot9,1740890443440.0,90.0
pilot9,1740890528793.0,14.0
pilot9,1740890611394.0,0.0
pilot9,1740890696245.0,0.0
pilot9,1740890761353.0,0.0
pilot9,1740890821756.0,49.0
pilot9,1740890906259.0,83.0
pilot9,1740890970050.0,7.0
pilot9,1740891035711.0,28.0
pilot9,1740891120441.0,0.0
pilot9,1740891204093.0,0.0
pilot9,1740891268711.0,9.0
pilot9,1740891353816.0,0.0
pilot9,1740891417763.0,21.0
pilot9,1740891502556.0,35.0
pilot9,1740891569081.0,49.0
pilot9,1740855729932.0,0.0
pilot9,1740855793483.0,0.0
pilot9,1740855853818.0,0.0
pilot9,1740855914170.0,0.0
pilot9,1740855975510.0,0.0
pilot9,1740856036209.0,0.0
pilot9,1740856096302.0,0.0
pilot9,1740856159787.0,0.0
pilot9,1740856222066.0,0.0
pilot9,1740856282157.0,0.0
pilot9,1740856342483.0,0.0
pilot9,1740856402654.0,0.0
pilot9,1740856486990.0,0.0
pilot9,1740856549724.0,0.0
pilot9,1740856623215.0,0.0
pilot9,1740856697258.0,0.0
pilot9,1740856769926.0,0.0
pilot9,1740856852206.0,0.0
pilot9,1740856915711.0,0.0
pilot9,1740857002604.0,0.0
pilot9,1740857076774.0,0.0
pilot9,1740857137694.0,0.0
pilot9,1740857202454.0,0.0
pilot9,1740857262805.0,0.0
pilot9,1740857322806.0,0.0
pilot9,1740857405432.0,56.0
pilot9,1740857487769.0,0.0
pilot9,1740857548050.0,0.0
pilot9,1740857608405.0,0.0
pilot9,1740857684255.0,0.0
pilot9,1740857770157.0,0.0
pilot9,1740857831590.0,0.0
pilot9,1740857907695.0,0.0
pilot9,1740857981011.0,0.0
pilot9,1740858058264.0,0.0
pilot9,1740858130375.0,0.0
pilot9,1740858215651.0,0.0
pilot9,1740858277717.0,0.0
pilot9,1740858345553.0,0.0
pilot9,1740858409299.0,0.0
pilot9,1740858473002.0,0.0
pilot9,1740858537332.0,0.0
pilot9,1740858615310.0,0.0
pilot9,1740858677720.0,0.0
pilot9,1740858741758.0,0.0
pilot9,1740858809428.0,0.0
pilot9,1740858875771.0,0.0
pilot9,1740858951203.0,0.0
pilot9,1740859038830.0,0.0
pilot9,1740830540608.0,0.0
pilot9,1740830601455.0,0.0
pilot9,1740830662011.0,0.0
pilot9,1740830722293.0,0.0
pilot9,1740830783014.0,0.0
pilot9,1740830850747.0,0.0
pilot9,1740830910748.0,0.0
pilot9,1740830970753.0,0.0
pilot9,1740831050742.0,0.0
pilot9,1740831112746.0,0.0
pilot9,1740831181865.0,0.0
pilot9,1740831242714.0,0.0
pilot9,1740831310698.0,0.0
pilot9,1740831380766.0,0.0
pilot9,1740831443326.0,0.0
pilot9,1740831503717.0,0.0
pilot9,1740831564707.0,0.0
pilot9,1740831632747.0,0.0
pilot9,1740831692753.0,0.0
pilot9,1740831753659.0,0.0
pilot9,1740831838294.0,0.0
pilot9,1740831900740.0,0.0
pilot9,1740831970543.0,0.0
pilot9,1740832045301.0,0.0
pilot9,1740832113745.0,0.0
pilot9,1740832174595.0,0.0
pilot9,1740832234741.0,0.0
pilot9,1740832310669.0,0.0
pilot9,1740832371699.0,0.0
pilot9,1740832432096.0,0.0
pilot9,1740832499752.0,0.0
pilot9,1740832559753.0,0.0
pilot9,1740832619757.0,0.0
pilot9,1740832679761.0,0.0
pilot9,1740832740454.0,0.0
pilot9,1740832814909.0,0.0
pilot9,1740832875239.0,0.0
pilot9,1740832942110.0,0.0
pilot9,1740833002111.0,0.0
pilot9,1740833065284.0,0.0
pilot9,1740833127612.0,0.0
pilot9,1740833190458.0,0.0
pilot9,1740833250890.0,0.0
pilot9,1740833310891.0,0.0
pilot9,1740833371012.0,0.0
pilot9,1740833431385.0,0.0
pilot9,1740833492162.0,0.0
pilot9,1740833552511.0,0.0
pilot9,1740833612893.0,0.0
pilot9,1740833678202.0,0.0
pilot9,1740833738582.0,0.0
pilot9,1740833805755.0,0.0
pilot9,1740837874168.0,0.0
pilot9,1740837960966.0,0.0
pilot9,1740838023335.0,0.0
pilot9,1740838089735.0,0.0
pilot9,1740838172519.0,0.0
pilot9,1740838243749.0,0.0
pilot9,1740838315609.0,0.0
pilot9,1740838387836.0,0.0
pilot9,1740838448155.0,0.0
pilot9,1740838512013.0,0.0
pilot9,1740838576562.0,0.0
pilot9,1740838651772.0,0.0
pilot9,1740838712129.0,0.0
pilot9,1740838772461.0,0.0
pilot9,1740838833806.0,0.0
pilot9,1740838901741.0,0.0
pilot9,1740838961784.0,0.0
pilot9,1740839022551.0,0.0
pilot9,1740839082728.0,0.0
pilot9,1740839142738.0,0.0
pilot9,1740839226397.0,0.0
pilot9,1740839304098.0,0.0
pilot9,1740839370183.0,0.0
pilot9,1740839430696.0,0.0
pilot9,1740839495664.0,0.0
pilot9,1740839557249.0,0.0
pilot9,1740839622319.0,0.0
pilot9,1740839682548.0,0.0
pilot9,1740839744735.0,0.0
pilot9,1740839822142.0,0.0
pilot9,1740839882235.0,0.0
pilot9,1740839969190.0,0.0
pilot9,1740840034384.0,0.0
pilot9,1740840097155.0,0.0
pilot9,1740840157459.0,0.0
pilot9,1740840217460.0,0.0
pilot9,1740840277708.0,0.0
pilot9,1740840338037.0,0.0
pilot9,1740840398383.0,0.0
pilot9,1740840468006.0,0.0
pilot9,1740840528573.0,0.0
pilot9,1740840589418.0,32.0
pilot9,1740840649476.0,9.0
pilot9,1740840713120.0,0.0
pilot9,1740840782450.0,0.0
pilot9,1740840857737.0,0.0
pilot9,1740840918757.0,0.0
pilot9,1740840980738.0,0.0
pilot9,1740841044768.0,0.0
pilot9,1740841127570.0,0.0
pilot9,1740841213358.0,0.0
pilot9,1740871022328.0,0.0
pilot9,1740871084782.0,0.0
pilot9,1740871145089.0,0.0
pilot9,1740871205094.0,0.0
pilot9,1740871268123.0,0.0
pilot9,1740871328178.0,0.0
pilot9,1740871390081.0,0.0
pilot9,1740871452411.0,0.0
pilot9,1740871513385.0,0.0
pilot9,1740871577702.0,0.0
pilot9,1740871640587.0,0.0
pilot9,1740871701280.0,0.0
pilot9,1740871765179.0,0.0
pilot9,1740871830183.0,0.0
pilot9,1740871894043.0,0.0
pilot9,1740871958377.0,0.0
pilot9,1740872021618.0,0.0
pilot9,1740872085951.0,0.0
pilot9,1740872150271.0,0.0
pilot9,1740872210502.0,0.0
pilot9,1740872279471.0,0.0
pilot9,1740872339472.0,0.0
pilot9,1740872401573.0,0.0
pilot9,1740872464883.0,0.0
pilot9,1740872526976.0,0.0
pilot9,1740872589688.0,0.0
pilot9,1740872656080.0,0.0
pilot9,1740872718365.0,0.0
pilot9,1740872784796.0,0.0
pilot9,1740872845224.0,0.0
pilot9,1740872906223.0,0.0
pilot9,1740872966812.0,0.0
pilot9,1740873027301.0,0.0
pilot9,1740873089514.0,0.0
pilot9,1740873157927.0,0.0
pilot9,1740873223625.0,0.0
pilot9,1740873284476.0,0.0
pilot9,1740873347365.0,0.0
pilot9,1740873417652.0,0.0
pilot9,1740884428767.0,49.0
pilot9,1740884489694.0,36.0
pilot9,1740884566838.0,50.0
pilot9,1740884651308.0,119.0
pilot9,1740884721195.0,88.0
pilot9,1740884791536.0,83.0
pilot9,1740884852931.0,37.0
pilot9,1740884937356.0,89.0
pilot9,1740885021671.0,71.0
pilot9,1740885085712.0,49.0
pilot9,1740885168437.0,0.0
pilot9,1740885236852.0,12.0
pilot9,1740885302330.0,56.0
pilot9,1740885369662.0,115.0
pilot9,1740885438821.0,34.0
pilot9,1740885523576.0,71.0
pilot9,1740885601421.0,48.0
pilot9,1740885677581.0,47.0
pilot9,1740885748411.0,31.0
pilot9,1740885824960.0,41.0
pilot9,1740885885397.0,0.0
pilot9,1740885955750.0,3.0
pilot9,1740886038161.0,111.0
pilot9,1740886122206.0,21.0
pilot9,1740886206465.0,54.0
pilot9,1740886291991.0,31.0
pilot9,1740886353504.0,106.0
pilot9,1740886437871.0,17.0
pilot9,1740886504679.0,73.0
pilot9,1740886570837.0,90.0
pilot9,1740886650779.0,51.0
pilot9,1740886717437.0,0.0
pilot9,1740886786610.0,20.0
pilot9,1740886856182.0,0.0
pilot9,1740886931500.0,56.0
pilot9,1740887001044.0,57.0
pilot9,1740887071469.0,55.0
pilot9,1740887147522.0,14.0
pilot9,1740887207527.0,57.0
pilot9,1740887285827.0,25.0
pilot9,1740887368009.0,100.0
pilot9,1740887432732.0,67.0
pilot9,1740887516875.0,116.0
pilot9,1740887581522.0,70.0
pilot9,1740887665913.0,54.0
pilot9,1740887731601.0,84.0
pilot9,1740887814786.0,30.0
pilot9,1740887887653.0,42.0
pilot9,1740887948645.0,54.0
pilot9,1740888011504.0,49.0
pilot9,1740888088623.0,81.0
pilot9,1740805379088.0,0.0
pilot9,1740805442931.0,0.0
pilot9,1740805504832.0,0.0
pilot9,1740805565819.0,0.0
pilot9,1740805625907.0,0.0
pilot9,1740805686430.0,0.0
pilot9,1740805748800.0,0.0
pilot9,1740805810801.0,0.0
pilot9,1740805871785.0,0.0
pilot9,1740805932788.0,0.0
pilot9,1740805994794.0,0.0
pilot9,1740806056905.0,0.0
pilot9,1740806117656.0,0.0
pilot9,1740806181572.0,0.0
pilot9,1740806245432.0,0.0
pilot9,1740806309316.0,0.0
pilot9,1740806373162.0,0.0
pilot9,1740806437021.0,0.0
pilot9,1740806497645.0,0.0
pilot9,1740806564762.0,0.0
pilot9,1740806628614.0,0.0
pilot9,1740806692481.0,0.0
pilot9,1740806756360.0,0.0
pilot9,1740806820260.0,0.0
pilot9,1740806882815.0,0.0
pilot9,1740806943568.0,0.0
pilot9,1740807005817.0,0.0
pilot9,1740807066891.0,0.0
pilot9,1740807127787.0,0.0
pilot9,1740807203574.0,0.0
pilot9,1740807267458.0,0.0
pilot9,1740807331315.0,0.0
pilot9,1740807395185.0,0.0
pilot9,1740807455791.0,0.0
pilot9,1740807523014.0,0.0
pilot9,1740807586874.0,0.0
pilot9,1740807649827.0,0.0
pilot9,1740807714648.0,0.0
pilot9,1740807777191.0,0.0
pilot9,1740807839028.0,0.0
pilot9,1740807903620.0,0.0
pilot9,1740807970278.0,0.0
pilot9,1740808034200.0,0.0
pilot9,1740808098110.0,0.0
pilot9,1740808161996.0,0.0
pilot9,1740808225914.0,0.0
pilot9,1740808289823.0,0.0
pilot9,1740808353649.0,0.0
pilot9,1740808415804.0,0.0
pilot9,1740808478847.0,0.0
pilot9,1740808540788.0,0.0
pilot9,1740808602951.0,0.0
pilot9,1740808664788.0,0.0
pilot9,1740823398766.0,0.0
pilot9,1740823460782.0,0.0
pilot9,1740823521701.0,0.0
pilot9,1740823585772.0,0.0
pilot9,1740823655770.0,0.0
pilot9,1740823724196.0,0.0
pilot9,1740823788100.0,0.0
pilot9,1740823852015.0,0.0
pilot9,1740823915930.0,0.0
pilot9,1740823977052.0,0.0
pilot9,1740824043772.0,0.0
pilot9,1740824104780.0,0.0
pilot9,1740824166761.0,0.0
pilot9,1740824228761.0,0.0
pilot9,1740824290764.0,0.0
pilot9,1740824351760.0,0.0
pilot9,1740824415953.0,0.0
pilot9,1740824484413.0,0.0
pilot9,1740824555173.0,0.0
pilot9,1740824615771.0,0.0
pilot9,1740824683035.0,0.0
pilot9,1740824746971.0,0.0
pilot9,1740824810788.0,0.0
pilot9,1740824871756.0,0.0
pilot9,1740824933772.0,0.0
pilot9,1740824994802.0,0.0
pilot9,1740825054862.0,0.0
pilot9,1740825119191.0,0.0
pilot9,1740825180832.0,0.0
pilot9,1740825242310.0,0.0
pilot9,1740825306237.0,0.0
pilot9,1740825369975.0,0.0
pilot9,1740825434099.0,0.0
pilot9,1740825497992.0,0.0
pilot9,1740825561891.0,0.0
pilot9,1740825625828.0,0.0
pilot9,1740825688224.0,0.0
pilot9,1740825753654.0,0.0
pilot9,1740825814769.0,0.0
pilot9,1740825880771.0,0.0
pilot9,1740825941771.0,0.0
pilot9,1740826003779.0,0.0
pilot9,1740826065805.0,0.0
pilot9,1740826126788.0,0.0
pilot9,1740826188763.0,0.0
pilot9,1740826248991.0,0.0
pilot9,1740826311778.0,0.0
pilot9,1740826373754.0,0.0
pilot9,1740826435777.0,0.0
pilot9,1740826497789.0,0.0
pilot9,1740826568618.0,0.0
pilot9,1740826630400.0,0.0
pilot9,1740826691267.0,0.0
pilot9,1740826754778.0,0.0
pilot9,1740826824296.0,0.0
pilot9,1740873788341.0,0.0
pilot9,1740873848535.0,0.0
pilot9,1740873909921.0,0.0
pilot9,1740873973718.0,0.0
pilot9,1740874038797.0,0.0
pilot9,1740874100985.0,0.0
pilot9,1740874162801.0,0.0
pilot9,1740874247550.0,0.0
pilot9,1740874308446.0,0.0
pilot9,1740874371746.0,0.0
pilot9,1740874432809.0,0.0
pilot9,1740874500015.0,0.0
pilot9,1740874567813.0,0.0
pilot9,1740874644505.0,0.0
pilot9,1740874722364.0,0.0
pilot9,1740874807695.0,0.0
pilot9,1740874889228.0,0.0
pilot9,1740874956816.0,0.0
pilot9,1740875022804.0,0.0
pilot9,1740875084817.0,0.0
pilot9,1740875163070.0,0.0
pilot9,1740875243093.0,0.0
pilot9,1740875323646.0,0.0
pilot9,1740875398169.0,0.0
pilot9,1740875469962.0,0.0
pilot9,1740875530418.0,0.0
pilot9,1740875593178.0,0.0
pilot9,1740875659649.0,0.0
pilot9,1740875721803.0,0.0
pilot9,1740875792692.0,0.0
pilot9,1740875869417.0,0.0
pilot9,1740875932339.0,0.0
pilot9,1740875999394.0,0.0
pilot9,1740876062053.0,0.0
pilot9,1740876129567.0,0.0
pilot9,1740876191112.0,0.0
pilot9,1740876252026.0,0.0
pilot9,1740876312347.0,0.0
pilot9,1740876372698.0,0.0
pilot9,1740876433044.0,0.0
pilot9,1740876494294.0,0.0
pilot9,1740876554733.0,0.0
pilot9,1740876614875.0,0.0
pilot9,1740876675314.0,0.0
pilot9,1740876740889.0,0.0
pilot9,1740876802827.0,0.0
pilot9,1740876865087.0,0.0
pilot9,1740876936321.0,0.0
pilot9,1740877014124.0,0.0
pilot9,1740877080843.0,0.0
pilot9,1740877483411.0,0.0
pilot9,1740877563152.0,24.0
pilot9,1740877635290.0,32.0
pilot9,1740877720428.0,10.0
pilot9,1740877804012.0,4.0
pilot9,1740877868778.0,0.0
pilot9,1740877953646.0,16.0
pilot9,1740878018173.0,8.0
pilot9,1740878097200.0,0.0
pilot9,1740878171843.0,46.0
pilot9,1740878244772.0,13.0
pilot9,1740878329507.0,0.0
pilot9,1740878413498.0,49.0
pilot9,1740878492344.0,22.0
pilot9,1740878561871.0,155.0
pilot9,1740878645705.0,106.0
pilot9,1740878710847.0,212.0
pilot9,1740878770865.0,78.0
pilot9,1740878833473.0,109.0
pilot9,1740878906740.0,0.0
pilot9,1740878981304.0,0.0
pilot9,1740879045768.0,33.0
pilot9,1740879130375.0,0.0
pilot9,1740879210210.0,0.0
pilot9,1740879277766.0,0.0
pilot9,1740879362822.0,0.0
pilot9,1740879426830.0,0.0
pilot9,1740879510700.0,100.0
pilot9,1740879594619.0,130.0
pilot9,1740879680345.0,28.0
pilot9,1740879764491.0,85.0
pilot9,1740879842355.0,126.0
pilot9,1740879924940.0,0.0
pilot9,1740879992857.0,76.0
pilot9,1740880077750.0,82.0
pilot9,1740880141775.0,0.0
pilot9,1740880225806.0,10.0
pilot9,1740880289583.0,107.0
pilot9,1740880373405.0,127.0
pilot9,1740880457758.0,85.0
pilot9,1740880522788.0,117.0
pilot9,1740880606682.0,94.0
pilot9,1740902619229.0,0.0
pilot9,1740902680181.0,0.0
pilot9,1740902749713.0,0.0
pilot9,1740902817401.0,0.0
pilot9,1740902904261.0,0.0
pilot9,1740902990207.0,0.0
pilot9,1740903051716.0,0.0
pilot9,1740903118722.0,0.0
pilot9,1740903180706.0,0.0
pilot9,1740903240754.0,0.0
pilot9,1740903306644.0,0.0
pilot9,1740903379176.0,24.0
pilot9,1740903440783.0,87.0
pilot9,1740903502290.0,34.0
pilot9,1740903562704.0,0.0
pilot9,1740903626463.0,0.0
pilot9,1740903689706.0,0.0
pilot9,1740903750713.0,0.0
pilot9,1740903813991.0,0.0
pilot9,1740903877739.0,0.0
pilot9,1740903941977.0,0.0
pilot9,1740904007715.0,0.0
pilot9,1740904071846.0,0.0
pilot9,1740904133565.0,0.0
pilot9,1740904194889.0,0.0
pilot9,1740904259368.0,0.0
pilot9,1740904321800.0,0.0
pilot9,1740904382144.0,0.0
pilot9,1740904446566.0,0.0
pilot9,1740904508487.0,0.0
pilot9,1740904569714.0,0.0
pilot9,1740904630006.0,0.0
pilot9,1740904690235.0,0.0
pilot9,1740904750306.0,0.0
pilot9,1740904810436.0,0.0
pilot9,1740904873714.0,0.0
pilot9,1740904936702.0,0.0
pilot9,1740904997710.0,0.0
pilot9,1740905062708.0,0.0
pilot9,1740905126640.0,0.0
pilot9,1740905188701.0,0.0
pilot9,1740905261650.0,0.0
pilot9,1740905325501.0,0.0
pilot9,1740905389335.0,0.0
pilot9,1740905453177.0,0.0
pilot9,1740905514715.0,0.0
pilot9,1740905576709.0,0.0
pilot9,1740905636982.0,0.0
pilot9,1740905698116.0,0.0
pilot9,1740905759499.0,0.0
pilot9,1740905826241.0,0.0
pilot9,1740905900115.0,0.0
pilot9,1740949312621.0,0.0
pilot9,1740949373646.0,0.0
pilot9,1740949459629.0,0.0
pilot9,1740949524237.0,0.0
pilot9,1740949610305.0,0.0
pilot9,1740949696304.0,0.0
pilot9,1740949782386.0,0.0
pilot9,1740949865235.0,0.0
pilot9,1740949949079.0,0.0
pilot9,1740950033669.0,0.0
pilot9,1740950099306.0,0.0
pilot9,1740950159450.0,0.0
pilot9,1740950239350.0,0.0
pilot9,1740950303429.0,0.0
pilot9,1740950387309.0,0.0
pilot9,1740950449613.0,0.0
pilot9,1740950535513.0,0.0
pilot9,1740950606305.0,0.0
pilot9,1740950692387.0,0.0
pilot9,1740950779007.0,0.0
pilot9,1740950842894.0,0.0
pilot9,1740950907438.0,0.0
pilot9,1740950993459.0,0.0
pilot9,1740951054648.0,0.0
pilot9,1740951114873.0,0.0
pilot9,1740951175620.0,0.0
pilot9,1740951261521.0,0.0
pilot9,1740951347610.0,0.0
pilot9,1740951411449.0,0.0
pilot9,1740951494353.0,0.0
pilot9,1740951557425.0,0.0
pilot9,1740951627230.0,0.0
pilot9,1740951713081.0,0.0
pilot9,1740951774439.0,0.0
pilot9,1740951843932.0,0.0
pilot9,1740951907425.0,0.0
pilot9,1740951988814.0,0.0
pilot9,1740952076166.0,0.0
pilot9,1740952136645.0,0.0
pilot9,1740952222666.0,0.0
pilot9,1740952300169.0,0.0
pilot9,1740952385776.0,0.0
pilot9,1740952468691.0,0.0
pilot9,1740952532436.0,0.0
pilot9,1740952619278.0,0.0
pilot9,1740952705323.0,0.0
pilot9,1740906281704.0,0.0
pilot9,1740906345544.0,0.0
pilot9,1740906405883.0,0.0
pilot9,1740906466073.0,0.0
pilot9,1740906526822.0,0.0
pilot9,1740906596744.0,0.0
pilot9,1740906666181.0,0.0
pilot9,1740906729714.0,0.0
pilot9,1740906790914.0,0.0
pilot9,1740906853716.0,0.0
pilot9,1740906915743.0,0.0
pilot9,1740906977709.0,0.0
pilot9,1740907039834.0,0.0
pilot9,1740907100701.0,0.0
pilot9,1740907160840.0,0.0
pilot9,1740907221703.0,0.0
pilot9,1740907282704.0,0.0
pilot9,1740907343724.0,0.0
pilot9,1740907404807.0,0.0
pilot9,1740907470635.0,0.0
pilot9,1740907532715.0,0.0
pilot9,1740907596710.0,0.0
pilot9,1740907658190.0,0.0
pilot9,1740907719305.0,0.0
pilot9,1740907783179.0,0.0
pilot9,1740907846968.0,0.0
pilot9,1740907910805.0,0.0
pilot9,1740907974609.0,0.0
pilot9,1740908036713.0,0.0
pilot9,1740908102258.0,0.0
pilot9,1740908165715.0,0.0
pilot9,1740908227703.0,0.0
pilot9,1740908289717.0,0.0
pilot9,1740908350710.0,0.0
pilot9,1740908413748.0,0.0
pilot9,1740908474702.0,0.0
pilot9,1740908548996.0,0.0
pilot9,1740908612783.0,0.0
pilot9,1740908676615.0,0.0
pilot9,1740908740421.0,0.0
pilot9,1740908804210.0,0.0
pilot9,1740908868037.0,0.0
pilot9,1740908931783.0,0.0
pilot9,1740908995661.0,0.0
pilot9,1740909058734.0,0.0
pilot9,1740909120788.0,0.0
pilot9,1740909181714.0,0.0
pilot9,1740909244711.0,0.0
pilot9,1740909305701.0,0.0
pilot9,1740909367707.0,0.0
pilot9,1740909432697.0,0.0
pilot9,1740909493698.0,0.0
pilot9,1740909553854.0,0.0
pilot9,1740931312933.0,0.0
pilot9,1740931398140.0,11.0
pilot9,1740931461711.0,42.0
pilot9,1740931526127.0,0.0
pilot9,1740931589032.0,0.0
pilot9,1740931652989.0,0.0
pilot9,1740931732886.0,0.0
pilot9,1740931793891.0,0.0
pilot9,1740931861974.0,0.0
pilot9,1740931924705.0,19.0
pilot9,1740932006050.0,0.0
pilot9,1740932076580.0,0.0
pilot9,1740932143876.0,0.0
pilot9,1740932206511.0,0.0
pilot9,1740932270979.0,0.0
pilot9,1740932335399.0,0.0
pilot9,1740932395788.0,0.0
pilot9,1740932457576.0,0.0
pilot9,1740932517577.0,0.0
pilot9,1740932578305.0,0.0
pilot9,1740932638670.0,0.0
pilot9,1740932699441.0,0.0
pilot9,1740932759847.0,0.0
pilot9,1740932820694.0,0.0
pilot9,1740932881991.0,0.0
pilot9,1740932943907.0,0.0
pilot9,1740933010493.0,0.0
pilot9,1740933070547.0,0.0
pilot9,1740933137673.0,0.0
pilot9,1740933198671.0,0.0
pilot9,1740933262066.0,0.0
pilot9,1740933322408.0,0.0
pilot9,1740933399665.0,0.0
pilot9,1740933465047.0,0.0
pilot9,1740933550512.0,0.0
pilot9,1740933610886.0,21.0
pilot9,1740933677560.0,33.0
pilot9,1740933738455.0,33.0
pilot9,1740933803899.0,63.0
pilot9,1740933870203.0,6.0
pilot9,1740933934096.0,0.0
pilot9,1740934001669.0,46.0
pilot9,1740934066670.0,0.0
pilot9,1740934126672.0,0.0
pilot9,1740934194663.0,0.0
pilot9,1740934260593.0,0.0
pilot9,1740934322906.0,0.0
pilot9,1740934390698.0,0.0
pilot9,1740934453233.0,9.0
pilot9,1740934513550.0,0.0
pilot9,1740934574930.0,0.0
pilot9,1740934635053.0,0.0
pilot9,1740934695119.0,0.0
pilot9,1740898920743.0,0.0
pilot9,1740899003912.0,0.0
pilot9,1740899073677.0,0.0
pilot9,1740899135058.0,0.0
pilot9,1740899216523.0,0.0
pilot9,1740899280311.0,0.0
pilot9,1740899341716.0,0.0
pilot9,1740899407349.0,0.0
pilot9,1740899489286.0,0.0
pilot9,1740899554687.0,0.0
pilot9,1740899640378.0,0.0
pilot9,1740899703081.0,0.0
pilot9,1740899779065.0,0.0
pilot9,1740899843779.0,0.0
pilot9,1740899926691.0,0.0
pilot9,1740900003566.0,0.0
pilot9,1740900063585.0,0.0
pilot9,1740900128724.0,0.0
pilot9,1740900210256.0,0.0
pilot9,1740900276696.0,0.0
pilot9,1740900362340.0,0.0
pilot9,1740900426217.0,0.0
pilot9,1740900496344.0,0.0
pilot9,1740900569227.0,0.0
pilot9,1740900643690.0,0.0
pilot9,1740900721796.0,0.0
pilot9,1740900793098.0,0.0
pilot9,1740900859738.0,0.0
pilot9,1740900940012.0,0.0
pilot9,1740901006687.0,0.0
pilot9,1740901091415.0,0.0
pilot9,1740901156069.0,0.0
pilot9,1740901223299.0,0.0
pilot9,1740901285781.0,25.0
pilot9,1740901346099.0,5.0
pilot9,1740901406103.0,22.0
pilot9,1740901467235.0,0.0
pilot9,1740901547533.0,24.0
pilot9,1740901613904.0,34.0
pilot9,1740901681421.0,0.0
pilot9,1740901746714.0,43.0
pilot9,1740901808325.0,0.0
pilot9,1740901876092.0,0.0
pilot9,1740901949136.0,0.0
pilot9,1740902010730.0,0.0
pilot9,1740902077716.0,0.0
pilot9,1740902143853.0,0.0
pilot9,1740902213984.0,0.0
pilot9,1740902275400.0,0.0
pilot9,1740927711708.0,0.0
pilot9,1740927784233.0,0.0
pilot9,1740927865068.0,0.0
pilot9,1740927925416.0,0.0
pilot9,1740927985844.0,0.0
pilot9,1740928052600.0,0.0
pilot9,1740928112672.0,0.0
pilot9,1740928173000.0,0.0
pilot9,1740928233508.0,20.0
pilot9,1740928293618.0,0.0
pilot9,1740928353619.0,0.0
pilot9,1740928418881.0,0.0
pilot9,1740928479076.0,0.0
pilot9,1740928556247.0,0.0
pilot9,1740928627732.0,0.0
pilot9,1740928703680.0,0.0
pilot9,1740928767601.0,0.0
pilot9,1740928828199.0,0.0
pilot9,1740928894945.0,0.0
pilot9,1740928955106.0,0.0
pilot9,1740929015247.0,0.0
pilot9,1740929076643.0,0.0
pilot9,1740929141688.0,0.0
pilot9,1740929201689.0,28.0
pilot9,1740929265112.0,0.0
pilot9,1740929325414.0,0.0
pilot9,1740929385775.0,0.0
pilot9,1740929453872.0,0.0
pilot9,1740929533491.0,0.0
pilot9,1740929595740.0,0.0
pilot9,1740929656676.0,0.0
pilot9,1740929722901.0,0.0
pilot9,1740929800610.0,0.0
pilot9,1740929861699.0,0.0
pilot9,1740929926980.0,0.0
pilot9,1740929987116.0,0.0
pilot9,1740930047605.0,0.0
pilot9,1740930107987.0,0.0
pilot9,1740930180495.0,0.0
pilot9,1740930259684.0,0.0
pilot9,1740930327690.0,0.0
pilot9,1740930393964.0,48.0
pilot9,1740930453966.0,28.0
pilot9,1740930514437.0,28.0
pilot9,1740930589295.0,0.0
pilot9,1740930649638.0,0.0
pilot9,1740930710947.0,0.0
pilot9,1740930791788.0,0.0
pilot9,1740930856676.0,0.0
pilot9,1740930927416.0,0.0
pilot9,1740930993590.0,0.0
pilot9,1740935045705.0,0.0
pilot9,1740935114746.0,0.0
pilot9,1740935177973.0,0.0
pilot9,1740935238541.0,0.0
pilot9,1740935305798.0,0.0
pilot9,1740935366158.0,0.0
pilot9,1740935426457.0,0.0
pilot9,1740935486624.0,0.0
pilot9,1740935547030.0,11.0
pilot9,1740935612671.0,55.0
pilot9,1740935685675.0,48.0
pilot9,1740935747219.0,0.0
pilot9,1740935819106.0,0.0
pilot9,1740935883211.0,33.0
pilot9,1740935968403.0,101.0
pilot9,1740936032673.0,12.0
pilot9,1740936107175.0,9.0
pilot9,1740936167447.0,9.0
pilot9,1740936233440.0,101.0
pilot9,1740936293780.0,112.0
pilot9,1740936358365.0,30.0
pilot9,1740936420658.0,212.0
pilot9,1740936507557.0,80.0
pilot9,1740936569035.0,77.0
pilot9,1740936638768.0,10.0
pilot9,1740936700722.0,17.0
pilot9,1740936769662.0,0.0
pilot9,1740936832169.0,0.0
pilot9,1740936895154.0,0.0
pilot9,1740936959961.0,0.0
pilot9,1740937023379.0,0.0
pilot9,1740937090160.0,0.0
pilot9,1740937158490.0,0.0
pilot9,1740937236684.0,0.0
pilot9,1740937297509.0,0.0
pilot9,1740937357677.0,0.0
pilot9,1740937429668.0,0.0
pilot9,1740937503098.0,0.0
pilot9,1740937566906.0,0.0
pilot9,1740937641037.0,0.0
pilot9,1740937715123.0,12.0
pilot9,1740937781416.0,38.0
pilot9,1740937843754.0,132.0
pilot9,1740937903758.0,66.0
pilot9,1740937973074.0,93.0
pilot9,1740938057509.0,124.0
pilot9,1740938138538.0,100.0
pilot9,1740938207174.0,95.0
pilot9,1740938273169.0,0.0
pilot9,1740938345779.0,16.0
pilot9,1740920574315.0,0.0
pilot9,1740920637687.0,0.0
pilot9,1740920701880.0,0.0
pilot9,1740920765698.0,0.0
pilot9,1740920828686.0,0.0
pilot9,1740920888969.0,0.0
pilot9,1740920951693.0,0.0
pilot9,1740921012690.0,0.0
pilot9,1740921073684.0,0.0
pilot9,1740921133956.0,0.0
pilot9,1740921194825.0,0.0
pilot9,1740921256682.0,0.0
pilot9,1740921323789.0,0.0
pilot9,1740921387613.0,0.0
pilot9,1740921447699.0,0.0
pilot9,1740921515142.0,0.0
pilot9,1740921578129.0,0.0
pilot9,1740921642720.0,0.0
pilot9,1740921706546.0,0.0
pilot9,1740921766869.0,0.0
pilot9,1740921834182.0,0.0
pilot9,1740921898016.0,0.0
pilot9,1740921961815.0,0.0
pilot9,1740922025607.0,0.0
pilot9,1740922088702.0,0.0
pilot9,1740922153257.0,0.0
pilot9,1740922217052.0,0.0
pilot9,1740922280854.0,0.0
pilot9,1740922344678.0,0.0
pilot9,1740922424440.0,0.0
pilot9,1740922485549.0,0.0
pilot9,1740922548685.0,0.0
pilot9,1740922615868.0,0.0
pilot9,1740922677690.0,0.0
pilot9,1740922741682.0,0.0
pilot9,1740922809674.0,0.0
pilot9,1740922875101.0,0.0
pilot9,1740922949904.0,0.0
pilot9,1740923016248.0,0.0
pilot9,1740923081683.0,0.0
pilot9,1740923142408.0,0.0
pilot9,1740923203247.0,0.0
pilot9,1740923281577.0,0.0
pilot9,1740923342501.0,0.0
pilot9,1740923402712.0,0.0
pilot9,1740923463096.0,0.0
pilot9,1740923523110.0,0.0
pilot9,1740923583140.0,0.0
pilot9,1740923647481.0,0.0
pilot9,1740923708775.0,0.0
pilot9,1740923770679.0,0.0
pilot9,1740923830868.0,0.0
pilot9,1740923895109.0,0.0
pilot9,1740953076081.0,0.0
pilot9,1740953140971.0,0.0
pilot9,1740953227123.0,0.0
pilot9,1740953307578.0,0.0
pilot9,1740953369023.0,0.0
pilot9,1740953431427.0,0.0
pilot9,1740953516094.0,0.0
pilot9,1740953597240.0,0.0
pilot9,1740953673507.0,0.0
pilot9,1740953760128.0,0.0
pilot9,1740953820745.0,73.0
pilot9,1740953889567.0,14.0
pilot9,1740953974414.0,26.0
pilot9,1740954060866.0,67.0
pilot9,1740954128640.0,0.0
pilot9,1740954192605.0,10.0
pilot9,1740954261613.0,34.0
pilot9,1740954331525.0,19.0
pilot9,1740954402515.0,0.0
pilot9,1740954467612.0,0.0
pilot9,1740954532108.0,0.0
pilot9,1740954592834.0,0.0
pilot9,1740954659975.0,0.0
pilot9,1740954722966.0,0.0
pilot9,1740954783380.0,0.0
pilot9,1740954849277.0,0.0
pilot9,1740954909743.0,0.0
pilot9,1740954972425.0,0.0
pilot9,1740955042418.0,0.0
pilot9,1740955102639.0,0.0
pilot9,1740955181358.0,0.0
pilot9,1740955245657.0,0.0
pilot9,1740955307643.0,0.0
pilot9,1740955377355.0,0.0
pilot9,1740955454642.0,0.0
pilot9,1740955520636.0,0.0
pilot9,1740955594813.0,0.0
pilot9,1740955659704.0,0.0
pilot9,1740955720301.0,0.0
pilot9,1740955783106.0,0.0
pilot9,1740955849739.0,0.0
pilot9,1740955912648.0,0.0
pilot9,1740955973050.0,0.0
pilot9,1740956055610.0,0.0
pilot9,1740956119471.0,0.0
pilot9,1740956179819.0,0.0
pilot9,1740938409551.0,97.0
pilot9,1740938473690.0,62.0
pilot9,1740938554528.0,0.0
pilot9,1740938621609.0,0.0
pilot9,1740938694081.0,0.0
pilot9,1740938763438.0,0.0
pilot9,1740938841417.0,8.0
pilot9,1740938919346.0,129.0
pilot9,1740938983479.0,26.0
pilot9,1740939048703.0,0.0
pilot9,1740939113068.0,0.0
pilot9,1740939173360.0,0.0
pilot9,1740939233549.0,0.0
pilot9,1740939293610.0,0.0
pilot9,1740939353963.0,0.0
pilot9,1740939414800.0,0.0
pilot9,1740939474844.0,0.0
pilot9,1740939535506.0,0.0
pilot9,1740939601663.0,0.0
pilot9,1740939665240.0,0.0
pilot9,1740939736684.0,0.0
pilot9,1740939811993.0,0.0
pilot9,1740939874064.0,0.0
pilot9,1740939954042.0,0.0
pilot9,1740940016367.0,0.0
pilot9,1740940076582.0,0.0
pilot9,1740940138680.0,0.0
pilot9,1740940204445.0,0.0
pilot9,1740940285410.0,0.0
pilot9,1740940350487.0,0.0
pilot9,1740940433292.0,0.0
pilot9,1740940493763.0,0.0
pilot9,1740940553764.0,0.0
pilot9,1740940614889.0,0.0
pilot9,1740940674919.0,0.0
pilot9,1740940735517.0,0.0
pilot9,1740940800507.0,0.0
pilot9,1740940861069.0,0.0
pilot9,1740940921597.0,0.0
pilot9,1740940988016.0,0.0
pilot9,1740941051188.0,0.0
pilot9,1740941134759.0,0.0
pilot9,1740941206661.0,0.0
pilot9,1740941267661.0,0.0
pilot9,1740941335502.0,0.0
pilot9,1740941396770.0,0.0
pilot9,1740941457751.0,106.0
pilot9,1740941518435.0,125.0
pilot9,1740941583661.0,27.0
pilot9,1740941643996.0,17.0
pilot9,1740941704241.0,0.0
pilot9,1740941764478.0,0.0
pilot9,1740913253611.0,0.0
pilot9,1740913317426.0,0.0
pilot9,1740913381234.0,0.0
pilot9,1740913445064.0,0.0
pilot9,1740913505709.0,0.0
pilot9,1740913571702.0,0.0
pilot9,1740913633701.0,0.0
pilot9,1740913694711.0,0.0
pilot9,1740913756691.0,0.0
pilot9,1740913818693.0,0.0
pilot9,1740913880700.0,0.0
pilot9,1740913946697.0,0.0
pilot9,1740914019230.0,0.0
pilot9,1740914083023.0,0.0
pilot9,1740914146827.0,0.0
pilot9,1740914210617.0,0.0
pilot9,1740914274392.0,0.0
pilot9,1740914334473.0,0.0
pilot9,1740914397709.0,0.0
pilot9,1740914463692.0,0.0
pilot9,1740914524717.0,0.0
pilot9,1740914593399.0,0.0
pilot9,1740914655316.0,0.0
pilot9,1740914720699.0,0.0
pilot9,1740914784788.0,0.0
pilot9,1740914848553.0,0.0
pilot9,1740914912320.0,0.0
pilot9,1740914976100.0,0.0
pilot9,1740915039903.0,0.0
pilot9,1740915103679.0,0.0
pilot9,1740915164707.0,0.0
pilot9,1740915231170.0,0.0
pilot9,1740915294932.0,0.0
pilot9,1740915357705.0,0.0
pilot9,1740915422520.0,0.0
pilot9,1740915486325.0,0.0
pilot9,1740915550120.0,0.0
pilot9,1740915613915.0,0.0
pilot9,1740915674151.0,0.0
pilot9,1740915741522.0,0.0
pilot9,1740915805336.0,0.0
pilot9,1740915866703.0,0.0
pilot9,1740915928694.0,0.0
pilot9,1740915989729.0,0.0
pilot9,1740916051704.0,0.0
pilot9,1740916113689.0,0.0
pilot9,1740916178689.0,0.0
pilot9,1740916247696.0,0.0
pilot9,1740916315522.0,0.0
pilot9,1740916379300.0,0.0
pilot9,1740916443048.0,0.0
pilot9,1740916506809.0,0.0
pilot9,1740916570575.0,0.0
pilot9,1740945864883.0,0.0
pilot9,1740945939205.0,0.0
pilot9,1740946026609.0,0.0
pilot9,1740946102646.0,0.0
pilot9,1740946170333.0,0.0
pilot9,1740946238761.0,0.0
pilot9,1740946321949.0,0.0
pilot9,1740946382498.0,0.0
pilot9,1740946461655.0,0.0
pilot9,1740946535288.0,0.0
pilot9,1740946607021.0,0.0
pilot9,1740946676742.0,0.0
pilot9,1740946738162.0,0.0
pilot9,1740946814921.0,0.0
pilot9,1740946901050.0,0.0
pilot9,1740946966497.0,0.0
pilot9,1740947048293.0,0.0
pilot9,1740947134310.0,0.0
pilot9,1740947197940.0,0.0
pilot9,1740947262476.0,0.0
pilot9,1740947322978.0,0.0
pilot9,1740947400731.0,0.0
pilot9,1740947474193.0,0.0
pilot9,1740947534494.0,0.0
pilot9,1740947601851.0,0.0
pilot9,1740947682541.0,0.0
pilot9,1740947746626.0,0.0
pilot9,1740947809499.0,0.0
pilot9,1740947895409.0,0.0
pilot9,1740947955709.0,0.0
pilot9,1740948024223.0,0.0
pilot9,1740948105147.0,0.0
pilot9,1740948168240.0,0.0
pilot9,1740948238688.0,0.0
pilot9,1740948312186.0,0.0
pilot9,1740948376263.0,0.0
pilot9,1740948437209.0,0.0
pilot9,1740948520918.0,0.0
pilot9,1740948607250.0,0.0
pilot9,1740948687840.0,0.0
pilot9,1740948773952.0,0.0
pilot9,1740948859997.0,0.0
pilot9,1740948924415.0,0.0
pilot9,1740949011361.0,0.0
pilot9,1740949072069.0,0.0
pilot9,1740949157841.0,0.0
pilot9,1740949229232.0,0.0
pilot9,1740895256339.0,0.0
pilot9,1740895328133.0,0.0
pilot9,1740895389985.0,0.0
pilot9,1740895454079.0,0.0
pilot9,1740895514656.0,0.0
pilot9,1740895576147.0,0.0
pilot9,1740895636718.0,0.0
pilot9,1740895698719.0,0.0
pilot9,1740895762031.0,0.0
pilot9,1740895822414.0,0.0
pilot9,1740895883721.0,0.0
pilot9,1740895947158.0,0.0
pilot9,1740896028447.0,0.0
pilot9,1740896091685.0,0.0
pilot9,1740896161607.0,0.0
pilot9,1740896223679.0,0.0
pilot9,1740896283680.0,0.0
pilot9,1740896344935.0,17.0
pilot9,1740896410458.0,0.0
pilot9,1740896470801.0,5.0
pilot9,1740896531170.0,0.0
pilot9,1740896592518.0,0.0
pilot9,1740896652766.0,0.0
pilot9,1740896719551.0,0.0
pilot9,1740896780499.0,0.0
pilot9,1740896840829.0,0.0
pilot9,1740896901675.0,0.0
pilot9,1740896969194.0,0.0
pilot9,1740897029195.0,0.0
pilot9,1740897105638.0,0.0
pilot9,1740897176713.0,0.0
pilot9,1740897236868.0,0.0
pilot9,1740897298691.0,0.0
pilot9,1740897358692.0,0.0
pilot9,1740897423717.0,0.0
pilot9,1740897504519.0,0.0
pilot9,1740897586811.0,0.0
pilot9,1740897654080.0,0.0
pilot9,1740897737611.0,0.0
pilot9,1740897814837.0,0.0
pilot9,1740897875240.0,0.0
pilot9,1740897953882.0,0.0
pilot9,1740898016358.0,0.0
pilot9,1740898077722.0,0.0
pilot9,1740898144913.0,0.0
pilot9,1740898224716.0,0.0
pilot9,1740898288712.0,0.0
pilot9,1740898374046.0,0.0
pilot9,1740898434704.0,0.0
pilot9,1740898518128.0,0.0
pilot9,1740898581884.0,0.0
pilot9,1740942111158.0,0.0
pilot9,1740942174718.0,0.0
pilot9,1740942239466.0,0.0
pilot9,1740942300096.0,0.0
pilot9,1740942360471.0,0.0
pilot9,1740942424890.0,0.0
pilot9,1740942486143.0,0.0
pilot9,1740942546628.0,0.0
pilot9,1740942608882.0,0.0
pilot9,1740942668908.0,0.0
pilot9,1740942744559.0,0.0
pilot9,1740942831922.0,0.0
pilot9,1740942901588.0,0.0
pilot9,1740942961894.0,0.0
pilot9,1740943022297.0,0.0
pilot9,1740943082313.0,0.0
pilot9,1740943143152.0,0.0
pilot9,1740943203832.0,0.0
pilot9,1740943264083.0,0.0
pilot9,1740943324404.0,0.0
pilot9,1740943389171.0,0.0
pilot9,1740943449395.0,0.0
pilot9,1740943517740.0,20.0
pilot9,1740943596206.0,25.0
pilot9,1740943659012.0,65.0
pilot9,1740943720354.0,0.0
pilot9,1740943781545.0,0.0
pilot9,1740943848940.0,0.0
pilot9,1740943935127.0,15.0
pilot9,1740944016955.0,23.0
pilot9,1740944077700.0,50.0
pilot9,1740944141298.0,29.0
pilot9,1740944224626.0,0.0
pilot9,1740944310291.0,0.0
pilot9,1740944376057.0,0.0
pilot9,1740944439191.0,0.0
pilot9,1740944525726.0,0.0
pilot9,1740944586660.0,0.0
pilot9,1740944665945.0,0.0
pilot9,1740944735016.0,0.0
pilot9,1740944798419.0,0.0
pilot9,1740944867853.0,0.0
pilot9,1740944929631.0,19.0
pilot9,1740945014690.0,106.0
pilot9,1740945075435.0,0.0
pilot9,1740945138956.0,0.0
pilot9,1740945220076.0,0.0
pilot9,1740945302630.0,0.0
pilot9,1740945387970.0,0.0
pilot9,1740945452144.0,0.0
pilot9,1740916940696.0,0.0
pilot9,1740917001175.0,0.0
pilot9,1740917062721.0,0.0
pilot9,1740917124693.0,0.0
pilot9,1740917185706.0,0.0
pilot9,1740917247746.0,0.0
pilot9,1740917308698.0,0.0
pilot9,1740917383948.0,0.0
pilot9,1740917445205.0,0.0
pilot9,1740917511546.0,0.0
pilot9,1740917575374.0,0.0
pilot9,1740917637732.0,0.0
pilot9,1740917703065.0,0.0
pilot9,1740917766781.0,0.0
pilot9,1740917830577.0,0.0
pilot9,1740917894404.0,0.0
pilot9,1740917958242.0,0.0
pilot9,1740918020685.0,0.0
pilot9,1740918081598.0,0.0
pilot9,1740918143425.0,0.0
pilot9,1740918213442.0,0.0
pilot9,1740918277253.0,0.0
pilot9,1740918341038.0,0.0
pilot9,1740918404840.0,0.0
pilot9,1740918468644.0,0.0
pilot9,1740918531680.0,0.0
pilot9,1740918594696.0,0.0
pilot9,1740918655691.0,0.0
pilot9,1740918717714.0,0.0
pilot9,1740918778727.0,0.0
pilot9,1740918851531.0,0.0
pilot9,1740918915356.0,0.0
pilot9,1740918979136.0,0.0
pilot9,1740919041694.0,0.0
pilot9,1740919106758.0,0.0
pilot9,1740919170573.0,0.0
pilot9,1740919234396.0,0.0
pilot9,1740919295685.0,0.0
pilot9,1740919360735.0,0.0
pilot9,1740919425756.0,0.0
pilot9,1740919489623.0,0.0
pilot9,1740919553400.0,0.0
pilot9,1740919617235.0,0.0
pilot9,1740919681042.0,0.0
pilot9,1740919744841.0,0.0
pilot9,1740919808656.0,0.0
pilot9,1740919872465.0,0.0
pilot9,1740919933699.0,0.0
pilot9,1740920000082.0,0.0
pilot9,1740920063884.0,0.0
pilot9,1740920125696.0,0.0
pilot9,1740920187683.0,0.0
pilot9,1740920248689.0,0.0
pilot9,1740924303961.0,0.0
pilot9,1740924365288.0,0.0
pilot9,1740924428203.0,0.0
pilot9,1740924491036.0,0.0
pilot9,1740924572815.0,0.0
pilot9,1740924639863.0,22.0
pilot9,1740924702558.0,61.0
pilot9,1740924770524.0,0.0
pilot9,1740924830685.0,0.0
pilot9,1740924905997.0,0.0
pilot9,1740924974321.0,0.0
pilot9,1740925039715.0,0.0
pilot9,1740925101014.0,0.0
pilot9,1740925168845.0,0.0
pilot9,1740925231709.0,0.0
pilot9,1740925299982.0,0.0
pilot9,1740925364402.0,0.0
pilot9,1740925425751.0,0.0
pilot9,1740925496414.0,0.0
pilot9,1740925556531.0,0.0
pilot9,1740925620683.0,0.0
pilot9,1740925703128.0,0.0
pilot9,1740925772493.0,0.0
pilot9,1740925834038.0,0.0
pilot9,1740925896678.0,0.0
pilot9,1740925957752.0,0.0
pilot9,1740926018714.0,0.0
pilot9,1740926086094.0,0.0
pilot9,1740926146851.0,0.0
pilot9,1740926207264.0,0.0
pilot9,1740926276555.0,0.0
pilot9,1740926338674.0,6.0
pilot9,1740926400280.0,0.0
pilot9,1740926487867.0,0.0
pilot9,1740926571230.0,0.0
pilot9,1740926655535.0,25.0
pilot9,1740926719682.0,10.0
pilot9,1740926790490.0,0.0
pilot9,1740926857645.0,0.0
pilot9,1740926938562.0,0.0
pilot9,1740927011680.0,0.0
pilot9,1740927073714.0,58.0
pilot9,1740927141421.0,0.0
pilot9,1740927203198.0,0.0
pilot9,1740927263566.0,0.0
pilot9,1740927323767.0,0.0
pilot9,1740927391510.0,0.0
pilot9,1740927452224.0,0.0
pilot9,1740927514685.0,0.0
pilot9,1740927585283.0,0.0
pilot9,1740927645638.0,0.0
pilot9,1740956519684.0,0.0
pilot9,1740956586642.0,0.0
pilot9,1740956646643.0,0.0
pilot9,1740956712804.0,0.0
pilot9,1740956778369.0,0.0
pilot9,1740956855690.0,0.0
pilot9,1740956933519.0,0.0
pilot9,1740956999331.0,0.0
pilot9,1740957060082.0,0.0
pilot9,1740957138789.0,0.0
pilot9,1740957221319.0,0.0
pilot9,1740957285740.0,0.0
pilot9,1740957346383.0,0.0
pilot9,1740957412818.0,0.0
pilot9,1740957477012.0,0.0
pilot9,1740957542357.0,0.0
pilot9,1740957616648.0,0.0
pilot9,1740957677330.0,0.0
pilot9,1740957764033.0,0.0
pilot9,1740957832291.0,0.0
pilot9,1740957910640.0,0.0
pilot9,1740957972272.0,0.0
pilot9,1740958049953.0,0.0
pilot9,1740958111367.0,0.0
pilot9,1740958176308.0,0.0
pilot9,1740958237599.0,0.0
pilot9,1740958302215.0,0.0
pilot9,1740958365498.0,0.0
pilot9,1740958436731.0,0.0
pilot9,1740958513636.0,0.0
pilot9,1740958574754.0,0.0
pilot9,1740958637081.0,0.0
pilot9,1740958704989.0,0.0
pilot9,1740958780245.0,0.0
pilot9,1740958840246.0,0.0
pilot9,1740958910268.0,0.0
pilot9,1740958973643.0,0.0
pilot9,1740959036115.0,0.0
pilot9,1740959117956.0,0.0
pilot9,1740959180337.0,0.0
pilot9,1740959244885.0,0.0
pilot9,1740959305219.0,0.0
pilot9,1740959365407.0,0.0
pilot9,1740959425727.0,0.0
pilot9,1740959512640.0,0.0
pilot9,1740959593520.0,0.0
pilot9,1740959662000.0,0.0
pilot9,1740959726635.0,0.0
pilot9,1740959787258.0,14.0
pilot9,1740959860713.0,32.0
pilot9,1740959921001.0,56.0
pilot9,1740891649704.0,0.0
pilot9,1740891710131.0,0.0
pilot9,1740891790798.0,0.0
pilot9,1740891875628.0,0.0
pilot9,1740891946645.0,40.0
pilot9,1740892022700.0,17.0
pilot9,1740892102998.0,10.0
pilot9,1740892163964.0,33.0
pilot9,1740892232465.0,33.0
pilot9,1740892293639.0,103.0
pilot9,1740892372243.0,153.0
pilot9,1740892441255.0,13.0
pilot9,1740892526567.0,0.0
pilot9,1740892591375.0,0.0
pilot9,1740892671164.0,0.0
pilot9,1740892741781.0,11.0
pilot9,1740892826339.0,0.0
pilot9,1740892911739.0,30.0
pilot9,1740892975720.0,20.0
pilot9,1740893035782.0,8.0
pilot9,1740893112086.0,183.0
pilot9,1740893176721.0,145.0
pilot9,1740893240721.0,84.0
pilot9,1740893303718.0,11.0
pilot9,1740893383449.0,54.0
pilot9,1740893443454.0,4.0
pilot9,1740893503586.0,0.0
pilot9,1740893563723.0,0.0
pilot9,1740893623889.0,0.0
pilot9,1740893684043.0,0.0
pilot9,1740893744314.0,0.0
pilot9,1740893804620.0,0.0
pilot9,1740893864668.0,0.0
pilot9,1740893924901.0,0.0
pilot9,1740893985091.0,0.0
pilot9,1740894045310.0,0.0
pilot9,1740894108250.0,0.0
pilot9,1740894171883.0,0.0
pilot9,1740894232003.0,0.0
pilot9,1740894292730.0,0.0
pilot9,1740894355718.0,0.0
pilot9,1740894434755.0,0.0
pilot9,1740894506677.0,0.0
pilot9,1740894570044.0,0.0
pilot9,1740894635581.0,38.0
pilot9,1740894702131.0,27.0
pilot9,1740894763715.0,55.0
pilot9,1740894823995.0,41.0
pilot9,1740894888649.0,94.0
pilot9,1740894948828.0,85.0
pilot9,1740895009062.0,11.0
pilot9,1740895074700.0,24.0
pilot9,1740895135621.0,0.0
pilot9,1740895195960.0,4.0
pilot9,1740909617681.0,0.0
pilot9,1740909681486.0,0.0
pilot9,1740909754711.0,0.0
pilot9,1740909824949.0,0.0
pilot9,1740909887738.0,0.0
pilot9,1740909952517.0,0.0
pilot9,1740910015705.0,0.0
pilot9,1740910077728.0,0.0
pilot9,1740910138149.0,0.0
pilot9,1740910207681.0,0.0
pilot9,1740910271458.0,0.0
pilot9,1740910335232.0,0.0
pilot9,1740910399037.0,0.0
pilot9,1740910462789.0,0.0
pilot9,1740910526562.0,0.0
pilot9,1740910590373.0,0.0
pilot9,1740910652703.0,0.0
pilot9,1740910714770.0,0.0
pilot9,1740910776697.0,0.0
pilot9,1740910838733.0,0.0
pilot9,1740910900716.0,0.0
pilot9,1740910962700.0,0.0
pilot9,1740911024340.0,0.0
pilot9,1740911084705.0,0.0
pilot9,1740911146694.0,0.0
pilot9,1740911207738.0,0.0
pilot9,1740911269703.0,0.0
pilot9,1740911339945.0,0.0
pilot9,1740911403724.0,0.0
pilot9,1740911467532.0,0.0
pilot9,1740911531339.0,0.0
pilot9,1740911595109.0,0.0
pilot9,1740911658910.0,0.0
pilot9,1740911722676.0,0.0
pilot9,1740911786461.0,0.0
pilot9,1740911850256.0,0.0
pilot9,1740911914011.0,0.0
pilot9,1740911975716.0,0.0
pilot9,1740912037724.0,0.0
pilot9,1740912099695.0,0.0
pilot9,1740912160722.0,0.0
pilot9,1740912222709.0,0.0
pilot9,1740912296669.0,0.0
pilot9,1740912357703.0,0.0
pilot9,1740912424202.0,0.0
pilot9,1740912488002.0,0.0
pilot9,1740912551786.0,0.0
pilot9,1740912615571.0,0.0
pilot9,1740912679344.0,0.0
pilot9,1740912743170.0,0.0
pilot9,1740912806950.0,0.0
pilot9,1740912870728.0,0.0
pilot9,1740912932065.0,0.0
pilot9,1740912998341.0,0.0
pilot9,1740913062109.0,0.0
pilot9,1740913125988.0,0.0
pilot9,1740913189800.0,0.0
pilot9,1740945864883.0,0.0
pilot9,1740945939205.0,0.0
pilot9,1740946026609.0,0.0
pilot9,1740946102646.0,0.0
pilot9,1740946170333.0,0.0
pilot9,1740946238761.0,0.0
pilot9,1740946321949.0,0.0
pilot9,1740946382498.0,0.0
pilot9,1740946461655.0,0.0
pilot9,1740946535288.0,0.0
pilot9,1740946607021.0,0.0
pilot9,1740946676742.0,0.0
pilot9,1740946738162.0,0.0
pilot9,1740946814921.0,0.0
pilot9,1740946901050.0,0.0
pilot9,1740946966497.0,0.0
pilot9,1740947048293.0,0.0
pilot9,1740947134310.0,0.0
pilot9,1740947197940.0,0.0
pilot9,1740947262476.0,0.0
pilot9,1740947322978.0,0.0
pilot9,1740947400731.0,0.0
pilot9,1740947474193.0,0.0
pilot9,1740947534494.0,0.0
pilot9,1740947601851.0,0.0
pilot9,1740947682541.0,0.0
pilot9,1740947746626.0,0.0
pilot9,1740947809499.0,0.0
pilot9,1740947895409.0,0.0
pilot9,1740947955709.0,0.0
pilot9,1740948024223.0,0.0
pilot9,1740948105147.0,0.0
pilot9,1740948168240.0,0.0
pilot9,1740948238688.0,0.0
pilot9,1740948312186.0,0.0
pilot9,1740948376263.0,0.0
pilot9,1740948437209.0,0.0
pilot9,1740948520918.0,0.0
pilot9,1740948607250.0,0.0
pilot9,1740948687840.0,0.0
pilot9,1740948773952.0,0.0
pilot9,1740948859997.0,0.0
pilot9,1740948924415.0,0.0
pilot9,1740949011361.0,0.0
pilot9,1740949072069.0,0.0
pilot9,1740949157841.0,0.0
pilot9,1740949229232.0,0.0
pilot9,1740960322697.0,0.0
pilot9,1740960385945.0,0.0
pilot9,1740960447292.0,0.0
pilot9,1740960518665.0,0.0
pilot9,1740960583259.0,0.0
pilot9,1740960647592.0,4.0
pilot9,1740960711794.0,32.0
pilot9,1740960792815.0,0.0
pilot9,1740960854576.0,0.0
pilot9,1740960918948.0,0.0
pilot9,1740960980230.0,0.0
pilot9,1740961059116.0,0.0
pilot9,1740961126734.0,0.0
pilot9,1740961190224.0,0.0
pilot9,1740961261104.0,0.0
pilot9,1740961325600.0,0.0
pilot9,1740961412496.0,0.0
pilot9,1740961482025.0,0.0
pilot9,1740961560634.0,0.0
pilot9,1740961622812.0,0.0
pilot9,1740961709961.0,0.0
pilot9,1740961793046.0,0.0
pilot9,1740961863628.0,0.0
pilot9,1740961936270.0,0.0
pilot9,1740962001933.0,13.0
pilot9,1740962071522.0,0.0
pilot9,1740962148606.0,0.0
pilot9,1740962217874.0,0.0
pilot9,1740962296639.0,0.0
pilot9,1740962359502.0,0.0
pilot9,1740962420331.0,0.0
pilot9,1740962480332.0,118.0
pilot9,1740962546955.0,0.0
pilot9,1740962612190.0,0.0
pilot9,1740962688019.0,0.0
pilot9,1740962764135.0,0.0
pilot9,1740962834650.0,0.0
pilot9,1740962894651.0,0.0
pilot9,1740962955396.0,0.0
pilot9,1740963019979.0,0.0
pilot9,1740963080269.0,0.0
pilot9,1740963140276.0,0.0
pilot9,1740963200371.0,0.0
pilot9,1740963262302.0,0.0
pilot9,1740963328022.0,0.0
pilot9,1740963400274.0,0.0
pilot9,1740963476049.0,0.0
pilot9,1740963556853.0,0.0
pilot9,1740963616996.0,0.0
pilot9,1740963677577.0,0.0
pilot9,1740963737947.0,0.0
pilot9,1740963807170.0,0.0
pilot9,1740963868628.0,0.0
pilot9,1740963932929.0,0.0
pilot9,1740963993199.0,0.0
pilot9,1740964056920.0,0.0
pilot9,1740964120018.0,0.0
pilot9,1740964180027.0,0.0
pilot9,1740964240412.0,0.0
pilot9,1740964302938.0,0.0
pilot9,1740964386295.0,0.0
pilot9,1740964466259.0,0.0
pilot9,1740964529127.0,0.0
pilot9,1740964596287.0,0.0
pilot9,1740964661157.0,0.0
pilot9,1740964721363.0,0.0
pilot9,1740964781588.0,0.0
pilot9,1740964844032.0,0.0
pilot10,1741608059994.0,0.0
pilot10,1741608141893.0,13.0
pilot10,1741608207944.0,1.0
pilot10,1741608278414.0,0.0
pilot10,1741608346862.0,59.0
pilot10,1741608416079.0,44.0
pilot10,1741608485254.0,0.0
pilot10,1741608549485.0,37.0
pilot10,1741608616648.0,0.0
pilot10,1741608684281.0,12.0
pilot10,1741608745729.0,0.0
pilot10,1741608805812.0,19.0
pilot10,1741608866250.0,0.0
pilot10,1741608934946.0,0.0
pilot10,1741609009398.0,0.0
pilot10,1741609077817.0,0.0
pilot10,1741609146050.0,0.0
pilot10,1741609219400.0,17.0
pilot10,1741609287369.0,0.0
pilot10,1741609358247.0,0.0
pilot10,1741609435245.0,0.0
pilot10,1741609495637.0,0.0
pilot10,1741609556417.0,0.0
pilot10,1741609617609.0,62.0
pilot10,1741609679383.0,0.0
pilot10,1741609747658.0,13.0
pilot10,1741609827845.0,0.0
pilot10,1741609908596.0,0.0
pilot10,1741609978766.0,0.0
pilot10,1741610054080.0,0.0
pilot10,1741610126407.0,17.0
pilot10,1741610189604.0,0.0
pilot10,1741610249722.0,0.0
pilot10,1741610317094.0,0.0
pilot10,1741610387008.0,11.0
pilot10,1741610458788.0,0.0
pilot10,1741610532879.0,36.0
pilot10,1741610595401.0,60.0
pilot10,1741610662260.0,88.0
pilot10,1741610724452.0,120.0
pilot10,1741610789768.0,115.0
pilot10,1741610854712.0,122.0
pilot10,1741610915819.0,118.0
pilot10,1741610975937.0,118.0
pilot10,1741611038453.0,120.0
pilot10,1741611098456.0,133.0
pilot10,1741611158458.0,187.0
pilot10,1741611218464.0,124.0
pilot10,1741611279709.0,35.0
pilot10,1741611339716.0,180.0
pilot10,1741640586788.0,0.0
pilot10,1741640663782.0,0.0
pilot10,1741640736341.0,1.0
pilot10,1741640809948.0,0.0
pilot10,1741640871844.0,0.0
pilot10,1741640938736.0,0.0
pilot10,1741641011162.0,6.0
pilot10,1741641083443.0,0.0
pilot10,1741641145920.0,0.0
pilot10,1741615261463.0,0.0
pilot10,1741615323826.0,0.0
pilot10,1741615394892.0,0.0
pilot10,1741615466027.0,0.0
pilot10,1741615526028.0,0.0
pilot10,1741615589274.0,0.0
pilot10,1741615650640.0,0.0
pilot10,1741615717461.0,0.0
pilot10,1741615782066.0,0.0
pilot10,1741615858903.0,0.0
pilot10,1741615934948.0,0.0
pilot10,1741616007091.0,0.0
pilot10,1741616067292.0,0.0
pilot10,1741616138773.0,11.0
pilot10,1741616208839.0,104.0
pilot10,1741616272697.0,168.0
pilot10,1741616332700.0,24.0
pilot10,1741616392704.0,111.0
pilot10,1741616452707.0,145.0
pilot10,1741590089481.0,0.0
pilot10,1741590166490.0,0.0
pilot10,1741590231941.0,0.0
pilot10,1741590314150.0,0.0
pilot10,1741590391225.0,0.0
pilot10,1741590462298.0,0.0
pilot10,1741590522513.0,0.0
pilot10,1741590595461.0,0.0
pilot10,1741590657451.0,0.0
pilot10,1741590725762.0,0.0
pilot10,1741590792048.0,0.0
pilot10,1741590852461.0,0.0
pilot10,1741590913569.0,0.0
pilot10,1741590981577.0,0.0
pilot10,1741591046190.0,0.0
pilot10,1741591110482.0,0.0
pilot10,1741591174892.0,0.0
pilot10,1741591235477.0,0.0
pilot10,1741591315377.0,0.0
pilot10,1741591384341.0,0.0
pilot10,1741591444579.0,0.0
pilot10,1741591532107.0,0.0
pilot10,1741591616405.0,0.0
pilot10,1741591689317.0,0.0
pilot10,1741591751282.0,0.0
pilot10,1741591819565.0,0.0
pilot10,1741591883960.0,0.0
pilot10,1741591967487.0,0.0
pilot10,1741592029064.0,0.0
pilot10,1741592089821.0,0.0
pilot10,1741592157827.0,0.0
pilot10,1741592222215.0,0.0
pilot10,1741592286638.0,0.0
pilot10,1741592347528.0,0.0
pilot10,1741592415473.0,0.0
pilot10,1741592484144.0,0.0
pilot10,1741592560672.0,0.0
pilot10,1741592646102.0,0.0
pilot10,1741592733915.0,0.0
pilot10,1741592814562.0,0.0
pilot10,1741592894930.0,0.0
pilot10,1741592955725.0,0.0
pilot10,1741593022478.0,0.0
pilot10,1741593082710.0,0.0
pilot10,1741593145476.0,0.0
pilot10,1741593205869.0,0.0
pilot10,1741593267492.0,0.0
pilot10,1741593345962.0,0.0
pilot10,1741593423028.0,0.0
pilot10,1741644422436.0,0.0
pilot10,1741644483976.0,0.0
pilot10,1741644551600.0,0.0
pilot10,1741644612916.0,0.0
pilot10,1741644683215.0,0.0
pilot10,1741644750288.0,0.0
pilot10,1741644810458.0,0.0
pilot10,1741644870769.0,0.0
pilot10,1741644936479.0,0.0
pilot10,1741644999684.0,0.0
pilot10,1741645069932.0,0.0
pilot10,1741645137422.0,0.0
pilot10,1741645198921.0,0.0
pilot10,1741645264298.0,0.0
pilot10,1741645327959.0,0.0
pilot10,1741645394487.0,0.0
pilot10,1741645456600.0,0.0
pilot10,1741645516601.0,0.0
pilot10,1741645577776.0,0.0
pilot10,1741645644314.0,0.0
pilot10,1741645706037.0,0.0
pilot10,1741645766677.0,0.0
pilot10,1741645827032.0,0.0
pilot10,1741645887504.0,0.0
pilot10,1741645947575.0,0.0
pilot10,1741646007601.0,0.0
pilot10,1741646070515.0,0.0
pilot10,1741646137314.0,0.0
pilot10,1741646218496.0,0.0
pilot10,1741646304257.0,0.0
pilot10,1741646375054.0,0.0
pilot10,1741646455569.0,0.0
pilot10,1741646533979.0,0.0
pilot10,1741646594115.0,0.0
pilot10,1741646656476.0,0.0
pilot10,1741646721169.0,0.0
pilot10,1741646781182.0,0.0
pilot10,1741646844238.0,0.0
pilot10,1741646915041.0,0.0
pilot10,1741646995912.0,0.0
pilot10,1741647078287.0,0.0
pilot10,1741647162194.0,0.0
pilot10,1741647224517.0,0.0
pilot10,1741647301598.0,0.0
pilot10,1741647367028.0,0.0
pilot10,1741647432770.0,0.0
pilot10,1741662162861.0,0.0
pilot10,1741662247277.0,0.0
pilot10,1741662320266.0,0.0
pilot10,1741662389459.0,0.0
pilot10,1741662451461.0,0.0
pilot10,1741662513493.0,0.0
pilot10,1741662581026.0,0.0
pilot10,1741662658154.0,0.0
pilot10,1741662726494.0,0.0
pilot10,1741662786495.0,0.0
pilot10,1741662849463.0,0.0
pilot10,1741662923140.0,0.0
pilot10,1741662987482.0,0.0
pilot10,1741663051913.0,0.0
pilot10,1741663116139.0,0.0
pilot10,1741663180458.0,0.0
pilot10,1741663244833.0,0.0
pilot10,1741663308500.0,0.0
pilot10,1741663371464.0,0.0
pilot10,1741663433470.0,0.0
pilot10,1741663495460.0,0.0
pilot10,1741663557288.0,0.0
pilot10,1741663640328.0,0.0
pilot10,1741663713264.0,0.0
pilot10,1741663775744.0,0.0
pilot10,1741663838502.0,0.0
pilot10,1741663904573.0,0.0
pilot10,1741663989503.0,0.0
pilot10,1741664070821.0,0.0
pilot10,1741664140246.0,0.0
pilot10,1741664210817.0,0.0
pilot10,1741664275187.0,0.0
pilot10,1741664339517.0,0.0
pilot10,1741664403847.0,0.0
pilot10,1741664466465.0,0.0
pilot10,1741664527525.0,0.0
pilot10,1741664592861.0,0.0
pilot10,1741664661064.0,0.0
pilot10,1741664722081.0,0.0
pilot10,1741664789622.0,0.0
pilot10,1741664853958.0,0.0
pilot10,1741664918251.0,0.0
pilot10,1741664982502.0,0.0
pilot10,1741665046789.0,0.0
pilot10,1741665108235.0,0.0
pilot10,1741665169515.0,0.0
pilot10,1741665233272.0,0.0
pilot10,1741665303925.0,0.0
pilot10,1741665368226.0,0.0
pilot10,1741665432755.0,0.0
pilot10,1741665495666.0,0.0
pilot10,1741600892556.0,0.0
pilot10,1741600958398.0,0.0
pilot10,1741601044400.0,0.0
pilot10,1741601119944.0,0.0
pilot10,1741601185553.0,0.0
pilot10,1741601250725.0,0.0
pilot10,1741601316296.0,0.0
pilot10,1741601380754.0,0.0
pilot10,1741601457551.0,0.0
pilot10,1741601539000.0,0.0
pilot10,1741601611909.0,0.0
pilot10,1741601683320.0,0.0
pilot10,1741619042892.0,0.0
pilot10,1741619123812.0,0.0
pilot10,1741619190642.0,0.0
pilot10,1741619251243.0,0.0
pilot10,1741619319299.0,0.0
pilot10,1741619393162.0,0.0
pilot10,1741619464179.0,0.0
pilot10,1741619525012.0,0.0
pilot10,1741619590498.0,0.0
pilot10,1741619660567.0,0.0
pilot10,1741619726374.0,0.0
pilot10,1741619806161.0,0.0
pilot10,1741619887903.0,0.0
pilot10,1741619965363.0,0.0
pilot10,1741620030052.0,0.0
pilot10,1741620099744.0,0.0
pilot10,1741620167033.0,0.0
pilot10,1741620231388.0,0.0
pilot10,1741600892556.0,0.0
pilot10,1741600958398.0,0.0
pilot10,1741601044400.0,0.0
pilot10,1741601119944.0,0.0
pilot10,1741601185553.0,0.0
pilot10,1741601250725.0,0.0
pilot10,1741601316296.0,0.0
pilot10,1741601380754.0,0.0
pilot10,1741601457551.0,0.0
pilot10,1741601539000.0,0.0
pilot10,1741601611909.0,0.0
pilot10,1741601683320.0,0.0
pilot10,1741604643061.0,0.0
pilot10,1741604705444.0,0.0
pilot10,1741604769055.0,0.0
pilot10,1741604829384.0,0.0
pilot10,1741604898663.0,0.0
pilot10,1741604960623.0,0.0
pilot10,1741605023703.0,0.0
pilot10,1741605091382.0,0.0
pilot10,1741605155777.0,0.0
pilot10,1741605218252.0,0.0
pilot10,1741605278492.0,0.0
pilot10,1741605356981.0,0.0
pilot10,1741605417177.0,0.0
pilot10,1741605486907.0,0.0
pilot10,1741605549143.0,0.0
pilot10,1741605610218.0,0.0
pilot10,1741605675108.0,0.0
pilot10,1741605736985.0,0.0
pilot10,1741605810201.0,0.0
pilot10,1741605871881.0,0.0
pilot10,1741605958512.0,0.0
pilot10,1741606021595.0,0.0
pilot10,1741606084784.0,7.0
pilot10,1741606145019.0,0.0
pilot10,1741606205955.0,0.0
pilot10,1741606279125.0,0.0
pilot10,1741606339343.0,20.0
pilot10,1741606400690.0,0.0
pilot10,1741606467985.0,0.0
pilot10,1741606529857.0,0.0
pilot10,1741606611078.0,0.0
pilot10,1741606687006.0,1.0
pilot10,1741606748267.0,0.0
pilot10,1741606816329.0,27.0
pilot10,1741606882423.0,0.0
pilot10,1741606947817.0,0.0
pilot10,1741607012340.0,0.0
pilot10,1741607082985.0,8.0
pilot10,1741607148925.0,0.0
pilot10,1741607220511.0,0.0
pilot10,1741607288266.0,0.0
pilot10,1741607355409.0,14.0
pilot10,1741607417008.0,0.0
pilot10,1741607480508.0,0.0
pilot10,1741607550879.0,16.0
pilot10,1741607627248.0,0.0
pilot10,1741607699451.0,11.0
pilot10,1741607766784.0,0.0
pilot10,1741607833180.0,0.0
pilot10,1741607895096.0,0.0
pilot10,1741607981570.0,0.0
pilot10,1741633231053.0,214.0
pilot10,1741633291061.0,186.0
pilot10,1741633351065.0,159.0
pilot10,1741633411073.0,189.0
pilot10,1741633471074.0,219.0
pilot10,1741633537994.0,190.0
pilot10,1741633607196.0,155.0
pilot10,1741633676630.0,167.0
pilot10,1741633751365.0,130.0
pilot10,1741633825613.0,98.0
pilot10,1741633887695.0,108.0
pilot10,1741633948242.0,103.0
pilot10,1741634012833.0,111.0
pilot10,1741634074967.0,107.0
pilot10,1741634136919.0,135.0
pilot10,1741634205395.0,111.0
pilot10,1741634268607.0,114.0
pilot10,1741634335752.0,97.0
pilot10,1741634395790.0,126.0
pilot10,1741634455792.0,138.0
pilot10,1741634515799.0,111.0
pilot10,1741634584849.0,222.0
pilot10,1741634656974.0,168.0
pilot10,1741634718469.0,172.0
pilot10,1741634789413.0,110.0
pilot10,1741634856489.0,166.0
pilot10,1741634916582.0,121.0
pilot10,1741634976586.0,196.0
pilot10,1741635044704.0,252.0
pilot10,1741635110082.0,168.0
pilot10,1741635174929.0,171.0
pilot10,1741635255217.0,126.0
pilot10,1741635322924.0,83.0
pilot10,1741635394970.0,170.0
pilot10,1741635463080.0,167.0
pilot10,1741635540540.0,143.0
pilot10,1741635602180.0,107.0
pilot10,1741635665671.0,164.0
pilot10,1741635725678.0,179.0
pilot10,1741635789432.0,163.0
pilot10,1741635850473.0,114.0
pilot10,1741635924963.0,113.0
pilot10,1741635986764.0,167.0
pilot10,1741636055689.0,168.0
pilot10,1741636118451.0,15.0
pilot10,1741636179981.0,167.0
pilot10,1741636242244.0,44.0
pilot10,1741636322359.0,163.0
pilot10,1741636382366.0,201.0
pilot10,1741636442932.0,139.0
pilot10,1741636514178.0,0.0
pilot10,1741636578039.0,0.0
pilot10,1741593781824.0,0.0
pilot10,1741593845652.0,0.0
pilot10,1741593909485.0,0.0
pilot10,1741593973700.0,0.0
pilot10,1741594036475.0,0.0
pilot10,1741594097094.0,0.0
pilot10,1741594170882.0,0.0
pilot10,1741594231081.0,0.0
pilot10,1741594299588.0,0.0
pilot10,1741594362531.0,0.0
pilot10,1741594423478.0,0.0
pilot10,1741594485478.0,0.0
pilot10,1741594546482.0,0.0
pilot10,1741594633619.0,0.0
pilot10,1741594697485.0,0.0
pilot10,1741594766427.0,0.0
pilot10,1741594830767.0,0.0
pilot10,1741594895106.0,0.0
pilot10,1741594959480.0,0.0
pilot10,1741595023825.0,0.0
pilot10,1741595088118.0,0.0
pilot10,1741595152472.0,0.0
pilot10,1741595215483.0,0.0
pilot10,1741595276523.0,0.0
pilot10,1741595338481.0,0.0
pilot10,1741595400534.0,0.0
pilot10,1741595462477.0,0.0
pilot10,1741595538151.0,0.0
pilot10,1741595602496.0,0.0
pilot10,1741595666758.0,0.0
pilot10,1741595731105.0,0.0
pilot10,1741595795409.0,0.0
pilot10,1741595859688.0,0.0
pilot10,1741595920480.0,0.0
pilot10,1741595981479.0,0.0
pilot10,1741596043680.0,0.0
pilot10,1741596105481.0,0.0
pilot10,1741596181121.0,0.0
pilot10,1741596245459.0,0.0
pilot10,1741596308501.0,0.0
pilot10,1741596373962.0,0.0
pilot10,1741596434553.0,0.0
pilot10,1741596502478.0,0.0
pilot10,1741596565530.0,0.0
pilot10,1741596627480.0,0.0
pilot10,1741596689483.0,0.0
pilot10,1741596749677.0,0.0
pilot10,1741596811485.0,0.0
pilot10,1741596871974.0,0.0
pilot10,1741596934554.0,0.0
pilot10,1741596996486.0,0.0
pilot10,1741597057533.0,0.0
pilot10,1741597118678.0,0.0
pilot10,1741611688913.0,165.0
pilot10,1741611762360.0,118.0
pilot10,1741611823522.0,93.0
pilot10,1741611891916.0,57.0
pilot10,1741611969449.0,0.0
pilot10,1741612035005.0,0.0
pilot10,1741612100767.0,0.0
pilot10,1741612161758.0,31.0
pilot10,1741612224102.0,0.0
pilot10,1741612305047.0,0.0
pilot10,1741612374067.0,25.0
pilot10,1741612450936.0,0.0
pilot10,1741612511476.0,0.0
pilot10,1741612578843.0,0.0
pilot10,1741612643452.0,0.0
pilot10,1741612703547.0,0.0
pilot10,1741612769842.0,0.0
pilot10,1741612844701.0,0.0
pilot10,1741612904894.0,0.0
pilot10,1741612969768.0,0.0
pilot10,1741613032445.0,0.0
pilot10,1741613114452.0,0.0
pilot10,1741613182715.0,0.0
pilot10,1741613256641.0,0.0
pilot10,1741613327426.0,0.0
pilot10,1741613394843.0,0.0
pilot10,1741613462624.0,0.0
pilot10,1741613537192.0,0.0
pilot10,1741593781824.0,0.0
pilot10,1741593845652.0,0.0
pilot10,1741593909485.0,0.0
pilot10,1741593973700.0,0.0
pilot10,1741594036475.0,0.0
pilot10,1741594097094.0,0.0
pilot10,1741594170882.0,0.0
pilot10,1741594231081.0,0.0
pilot10,1741594299588.0,0.0
pilot10,1741594362531.0,0.0
pilot10,1741594423478.0,0.0
pilot10,1741594485478.0,0.0
pilot10,1741594546482.0,0.0
pilot10,1741594633619.0,0.0
pilot10,1741594697485.0,0.0
pilot10,1741594766427.0,0.0
pilot10,1741594830767.0,0.0
pilot10,1741594895106.0,0.0
pilot10,1741594959480.0,0.0
pilot10,1741595023825.0,0.0
pilot10,1741595088118.0,0.0
pilot10,1741595152472.0,0.0
pilot10,1741595215483.0,0.0
pilot10,1741595276523.0,0.0
pilot10,1741595338481.0,0.0
pilot10,1741595400534.0,0.0
pilot10,1741595462477.0,0.0
pilot10,1741595538151.0,0.0
pilot10,1741595602496.0,0.0
pilot10,1741595666758.0,0.0
pilot10,1741595731105.0,0.0
pilot10,1741595795409.0,0.0
pilot10,1741595859688.0,0.0
pilot10,1741595920480.0,0.0
pilot10,1741595981479.0,0.0
pilot10,1741596043680.0,0.0
pilot10,1741596105481.0,0.0
pilot10,1741596181121.0,0.0
pilot10,1741596245459.0,0.0
pilot10,1741596308501.0,0.0
pilot10,1741596373962.0,0.0
pilot10,1741596434553.0,0.0
pilot10,1741596502478.0,0.0
pilot10,1741596565530.0,0.0
pilot10,1741596627480.0,0.0
pilot10,1741596689483.0,0.0
pilot10,1741596749677.0,0.0
pilot10,1741596811485.0,0.0
pilot10,1741596871974.0,0.0
pilot10,1741596934554.0,0.0
pilot10,1741596996486.0,0.0
pilot10,1741597057533.0,0.0
pilot10,1741597118678.0,0.0
pilot10,1741627321865.0,0.0
pilot10,1741627403660.0,0.0
pilot10,1741627472762.0,0.0
pilot10,1741627548432.0,0.0
pilot10,1741627609379.0,0.0
pilot10,1741627669380.0,0.0
pilot10,1741627744591.0,0.0
pilot10,1741627823626.0,0.0
pilot10,1741627908200.0,0.0
pilot10,1741627980306.0,0.0
pilot10,1741628041694.0,0.0
pilot10,1741628109280.0,0.0
pilot10,1741628175571.0,0.0
pilot10,1741628242419.0,0.0
pilot10,1741628303674.0,0.0
pilot10,1741628367130.0,0.0
pilot10,1741628444203.0,0.0
pilot10,1741628509712.0,0.0
pilot10,1741628582435.0,0.0
pilot10,1741628653645.0,0.0
pilot10,1741628724088.0,0.0
pilot10,1741628794794.0,0.0
pilot10,1741628854903.0,0.0
pilot10,1741628918439.0,0.0
pilot10,1741628995481.0,0.0
pilot10,1741629060869.0,0.0
pilot10,1741629133116.0,0.0
pilot10,1741629207076.0,0.0
pilot10,1741629285402.0,0.0
pilot10,1741629352304.0,0.0
pilot10,1741629415608.0,0.0
pilot10,1741582974080.0,0.0
pilot10,1741583048153.0,0.0
pilot10,1741583109489.0,0.0
pilot10,1741583177227.0,0.0
pilot10,1741583239631.0,0.0
pilot10,1741583301461.0,0.0
pilot10,1741583386671.0,0.0
pilot10,1741583452531.0,0.0
pilot10,1741583514501.0,0.0
pilot10,1741583577463.0,0.0
pilot10,1741583639462.0,0.0
pilot10,1741583708689.0,0.0
pilot10,1741583769481.0,0.0
pilot10,1741583829484.0,0.0
pilot10,1741583901801.0,0.0
pilot10,1741583978460.0,0.0
pilot10,1741584055481.0,0.0
pilot10,1741584119408.0,0.0
pilot10,1741584204623.0,0.0
pilot10,1741584272473.0,0.0
pilot10,1741584336925.0,0.0
pilot10,1741584400905.0,0.0
pilot10,1741584462964.0,0.0
pilot10,1741584535193.0,0.0
pilot10,1741584606467.0,0.0
pilot10,1741584673910.0,0.0
pilot10,1741584751986.0,0.0
pilot10,1741584836302.0,0.0
pilot10,1741584913330.0,0.0
pilot10,1741584978766.0,0.0
pilot10,1741585058466.0,0.0
pilot10,1741585139453.0,0.0
pilot10,1741585223208.0,0.0
pilot10,1741585288385.0,0.0
pilot10,1741585368497.0,0.0
pilot10,1741585430929.0,0.0
pilot10,1741585512915.0,0.0
pilot10,1741585589996.0,0.0
pilot10,1741585655458.0,0.0
pilot10,1741585727676.0,0.0
pilot10,1741585789543.0,0.0
pilot10,1741585850409.0,0.0
pilot10,1741585918433.0,0.0
pilot10,1741585981132.0,0.0
pilot10,1741586062390.0,0.0
pilot10,1741586131453.0,0.0
pilot10,1741586207688.0,0.0
pilot10,1741586268942.0,0.0
pilot10,1741586332764.0,0.0
pilot10,1741586403029.0,0.0
pilot10,1741586477176.0,0.0
pilot10,1741586561873.0,0.0
pilot10,1741586626871.0,0.0
pilot10,1741586690505.0,0.0
pilot10,1741586767081.0,0.0
pilot10,1741586828492.0,0.0
pilot10,1741586901493.0,0.0
pilot10,1741586962489.0,0.0
pilot10,1741587022764.0,0.0
pilot10,1741587109811.0,0.0
pilot10,1741587173103.0,0.0
pilot10,1741587235462.0,0.0
pilot10,1741587305542.0,0.0
pilot10,1741587369997.0,0.0
pilot10,1741587430669.0,0.0
pilot10,1741587497367.0,0.0
pilot10,1741587563156.0,0.0
pilot10,1741587627598.0,0.0
pilot10,1741587691987.0,0.0
pilot10,1741587755509.0,0.0
pilot10,1741587815750.0,0.0
pilot10,1741587892806.0,0.0
pilot10,1741587958201.0,0.0
pilot10,1741588040596.0,0.0
pilot10,1741588106747.0,0.0
pilot10,1741588175746.0,0.0
pilot10,1741588258041.0,0.0
pilot10,1741588327110.0,0.0
pilot10,1741588389550.0,0.0
pilot10,1741588449860.0,0.0
pilot10,1741588511452.0,0.0
pilot10,1741588580496.0,0.0
pilot10,1741588641412.0,0.0
pilot10,1741588707713.0,0.0
pilot10,1741588772088.0,0.0
pilot10,1741588836454.0,0.0
pilot10,1741588900821.0,0.0
pilot10,1741588964010.0,0.0
pilot10,1741589051578.0,0.0
pilot10,1741589134810.0,0.0
pilot10,1741589206911.0,0.0
pilot10,1741589271366.0,0.0
pilot10,1741589331466.0,0.0
pilot10,1741589392498.0,0.0
pilot10,1741589454537.0,0.0
pilot10,1741589528920.0,0.0
pilot10,1741589589480.0,0.0
pilot10,1741589656574.0,0.0
pilot10,1741589722345.0,0.0
pilot10,1741619042892.0,0.0
pilot10,1741619123812.0,0.0
pilot10,1741619190642.0,0.0
pilot10,1741619251243.0,0.0
pilot10,1741619319299.0,0.0
pilot10,1741619393162.0,0.0
pilot10,1741619464179.0,0.0
pilot10,1741619525012.0,0.0
pilot10,1741619590498.0,0.0
pilot10,1741619660567.0,0.0
pilot10,1741619726374.0,0.0
pilot10,1741619806161.0,0.0
pilot10,1741619887903.0,0.0
pilot10,1741619965363.0,0.0
pilot10,1741620030052.0,0.0
pilot10,1741620099744.0,0.0
pilot10,1741620167033.0,0.0
pilot10,1741620231388.0,0.0
pilot10,1741636913941.0,130.0
pilot10,1741636981891.0,167.0
pilot10,1741637042590.0,275.0
pilot10,1741637104982.0,166.0
pilot10,1741637174049.0,0.0
pilot10,1741637239366.0,101.0
pilot10,1741637301532.0,0.0
pilot10,1741637371506.0,95.0
pilot10,1741637439002.0,53.0
pilot10,1741637507987.0,0.0
pilot10,1741637568574.0,0.0
pilot10,1741637641820.0,0.0
pilot10,1741637710087.0,5.0
pilot10,1741637770090.0,90.0
pilot10,1741637839299.0,0.0
pilot10,1741637923367.0,44.0
pilot10,1741637995213.0,97.0
pilot10,1741638055217.0,113.0
pilot10,1741638120166.0,117.0
pilot10,1741638180390.0,113.0
pilot10,1741638240398.0,176.0
pilot10,1741638301596.0,49.0
pilot10,1741638362492.0,54.0
pilot10,1741638436845.0,0.0
pilot10,1741638507083.0,0.0
pilot10,1741638568201.0,0.0
pilot10,1741638631831.0,0.0
pilot10,1741638702527.0,0.0
pilot10,1741638773866.0,0.0
pilot10,1741638843042.0,0.0
pilot10,1741638907600.0,92.0
pilot10,1741638968988.0,0.0
pilot10,1741639034964.0,4.0
pilot10,1741639107419.0,0.0
pilot10,1741639178456.0,0.0
pilot10,1741639255470.0,0.0
pilot10,1741639334031.0,0.0
pilot10,1741639410550.0,0.0
pilot10,1741639479720.0,0.0
pilot10,1741639554515.0,0.0
pilot10,1741639621400.0,0.0
pilot10,1741639688384.0,0.0
pilot10,1741639756650.0,6.0
pilot10,1741639830911.0,4.0
pilot10,1741639892109.0,0.0
pilot10,1741639958230.0,0.0
pilot10,1741640021995.0,0.0
pilot10,1741640084308.0,0.0
pilot10,1741640147380.0,0.0
pilot10,1741640209403.0,0.0
pilot10,1741615261463.0,0.0
pilot10,1741615323826.0,0.0
pilot10,1741615394892.0,0.0
pilot10,1741615466027.0,0.0
pilot10,1741615526028.0,0.0
pilot10,1741615589274.0,0.0
pilot10,1741615650640.0,0.0
pilot10,1741615717461.0,0.0
pilot10,1741615782066.0,0.0
pilot10,1741615858903.0,0.0
pilot10,1741615934948.0,0.0
pilot10,1741616007091.0,0.0
pilot10,1741616067292.0,0.0
pilot10,1741616138773.0,11.0
pilot10,1741616208839.0,104.0
pilot10,1741616272697.0,168.0
pilot10,1741616332700.0,24.0
pilot10,1741616392704.0,111.0
pilot10,1741616452707.0,145.0
pilot10,1741608059994.0,0.0
pilot10,1741608141893.0,13.0
pilot10,1741608207944.0,1.0
pilot10,1741608278414.0,0.0
pilot10,1741608346862.0,59.0
pilot10,1741608416079.0,44.0
pilot10,1741608485254.0,0.0
pilot10,1741608549485.0,37.0
pilot10,1741608616648.0,0.0
pilot10,1741608684281.0,12.0
pilot10,1741608745729.0,0.0
pilot10,1741608805812.0,19.0
pilot10,1741608866250.0,0.0
pilot10,1741608934946.0,0.0
pilot10,1741609009398.0,0.0
pilot10,1741609077817.0,0.0
pilot10,1741609146050.0,0.0
pilot10,1741609219400.0,17.0
pilot10,1741609287369.0,0.0
pilot10,1741609358247.0,0.0
pilot10,1741609435245.0,0.0
pilot10,1741609495637.0,0.0
pilot10,1741609556417.0,0.0
pilot10,1741609617609.0,62.0
pilot10,1741609679383.0,0.0
pilot10,1741609747658.0,13.0
pilot10,1741609827845.0,0.0
pilot10,1741609908596.0,0.0
pilot10,1741609978766.0,0.0
pilot10,1741610054080.0,0.0
pilot10,1741610126407.0,17.0
pilot10,1741610189604.0,0.0
pilot10,1741610249722.0,0.0
pilot10,1741610317094.0,0.0
pilot10,1741610387008.0,11.0
pilot10,1741610458788.0,0.0
pilot10,1741610532879.0,36.0
pilot10,1741610595401.0,60.0
pilot10,1741610662260.0,88.0
pilot10,1741610724452.0,120.0
pilot10,1741610789768.0,115.0
pilot10,1741610854712.0,122.0
pilot10,1741610915819.0,118.0
pilot10,1741610975937.0,118.0
pilot10,1741611038453.0,120.0
pilot10,1741611098456.0,133.0
pilot10,1741611158458.0,187.0
pilot10,1741611218464.0,124.0
pilot10,1741611279709.0,35.0
pilot10,1741611339716.0,180.0
pilot10,1741604643061.0,0.0
pilot10,1741604705444.0,0.0
pilot10,1741604769055.0,0.0
pilot10,1741604829384.0,0.0
pilot10,1741604898663.0,0.0
pilot10,1741604960623.0,0.0
pilot10,1741605023703.0,0.0
pilot10,1741605091382.0,0.0
pilot10,1741605155777.0,0.0
pilot10,1741605218252.0,0.0
pilot10,1741605278492.0,0.0
pilot10,1741605356981.0,0.0
pilot10,1741605417177.0,0.0
pilot10,1741605486907.0,0.0
pilot10,1741605549143.0,0.0
pilot10,1741605610218.0,0.0
pilot10,1741605675108.0,0.0
pilot10,1741605736985.0,0.0
pilot10,1741605810201.0,0.0
pilot10,1741605871881.0,0.0
pilot10,1741605958512.0,0.0
pilot10,1741606021595.0,0.0
pilot10,1741606084784.0,7.0
pilot10,1741606145019.0,0.0
pilot10,1741606205955.0,0.0
pilot10,1741606279125.0,0.0
pilot10,1741606339343.0,20.0
pilot10,1741606400690.0,0.0
pilot10,1741606467985.0,0.0
pilot10,1741606529857.0,0.0
pilot10,1741606611078.0,0.0
pilot10,1741606687006.0,1.0
pilot10,1741606748267.0,0.0
pilot10,1741606816329.0,27.0
pilot10,1741606882423.0,0.0
pilot10,1741606947817.0,0.0
pilot10,1741607012340.0,0.0
pilot10,1741607082985.0,8.0
pilot10,1741607148925.0,0.0
pilot10,1741607220511.0,0.0
pilot10,1741607288266.0,0.0
pilot10,1741607355409.0,14.0
pilot10,1741607417008.0,0.0
pilot10,1741607480508.0,0.0
pilot10,1741607550879.0,16.0
pilot10,1741607627248.0,0.0
pilot10,1741607699451.0,11.0
pilot10,1741607766784.0,0.0
pilot10,1741607833180.0,0.0
pilot10,1741607895096.0,0.0
pilot10,1741607981570.0,0.0
pilot10,1741629844762.0,0.0
pilot10,1741629924540.0,0.0
pilot10,1741629991143.0,0.0
pilot10,1741630065123.0,0.0
pilot10,1741630125512.0,0.0
pilot10,1741630192931.0,0.0
pilot10,1741630260867.0,0.0
pilot10,1741630334427.0,0.0
pilot10,1741630415454.0,7.0
pilot10,1741630497568.0,0.0
pilot10,1741630570675.0,0.0
pilot10,1741630641976.0,0.0
pilot10,1741630713143.0,0.0
pilot10,1741630784128.0,0.0
pilot10,1741630860805.0,0.0
pilot10,1741630921204.0,0.0
pilot10,1741630988528.0,0.0
pilot10,1741631053445.0,0.0
pilot10,1741631113577.0,0.0
pilot10,1741631177602.0,0.0
pilot10,1741631254165.0,0.0
pilot10,1741631325190.0,0.0
pilot10,1741631398054.0,0.0
pilot10,1741631468987.0,0.0
pilot10,1741631545948.0,0.0
pilot10,1741631606386.0,0.0
pilot10,1741631673649.0,0.0
pilot10,1741631752801.0,0.0
pilot10,1741631828031.0,0.0
pilot10,1741631900219.0,0.0
pilot10,1741631968022.0,0.0
pilot10,1741632030597.0,0.0
pilot10,1741632097492.0,37.0
pilot10,1741632160608.0,170.0
pilot10,1741632222208.0,126.0
pilot10,1741632285913.0,32.0
pilot10,1741632356811.0,166.0
pilot10,1741632426792.0,79.0
pilot10,1741632496497.0,26.0
pilot10,1741632559246.0,40.0
pilot10,1741632637930.0,35.0
pilot10,1741632711277.0,30.0
pilot10,1741632773676.0,78.0
pilot10,1741632852450.0,66.0
pilot10,1741632912451.0,60.0
pilot10,1741632984595.0,198.0
pilot10,1741633051036.0,164.0
pilot10,1741633111038.0,176.0
pilot10,1741633171047.0,166.0
pilot10,1741586403029.0,0.0
pilot10,1741586477176.0,0.0
pilot10,1741586561873.0,0.0
pilot10,1741586626871.0,0.0
pilot10,1741586690505.0,0.0
pilot10,1741586767081.0,0.0
pilot10,1741586828492.0,0.0
pilot10,1741586901493.0,0.0
pilot10,1741586962489.0,0.0
pilot10,1741587022764.0,0.0
pilot10,1741587109811.0,0.0
pilot10,1741587173103.0,0.0
pilot10,1741587235462.0,0.0
pilot10,1741587305542.0,0.0
pilot10,1741587369997.0,0.0
pilot10,1741587430669.0,0.0
pilot10,1741587497367.0,0.0
pilot10,1741587563156.0,0.0
pilot10,1741587627598.0,0.0
pilot10,1741587691987.0,0.0
pilot10,1741587755509.0,0.0
pilot10,1741587815750.0,0.0
pilot10,1741587892806.0,0.0
pilot10,1741587958201.0,0.0
pilot10,1741588040596.0,0.0
pilot10,1741588106747.0,0.0
pilot10,1741588175746.0,0.0
pilot10,1741588258041.0,0.0
pilot10,1741588327110.0,0.0
pilot10,1741588389550.0,0.0
pilot10,1741588449860.0,0.0
pilot10,1741588511452.0,0.0
pilot10,1741588580496.0,0.0
pilot10,1741588641412.0,0.0
pilot10,1741588707713.0,0.0
pilot10,1741588772088.0,0.0
pilot10,1741588836454.0,0.0
pilot10,1741588900821.0,0.0
pilot10,1741588964010.0,0.0
pilot10,1741589051578.0,0.0
pilot10,1741589134810.0,0.0
pilot10,1741589206911.0,0.0
pilot10,1741589271366.0,0.0
pilot10,1741589331466.0,0.0
pilot10,1741589392498.0,0.0
pilot10,1741589454537.0,0.0
pilot10,1741589528920.0,0.0
pilot10,1741589589480.0,0.0
pilot10,1741589656574.0,0.0
pilot10,1741589722345.0,0.0
pilot10,1741590089481.0,0.0
pilot10,1741590166490.0,0.0
pilot10,1741590231941.0,0.0
pilot10,1741590314150.0,0.0
pilot10,1741590391225.0,0.0
pilot10,1741590462298.0,0.0
pilot10,1741590522513.0,0.0
pilot10,1741590595461.0,0.0
pilot10,1741590657451.0,0.0
pilot10,1741590725762.0,0.0
pilot10,1741590792048.0,0.0
pilot10,1741590852461.0,0.0
pilot10,1741590913569.0,0.0
pilot10,1741590981577.0,0.0
pilot10,1741591046190.0,0.0
pilot10,1741591110482.0,0.0
pilot10,1741591174892.0,0.0
pilot10,1741591235477.0,0.0
pilot10,1741591315377.0,0.0
pilot10,1741591384341.0,0.0
pilot10,1741591444579.0,0.0
pilot10,1741591532107.0,0.0
pilot10,1741591616405.0,0.0
pilot10,1741591689317.0,0.0
pilot10,1741591751282.0,0.0
pilot10,1741591819565.0,0.0
pilot10,1741591883960.0,0.0
pilot10,1741591967487.0,0.0
pilot10,1741592029064.0,0.0
pilot10,1741592089821.0,0.0
pilot10,1741592157827.0,0.0
pilot10,1741592222215.0,0.0
pilot10,1741592286638.0,0.0
pilot10,1741592347528.0,0.0
pilot10,1741592415473.0,0.0
pilot10,1741592484144.0,0.0
pilot10,1741592560672.0,0.0
pilot10,1741592646102.0,0.0
pilot10,1741592733915.0,0.0
pilot10,1741592814562.0,0.0
pilot10,1741592894930.0,0.0
pilot10,1741592955725.0,0.0
pilot10,1741593022478.0,0.0
pilot10,1741593082710.0,0.0
pilot10,1741593145476.0,0.0
pilot10,1741593205869.0,0.0
pilot10,1741593267492.0,0.0
pilot10,1741593345962.0,0.0
pilot10,1741593423028.0,0.0
pilot10,1741597512301.0,0.0
pilot10,1741597579346.0,0.0
pilot10,1741597643660.0,0.0
pilot10,1741597707975.0,0.0
pilot10,1741597772281.0,0.0
pilot10,1741597836662.0,0.0
pilot10,1741597900990.0,0.0
pilot10,1741597977689.0,0.0
pilot10,1741598045773.0,0.0
pilot10,1741598112297.0,0.0
pilot10,1741598174536.0,0.0
pilot10,1741598238909.0,0.0
pilot10,1741598303174.0,0.0
pilot10,1741598366498.0,0.0
pilot10,1741598428483.0,0.0
pilot10,1741598489492.0,0.0
pilot10,1741598551537.0,0.0
pilot10,1741598624846.0,0.0
pilot10,1741598689130.0,0.0
pilot10,1741598751986.0,0.0
pilot10,1741598835984.0,0.0
pilot10,1741598908874.0,0.0
pilot10,1741598970849.0,0.0
pilot10,1741599039166.0,0.0
pilot10,1741599110237.0,0.0
pilot10,1741599172399.0,0.0
pilot10,1741599245526.0,0.0
pilot10,1741599326846.0,0.0
pilot10,1741599398017.0,0.0
pilot10,1741599471729.0,0.0
pilot10,1741599543087.0,0.0
pilot10,1741599607455.0,0.0
pilot10,1741599685087.0,0.0
pilot10,1741599758028.0,0.0
pilot10,1741599818672.0,0.0
pilot10,1741599881471.0,0.0
pilot10,1741599942534.0,0.0
pilot10,1741600007856.0,0.0
pilot10,1741600081637.0,0.0
pilot10,1741600142309.0,0.0
pilot10,1741600203794.0,0.0
pilot10,1741600268260.0,0.0
pilot10,1741600332649.0,0.0
pilot10,1741600397075.0,0.0
pilot10,1741600481886.0,0.0
pilot10,1741600565950.0,0.0
pilot10,1741600638927.0,0.0
pilot10,1741600700910.0,0.0
pilot10,1741600767963.0,0.0
pilot10,1741600832153.0,0.0
pilot10,1741658463070.0,0.0
pilot10,1741658527063.0,0.0
pilot10,1741658589410.0,0.0
pilot10,1741658649507.0,0.0
pilot10,1741658709508.0,0.0
pilot10,1741658770517.0,0.0
pilot10,1741658830829.0,0.0
pilot10,1741658896458.0,0.0
pilot10,1741658956461.0,0.0
pilot10,1741659019904.0,0.0
pilot10,1741659086870.0,0.0
pilot10,1741659147575.0,0.0
pilot10,1741659210034.0,0.0
pilot10,1741659277641.0,0.0
pilot10,1741659350853.0,0.0
pilot10,1741659438296.0,0.0
pilot10,1741659498395.0,0.0
pilot10,1741659565266.0,0.0
pilot10,1741659637839.0,0.0
pilot10,1741659701480.0,0.0
pilot10,1741659763197.0,0.0
pilot10,1741659848655.0,0.0
pilot10,1741659920672.0,0.0
pilot10,1741659996904.0,0.0
pilot10,1741660062390.0,0.0
pilot10,1741660122636.0,0.0
pilot10,1741660185903.0,0.0
pilot10,1741660256394.0,0.0
pilot10,1741660319188.0,0.0
pilot10,1741660379366.0,0.0
pilot10,1741660439513.0,0.0
pilot10,1741660516567.0,0.0
pilot10,1741660582048.0,0.0
pilot10,1741660659175.0,0.0
pilot10,1741660734665.0,0.0
pilot10,1741660798742.0,0.0
pilot10,1741660859209.0,0.0
pilot10,1741660919519.0,0.0
pilot10,1741660981968.0,0.0
pilot10,1741661042255.0,0.0
pilot10,1741661125279.0,0.0
pilot10,1741661193631.0,0.0
pilot10,1741661257837.0,0.0
pilot10,1741661327485.0,0.0
pilot10,1741661388496.0,0.0
pilot10,1741661465483.0,0.0
pilot10,1741661537603.0,0.0
pilot10,1741661601468.0,0.0
pilot10,1741661666258.0,0.0
pilot10,1741661728127.0,0.0
pilot10,1741661795129.0,0.0
pilot10,1741579289753.0,0.0
pilot10,1741579366805.0,0.0
pilot10,1741579451304.0,0.0
pilot10,1741579511534.0,0.0
pilot10,1741579578206.0,0.0
pilot10,1741579665199.0,0.0
pilot10,1741579726664.0,0.0
pilot10,1741579788498.0,0.0
pilot10,1741579852149.0,0.0
pilot10,1741579925077.0,0.0
pilot10,1741579987065.0,0.0
pilot10,1741580047760.0,0.0
pilot10,1741580109290.0,0.0
pilot10,1741580176849.0,0.0
pilot10,1741580237692.0,0.0
pilot10,1741580314686.0,0.0
pilot10,1741580374757.0,0.0
pilot10,1741580435410.0,0.0
pilot10,1741580506721.0,0.0
pilot10,1741580580758.0,0.0
pilot10,1741580641673.0,0.0
pilot10,1741580702130.0,0.0
pilot10,1741580762971.0,0.0
pilot10,1741580842546.0,0.0
pilot10,1741580903512.0,0.0
pilot10,1741580964927.0,0.0
pilot10,1741581026694.0,0.0
pilot10,1741581095113.0,0.0
pilot10,1741581160997.0,0.0
pilot10,1741581238525.0,0.0
pilot10,1741581320156.0,0.0
pilot10,1741581387769.0,0.0
pilot10,1741581458519.0,0.0
pilot10,1741581533063.0,0.0
pilot10,1741581597394.0,0.0
pilot10,1741581661832.0,0.0
pilot10,1741581726264.0,0.0
pilot10,1741581787464.0,0.0
pilot10,1741581849458.0,0.0
pilot10,1741581935596.0,0.0
pilot10,1741582000009.0,0.0
pilot10,1741582061246.0,0.0
pilot10,1741582121420.0,0.0
pilot10,1741582181512.0,0.0
pilot10,1741582249463.0,0.0
pilot10,1741582322386.0,0.0
pilot10,1741582386724.0,0.0
pilot10,1741582451141.0,0.0
pilot10,1741582511775.0,0.0
pilot10,1741582590580.0,0.0
pilot10,1741647766726.0,0.0
pilot10,1741647835767.0,0.0
pilot10,1741647912852.0,0.0
pilot10,1741647976554.0,0.0
pilot10,1741648038833.0,0.0
pilot10,1741648120012.0,0.0
pilot10,1741648187649.0,0.0
pilot10,1741648255911.0,0.0
pilot10,1741648325939.0,0.0
pilot10,1741648398895.0,0.0
pilot10,1741648462965.0,0.0
pilot10,1741648531126.0,0.0
pilot10,1741648618126.0,0.0
pilot10,1741648694567.0,0.0
pilot10,1741648767778.0,0.0
pilot10,1741648848279.0,0.0
pilot10,1741648929819.0,0.0
pilot10,1741648994295.0,0.0
pilot10,1741649063952.0,0.0
pilot10,1741649125405.0,0.0
pilot10,1741649190320.0,0.0
pilot10,1741649260937.0,0.0
pilot10,1741649327533.0,0.0
pilot10,1741649405354.0,0.0
pilot10,1741649483462.0,66.0
pilot10,1741649550388.0,0.0
pilot10,1741649611152.0,6.0
pilot10,1741649678943.0,0.0
pilot10,1741649742541.0,0.0
pilot10,1741649805431.0,12.0
pilot10,1741649871907.0,41.0
pilot10,1741649946091.0,16.0
pilot10,1741650021790.0,0.0
pilot10,1741650100961.0,0.0
pilot10,1741650177151.0,20.0
pilot10,1741650246715.0,0.0
pilot10,1741650322273.0,0.0
pilot10,1741650385259.0,14.0
pilot10,1741650453908.0,0.0
pilot10,1741650520838.0,0.0
pilot10,1741650581708.0,0.0
pilot10,1741650655168.0,0.0
pilot10,1741650716314.0,0.0
pilot10,1741650798134.0,0.0
pilot10,1741650872602.0,0.0
pilot10,1741650940542.0,0.0
pilot10,1741651000574.0,0.0
pilot10,1741651070833.0,0.0
pilot10,1741651147142.0,0.0
pilot10,1741611688913.0,165.0
pilot10,1741611762360.0,118.0
pilot10,1741611823522.0,93.0
pilot10,1741611891916.0,57.0
pilot10,1741611969449.0,0.0
pilot10,1741612035005.0,0.0
pilot10,1741612100767.0,0.0
pilot10,1741612161758.0,31.0
pilot10,1741612224102.0,0.0
pilot10,1741612305047.0,0.0
pilot10,1741612374067.0,25.0
pilot10,1741612450936.0,0.0
pilot10,1741612511476.0,0.0
pilot10,1741612578843.0,0.0
pilot10,1741612643452.0,0.0
pilot10,1741612703547.0,0.0
pilot10,1741612769842.0,0.0
pilot10,1741612844701.0,0.0
pilot10,1741612904894.0,0.0
pilot10,1741612969768.0,0.0
pilot10,1741613032445.0,0.0
pilot10,1741613114452.0,0.0
pilot10,1741613182715.0,0.0
pilot10,1741613256641.0,0.0
pilot10,1741613327426.0,0.0
pilot10,1741613394843.0,0.0
pilot10,1741613462624.0,0.0
pilot10,1741613537192.0,0.0
pilot10,1741654889223.0,8.0
pilot10,1741654970025.0,0.0
pilot10,1741655047886.0,0.0
pilot10,1741655112640.0,0.0
pilot10,1741655182660.0,0.0
pilot10,1741655253195.0,0.0
pilot10,1741655321452.0,0.0
pilot10,1741655386054.0,0.0
pilot10,1741655470925.0,0.0
pilot10,1741655540891.0,0.0
pilot10,1741655603337.0,0.0
pilot10,1741655675927.0,0.0
pilot10,1741655749152.0,0.0
pilot10,1741655809996.0,0.0
pilot10,1741655876640.0,0.0
pilot10,1741655938633.0,0.0
pilot10,1741656008059.0,0.0
pilot10,1741656080051.0,0.0
pilot10,1741656140131.0,0.0
pilot10,1741656203609.0,1.0
pilot10,1741656263845.0,16.0
pilot10,1741656325275.0,16.0
pilot10,1741656388324.0,15.0
pilot10,1741656472179.0,0.0
pilot10,1741656538766.0,0.0
pilot10,1741656611985.0,30.0
pilot10,1741656682649.0,0.0
pilot10,1741656753315.0,0.0
pilot10,1741656818351.0,0.0
pilot10,1741656889905.0,13.0
pilot10,1741656951621.0,0.0
pilot10,1741657014411.0,0.0
pilot10,1741657079510.0,26.0
pilot10,1741657141462.0,12.0
pilot10,1741657206642.0,0.0
pilot10,1741657273635.0,21.0
pilot10,1741657342680.0,18.0
pilot10,1741657416309.0,0.0
pilot10,1741657488253.0,0.0
pilot10,1741657552958.0,0.0
pilot10,1741657618029.0,0.0
pilot10,1741657678298.0,0.0
pilot10,1741657753554.0,0.0
pilot10,1741657832175.0,0.0
pilot10,1741657905955.0,0.0
pilot10,1741657968469.0,0.0
pilot10,1741658037409.0,0.0
pilot10,1741658119441.0,33.0
pilot10,1741658188575.0,0.0
pilot10,1741597512301.0,0.0
pilot10,1741597579346.0,0.0
pilot10,1741597643660.0,0.0
pilot10,1741597707975.0,0.0
pilot10,1741597772281.0,0.0
pilot10,1741597836662.0,0.0
pilot10,1741597900990.0,0.0
pilot10,1741597977689.0,0.0
pilot10,1741598045773.0,0.0
pilot10,1741598112297.0,0.0
pilot10,1741598174536.0,0.0
pilot10,1741598238909.0,0.0
pilot10,1741598303174.0,0.0
pilot10,1741598366498.0,0.0
pilot10,1741598428483.0,0.0
pilot10,1741598489492.0,0.0
pilot10,1741598551537.0,0.0
pilot10,1741598624846.0,0.0
pilot10,1741598689130.0,0.0
pilot10,1741598751986.0,0.0
pilot10,1741598835984.0,0.0
pilot10,1741598908874.0,0.0
pilot10,1741598970849.0,0.0
pilot10,1741599039166.0,0.0
pilot10,1741599110237.0,0.0
pilot10,1741599172399.0,0.0
pilot10,1741599245526.0,0.0
pilot10,1741599326846.0,0.0
pilot10,1741599398017.0,0.0
pilot10,1741599471729.0,0.0
pilot10,1741599543087.0,0.0
pilot10,1741599607455.0,0.0
pilot10,1741599685087.0,0.0
pilot10,1741599758028.0,0.0
pilot10,1741599818672.0,0.0
pilot10,1741599881471.0,0.0
pilot10,1741599942534.0,0.0
pilot10,1741600007856.0,0.0
pilot10,1741600081637.0,0.0
pilot10,1741600142309.0,0.0
pilot10,1741600203794.0,0.0
pilot10,1741600268260.0,0.0
pilot10,1741600332649.0,0.0
pilot10,1741600397075.0,0.0
pilot10,1741600481886.0,0.0
pilot10,1741600565950.0,0.0
pilot10,1741600638927.0,0.0
pilot10,1741600700910.0,0.0
pilot10,1741600767963.0,0.0
pilot10,1741600832153.0,0.0
pilot10,1741582974080.0,0.0
pilot10,1741583048153.0,0.0
pilot10,1741583109489.0,0.0
pilot10,1741583177227.0,0.0
pilot10,1741583239631.0,0.0
pilot10,1741583301461.0,0.0
pilot10,1741583386671.0,0.0
pilot10,1741583452531.0,0.0
pilot10,1741583514501.0,0.0
pilot10,1741583577463.0,0.0
pilot10,1741583639462.0,0.0
pilot10,1741583708689.0,0.0
pilot10,1741583769481.0,0.0
pilot10,1741583829484.0,0.0
pilot10,1741583901801.0,0.0
pilot10,1741583978460.0,0.0
pilot10,1741584055481.0,0.0
pilot10,1741584119408.0,0.0
pilot10,1741584204623.0,0.0
pilot10,1741584272473.0,0.0
pilot10,1741584336925.0,0.0
pilot10,1741584400905.0,0.0
pilot10,1741584462964.0,0.0
pilot10,1741584535193.0,0.0
pilot10,1741584606467.0,0.0
pilot10,1741584673910.0,0.0
pilot10,1741584751986.0,0.0
pilot10,1741584836302.0,0.0
pilot10,1741584913330.0,0.0
pilot10,1741584978766.0,0.0
pilot10,1741585058466.0,0.0
pilot10,1741585139453.0,0.0
pilot10,1741585223208.0,0.0
pilot10,1741585288385.0,0.0
pilot10,1741585368497.0,0.0
pilot10,1741585430929.0,0.0
pilot10,1741585512915.0,0.0
pilot10,1741585589996.0,0.0
pilot10,1741585655458.0,0.0
pilot10,1741585727676.0,0.0
pilot10,1741585789543.0,0.0
pilot10,1741585850409.0,0.0
pilot10,1741585918433.0,0.0
pilot10,1741585981132.0,0.0
pilot10,1741586062390.0,0.0
pilot10,1741586131453.0,0.0
pilot10,1741586207688.0,0.0
pilot10,1741586268942.0,0.0
pilot10,1741586332764.0,0.0
pilot10,1741651207143.0,0.0
pilot10,1741651289255.0,7.0
pilot10,1741651364537.0,0.0
pilot10,1741651427572.0,0.0
pilot10,1741651495091.0,0.0
pilot10,1741651560236.0,0.0
pilot10,1741651624194.0,0.0
pilot10,1741651701433.0,0.0
pilot10,1741651776749.0,0.0
pilot10,1741651856179.0,0.0
pilot10,1741651929121.0,0.0
pilot10,1741651990408.0,0.0
pilot10,1741652056809.0,0.0
pilot10,1741652120215.0,1.0
pilot10,1741652180242.0,0.0
pilot10,1741652245047.0,0.0
pilot10,1741652310789.0,0.0
pilot10,1741652388334.0,0.0
pilot10,1741652454542.0,0.0
pilot10,1741652517792.0,0.0
pilot10,1741652584686.0,7.0
pilot10,1741652645178.0,9.0
pilot10,1741652723882.0,0.0
pilot10,1741652789311.0,0.0
pilot10,1741652860646.0,0.0
pilot10,1741652928706.0,45.0
pilot10,1741652999250.0,0.0
pilot10,1741653060433.0,0.0
pilot10,1741653120548.0,0.0
pilot10,1741653194889.0,0.0
pilot10,1741653259744.0,0.0
pilot10,1741653329814.0,0.0
pilot10,1741653411658.0,0.0
pilot10,1741653482784.0,0.0
pilot10,1741653553339.0,0.0
pilot10,1741653617483.0,0.0
pilot10,1741653689272.0,0.0
pilot10,1741653751066.0,0.0
pilot10,1741653812785.0,21.0
pilot10,1741653880849.0,36.0
pilot10,1741653956548.0,42.0
pilot10,1741654028887.0,0.0
pilot10,1741654091529.0,0.0
pilot10,1741654151848.0,0.0
pilot10,1741654211993.0,0.0
pilot10,1741654274793.0,0.0
pilot10,1741654345010.0,0.0
pilot10,1741654421091.0,0.0
pilot10,1741654481299.0,0.0
pilot10,1741654549832.0,0.0
pilot10,1741654612317.0,0.0
pilot10,1741654685300.0,0.0
pilot10,1741654745888.0,0.0
pilot10,1741654819557.0,0.0
pilot11,1740988860633.0,0.0
pilot11,1740988941148.0,0.0
pilot11,1740989009476.0,0.0
pilot11,1740989085323.0,0.0
pilot11,1740989145502.0,0.0
pilot11,1740989215452.0,0.0
pilot11,1740989279179.0,0.0
pilot11,1740989340908.0,0.0
pilot11,1740989406635.0,0.0
pilot11,1740989479178.0,0.0
pilot11,1740989540365.0,0.0
pilot11,1740989608156.0,0.0
pilot11,1740989674579.0,0.0
pilot11,1740989742036.0,0.0
pilot11,1740989803354.0,0.0
pilot11,1740989863627.0,0.0
pilot11,1740989937345.0,0.0
pilot11,1740990009550.0,0.0
pilot11,1740990070614.0,0.0
pilot11,1740990138132.0,0.0
pilot11,1740990209449.0,0.0
pilot11,1740990283451.0,0.0
pilot11,1740990346800.0,0.0
pilot11,1740990416542.0,0.0
pilot11,1740990484034.0,0.0
pilot11,1740990544673.0,0.0
pilot11,1740990605411.0,0.0
pilot11,1740990670780.0,0.0
pilot11,1740990743868.0,0.0
pilot11,1740990805472.0,0.0
pilot11,1740990873566.0,0.0
pilot11,1740990940414.0,0.0
pilot11,1740991022448.0,0.0
pilot11,1740991091707.0,0.0
pilot11,1740991168813.0,0.0
pilot11,1740991230826.0,0.0
pilot11,1740991291497.0,0.0
pilot11,1740991353364.0,0.0
pilot11,1740991423550.0,0.0
pilot11,1740991500457.0,0.0
pilot11,1740991565799.0,0.0
pilot11,1740991637605.0,0.0
pilot11,1740991708384.0,0.0
pilot11,1740991771481.0,0.0
pilot11,1740991834891.0,0.0
pilot11,1740991895357.0,0.0
pilot11,1740991962794.0,0.0
pilot11,1740992047693.0,0.0
pilot11,1740992119988.0,0.0
pilot11,1740992180684.0,0.0
pilot11,1740992244940.0,0.0
pilot11,1741035855485.0,48.0
pilot11,1741035915490.0,0.0
pilot11,1741035975985.0,0.0
pilot11,1741036037190.0,0.0
pilot11,1741036097519.0,0.0
pilot11,1741036158301.0,0.0
pilot11,1741036224465.0,0.0
pilot11,1741036293467.0,0.0
pilot11,1741036353469.0,91.0
pilot11,1741036418794.0,47.0
pilot11,1741036488494.0,126.0
pilot11,1741036572870.0,25.0
pilot11,1741036633155.0,0.0
pilot11,1741036700178.0,0.0
pilot11,1741036773266.0,0.0
pilot11,1741036852299.0,26.0
pilot11,1741036912946.0,3.0
pilot11,1741036977673.0,0.0
pilot11,1741037048576.0,57.0
pilot11,1741037117465.0,138.0
pilot11,1741037200655.0,120.0
pilot11,1741037263347.0,118.0
pilot11,1741037326588.0,104.0
pilot11,1741037388099.0,41.0
pilot11,1741037451466.0,0.0
pilot11,1741037514456.0,0.0
pilot11,1741037574490.0,0.0
pilot11,1741037642617.0,0.0
pilot11,1741037703983.0,0.0
pilot11,1741037764211.0,0.0
pilot11,1741037828198.0,0.0
pilot11,1741037889055.0,0.0
pilot11,1741037953029.0,0.0
pilot11,1741038013537.0,0.0
pilot11,1741038074594.0,30.0
pilot11,1741038134942.0,31.0
pilot11,1741038209392.0,8.0
pilot11,1741038274101.0,4.0
pilot11,1741038343584.0,0.0
pilot11,1741038409213.0,0.0
pilot11,1741038469534.0,0.0
pilot11,1741038530931.0,0.0
pilot11,1741038591288.0,0.0
pilot11,1741038652047.0,0.0
pilot11,1741038712453.0,0.0
pilot11,1741038774249.0,0.0
pilot11,1741038840871.0,0.0
pilot11,1741038901570.0,0.0
pilot11,1741038961571.0,11.0
pilot11,1741039023203.0,14.0
pilot11,1741039083528.0,0.0
pilot11,1741039151855.0,0.0
pilot11,1740992629088.0,0.0
pilot11,1740992700555.0,0.0
pilot11,1740992770812.0,0.0
pilot11,1740992833484.0,0.0
pilot11,1740992895659.0,0.0
pilot11,1740992982322.0,0.0
pilot11,1740993054527.0,0.0
pilot11,1740993124909.0,0.0
pilot11,1740993200939.0,0.0
pilot11,1740993265473.0,0.0
pilot11,1740993337352.0,0.0
pilot11,1740993407146.0,0.0
pilot11,1740993469493.0,0.0
pilot11,1740993541362.0,0.0
pilot11,1740993613132.0,0.0
pilot11,1740993674242.0,0.0
pilot11,1740993749581.0,0.0
pilot11,1740993824046.0,0.0
pilot11,1740993887339.0,0.0
pilot11,1740993957335.0,0.0
pilot11,1740994026210.0,0.0
pilot11,1740994086879.0,0.0
pilot11,1740994168379.0,0.0
pilot11,1740994237947.0,0.0
pilot11,1740994314286.0,0.0
pilot11,1740994376362.0,0.0
pilot11,1740994444578.0,0.0
pilot11,1740994514971.0,0.0
pilot11,1740994592446.0,0.0
pilot11,1740994665744.0,0.0
pilot11,1740994739912.0,0.0
pilot11,1740994802877.0,0.0
pilot11,1740994887419.0,0.0
pilot11,1740994959555.0,0.0
pilot11,1740995020656.0,0.0
pilot11,1740995084380.0,0.0
pilot11,1740995169026.0,0.0
pilot11,1740995244768.0,0.0
pilot11,1740995308966.0,0.0
pilot11,1740995379759.0,0.0
pilot11,1740995451247.0,0.0
pilot11,1740995524956.0,0.0
pilot11,1740995605743.0,0.0
pilot11,1740995685484.0,0.0
pilot11,1740995753601.0,0.0
pilot11,1740995829246.0,0.0
pilot11,1740995889393.0,0.0
pilot11,1740995958827.0,0.0
pilot11,1741017612914.0,0.0
pilot11,1741017685412.0,22.0
pilot11,1741017746733.0,26.0
pilot11,1741017812567.0,30.0
pilot11,1741017885255.0,12.0
pilot11,1741017945481.0,0.0
pilot11,1741018006329.0,0.0
pilot11,1741018066711.0,0.0
pilot11,1741018128288.0,0.0
pilot11,1741018194880.0,0.0
pilot11,1741018255400.0,0.0
pilot11,1741018336878.0,0.0
pilot11,1741018402119.0,0.0
pilot11,1741018462603.0,0.0
pilot11,1741018522800.0,0.0
pilot11,1741018583951.0,0.0
pilot11,1741018662868.0,0.0
pilot11,1741018726670.0,0.0
pilot11,1741018795447.0,14.0
pilot11,1741018859578.0,50.0
pilot11,1741018924428.0,0.0
pilot11,1741018999375.0,0.0
pilot11,1741019070839.0,0.0
pilot11,1741019155333.0,28.0
pilot11,1741019239587.0,0.0
pilot11,1741019302354.0,0.0
pilot11,1741019376614.0,0.0
pilot11,1741019439512.0,0.0
pilot11,1741019508522.0,12.0
pilot11,1741019578774.0,29.0
pilot11,1741019665332.0,11.0
pilot11,1741019725568.0,7.0
pilot11,1741019792689.0,5.0
pilot11,1741019873169.0,0.0
pilot11,1741019935024.0,41.0
pilot11,1741020000189.0,0.0
pilot11,1741020062318.0,0.0
pilot11,1741020131738.0,65.0
pilot11,1741020208348.0,44.0
pilot11,1741020272641.0,42.0
pilot11,1741020334512.0,19.0
pilot11,1741020397312.0,0.0
pilot11,1741020464903.0,9.0
pilot11,1741020541512.0,0.0
pilot11,1741020616289.0,0.0
pilot11,1741020681155.0,0.0
pilot11,1741020741157.0,11.0
pilot11,1741020801271.0,0.0
pilot11,1741020873575.0,0.0
pilot11,1741020939431.0,0.0
pilot11,1741020999445.0,0.0
pilot11,1741021071519.0,0.0
pilot11,1741021141545.0,0.0
pilot11,1741021201614.0,0.0
pilot11,1740985202038.0,0.0
pilot11,1740985288725.0,0.0
pilot11,1740985372942.0,0.0
pilot11,1740985444434.0,0.0
pilot11,1740985505792.0,0.0
pilot11,1740985572990.0,0.0
pilot11,1740985638628.0,0.0
pilot11,1740985717679.0,0.0
pilot11,1740985795027.0,0.0
pilot11,1740985860857.0,0.0
pilot11,1740985933074.0,0.0
pilot11,1740986004493.0,0.0
pilot11,1740986068029.0,0.0
pilot11,1740986132303.0,0.0
pilot11,1740986199518.0,0.0
pilot11,1740986286828.0,0.0
pilot11,1740986366747.0,0.0
pilot11,1740986434716.0,0.0
pilot11,1740986502206.0,0.0
pilot11,1740986578495.0,0.0
pilot11,1740986643308.0,0.0
pilot11,1740986714316.0,0.0
pilot11,1740986784288.0,0.0
pilot11,1740986847309.0,0.0
pilot11,1740986909883.0,0.0
pilot11,1740986972941.0,0.0
pilot11,1740987049460.0,0.0
pilot11,1740987114589.0,0.0
pilot11,1740987186641.0,0.0
pilot11,1740987256639.0,0.0
pilot11,1740987319776.0,0.0
pilot11,1740987383851.0,0.0
pilot11,1740987457439.0,0.0
pilot11,1740987519618.0,0.0
pilot11,1740987588085.0,0.0
pilot11,1740987659883.0,0.0
pilot11,1740987737714.0,0.0
pilot11,1740987818262.0,0.0
pilot11,1740987893180.0,0.0
pilot11,1740987956558.0,0.0
pilot11,1740988019449.0,0.0
pilot11,1740988090112.0,0.0
pilot11,1740988150862.0,0.0
pilot11,1740988230897.0,0.0
pilot11,1740988309163.0,0.0
pilot11,1740988376075.0,0.0
pilot11,1740988449182.0,0.0
pilot11,1741014278626.0,0.0
pilot11,1741014341526.0,14.0
pilot11,1741014404259.0,0.0
pilot11,1741014464699.0,0.0
pilot11,1741014543615.0,0.0
pilot11,1741014604681.0,0.0
pilot11,1741014670506.0,0.0
pilot11,1741014734049.0,11.0
pilot11,1741014794758.0,0.0
pilot11,1741014856057.0,0.0
pilot11,1741014917099.0,0.0
pilot11,1741014977128.0,0.0
pilot11,1741015037287.0,0.0
pilot11,1741015098144.0,0.0
pilot11,1741015158570.0,14.0
pilot11,1741015219337.0,4.0
pilot11,1741015279683.0,0.0
pilot11,1741015341359.0,0.0
pilot11,1741015407917.0,0.0
pilot11,1741015468423.0,17.0
pilot11,1741015549634.0,0.0
pilot11,1741015633206.0,21.0
pilot11,1741015703871.0,0.0
pilot11,1741015764357.0,22.0
pilot11,1741015824821.0,36.0
pilot11,1741015886105.0,0.0
pilot11,1741015951554.0,0.0
pilot11,1741016017188.0,0.0
pilot11,1741016077523.0,0.0
pilot11,1741016141536.0,0.0
pilot11,1741016224353.0,0.0
pilot11,1741016290840.0,42.0
pilot11,1741016351583.0,0.0
pilot11,1741016431292.0,0.0
pilot11,1741016491482.0,0.0
pilot11,1741016552055.0,0.0
pilot11,1741016612693.0,6.0
pilot11,1741016673431.0,0.0
pilot11,1741016733760.0,0.0
pilot11,1741016793768.0,0.0
pilot11,1741016862127.0,0.0
pilot11,1741016941567.0,0.0
pilot11,1741017008692.0,0.0
pilot11,1741017069003.0,0.0
pilot11,1741017129284.0,0.0
pilot11,1741017195527.0,0.0
pilot11,1741017276736.0,0.0
pilot11,1741017340643.0,0.0
pilot11,1741017407384.0,0.0
pilot11,1741017467521.0,0.0
pilot11,1741017540365.0,0.0
pilot11,1741021279657.0,0.0
pilot11,1741021339907.0,27.0
pilot11,1741021424482.0,10.0
pilot11,1741021508119.0,0.0
pilot11,1741021577290.0,0.0
pilot11,1741021649501.0,0.0
pilot11,1741021710638.0,0.0
pilot11,1741021778083.0,0.0
pilot11,1741021843885.0,0.0
pilot11,1741021914063.0,0.0
pilot11,1741021991224.0,0.0
pilot11,1741022057079.0,0.0
pilot11,1741022129802.0,0.0
pilot11,1741022200623.0,0.0
pilot11,1741022264346.0,0.0
pilot11,1741022331258.0,0.0
pilot11,1741022408047.0,0.0
pilot11,1741022473344.0,0.0
pilot11,1741022545290.0,0.0
pilot11,1741022617036.0,0.0
pilot11,1741022680521.0,0.0
pilot11,1741022744457.0,0.0
pilot11,1741022817291.0,0.0
pilot11,1741022879506.0,0.0
pilot11,1741022948408.0,0.0
pilot11,1741023015726.0,0.0
pilot11,1741023084022.0,0.0
pilot11,1741023145946.0,0.0
pilot11,1741023228234.0,0.0
pilot11,1741023300375.0,0.0
pilot11,1741023383392.0,0.0
pilot11,1741023454476.0,0.0
pilot11,1741023537899.0,0.0
pilot11,1741023608827.0,0.0
pilot11,1741023669559.0,0.0
pilot11,1741023736268.0,0.0
pilot11,1741023820954.0,0.0
pilot11,1741023896909.0,0.0
pilot11,1741023961595.0,0.0
pilot11,1741024033059.0,0.0
pilot11,1741024102812.0,0.0
pilot11,1741024165015.0,0.0
pilot11,1741024227472.0,0.0
pilot11,1741024288004.0,0.0
pilot11,1741024354362.0,0.0
pilot11,1741024438399.0,0.0
pilot11,1741024510033.0,0.0
pilot11,1741024571070.0,0.0
pilot11,1741024638404.0,0.0
pilot11,1741006810905.0,0.0
pilot11,1741006888704.0,0.0
pilot11,1741006973165.0,0.0
pilot11,1741007045304.0,0.0
pilot11,1741007106248.0,0.0
pilot11,1741007173099.0,0.0
pilot11,1741007238955.0,0.0
pilot11,1741007316397.0,0.0
pilot11,1741007389963.0,0.0
pilot11,1741007452940.0,0.0
pilot11,1741007521320.0,0.0
pilot11,1741007589424.0,0.0
pilot11,1741007649447.0,0.0
pilot11,1741039230463.0,0.0
pilot11,1741039296353.0,0.0
pilot11,1741039370454.0,10.0
pilot11,1741039442433.0,0.0
pilot11,1741039509956.0,0.0
pilot11,1741039577267.0,0.0
pilot11,1741039646586.0,0.0
pilot11,1741039732782.0,0.0
pilot11,1741039810487.0,0.0
pilot11,1741039875453.0,43.0
pilot11,1741039945300.0,23.0
pilot11,1741040021163.0,37.0
pilot11,1741040099493.0,8.0
pilot11,1741040165306.0,44.0
pilot11,1741040226502.0,0.0
pilot11,1741040310364.0,47.0
pilot11,1741040377346.0,9.0
pilot11,1741040438274.0,0.0
pilot11,1741040500540.0,59.0
pilot11,1741040560988.0,58.0
pilot11,1741040633455.0,92.0
pilot11,1741040699412.0,0.0
pilot11,1741040761663.0,119.0
pilot11,1741040825114.0,6.0
pilot11,1741040890495.0,26.0
pilot11,1741040954685.0,0.0
pilot11,1741041018743.0,10.0
pilot11,1741041086503.0,96.0
pilot11,1741041151464.0,61.0
pilot11,1741041237929.0,120.0
pilot11,1741041299726.0,155.0
pilot11,1741041363611.0,15.0
pilot11,1741041427417.0,51.0
pilot11,1741041514273.0,0.0
pilot11,1741041580463.0,0.0
pilot11,1741041649351.0,4.0
pilot11,1741041731200.0,0.0
pilot11,1741041794278.0,11.0
pilot11,1741041881287.0,0.0
pilot11,1741041949700.0,0.0
pilot11,1741042017913.0,0.0
pilot11,1741042092562.0,12.0
pilot11,1741042164797.0,0.0
pilot11,1741042226411.0,0.0
pilot11,1741042311439.0,22.0
pilot11,1741042379731.0,22.0
pilot11,1741042440248.0,0.0
pilot11,1741042507072.0,0.0
pilot11,1741042591460.0,15.0
pilot11,1741042652285.0,0.0
pilot11,1741042719257.0,0.0
pilot11,1741042789166.0,0.0
pilot11,1741042852591.0,0.0
pilot11,1741025031874.0,28.0
pilot11,1741025092558.0,59.0
pilot11,1741025153471.0,36.0
pilot11,1741025215878.0,7.0
pilot11,1741025281541.0,44.0
pilot11,1741025343498.0,0.0
pilot11,1741025431215.0,0.0
pilot11,1741025492474.0,5.0
pilot11,1741025553087.0,15.0
pilot11,1741025618498.0,14.0
pilot11,1741025700102.0,28.0
pilot11,1741025760948.0,116.0
pilot11,1741025821786.0,123.0
pilot11,1741025884077.0,42.0
pilot11,1741025962951.0,192.0
pilot11,1741026037874.0,152.0
pilot11,1741026103550.0,140.0
pilot11,1741026169944.0,40.0
pilot11,1741026233384.0,0.0
pilot11,1741026293498.0,0.0
pilot11,1741026368913.0,0.0
pilot11,1741026434595.0,0.0
pilot11,1741026497123.0,0.0
pilot11,1741026557987.0,0.0
pilot11,1741026618920.0,0.0
pilot11,1741026679664.0,0.0
pilot11,1741026740486.0,0.0
pilot11,1741026804274.0,0.0
pilot11,1741026867056.0,0.0
pilot11,1741026927475.0,0.0
pilot11,1741026988306.0,0.0
pilot11,1741027049688.0,0.0
pilot11,1741027110214.0,0.0
pilot11,1741027173499.0,50.0
pilot11,1741027237491.0,118.0
pilot11,1741027317496.0,120.0
pilot11,1741027382499.0,148.0
pilot11,1741027450311.0,61.0
pilot11,1741027512076.0,7.0
pilot11,1741027596429.0,27.0
pilot11,1741027659974.0,18.0
pilot11,1741027737500.0,22.0
pilot11,1741027797501.0,66.0
pilot11,1741027880737.0,11.0
pilot11,1741027942486.0,38.0
pilot11,1741028005487.0,53.0
pilot11,1741028079611.0,28.0
pilot11,1741028140498.0,0.0
pilot11,1741028216306.0,0.0
pilot11,1741028290901.0,65.0
pilot11,1741028354919.0,0.0
pilot11,1741053645416.0,23.0
pilot11,1741053719009.0,0.0
pilot11,1741053779431.0,0.0
pilot11,1741053851131.0,0.0
pilot11,1741053915550.0,0.0
pilot11,1741053979204.0,0.0
pilot11,1741054054035.0,0.0
pilot11,1741054127234.0,0.0
pilot11,1741054188386.0,0.0
pilot11,1741054249230.0,0.0
pilot11,1741054309669.0,0.0
pilot11,1741054386411.0,0.0
pilot11,1741054455775.0,0.0
pilot11,1741054520950.0,28.0
pilot11,1741054580951.0,0.0
pilot11,1741054646188.0,0.0
pilot11,1741054708028.0,0.0
pilot11,1741054769583.0,0.0
pilot11,1741054833416.0,0.0
pilot11,1741054900457.0,0.0
pilot11,1741054980419.0,0.0
pilot11,1741055044763.0,0.0
pilot11,1741055106410.0,0.0
pilot11,1741055182408.0,0.0
pilot11,1741055246363.0,10.0
pilot11,1741055310513.0,0.0
pilot11,1741055376610.0,13.0
pilot11,1741055442466.0,54.0
pilot11,1741055506974.0,23.0
pilot11,1741055571823.0,15.0
pilot11,1741055640409.0,0.0
pilot11,1741055706019.0,0.0
pilot11,1741055766418.0,0.0
pilot11,1741055826684.0,7.0
pilot11,1741055887374.0,47.0
pilot11,1741055947931.0,0.0
pilot11,1741056022403.0,4.0
pilot11,1741056094712.0,10.0
pilot11,1741056161524.0,14.0
pilot11,1741056222105.0,15.0
pilot11,1741056286492.0,0.0
pilot11,1741056373230.0,12.0
pilot11,1741056440427.0,0.0
pilot11,1741056521972.0,0.0
pilot11,1741056582642.0,0.0
pilot11,1741056643138.0,0.0
pilot11,1741056703139.0,0.0
pilot11,1741056764355.0,32.0
pilot11,1741056836746.0,0.0
pilot11,1741056898909.0,44.0
pilot11,1741056969699.0,6.0
pilot11,1740999746433.0,0.0
pilot11,1740999822320.0,0.0
pilot11,1740999886494.0,0.0
pilot11,1740999953536.0,0.0
pilot11,1741000029674.0,0.0
pilot11,1741000109531.0,0.0
pilot11,1741000184446.0,0.0
pilot11,1741000248231.0,0.0
pilot11,1741000318620.0,0.0
pilot11,1741000387654.0,0.0
pilot11,1741000449244.0,0.0
pilot11,1741000523980.0,0.0
pilot11,1741000604354.0,0.0
pilot11,1741000672613.0,0.0
pilot11,1741000756024.0,0.0
pilot11,1741000827151.0,0.0
pilot11,1741000887475.0,0.0
pilot11,1741000954229.0,0.0
pilot11,1741001019393.0,0.0
pilot11,1741001096749.0,0.0
pilot11,1741001170767.0,0.0
pilot11,1741001233005.0,0.0
pilot11,1741001302033.0,0.0
pilot11,1741001369504.0,0.0
pilot11,1741001437381.0,0.0
pilot11,1741001499599.0,0.0
pilot11,1741001578829.0,0.0
pilot11,1741001651365.0,0.0
pilot11,1741001712800.0,0.0
pilot11,1741001780685.0,0.0
pilot11,1741001847438.0,0.0
pilot11,1741001915549.0,0.0
pilot11,1741001988813.0,0.0
pilot11,1741002058360.0,0.0
pilot11,1741002136018.0,0.0
pilot11,1741002210496.0,0.0
pilot11,1741002274343.0,0.0
pilot11,1741002344739.0,0.0
pilot11,1741002413488.0,0.0
pilot11,1741002474564.0,0.0
pilot11,1741002535582.0,0.0
pilot11,1741002597244.0,0.0
pilot11,1741002674812.0,0.0
pilot11,1741002747235.0,0.0
pilot11,1741002808165.0,0.0
pilot11,1741002879325.0,0.0
pilot11,1741002940189.0,0.0
pilot11,1741003007426.0,0.0
pilot11,1741003072627.0,0.0
pilot11,1741003159841.0,0.0
pilot11,1741003241293.0,0.0
pilot11,1741003315789.0,0.0
pilot11,1741003387853.0,0.0
pilot11,1741032144446.0,19.0
pilot11,1741032209295.0,26.0
pilot11,1741032270092.0,20.0
pilot11,1741032332957.0,104.0
pilot11,1741032395876.0,21.0
pilot11,1741032463713.0,20.0
pilot11,1741032547047.0,83.0
pilot11,1741032633526.0,0.0
pilot11,1741032696535.0,12.0
pilot11,1741032771697.0,20.0
pilot11,1741032854252.0,0.0
pilot11,1741032919482.0,28.0
pilot11,1741032984382.0,86.0
pilot11,1741033048476.0,40.0
pilot11,1741033111099.0,23.0
pilot11,1741033172718.0,85.0
pilot11,1741033238483.0,0.0
pilot11,1741033299117.0,29.0
pilot11,1741033364472.0,0.0
pilot11,1741033438014.0,37.0
pilot11,1741033514430.0,53.0
pilot11,1741033575343.0,0.0
pilot11,1741033642096.0,0.0
pilot11,1741033728074.0,0.0
pilot11,1741033797313.0,0.0
pilot11,1741033883264.0,0.0
pilot11,1741033943344.0,0.0
pilot11,1741034022237.0,0.0
pilot11,1741034088638.0,0.0
pilot11,1741034150472.0,0.0
pilot11,1741034230303.0,0.0
pilot11,1741034293039.0,0.0
pilot11,1741034356474.0,0.0
pilot11,1741034418484.0,0.0
pilot11,1741034488425.0,9.0
pilot11,1741034550468.0,43.0
pilot11,1741034626979.0,10.0
pilot11,1741034701470.0,80.0
pilot11,1741034765465.0,45.0
pilot11,1741034827157.0,0.0
pilot11,1741034897604.0,7.0
pilot11,1741034959486.0,23.0
pilot11,1741035031550.0,0.0
pilot11,1741035115715.0,0.0
pilot11,1741035190065.0,28.0
pilot11,1741035250527.0,48.0
pilot11,1741035336023.0,46.0
pilot11,1741035408206.0,105.0
pilot11,1741035474128.0,24.0
pilot11,1740981819610.0,0.0
pilot11,1740981880075.0,0.0
pilot11,1740981951214.0,0.0
pilot11,1740982011903.0,0.0
pilot11,1740982079096.0,0.0
pilot11,1740982144928.0,0.0
pilot11,1740982211533.0,0.0
pilot11,1740982284234.0,0.0
pilot11,1740982360957.0,0.0
pilot11,1740982426207.0,0.0
pilot11,1740982502148.0,0.0
pilot11,1740982576636.0,0.0
pilot11,1740982640193.0,0.0
pilot11,1740982710108.0,0.0
pilot11,1740982778178.0,0.0
pilot11,1740982841193.0,0.0
pilot11,1740982921030.0,0.0
pilot11,1740982989182.0,0.0
pilot11,1740983064406.0,0.0
pilot11,1740983125145.0,0.0
pilot11,1740983191339.0,0.0
pilot11,1740983269615.0,0.0
pilot11,1740983335302.0,0.0
pilot11,1740983408045.0,0.0
pilot11,1740983479646.0,0.0
pilot11,1740983544016.0,0.0
pilot11,1740983607804.0,0.0
pilot11,1740983678715.0,0.0
pilot11,1740983755318.0,0.0
pilot11,1740983820100.0,0.0
pilot11,1740983897184.0,0.0
pilot11,1740983981197.0,0.0
pilot11,1740984052818.0,0.0
pilot11,1740984114014.0,0.0
pilot11,1740984181337.0,0.0
pilot11,1740984247310.0,0.0
pilot11,1740984314386.0,0.0
pilot11,1740984374583.0,0.0
pilot11,1740984453657.0,0.0
pilot11,1740984530109.0,0.0
pilot11,1740984595225.0,0.0
pilot11,1740984666702.0,0.0
pilot11,1740984736678.0,0.0
pilot11,1740984806239.0,0.0
pilot11,1740984876309.0,0.0
pilot11,1740984953190.0,0.0
pilot11,1740985015291.0,0.0
pilot11,1740985076762.0,0.0
pilot11,1740985138875.0,0.0
pilot11,1741060889705.0,0.0
pilot11,1741060966605.0,0.0
pilot11,1741061031941.0,0.0
pilot11,1741061103992.0,0.0
pilot11,1741061174725.0,0.0
pilot11,1741061237801.0,0.0
pilot11,1741061315944.0,0.0
pilot11,1741061382507.0,0.0
pilot11,1741061455943.0,0.0
pilot11,1741061522753.0,0.0
pilot11,1741061593873.0,0.0
pilot11,1741061654264.0,0.0
pilot11,1741061738107.0,0.0
pilot11,1741061809364.0,0.0
pilot11,1741061869936.0,0.0
pilot11,1741061936790.0,0.0
pilot11,1741062020030.0,0.0
pilot11,1741062098181.0,0.0
pilot11,1741062178269.0,0.0
pilot11,1741062246236.0,0.0
pilot11,1741062306237.0,0.0
pilot11,1741062386668.0,0.0
pilot11,1741062455454.0,0.0
pilot11,1741062531167.0,0.0
pilot11,1741062592183.0,0.0
pilot11,1741062652184.0,0.0
pilot11,1741062712613.0,0.0
pilot11,1741062775264.0,0.0
pilot11,1741062851452.0,0.0
pilot11,1741062928534.0,0.0
pilot11,1741062993942.0,0.0
pilot11,1741063066246.0,0.0
pilot11,1741063149533.0,0.0
pilot11,1741063220586.0,0.0
pilot11,1741063280879.0,0.0
pilot11,1741063347404.0,0.0
pilot11,1741063412576.0,0.0
pilot11,1741063495261.0,0.0
pilot11,1741063565694.0,0.0
pilot11,1741063625744.0,0.0
pilot11,1741063691426.0,0.0
pilot11,1741063756086.0,0.0
pilot11,1741063827321.0,0.0
pilot11,1741063897798.0,0.0
pilot11,1741063957807.0,0.0
pilot11,1741064021711.0,0.0
pilot11,1741064100867.0,0.0
pilot11,1741064168075.0,0.0
pilot11,1741064242317.0,0.0
pilot11,1741028431757.0,30.0
pilot11,1741028493973.0,71.0
pilot11,1741028570040.0,58.0
pilot11,1741028632510.0,105.0
pilot11,1741028698517.0,8.0
pilot11,1741028762278.0,4.0
pilot11,1741028828728.0,0.0
pilot11,1741028894815.0,15.0
pilot11,1741028958493.0,0.0
pilot11,1741029018496.0,0.0
pilot11,1741029083965.0,0.0
pilot11,1741029144804.0,0.0
pilot11,1741029217539.0,30.0
pilot11,1741029282350.0,67.0
pilot11,1741029356483.0,115.0
pilot11,1741029419461.0,72.0
pilot11,1741029494346.0,90.0
pilot11,1741029570473.0,46.0
pilot11,1741029634717.0,48.0
pilot11,1741029709165.0,0.0
pilot11,1741029781625.0,0.0
pilot11,1741029847814.0,0.0
pilot11,1741029916287.0,0.0
pilot11,1741029982258.0,0.0
pilot11,1741030044669.0,0.0
pilot11,1741030106023.0,0.0
pilot11,1741030166024.0,0.0
pilot11,1741030240282.0,33.0
pilot11,1741030304555.0,86.0
pilot11,1741030374264.0,40.0
pilot11,1741030449150.0,56.0
pilot11,1741030523213.0,126.0
pilot11,1741030596587.0,36.0
pilot11,1741030661486.0,110.0
pilot11,1741030734326.0,62.0
pilot11,1741030807097.0,0.0
pilot11,1741030874479.0,0.0
pilot11,1741030939482.0,0.0
pilot11,1741031002249.0,0.0
pilot11,1741031088356.0,11.0
pilot11,1741031160585.0,11.0
pilot11,1741031225485.0,0.0
pilot11,1741031293966.0,39.0
pilot11,1741031359275.0,5.0
pilot11,1741031420267.0,29.0
pilot11,1741031487122.0,41.0
pilot11,1741031569497.0,48.0
pilot11,1741031653757.0,58.0
pilot11,1741031727368.0,92.0
pilot11,1741003449058.0,0.0
pilot11,1741003516512.0,0.0
pilot11,1741003582386.0,0.0
pilot11,1741003650003.0,0.0
pilot11,1741003711044.0,0.0
pilot11,1741003792067.0,0.0
pilot11,1741003861198.0,0.0
pilot11,1741003939059.0,0.0
pilot11,1741004013764.0,0.0
pilot11,1741004097040.0,0.0
pilot11,1741004167903.0,0.0
pilot11,1741004228506.0,0.0
pilot11,1741004295120.0,0.0
pilot11,1741004379680.0,0.0
pilot11,1741004453741.0,0.0
pilot11,1741004516636.0,0.0
pilot11,1741004586143.0,0.0
pilot11,1741004654451.0,0.0
pilot11,1741004715028.0,0.0
pilot11,1741004800735.0,0.0
pilot11,1741004873855.0,0.0
pilot11,1741004935970.0,0.0
pilot11,1741005004561.0,0.0
pilot11,1741005072078.0,0.0
pilot11,1741005139959.0,0.0
pilot11,1741005224850.0,0.0
pilot11,1741005297185.0,0.0
pilot11,1741005359523.0,0.0
pilot11,1741005427571.0,0.0
pilot11,1741005494888.0,0.0
pilot11,1741005562815.0,0.0
pilot11,1741005627346.0,0.0
pilot11,1741005703454.0,0.0
pilot11,1741005768116.0,0.0
pilot11,1741005840011.0,0.0
pilot11,1741005909516.0,0.0
pilot11,1741005978620.0,0.0
pilot11,1741006048367.0,0.0
pilot11,1741006125807.0,0.0
pilot11,1741006188080.0,0.0
pilot11,1741006248944.0,0.0
pilot11,1741006310364.0,0.0
pilot11,1741006376452.0,0.0
pilot11,1741006460735.0,0.0
pilot11,1741006544957.0,0.0
pilot11,1741006616268.0,0.0
pilot11,1741006677216.0,0.0
pilot11,1741006744579.0,0.0
pilot11,1741010582693.0,0.0
pilot11,1741010644784.0,0.0
pilot11,1741010707154.0,0.0
pilot11,1741010770206.0,0.0
pilot11,1741010830541.0,0.0
pilot11,1741010895788.0,0.0
pilot11,1741010956537.0,0.0
pilot11,1741011018760.0,0.0
pilot11,1741011095875.0,0.0
pilot11,1741011158577.0,0.0
pilot11,1741011219400.0,0.0
pilot11,1741011289229.0,0.0
pilot11,1741011349230.0,0.0
pilot11,1741011415501.0,0.0
pilot11,1741011475701.0,0.0
pilot11,1741011538636.0,0.0
pilot11,1741011598995.0,0.0
pilot11,1741011666320.0,0.0
pilot11,1741011726562.0,0.0
pilot11,1741011793012.0,0.0
pilot11,1741011872273.0,0.0
pilot11,1741011937183.0,0.0
pilot11,1741012000541.0,0.0
pilot11,1741012076981.0,0.0
pilot11,1741012136982.0,0.0
pilot11,1741012203496.0,0.0
pilot11,1741012264541.0,0.0
pilot11,1741012344309.0,0.0
pilot11,1741012410517.0,0.0
pilot11,1741012473234.0,7.0
pilot11,1741012539535.0,33.0
pilot11,1741012610881.0,12.0
pilot11,1741012677243.0,0.0
pilot11,1741012751538.0,0.0
pilot11,1741012835978.0,0.0
pilot11,1741012919310.0,35.0
pilot11,1741012996359.0,19.0
pilot11,1741013068744.0,1.0
pilot11,1741013145581.0,23.0
pilot11,1741013205585.0,40.0
pilot11,1741013269574.0,10.0
pilot11,1741013334626.0,24.0
pilot11,1741013401286.0,23.0
pilot11,1741013462236.0,20.0
pilot11,1741013522586.0,5.0
pilot11,1741013583480.0,12.0
pilot11,1741013643883.0,13.0
pilot11,1741013704195.0,0.0
pilot11,1741013764975.0,0.0
pilot11,1741013824976.0,0.0
pilot11,1741013886141.0,0.0
pilot11,1741042917757.0,12.0
pilot11,1741042978732.0,0.0
pilot11,1741043043266.0,0.0
pilot11,1741043103988.0,0.0
pilot11,1741043168346.0,0.0
pilot11,1741043229136.0,0.0
pilot11,1741043289977.0,0.0
pilot11,1741043350337.0,0.0
pilot11,1741043410710.0,91.0
pilot11,1741043488968.0,9.0
pilot11,1741043556440.0,47.0
pilot11,1741043616447.0,59.0
pilot11,1741043680865.0,35.0
pilot11,1741043744444.0,0.0
pilot11,1741043804654.0,21.0
pilot11,1741043882069.0,111.0
pilot11,1741043950822.0,150.0
pilot11,1741044016186.0,121.0
pilot11,1741044078803.0,143.0
pilot11,1741044141447.0,58.0
pilot11,1741044210129.0,0.0
pilot11,1741044278440.0,59.0
pilot11,1741044354482.0,33.0
pilot11,1741044421323.0,20.0
pilot11,1741044487436.0,103.0
pilot11,1741044548444.0,59.0
pilot11,1741044611313.0,129.0
pilot11,1741044686977.0,119.0
pilot11,1741044747125.0,119.0
pilot11,1741044809039.0,135.0
pilot11,1741044886705.0,90.0
pilot11,1741044965535.0,133.0
pilot11,1741045034448.0,112.0
pilot11,1741045094459.0,55.0
pilot11,1741045165636.0,82.0
pilot11,1741045244029.0,0.0
pilot11,1741045305435.0,0.0
pilot11,1741045367438.0,0.0
pilot11,1741045444540.0,23.0
pilot11,1741045504541.0,88.0
pilot11,1741045569777.0,0.0
pilot11,1741045630796.0,11.0
pilot11,1741045691359.0,3.0
pilot11,1741045752287.0,0.0
pilot11,1741045812653.0,0.0
pilot11,1741045896881.0,0.0
pilot11,1741045979471.0,0.0
pilot11,1741046050448.0,0.0
pilot11,1741046112325.0,0.0
pilot11,1741046199287.0,0.0
pilot11,1741057369312.0,0.0
pilot11,1741057432135.0,0.0
pilot11,1741057492406.0,0.0
pilot11,1741057560235.0,0.0
pilot11,1741060262220.0,0.0
pilot11,1741060322221.0,0.0
pilot11,1741060396659.0,0.0
pilot11,1741060461908.0,0.0
pilot11,1741060533979.0,0.0
pilot11,1740978105126.0,195.0
pilot11,1740978166480.0,17.0
pilot11,1740978231970.0,54.0
pilot11,1740978293163.0,20.0
pilot11,1740978356506.0,5.0
pilot11,1740978416507.0,12.0
pilot11,1740978486314.0,21.0
pilot11,1740978560202.0,0.0
pilot11,1740978621988.0,34.0
pilot11,1740978686858.0,0.0
pilot11,1740978746876.0,23.0
pilot11,1740978812881.0,42.0
pilot11,1740978873456.0,5.0
pilot11,1740978956997.0,27.0
pilot11,1740979024420.0,26.0
pilot11,1740979093682.0,35.0
pilot11,1740979160491.0,0.0
pilot11,1740979223376.0,0.0
pilot11,1740979284326.0,0.0
pilot11,1740979344611.0,78.0
pilot11,1740979404941.0,40.0
pilot11,1740979477457.0,11.0
pilot11,1740979540235.0,11.0
pilot11,1740979620467.0,22.0
pilot11,1740979708377.0,0.0
pilot11,1740979774618.0,0.0
pilot11,1740979843831.0,7.0
pilot11,1740979926094.0,12.0
pilot11,1740979991618.0,0.0
pilot11,1740980073508.0,0.0
pilot11,1740980154337.0,0.0
pilot11,1740980215621.0,23.0
pilot11,1740980276197.0,12.0
pilot11,1740980339696.0,0.0
pilot11,1740980399786.0,22.0
pilot11,1740980460435.0,0.0
pilot11,1740980544493.0,32.0
pilot11,1740980608413.0,6.0
pilot11,1740980670613.0,0.0
pilot11,1740980738619.0,21.0
pilot11,1740980800616.0,18.0
pilot11,1740980879144.0,0.0
pilot11,1740980942000.0,0.0
pilot11,1740981004345.0,0.0
pilot11,1740981079392.0,0.0
pilot11,1740981142434.0,0.0
pilot11,1740981211043.0,0.0
pilot11,1740981274458.0,0.0
pilot11,1740981336107.0,0.0
pilot11,1740981397023.0,0.0
pilot11,1740996043905.0,0.0
pilot11,1740996115526.0,0.0
pilot11,1740996188034.0,0.0
pilot11,1740996249488.0,0.0
pilot11,1740996317236.0,0.0
pilot11,1740996383373.0,0.0
pilot11,1740996450450.0,0.0
pilot11,1740996511357.0,0.0
pilot11,1740996571482.0,0.0
pilot11,1740996654763.0,0.0
pilot11,1740996734526.0,0.0
pilot11,1740996818509.0,0.0
pilot11,1740996889850.0,0.0
pilot11,1740996950034.0,0.0
pilot11,1740997016609.0,0.0
pilot11,1740997082284.0,0.0
pilot11,1740997148906.0,0.0
pilot11,1740997218084.0,0.0
pilot11,1740997298416.0,0.0
pilot11,1740997366031.0,0.0
pilot11,1740997441309.0,0.0
pilot11,1740997502187.0,0.0
pilot11,1740997589894.0,0.0
pilot11,1740997667453.0,0.0
pilot11,1740997733249.0,0.0
pilot11,1740997806094.0,0.0
pilot11,1740997877697.0,0.0
pilot11,1740997940683.0,0.0
pilot11,1740998005064.0,0.0
pilot11,1740998066092.0,0.0
pilot11,1740998139316.0,0.0
pilot11,1740998211999.0,0.0
pilot11,1740998273375.0,0.0
pilot11,1740998341424.0,0.0
pilot11,1740998408158.0,0.0
pilot11,1740998475388.0,0.0
pilot11,1740998537978.0,0.0
pilot11,1740998615044.0,0.0
pilot11,1740998680661.0,0.0
pilot11,1740998752800.0,0.0
pilot11,1740998823504.0,0.0
pilot11,1740998886444.0,0.0
pilot11,1740998950286.0,0.0
pilot11,1740999020672.0,0.0
pilot11,1740999097393.0,0.0
pilot11,1740999162537.0,0.0
pilot11,1740999234475.0,0.0
pilot11,1740999319473.0,0.0
pilot11,1740999391522.0,0.0
pilot11,1740999452302.0,0.0
pilot11,1740999519808.0,0.0
pilot11,1740999586570.0,0.0
pilot11,1740999660642.0,0.0
pilot11,1741046580278.0,0.0
pilot11,1741046641596.0,0.0
pilot11,1741046709279.0,0.0
pilot11,1741046770451.0,0.0
pilot11,1741046840126.0,0.0
pilot11,1741046900565.0,0.0
pilot11,1741046961256.0,0.0
pilot11,1741047021841.0,0.0
pilot11,1741047082953.0,0.0
pilot11,1741047143344.0,0.0
pilot11,1741047203809.0,4.0
pilot11,1741047264500.0,0.0
pilot11,1741047336725.0,0.0
pilot11,1741047407159.0,12.0
pilot11,1741047478335.0,3.0
pilot11,1741047543460.0,0.0
pilot11,1741047609253.0,0.0
pilot11,1741047672441.0,0.0
pilot11,1741047738368.0,0.0
pilot11,1741047804436.0,0.0
pilot11,1741047882334.0,0.0
pilot11,1741047943249.0,4.0
pilot11,1741048005716.0,0.0
pilot11,1741048066397.0,0.0
pilot11,1741048134426.0,0.0
pilot11,1741048200471.0,0.0
pilot11,1741048277599.0,0.0
pilot11,1741048344437.0,0.0
pilot11,1741048414054.0,0.0
pilot11,1741048475510.0,0.0
pilot11,1741048540210.0,0.0
pilot11,1741048600437.0,0.0
pilot11,1741048661526.0,0.0
pilot11,1741048742791.0,0.0
pilot11,1741048811928.0,0.0
pilot11,1741048892787.0,0.0
pilot11,1741048956437.0,0.0
pilot11,1741049017431.0,0.0
pilot11,1741049097708.0,0.0
pilot11,1741049162426.0,0.0
pilot11,1741049227426.0,0.0
pilot11,1741049295423.0,0.0
pilot11,1741049368083.0,0.0
pilot11,1741049430633.0,0.0
pilot11,1741049491044.0,5.0
pilot11,1741049554635.0,0.0
pilot11,1741049638345.0,0.0
pilot11,1741049706873.0,0.0
pilot11,1741049767376.0,0.0
pilot11,1741049831694.0,0.0
pilot11,1741049894425.0,0.0
pilot11,1741050332835.0,0.0
pilot11,1741050415255.0,0.0
pilot11,1741050483877.0,0.0
pilot11,1741050545855.0,0.0
pilot11,1741050622457.0,0.0
pilot11,1741050704731.0,0.0
pilot11,1741050767426.0,0.0
pilot11,1741050851663.0,0.0
pilot11,1741050913421.0,0.0
pilot11,1741050979418.0,0.0
pilot11,1741051062253.0,0.0
pilot11,1741051128422.0,0.0
pilot11,1741051214787.0,0.0
pilot11,1741051275417.0,0.0
pilot11,1741051338417.0,0.0
pilot11,1741051405570.0,0.0
pilot11,1741051484511.0,7.0
pilot11,1741051551414.0,0.0
pilot11,1741051638252.0,0.0
pilot11,1741051724903.0,0.0
pilot11,1741051791171.0,0.0
pilot11,1741051863215.0,0.0
pilot11,1741051923462.0,0.0
pilot11,1741051988415.0,0.0
pilot11,1741052051420.0,0.0
pilot11,1741052113437.0,0.0
pilot11,1741052174141.0,0.0
pilot11,1741052258582.0,18.0
pilot11,1741052337774.0,0.0
pilot11,1741052402941.0,0.0
pilot11,1741052463660.0,0.0
pilot11,1741052545596.0,0.0
pilot11,1741052606410.0,0.0
pilot11,1741052670446.0,0.0
pilot11,1741052739504.0,0.0
pilot11,1741052801751.0,74.0
pilot11,1741052864417.0,109.0
pilot11,1741052929412.0,79.0
pilot11,1741052994732.0,0.0
pilot11,1741053054746.0,0.0
pilot11,1741053117060.0,0.0
pilot11,1741053179703.0,64.0
pilot11,1741053244349.0,20.0
pilot11,1741053304367.0,11.0
pilot11,1741053364949.0,0.0
pilot11,1741053439606.0,0.0
pilot11,1741053520876.0,6.0
pilot11,1741053581637.0,0.0
