subject_id,timestamp,skin_temp
pilot2,1739912620780.0,32.726562
pilot2,1739912931040.0,32.523438
pilot2,1739913162702.0,32.726562
pilot2,1739913345587.0,32.945312
pilot2,1739913547017.0,33.148438
pilot2,1739913570105.0,224.03125
pilot2,1739913570165.0,33.140625
pilot2,1739913691636.0,33.359375
pilot2,1739913918157.0,33.15625
pilot2,1739914090243.0,32.945312
pilot2,1739914575496.0,32.742188
pilot2,1739914920795.0,32.539062
pilot2,1739915182246.0,32.335938
pilot2,1739915264661.0,32.132812
pilot2,1739915380601.0,32.335938
pilot2,1739915452966.0,32.132812
pilot2,1739915559987.0,31.929688
pilot2,1739915577427.0,31.726562
pilot2,1739915606038.0,31.523438
pilot2,1739915671083.0,31.726562
pilot2,1739915705511.0,31.9375
pilot2,1739915761326.0,31.734375
pilot2,1739915911336.0,31.53125
pilot2,1739915989296.0,31.734375
pilot2,1739916334175.0,31.9375
pilot2,1739916469008.0,31.734375
pilot2,1739916557335.0,31.53125
pilot2,1739916573111.0,31.328125
pilot2,1739916608132.0,31.53125
pilot2,1739916676058.0,31.328125
pilot2,1739916709956.0,31.125
pilot2,1739916760851.0,30.921875
pilot2,1739916788225.0,30.71875
pilot2,1739916828792.0,30.515625
pilot2,1739916844652.0,30.3125
pilot2,1739916848001.0,30.09375
pilot2,1739916854702.0,29.890625
pilot2,1739916868982.0,29.679688
pilot2,1739917087134.0,29.476562
pilot2,1739917268682.0,29.679688
pilot2,1739917311426.0,29.882812
pilot2,1739917428512.0,29.679688
pilot2,1739917626056.0,29.890625
pilot2,1739917828668.0,29.679688
pilot2,1739917943566.0,29.476562
pilot2,1739918007722.0,29.273438
pilot2,1739918016782.0,29.0625
pilot2,1739918027904.0,28.859375
pilot2,1739918048281.0,28.65625
pilot2,1739918066677.0,28.453125
pilot2,1739918101814.0,28.25
pilot2,1739918115279.0,28.039062
pilot2,1739918162240.0,27.835938
pilot2,1739918224159.0,27.617188
pilot2,1739918231417.0,27.40625
pilot2,1739918244092.0,27.195312
pilot2,1739918258208.0,26.992188
pilot2,1739918284790.0,26.773438
pilot2,1739918303125.0,26.570312
pilot2,1739918635232.0,26.773438
pilot2,1739918671354.0,26.976562
pilot2,1739918744536.0,27.1875
pilot2,1739918818190.0,27.390625
pilot2,1739918843947.0,27.59375
pilot2,1739918870615.0,27.796875
pilot2,1739918887429.0,28.007812
pilot2,1739918920532.0,28.210938
pilot2,1739918957311.0,28.414062
pilot2,1739918976757.0,28.625
pilot2,1739918988846.0,28.84375
pilot2,1739919023626.0,29.046875
pilot2,1739919128912.0,29.25
pilot2,1739919162212.0,29.460938
pilot2,1739919217731.0,29.671875
pilot2,1739919299507.0,29.875
pilot2,1739919314820.0,30.078125
pilot2,1739919368422.0,30.28125
pilot2,1739919411832.0,30.5
pilot2,1739919450914.0,30.703125
pilot2,1739919524285.0,30.90625
pilot2,1739930410924.0,31.351562
pilot2,1739930480536.0,31.554688
pilot2,1739930491903.0,31.757812
pilot2,1739930547557.0,31.554688
pilot2,1739930805408.0,31.351562
pilot2,1739930857773.0,31.148438
pilot2,1739930926360.0,31.351562
pilot2,1739931195202.0,31.148438
pilot2,1739931573940.0,31.351562
pilot2,1739931680413.0,31.148438
pilot2,1739932186487.0,30.945312
pilot2,1739932225789.0,31.148438
pilot2,1739932420292.0,30.945312
pilot2,1739932510704.0,30.742188
pilot2,1739932925744.0,30.945312
pilot2,1739933014395.0,31.148438
pilot2,1739933061855.0,31.351562
pilot2,1739933388538.0,31.554688
pilot2,1739933617321.0,31.757812
pilot2,1739933698985.0,31.960938
pilot2,1739933738058.0,32.164062
pilot2,1739933941014.0,32.367188
pilot2,1739908860974.0,27.5625
pilot2,1739908873659.0,27.765625
pilot2,1739908883455.0,27.96875
pilot2,1739908900954.0,28.179688
pilot2,1739908914227.0,28.390625
pilot2,1739908929658.0,28.601562
pilot2,1739908950089.0,28.804688
pilot2,1739908970363.0,29.007812
pilot2,1739908986906.0,29.210938
pilot2,1739909009337.0,29.414062
pilot2,1739909094951.0,29.210938
pilot2,1739909120757.0,29.007812
pilot2,1739909148759.0,28.804688
pilot2,1739909277310.0,29.015625
pilot2,1739909338889.0,29.226562
pilot2,1739909372762.0,29.429688
pilot2,1739909392341.0,29.632812
pilot2,1739909459279.0,29.835938
pilot2,1739909477056.0,30.046875
pilot2,1739909491291.0,30.257812
pilot2,1739909521466.0,30.460938
pilot2,1739909554181.0,30.664062
pilot2,1739909580635.0,30.867188
pilot2,1739909607881.0,31.070312
pilot2,1739909642234.0,31.273438
pilot2,1739909704175.0,31.070312
pilot2,1739909726400.0,31.28125
pilot2,1739909747296.0,31.492188
pilot2,1739909850454.0,31.695312
pilot2,1739909891984.0,31.898438
pilot2,1739909911460.0,32.101562
pilot2,1739910029561.0,31.898438
pilot2,1739910038880.0,31.695312
pilot2,1739910045578.0,31.476562
pilot2,1739910054517.0,31.257812
pilot2,1739910069526.0,31.054688
pilot2,1739910074512.0,30.84375
pilot2,1739910077152.0,30.617188
pilot2,1739910078916.0,30.390625
pilot2,1739910080902.0,30.1875
pilot2,1739910083721.0,29.984375
pilot2,1739910086718.0,29.78125
pilot2,1739910090934.0,29.554688
pilot2,1739910097167.0,29.351562
pilot2,1739910103938.0,29.148438
pilot2,1739910116852.0,28.945312
pilot2,1739910204770.0,28.742188
pilot2,1739910255450.0,28.945312
pilot2,1739910322797.0,28.742188
pilot2,1739910357516.0,28.539062
pilot2,1739910468440.0,28.335938
pilot2,1739910499120.0,28.125
pilot2,1739910513753.0,27.921875
pilot2,1739910521691.0,27.710938
pilot2,1739910530691.0,27.5
pilot2,1739910539162.0,27.296875
pilot2,1739910552218.0,27.09375
pilot2,1739910563156.0,26.890625
pilot2,1739910579394.0,26.6875
pilot2,1739910601990.0,26.476562
pilot2,1739910760130.0,26.273438
pilot2,1739910882848.0,26.484375
pilot2,1739910961451.0,26.695312
pilot2,1739910975481.0,26.90625
pilot2,1739910989764.0,27.117188
pilot2,1739911005735.0,27.320312
pilot2,1739911041913.0,27.523438
pilot2,1739911052945.0,27.734375
pilot2,1739911069718.0,27.9375
pilot2,1739911118208.0,28.140625
pilot2,1739911162225.0,28.359375
pilot2,1739911200568.0,28.5625
pilot2,1739911231594.0,28.765625
pilot2,1739911244290.0,28.984375
pilot2,1739911275494.0,29.1875
pilot2,1739911307655.0,29.390625
pilot2,1739911322896.0,29.609375
pilot2,1739911390629.0,29.8125
pilot2,1739911419537.0,30.015625
pilot2,1739911525122.0,30.226562
pilot2,1739911579107.0,30.4375
pilot2,1739911607011.0,30.640625
pilot2,1739911618312.0,30.84375
pilot2,1739911673837.0,31.046875
pilot2,1739911712257.0,31.273438
pilot2,1739911830126.0,31.476562
pilot2,1739911861700.0,31.6875
pilot2,1739911983553.0,31.890625
pilot2,1739912034555.0,32.101562
pilot2,1739912094112.0,32.304688
pilot2,1739912231520.0,32.507812
pilot2,1739937779541.0,31.9375
pilot2,1739937788168.0,31.71875
pilot2,1739937798841.0,31.515625
pilot2,1739937807865.0,31.3125
pilot2,1739937818532.0,31.109375
pilot2,1739937830922.0,30.90625
pilot2,1739937865085.0,30.703125
pilot2,1739937936913.0,30.5
pilot2,1739937998327.0,30.289062
pilot2,1739938115254.0,30.078125
pilot2,1739938139710.0,29.875
pilot2,1739938174937.0,29.65625
pilot2,1739938360197.0,29.453125
pilot2,1739938434752.0,29.25
pilot2,1739938460126.0,29.039062
pilot2,1739938676405.0,29.242188
pilot2,1739938698898.0,29.453125
pilot2,1739938714375.0,29.65625
pilot2,1739938728996.0,29.867188
pilot2,1739938837742.0,29.664062
pilot2,1739938923904.0,29.453125
pilot2,1739939052492.0,29.65625
pilot2,1739939151455.0,29.4375
pilot2,1739939208103.0,29.234375
pilot2,1739939274260.0,29.03125
pilot2,1739939331754.0,29.234375
pilot2,1739939425231.0,29.023438
pilot2,1739939443383.0,28.8125
pilot2,1739939465935.0,28.609375
pilot2,1739939489014.0,28.40625
pilot2,1739939536375.0,28.203125
pilot2,1739939635759.0,28.0
pilot2,1739939813853.0,27.789062
pilot2,1739939830100.0,27.578125
pilot2,1739939979714.0,27.367188
pilot2,1739939982008.0,27.148438
pilot2,1739939984480.0,26.945312
pilot2,1739939986774.0,26.742188
pilot2,1739939989421.0,26.539062
pilot2,1739939992423.0,26.328125
pilot2,1739939995777.0,26.125
pilot2,1739939999656.0,25.90625
pilot2,1739940004772.0,25.703125
pilot2,1739940011815.0,25.5
pilot2,1739940021341.0,25.296875
pilot2,1739940031045.0,25.09375
pilot2,1739940043394.0,24.890625
pilot2,1739940053630.0,24.6875
pilot2,1739940068103.0,24.453125
pilot2,1739940084167.0,24.25
pilot2,1739940101468.0,24.046875
pilot2,1739940117356.0,23.84375
pilot2,1739940137121.0,23.640625
pilot2,1739940161121.0,23.4375
pilot2,1739940185671.0,23.234375
pilot2,1739940212337.0,23.023438
pilot2,1739940244309.0,22.820312
pilot2,1739940284924.0,22.617188
pilot2,1739940325203.0,22.398438
pilot2,1739940418644.0,22.195312
pilot2,1739940472892.0,21.992188
pilot2,1739940530314.0,21.789062
pilot2,1739940591465.0,21.585938
pilot2,1739940726917.0,21.382812
pilot2,1739940805953.0,21.179688
pilot2,1739940922470.0,20.976562
pilot2,1739940968397.0,21.179688
pilot2,1739941096400.0,20.976562
pilot2,1739906401711.0,35.210938
pilot2,1739906422295.0,35.414062
pilot2,1739906430192.0,35.640625
pilot2,1739906443542.0,35.429688
pilot2,1739906448813.0,35.21875
pilot2,1739906456544.0,35.007812
pilot2,1739906480968.0,35.210938
pilot2,1739906493446.0,35.414062
pilot2,1739906502229.0,35.632812
pilot2,1739906510483.0,35.835938
pilot2,1739906520494.0,36.039062
pilot2,1739906539290.0,36.257812
pilot2,1739906563192.0,36.460938
pilot2,1739906597457.0,36.6875
pilot2,1739906624508.0,36.890625
pilot2,1739906634348.0,37.09375
pilot2,1739906695681.0,36.890625
pilot2,1739906709748.0,36.6875
pilot2,1739906721353.0,36.484375
pilot2,1739906727333.0,36.28125
pilot2,1739906734371.0,36.078125
pilot2,1739906740179.0,35.859375
pilot2,1739906747392.0,35.640625
pilot2,1739906776905.0,35.4375
pilot2,1739906787986.0,35.234375
pilot2,1739906796070.0,35.03125
pilot2,1739906802753.0,34.828125
pilot2,1739906809086.0,34.625
pilot2,1739906816475.0,34.398438
pilot2,1739906883344.0,34.1875
pilot2,1739906890206.0,33.96875
pilot2,1739906896714.0,33.757812
pilot2,1739906897946.0,33.5
pilot2,1739906899529.0,33.28125
pilot2,1739906901289.0,33.0625
pilot2,1739906903751.0,32.828125
pilot2,1739906927345.0,33.039062
pilot2,1739906960689.0,32.820312
pilot2,1739907000170.0,33.023438
pilot2,1739907012586.0,33.234375
pilot2,1739907064697.0,33.4375
pilot2,1739907102038.0,33.234375
pilot2,1739907177694.0,33.03125
pilot2,1739907200010.0,32.828125
pilot2,1739907221613.0,32.625
pilot2,1739907238701.0,32.421875
pilot2,1739907265223.0,32.210938
pilot2,1739907291695.0,32.007812
pilot2,1739907343994.0,32.210938
pilot2,1739907352074.0,32.429688
pilot2,1739907363359.0,32.632812
pilot2,1739907372716.0,32.414062
pilot2,1739907379760.0,32.203125
pilot2,1739907382308.0,32.0
pilot2,1739907385830.0,31.789062
pilot2,1739907389001.0,31.585938
pilot2,1739907393019.0,31.359375
pilot2,1739907397248.0,31.15625
pilot2,1739907401059.0,30.945312
pilot2,1739907403702.0,30.742188
pilot2,1739907406168.0,30.53125
pilot2,1739907408990.0,30.320312
pilot2,1739907412028.0,30.117188
pilot2,1739907417321.0,29.890625
pilot2,1739907421988.0,29.679688
pilot2,1739907425693.0,29.476562
pilot2,1739907439196.0,29.265625
pilot2,1739907462129.0,29.0625
pilot2,1739907467603.0,28.859375
pilot2,1739907472422.0,28.65625
pilot2,1739907476836.0,28.445312
pilot2,1739907483000.0,28.242188
pilot2,1739907490730.0,28.023438
pilot2,1739907494088.0,27.820312
pilot2,1739907498859.0,27.601562
pilot2,1739907503497.0,27.398438
pilot2,1739907509507.0,27.195312
pilot2,1739907514299.0,26.992188
pilot2,1739907520311.0,26.789062
pilot2,1739907526357.0,26.578125
pilot2,1739907532052.0,26.375
pilot2,1739907539658.0,26.164062
pilot2,1739907552410.0,25.960938
pilot2,1739907558247.0,25.75
pilot2,1739907565013.0,25.546875
pilot2,1739907571741.0,25.3125
pilot2,1739907577048.0,25.101562
pilot2,1739907587313.0,24.898438
pilot2,1739907592798.0,24.6875
pilot2,1739907596162.0,24.46875
pilot2,1739907600766.0,24.25
pilot2,1739907609972.0,24.046875
pilot2,1739907615108.0,23.835938
pilot2,1739907620065.0,23.609375
pilot2,1739907622545.0,23.367188
pilot2,1739907625556.0,23.148438
pilot2,1739907629275.0,22.945312
pilot2,1739907641316.0,22.726562
pilot2,1739907644859.0,22.523438
pilot2,1739907649112.0,22.296875
pilot2,1739907653011.0,22.09375
pilot2,1739907657086.0,21.890625
pilot2,1739907662401.0,21.679688
pilot2,1739907689163.0,21.476562
pilot2,1739907691998.0,21.273438
pilot2,1739907695189.0,21.070312
pilot2,1739907698735.0,20.859375
pilot2,1739907717177.0,21.0625
pilot2,1739907730481.0,20.859375
pilot2,1739907738451.0,21.0625
pilot2,1739907740044.0,21.265625
pilot2,1739907747848.0,21.0625
pilot2,1739907751573.0,20.859375
pilot2,1739907753880.0,20.65625
pilot2,1739907756718.0,20.453125
pilot2,1739907760799.0,20.226562
pilot2,1739907765592.0,20.023438
pilot2,1739907769851.0,19.8125
pilot2,1739907773935.0,19.601562
pilot2,1739907780504.0,19.398438
pilot2,1739907783875.0,19.195312
pilot2,1739907797188.0,18.984375
pilot2,1739907800916.0,18.78125
pilot2,1739907807306.0,18.578125
pilot2,1739907870007.0,18.375
pilot2,1739907873912.0,18.164062
pilot2,1739907879773.0,17.953125
pilot2,1739907905885.0,17.75
pilot2,1739907911389.0,17.953125
pilot2,1739907912455.0,18.164062
pilot2,1739907913698.0,18.398438
pilot2,1739907915120.0,18.617188
pilot2,1739907916541.0,18.828125
pilot2,1739907918495.0,19.0625
pilot2,1739907921337.0,19.28125
pilot2,1739907925601.0,19.507812
pilot2,1739907935195.0,19.710938
pilot2,1739907949230.0,19.921875
pilot2,1739907978891.0,20.132812
pilot2,1739908028961.0,20.335938
pilot2,1739908087701.0,20.546875
pilot2,1739908113253.0,20.75
pilot2,1739908124783.0,20.953125
pilot2,1739908137019.0,21.164062
pilot2,1739908162366.0,21.367188
pilot2,1739908189129.0,21.570312
pilot2,1739908220679.0,21.773438
pilot2,1739908257985.0,21.976562
pilot2,1739908272370.0,22.179688
pilot2,1739908304173.0,22.390625
pilot2,1739908316847.0,22.59375
pilot2,1739908330731.0,22.804688
pilot2,1739908371039.0,23.007812
pilot2,1739908383226.0,23.210938
pilot2,1739908397261.0,23.414062
pilot2,1739908415321.0,23.632812
pilot2,1739908439129.0,23.835938
pilot2,1739908505082.0,24.039062
pilot2,1739908528830.0,24.242188
pilot2,1739908577793.0,24.460938
pilot2,1739908616976.0,24.679688
pilot2,1739908637691.0,24.882812
pilot2,1739908652572.0,25.085938
pilot2,1739908659109.0,25.304688
pilot2,1739908665329.0,25.515625
pilot2,1739908672486.0,25.71875
pilot2,1739908691190.0,25.921875
pilot2,1739908706095.0,26.125
pilot2,1739908716763.0,26.328125
pilot2,1739908725792.0,26.539062
pilot2,1739908740973.0,26.742188
pilot2,1739908771667.0,26.945312
pilot2,1739908801486.0,27.148438
pilot2,1739908815549.0,27.351562
pilot2,1739919673225.0,31.109375
pilot2,1739919690335.0,31.320312
pilot2,1739919755220.0,31.117188
pilot2,1739919992273.0,31.320312
pilot2,1739920333002.0,31.53125
pilot2,1739920360371.0,31.734375
pilot2,1739920460405.0,31.9375
pilot2,1739920649316.0,32.140625
pilot2,1739920760734.0,222.10938
pilot2,1739920760793.0,32.226562
pilot2,1739920954373.0,32.445312
pilot2,1739921047582.0,32.648438
pilot2,1739921132882.0,32.445312
pilot2,1739921329856.0,32.21875
pilot2,1739921597443.0,32.421875
pilot2,1739921725103.0,32.625
pilot2,1739922195378.0,32.421875
pilot2,1739922587247.0,32.625
pilot2,1739922908342.0,32.828125
pilot2,1739922910486.0,242.90625
pilot2,1739922910546.0,32.859375
pilot2,1739934045576.0,32.578125
pilot2,1739934071577.0,32.78125
pilot2,1739934410225.0,32.984375
pilot2,1739934468836.0,33.1875
pilot2,1739934679154.0,32.984375
pilot2,1739934739499.0,32.78125
pilot2,1739934884887.0,32.984375
pilot2,1739935059514.0,33.1875
pilot2,1739935235464.0,32.984375
pilot2,1739935271198.0,32.78125
pilot2,1739935293193.0,32.578125
pilot2,1739935313355.0,32.375
pilot2,1739935333563.0,32.171875
pilot2,1739935358635.0,31.953125
pilot2,1739935434143.0,31.742188
pilot2,1739935457042.0,31.539062
pilot2,1739935476677.0,31.3125
pilot2,1739935500985.0,31.109375
pilot2,1739935515581.0,30.890625
pilot2,1739935563376.0,30.679688
pilot2,1739935645546.0,30.476562
pilot2,1739935677098.0,30.265625
pilot2,1739936034345.0,30.46875
pilot2,1739936084490.0,30.671875
pilot2,1739936160869.0,30.875
pilot2,1739936315305.0,31.078125
pilot2,1739936391346.0,31.289062
pilot2,1739936632891.0,31.492188
pilot2,1739936720734.0,31.289062
pilot2,1739936729193.0,31.085938
pilot2,1739936742411.0,30.882812
pilot2,1739936750334.0,30.679688
pilot2,1739936763766.0,30.46875
pilot2,1739936786199.0,30.265625
pilot2,1739936796660.0,30.0625
pilot2,1739936807948.0,29.851562
pilot2,1739936868097.0,30.0625
pilot2,1739936913665.0,30.265625
pilot2,1739936937698.0,30.476562
pilot2,1739937013322.0,30.273438
pilot2,1739937037942.0,30.476562
pilot2,1739937083726.0,30.273438
pilot2,1739937156083.0,30.070312
pilot2,1739937215399.0,29.867188
pilot2,1739937291080.0,30.078125
pilot2,1739937322096.0,30.28125
pilot2,1739937347258.0,30.492188
pilot2,1739937365731.0,30.695312
pilot2,1739937384357.0,30.914062
pilot2,1739937403202.0,31.117188
pilot2,1739927153327.0,32.390625
pilot2,1739927323097.0,32.609375
pilot2,1739927387021.0,32.40625
pilot2,1739927647974.0,32.195312
pilot2,1739927727763.0,32.398438
pilot2,1739928044636.0,32.195312
pilot2,1739928309543.0,31.984375
pilot2,1739928389443.0,32.1875
pilot2,1739928736338.0,32.390625
pilot2,1739928863155.0,32.1875
pilot2,1739929172927.0,31.984375
pilot2,1739929312692.0,31.773438
pilot2,1739929328943.0,31.5625
pilot2,1739929347769.0,31.359375
pilot2,1739929374726.0,31.148438
pilot2,1739929494010.0,30.945312
pilot2,1739929612690.0,30.742188
pilot2,1739929744401.0,30.945312
pilot2,1739929792176.0,31.148438
pilot2,1739952211826.0,25.757812
pilot2,1739952621197.0,25.546875
pilot2,1739952702747.0,25.75
pilot2,1739952712469.0,25.953125
pilot2,1739952852886.0,25.75
pilot2,1739953241195.0,25.546875
pilot2,1739953342189.0,25.757812
pilot2,1739953536611.0,25.554688
pilot2,1739953648765.0,25.757812
pilot2,1739953658482.0,25.976562
pilot2,1739953763261.0,25.773438
pilot2,1739953896836.0,25.570312
pilot2,1739953985396.0,25.78125
pilot2,1739954111785.0,25.578125
pilot2,1739954301166.0,25.796875
pilot2,1739954385059.0,25.585938
pilot2,1739955169957.0,25.382812
pilot2,1739955207942.0,25.585938
pilot2,1739955364741.0,25.382812
pilot2,1739988137978.0,31.84375
pilot2,1739988186732.0,31.640625
pilot2,1739988247991.0,31.4375
pilot2,1739988286371.0,31.234375
pilot2,1739988447990.0,31.03125
pilot2,1739988690368.0,224.02344
pilot2,1739988690429.0,31.101562
pilot2,1739988777808.0,30.890625
pilot2,1739989252226.0,30.6875
pilot2,1739989393486.0,30.90625
pilot2,1739989522405.0,30.703125
pilot2,1739989595465.0,30.5
pilot2,1739989705105.0,30.289062
pilot2,1739989807254.0,30.085938
pilot2,1739989824026.0,29.882812
pilot2,1739989840962.0,29.679688
pilot2,1739989862403.0,29.46875
pilot2,1739989877804.0,29.265625
pilot2,1739989891323.0,29.0625
pilot2,1739989916365.0,28.859375
pilot2,1739989953663.0,29.0625
pilot2,1739990137254.0,29.265625
pilot2,1739990204563.0,29.46875
pilot2,1739990243481.0,29.679688
pilot2,1739990248161.0,29.890625
pilot2,1739990252761.0,30.09375
pilot2,1739990257624.0,30.320312
pilot2,1739990262762.0,30.523438
pilot2,1739990366895.0,30.734375
pilot2,1739990503660.0,30.9375
pilot2,1739990599057.0,31.148438
pilot2,1739990730358.0,222.11719
pilot2,1739990730419.0,31.070312
pilot2,1739990810357.0,242.78906
pilot2,1739990810418.0,31.09375
pilot2,1739990884197.0,31.296875
pilot2,1739990913120.0,31.5
pilot2,1739990975639.0,31.703125
pilot2,1739991102577.0,31.5
pilot2,1739991118518.0,31.296875
pilot2,1739991139959.0,31.09375
pilot2,1739991161673.0,30.890625
pilot2,1739991179233.0,30.6875
pilot2,1739991190411.0,30.484375
pilot2,1739991198154.0,30.273438
pilot2,1739991208338.0,30.070312
pilot2,1739991226357.0,29.867188
pilot2,1739991238505.0,29.65625
pilot2,1739991290357.0,222.25781
pilot2,1739991290417.0,29.679688
pilot2,1739991320677.0,29.476562
pilot2,1739991353081.0,29.273438
pilot2,1739991401689.0,29.070312
pilot2,1739991428330.0,28.859375
pilot2,1739998883264.0,33.585938
pilot2,1739998945960.0,33.367188
pilot2,1739998997040.0,33.164062
pilot2,1739999150313.0,224.03125
pilot2,1739999150375.0,33.085938
pilot2,1739999183259.0,32.875
pilot2,1739999292713.0,32.671875
pilot2,1739999530313.0,242.89844
pilot2,1739999530374.0,32.796875
pilot2,1739999692174.0,33.007812
pilot2,1739999890311.0,222.11719
pilot2,1739999890372.0,33.109375
pilot2,1740000147214.0,32.898438
pilot2,1740000272335.0,33.101562
pilot2,1740000638832.0,32.890625
pilot2,1740000730310.0,224.03125
pilot2,1740000730370.0,32.828125
pilot2,1740000753644.0,32.625
pilot2,1740000787391.0,32.421875
pilot2,1740000801450.0,32.21875
pilot2,1740000814154.0,32.015625
pilot2,1740000843606.0,31.8125
pilot2,1740000860899.0,31.601562
pilot2,1740000911804.0,31.398438
pilot2,1740001080308.0,222.11719
pilot2,1740001080369.0,31.226562
pilot2,1740001187569.0,31.015625
pilot2,1740001402708.0,30.8125
pilot2,1740001481267.0,30.609375
pilot2,1740001548822.0,30.40625
pilot2,1740001580299.0,222.11719
pilot2,1740001580361.0,30.335938
pilot2,1740001714684.0,30.132812
pilot2,1740001761621.0,29.914062
pilot2,1740001803607.0,29.710938
pilot2,1740001825586.0,29.5
pilot2,1740001877917.0,29.296875
pilot2,1740001960304.0,222.10938
pilot2,1740001960365.0,29.335938
pilot2,1740001981085.0,29.132812
pilot2,1740002016306.0,28.929688
pilot2,1740002223243.0,29.132812
pilot2,1739955787614.0,25.59375
pilot2,1739955833159.0,25.796875
pilot2,1739955843781.0,26.0
pilot2,1739955958275.0,25.796875
pilot2,1739956081410.0,25.59375
pilot2,1739956167458.0,25.796875
pilot2,1739956176998.0,26.007812
pilot2,1739956296528.0,25.796875
pilot2,1739956453517.0,25.59375
pilot2,1739956482141.0,25.8125
pilot2,1739956634439.0,25.609375
pilot2,1739957056592.0,25.398438
pilot2,1739957087015.0,25.601562
pilot2,1739957344088.0,25.398438
pilot2,1739957396113.0,25.617188
pilot2,1739957630505.0,25.414062
pilot2,1739957731493.0,25.617188
pilot2,1739957947877.0,25.414062
pilot2,1739958047257.0,25.617188
pilot2,1739958246902.0,25.414062
pilot2,1739958367698.0,25.625
pilot2,1739958560467.0,25.414062
pilot2,1739958671029.0,25.617188
pilot2,1739958754925.0,25.414062
pilot2,1739958978868.0,25.617188
pilot2,1739980801000.0,31.882812
pilot2,1739980814597.0,32.085938
pilot2,1739980820399.0,242.85156
pilot2,1739980820460.0,32.0625
pilot2,1739980887478.0,31.859375
pilot2,1739981289455.0,31.65625
pilot2,1739981376941.0,31.453125
pilot2,1739981416040.0,31.242188
pilot2,1739981525854.0,31.039062
pilot2,1739981560778.0,30.835938
pilot2,1739981591563.0,30.632812
pilot2,1739981606684.0,30.429688
pilot2,1739981628199.0,30.226562
pilot2,1739981655321.0,30.023438
pilot2,1739981681178.0,29.820312
pilot2,1739981722979.0,29.617188
pilot2,1739981822795.0,29.414062
pilot2,1739981973155.0,29.625
pilot2,1739982150817.0,29.421875
pilot2,1739982280395.0,222.10938
pilot2,1739982280456.0,29.523438
pilot2,1739982472976.0,29.3125
pilot2,1739982491714.0,29.109375
pilot2,1739982522076.0,28.90625
pilot2,1739982558897.0,28.703125
pilot2,1739982600353.0,28.5
pilot2,1739982653462.0,28.296875
pilot2,1739982715203.0,28.09375
pilot2,1739982772637.0,27.890625
pilot2,1739982801800.0,27.679688
pilot2,1739982856882.0,27.476562
pilot2,1739982965801.0,27.273438
pilot2,1739983012067.0,27.0625
pilot2,1739983054733.0,26.859375
pilot2,1739983070574.0,26.648438
pilot2,1739983100458.0,26.445312
pilot2,1739983112699.0,26.242188
pilot2,1739983124041.0,26.039062
pilot2,1739983258373.0,25.835938
pilot2,1739983287112.0,25.625
pilot2,1739983319993.0,25.421875
pilot2,1739983344773.0,25.21875
pilot2,1739983362431.0,25.015625
pilot2,1739983375493.0,24.8125
pilot2,1739983402251.0,24.609375
pilot2,1739983438371.0,24.40625
pilot2,1739983464050.0,24.203125
pilot2,1739983476571.0,24.0
pilot2,1739983495491.0,23.789062
pilot2,1739983534772.0,23.585938
pilot2,1739983602791.0,23.375
pilot2,1739983679443.0,23.578125
pilot2,1739983759077.0,23.78125
pilot2,1739983771881.0,23.984375
pilot2,1739983789079.0,24.1875
pilot2,1739983815850.0,24.390625
pilot2,1739983838191.0,24.601562
pilot2,1739983867291.0,24.8125
pilot2,1739983900990.0,25.015625
pilot2,1739983918371.0,25.21875
pilot2,1739983939091.0,25.421875
pilot2,1739983956030.0,25.625
pilot2,1739983969810.0,25.835938
pilot2,1739983986031.0,26.039062
pilot2,1739984004230.0,26.25
pilot2,1739984034410.0,26.460938
pilot2,1739984045489.0,26.664062
pilot2,1739984064049.0,26.867188
pilot2,1739984100385.0,224.0
pilot2,1739984100447.0,26.984375
pilot2,1739984302248.0,27.1875
pilot2,1739984433687.0,27.398438
pilot2,1739948598225.0,27.398438
pilot2,1739948645027.0,27.601562
pilot2,1739948699947.0,27.398438
pilot2,1739948759527.0,27.195312
pilot2,1739948825242.0,26.992188
pilot2,1739949053690.0,26.773438
pilot2,1739949159724.0,26.570312
pilot2,1739949392848.0,26.367188
pilot2,1739949490066.0,26.164062
pilot2,1739949570531.0,26.367188
pilot2,1739949666128.0,26.15625
pilot2,1739949823287.0,25.953125
pilot2,1739949879095.0,26.164062
pilot2,1739949983147.0,25.960938
pilot2,1739950215007.0,26.164062
pilot2,1739950283601.0,25.953125
pilot2,1739950493151.0,25.75
pilot2,1739950525915.0,25.953125
pilot2,1739950728261.0,25.75
pilot2,1739950823672.0,25.960938
pilot2,1739950979569.0,25.757812
pilot2,1739951143748.0,25.960938
pilot2,1739951221518.0,25.757812
pilot2,1739951359060.0,25.554688
pilot2,1739951462932.0,25.757812
pilot2,1739951657716.0,25.554688
pilot2,1739951768431.0,25.765625
pilot2,1739977437321.0,33.882812
pilot2,1739977590420.0,242.96875
pilot2,1739977590481.0,33.90625
pilot2,1739977915518.0,33.703125
pilot2,1739978083535.0,33.5
pilot2,1739978259479.0,33.296875
pilot2,1739978331914.0,33.085938
pilot2,1739978378031.0,32.882812
pilot2,1739978396409.0,32.679688
pilot2,1739978425689.0,32.46875
pilot2,1739978501193.0,32.265625
pilot2,1739978538389.0,32.0625
pilot2,1739978560412.0,31.859375
pilot2,1739978621193.0,31.65625
pilot2,1739978812272.0,31.445312
pilot2,1739979000410.0,222.11719
pilot2,1739979000471.0,31.4375
pilot2,1739979030651.0,31.234375
pilot2,1739979057672.0,31.03125
pilot2,1739979097491.0,30.828125
pilot2,1739979123887.0,30.625
pilot2,1739979180409.0,222.11719
pilot2,1739979180469.0,30.570312
pilot2,1739979337310.0,30.359375
pilot2,1739979362808.0,30.15625
pilot2,1739979719829.0,30.367188
pilot2,1739979818568.0,30.570312
pilot2,1739979887310.0,30.789062
pilot2,1739979995326.0,30.992188
pilot2,1739980120826.0,31.195312
pilot2,1739980173166.0,31.398438
pilot2,1739980420404.0,242.82031
pilot2,1739980420466.0,31.5
pilot2,1739980460403.0,222.11719
pilot2,1739980460464.0,31.5
pilot2,1739980494059.0,31.710938
pilot2,1739980530403.0,222.10938
pilot2,1739980530464.0,31.640625
pilot2,1739980560402.0,222.11719
pilot2,1739980560464.0,31.632812
pilot2,1739980750402.0,242.82812
pilot2,1739980750464.0,31.679688
pilot2,1739984495303.0,27.609375
pilot2,1739984510378.0,27.8125
pilot2,1739984760160.0,28.015625
pilot2,1739985014041.0,27.8125
pilot2,1739985088726.0,28.015625
pilot2,1739985346561.0,28.21875
pilot2,1739985427104.0,28.421875
pilot2,1739985450382.0,242.60938
pilot2,1739985450444.0,28.296875
pilot2,1739985494946.0,28.09375
pilot2,1739985761156.0,28.296875
pilot2,1739985910380.0,222.10938
pilot2,1739985910441.0,28.453125
pilot2,1739985946203.0,28.65625
pilot2,1739986275120.0,28.859375
pilot2,1739986331340.0,29.0625
pilot2,1739986399980.0,29.273438
pilot2,1739986428171.0,29.476562
pilot2,1739986488178.0,29.679688
pilot2,1739986546739.0,29.882812
pilot2,1739986599615.0,30.085938
pilot2,1739986636199.0,30.289062
pilot2,1739986687098.0,30.492188
pilot2,1739986729056.0,30.695312
pilot2,1739986753492.0,30.90625
pilot2,1739986900376.0,222.11719
pilot2,1739986900437.0,30.820312
pilot2,1739986990375.0,222.11719
pilot2,1739986990437.0,30.757812
pilot2,1739987000377.0,224.01562
pilot2,1739987000437.0,30.757812
pilot2,1739987032956.0,30.960938
pilot2,1739987062055.0,31.164062
pilot2,1739987217632.0,31.390625
pilot2,1739987242949.0,31.59375
pilot2,1739987336917.0,31.796875
pilot2,1739987468033.0,32.0
pilot2,1739987510374.0,222.11719
pilot2,1739987510434.0,32.054688
pilot2,1739987640606.0,32.257812
pilot2,1739987755653.0,32.054688
pilot2,1739970018034.0,25.710938
pilot2,1739970028474.0,25.914062
pilot2,1739970107147.0,25.703125
pilot2,1739970147808.0,25.90625
pilot2,1739970607429.0,26.109375
pilot2,1739970695459.0,25.90625
pilot2,1739970960453.0,26.109375
pilot2,1739971031922.0,25.90625
pilot2,1739971200602.0,25.703125
pilot2,1739971315090.0,25.90625
pilot2,1739971367483.0,26.140625
pilot2,1739971369406.0,26.359375
pilot2,1739971372305.0,26.578125
pilot2,1739971373745.0,26.804688
pilot2,1739971374645.0,27.007812
pilot2,1739971375546.0,27.226562
pilot2,1739971376445.0,27.46875
pilot2,1739971377526.0,27.710938
pilot2,1739971379325.0,27.914062
pilot2,1739971381223.0,28.117188
pilot2,1739971384104.0,28.34375
pilot2,1739971386982.0,28.578125
pilot2,1739971389865.0,28.78125
pilot2,1739971392304.0,29.0
pilot2,1739971395545.0,29.210938
pilot2,1739971400683.0,29.421875
pilot2,1739971406806.0,29.625
pilot2,1739971411404.0,29.828125
pilot2,1739971422843.0,30.03125
pilot2,1739971434466.0,30.242188
pilot2,1739971469145.0,30.453125
pilot2,1739971500863.0,30.664062
pilot2,1739971650428.0,30.867188
pilot2,1739971699216.0,30.664062
pilot2,1739971707679.0,30.460938
pilot2,1739971713439.0,30.25
pilot2,1739971718660.0,30.046875
pilot2,1739971724063.0,29.84375
pilot2,1739971730368.0,29.640625
pilot2,1739971738287.0,29.4375
pilot2,1739971744227.0,29.226562
pilot2,1739971748727.0,29.023438
pilot2,1739971753408.0,28.820312
pilot2,1739971759529.0,28.617188
pilot2,1739971765830.0,28.414062
pilot2,1739971771414.0,28.203125
pilot2,1739971777354.0,28.0
pilot2,1739971784016.0,27.796875
pilot2,1739971789416.0,27.59375
pilot2,1739971794456.0,27.390625
pilot2,1739971803633.0,27.1875
pilot2,1739971810648.0,26.96875
pilot2,1739971818392.0,26.765625
pilot2,1739971826141.0,26.5625
pilot2,1739971832802.0,26.34375
pilot2,1739971838742.0,26.140625
pilot2,1739971846123.0,25.914062
pilot2,1739971856383.0,25.710938
pilot2,1739971863939.0,25.492188
pilot2,1739971869520.0,25.289062
pilot2,1739971876361.0,25.070312
pilot2,1739971886444.0,24.867188
pilot2,1739971895090.0,24.664062
pilot2,1739971902830.0,24.453125
pilot2,1739971912551.0,24.25
pilot2,1739971931273.0,24.046875
pilot2,1739971944055.0,23.84375
pilot2,1739971957553.0,23.609375
pilot2,1739971967996.0,23.40625
pilot2,1739971978979.0,23.203125
pilot2,1739971988701.0,23.0
pilot2,1739972002385.0,22.789062
pilot2,1739972020205.0,22.578125
pilot2,1739972032085.0,22.367188
pilot2,1739972044148.0,22.164062
pilot2,1739972069334.0,21.945312
pilot2,1739972083920.0,21.742188
pilot2,1739972097245.0,21.539062
pilot2,1739972112014.0,21.335938
pilot2,1739972124259.0,21.132812
pilot2,1739972137762.0,20.929688
pilot2,1739972152687.0,20.726562
pilot2,1739972163142.0,20.523438
pilot2,1739972168714.0,20.320312
pilot2,1739972177890.0,20.117188
pilot2,1739972188703.0,19.914062
pilot2,1739972257656.0,19.710938
pilot2,1739972271876.0,19.507812
pilot2,1739972286819.0,19.304688
pilot2,1739972316523.0,19.523438
pilot2,1739972338666.0,19.726562
pilot2,1739972379712.0,19.929688
pilot2,1739972397353.0,20.132812
pilot2,1739972423275.0,20.335938
pilot2,1739972456040.0,20.539062
pilot2,1739972468282.0,20.742188
pilot2,1739972479082.0,20.945312
pilot2,1739972499062.0,21.148438
pilot2,1739972515809.0,21.351562
pilot2,1739972538671.0,21.554688
pilot2,1739972558833.0,21.757812
pilot2,1739972573559.0,21.960938
pilot2,1739972579859.0,22.1875
pilot2,1739972584097.0,22.398438
pilot2,1739972588238.0,22.601562
pilot2,1739972594320.0,22.804688
pilot2,1739972622122.0,23.007812
pilot2,1739972672667.0,23.210938
pilot2,1739972687877.0,23.414062
pilot2,1739972698058.0,23.617188
pilot2,1739972723012.0,23.820312
pilot2,1739972766800.0,24.023438
pilot2,1739972808777.0,24.226562
pilot2,1739972839713.0,24.429688
pilot2,1739972860433.0,222.11719
pilot2,1739972860494.0,24.40625
pilot2,1739972884999.0,24.609375
pilot2,1739972912650.0,24.8125
pilot2,1739972985359.0,25.015625
pilot2,1739973078096.0,25.21875
pilot2,1739973230430.0,222.11719
pilot2,1739973230491.0,25.070312
pilot2,1739973262158.0,24.867188
pilot2,1739973292297.0,24.664062
pilot2,1739973333378.0,24.867188
pilot2,1739973390165.0,24.664062
pilot2,1740002611802.0,28.929688
pilot2,1740002636303.0,28.710938
pilot2,1740002774677.0,28.507812
pilot2,1740002798102.0,28.304688
pilot2,1740002830300.0,222.25781
pilot2,1740002830361.0,28.1875
pilot2,1740002925072.0,28.390625
pilot2,1740002962516.0,28.601562
pilot2,1740002991260.0,28.804688
pilot2,1740003004500.0,29.007812
pilot2,1740003016661.0,29.210938
pilot2,1740003029729.0,29.414062
pilot2,1740003051441.0,29.617188
pilot2,1740003079722.0,29.820312
pilot2,1740003103061.0,30.023438
pilot2,1740003121442.0,30.226562
pilot2,1740003139721.0,30.4375
pilot2,1740003176840.0,30.640625
pilot2,1740003220540.0,30.84375
pilot2,1740003253959.0,31.046875
pilot2,1740003303419.0,31.25
pilot2,1740003370902.0,31.453125
pilot2,1740003421439.0,31.664062
pilot2,1740003456478.0,31.875
pilot2,1740003538639.0,32.078125
pilot2,1740003550296.0,222.10938
pilot2,1740003550357.0,32.132812
pilot2,1740003565934.0,32.335938
pilot2,1740003586476.0,32.539062
pilot2,1740003918989.0,32.742188
pilot2,1740004064496.0,32.945312
pilot2,1740004144494.0,33.15625
pilot2,1740004198454.0,33.359375
pilot2,1740004702332.0,33.15625
pilot2,1740004780284.0,33.359375
pilot2,1740004987913.0,33.5625
pilot2,1740005210529.0,33.359375
pilot2,1740005399349.0,33.15625
pilot2,1740005443228.0,33.359375
pilot2,1740005614307.0,33.15625
pilot2,1740005656468.0,32.953125
pilot2,1740005714847.0,33.15625
pilot2,1740005720285.0,224.03125
pilot2,1740005720346.0,33.195312
pilot2,1740005909929.0,33.40625
pilot2,1740005960283.0,222.11719
pilot2,1740005960344.0,33.421875
pilot2,1740005987902.0,33.625
pilot2,1739988137978.0,31.84375
pilot2,1739988186732.0,31.640625
pilot2,1739988247991.0,31.4375
pilot2,1739988286371.0,31.234375
pilot2,1739988447990.0,31.03125
pilot2,1739988690368.0,224.02344
pilot2,1739988690429.0,31.101562
pilot2,1739988777808.0,30.890625
pilot2,1739989252226.0,30.6875
pilot2,1739989393486.0,30.90625
pilot2,1739989522405.0,30.703125
pilot2,1739989595465.0,30.5
pilot2,1739989705105.0,30.289062
pilot2,1739989807254.0,30.085938
pilot2,1739989824026.0,29.882812
pilot2,1739989840962.0,29.679688
pilot2,1739989862403.0,29.46875
pilot2,1739989877804.0,29.265625
pilot2,1739989891323.0,29.0625
pilot2,1739989916365.0,28.859375
pilot2,1739989953663.0,29.0625
pilot2,1739990137254.0,29.265625
pilot2,1739990204563.0,29.46875
pilot2,1739990243481.0,29.679688
pilot2,1739990248161.0,29.890625
pilot2,1739990252761.0,30.09375
pilot2,1739990257624.0,30.320312
pilot2,1739990262762.0,30.523438
pilot2,1739990366895.0,30.734375
pilot2,1739990503660.0,30.9375
pilot2,1739990599057.0,31.148438
pilot2,1739990730358.0,222.11719
pilot2,1739990730419.0,31.070312
pilot2,1739990810357.0,242.78906
pilot2,1739990810418.0,31.09375
pilot2,1739990884197.0,31.296875
pilot2,1739990913120.0,31.5
pilot2,1739990975639.0,31.703125
pilot2,1739991102577.0,31.5
pilot2,1739991118518.0,31.296875
pilot2,1739991139959.0,31.09375
pilot2,1739991161673.0,30.890625
pilot2,1739991179233.0,30.6875
pilot2,1739991190411.0,30.484375
pilot2,1739991198154.0,30.273438
pilot2,1739991208338.0,30.070312
pilot2,1739991226357.0,29.867188
pilot2,1739991238505.0,29.65625
pilot2,1739991290357.0,222.25781
pilot2,1739991290417.0,29.679688
pilot2,1739991320677.0,29.476562
pilot2,1739991353081.0,29.273438
pilot2,1739991401689.0,29.070312
pilot2,1739991428330.0,28.859375
pilot2,1740016948751.0,33.023438
pilot2,1740017115149.0,33.226562
pilot2,1740017202806.0,33.429688
pilot2,1740017260210.0,224.03125
pilot2,1740017260271.0,33.398438
pilot2,1740017396948.0,33.195312
pilot2,1740017497663.0,33.40625
pilot2,1740017592266.0,33.1875
pilot2,1740017680643.0,32.96875
pilot2,1740017697666.0,32.757812
pilot2,1740017727487.0,32.554688
pilot2,1740017805859.0,32.34375
pilot2,1740017904245.0,32.140625
pilot2,1740017925856.0,31.9375
pilot2,1740017997662.0,31.734375
pilot2,1740018044960.0,31.53125
pilot2,1740018154963.0,31.734375
pilot2,1740018176584.0,31.945312
pilot2,1740018276223.0,31.742188
pilot2,1740018301721.0,31.539062
pilot2,1740018490822.0,31.742188
pilot2,1740018505144.0,31.945312
pilot2,1740018597477.0,31.742188
pilot2,1740018637843.0,31.945312
pilot2,1740018803338.0,32.148438
pilot2,1740018831540.0,32.359375
pilot2,1740018932622.0,32.5625
pilot2,1740018958021.0,32.773438
pilot2,1740019175318.0,33.0
pilot2,1740019239460.0,33.21875
pilot2,1740019260219.0,224.03125
pilot2,1740019260280.0,33.171875
pilot2,1740019329099.0,33.375
pilot2,1740019422258.0,33.578125
pilot2,1740019508738.0,33.78125
pilot2,1740019547479.0,33.578125
pilot2,1740019561356.0,33.375
pilot2,1740019583157.0,33.164062
pilot2,1740019627658.0,32.945312
pilot2,1740019685840.0,32.742188
pilot2,1740019734059.0,32.53125
pilot2,1740019772431.0,32.328125
pilot2,1740019803877.0,32.125
pilot2,1740019874592.0,31.921875
pilot2,1740019893689.0,31.71875
pilot2,1740019928371.0,31.515625
pilot2,1740019982072.0,31.3125
pilot2,1740020034046.0,31.109375
pilot2,1740020116557.0,31.3125
pilot2,1740020187472.0,31.515625
pilot2,1740020274774.0,31.71875
pilot2,1739963033159.0,25.671875
pilot2,1739963181860.0,25.46875
pilot2,1739963361158.0,25.671875
pilot2,1739963418408.0,25.46875
pilot2,1739963955050.0,25.265625
pilot2,1739964001503.0,25.46875
pilot2,1739964240392.0,25.265625
pilot2,1739964298359.0,25.484375
pilot2,1739964310234.0,25.695312
pilot2,1739964455877.0,25.492188
pilot2,1739964625460.0,25.695312
pilot2,1739964687568.0,25.492188
pilot2,1739964863090.0,25.289062
pilot2,1739964927538.0,25.492188
pilot2,1739965516932.0,25.289062
pilot2,1739965552938.0,25.492188
pilot2,1739965754562.0,25.289062
pilot2,1739965882726.0,25.492188
pilot2,1739966032876.0,25.289062
pilot2,1739966182115.0,25.492188
pilot2,1739995204352.0,32.21875
pilot2,1739995256879.0,32.421875
pilot2,1739995272916.0,32.632812
pilot2,1739995290749.0,32.851562
pilot2,1739995839395.0,32.648438
pilot2,1739995930333.0,242.89062
pilot2,1739995930394.0,32.65625
pilot2,1739996045603.0,32.859375
pilot2,1739996517412.0,32.65625
pilot2,1739996810313.0,222.11719
pilot2,1739996810373.0,32.703125
pilot2,1739997083989.0,32.90625
pilot2,1739997130321.0,242.92188
pilot2,1739997130382.0,33.117188
pilot2,1739997230568.0,32.90625
pilot2,1739997271288.0,33.117188
pilot2,1739997305249.0,32.914062
pilot2,1739997349031.0,32.710938
pilot2,1739997650324.0,222.11719
pilot2,1739997650385.0,32.648438
pilot2,1739997709566.0,32.851562
pilot2,1739997770325.0,224.03125
pilot2,1739997770386.0,32.90625
pilot2,1739997810317.0,222.10938
pilot2,1739997810379.0,33.070312
pilot2,1739997910323.0,222.26562
pilot2,1739997910385.0,33.179688
pilot2,1739998405620.0,33.382812
pilot2,1739998441632.0,33.585938
pilot2,1739944824190.0,26.59375
pilot2,1739944905553.0,26.382812
pilot2,1739944988734.0,26.179688
pilot2,1739945078784.0,25.976562
pilot2,1739945136147.0,26.195312
pilot2,1739945198287.0,25.992188
pilot2,1739945292219.0,25.789062
pilot2,1739945578723.0,25.585938
pilot2,1739945707270.0,25.382812
pilot2,1739945764616.0,25.585938
pilot2,1739945887771.0,25.789062
pilot2,1739945893945.0,26.0
pilot2,1739945899410.0,26.203125
pilot2,1739945906466.0,26.40625
pilot2,1739945913876.0,26.617188
pilot2,1739945921806.0,26.835938
pilot2,1739945931498.0,27.039062
pilot2,1739945943310.0,27.242188
pilot2,1739945953711.0,27.460938
pilot2,1739945964112.0,27.664062
pilot2,1739945974686.0,27.875
pilot2,1739945984731.0,28.078125
pilot2,1739945994423.0,28.296875
pilot2,1739946006930.0,28.507812
pilot2,1739946020848.0,28.710938
pilot2,1739946032833.0,28.914062
pilot2,1739946045165.0,29.125
pilot2,1739946056440.0,29.328125
pilot2,1739946067175.0,29.53125
pilot2,1739946075623.0,29.734375
pilot2,1739946083727.0,29.9375
pilot2,1739946098352.0,30.140625
pilot2,1739946115443.0,30.34375
pilot2,1739946132532.0,30.546875
pilot2,1739946148210.0,30.757812
pilot2,1739946164239.0,30.96875
pilot2,1739946185022.0,31.171875
pilot2,1739946202989.0,31.375
pilot2,1739946667314.0,38.179688
pilot2,1739946702059.0,38.390625
pilot2,1739946732842.0,38.59375
pilot2,1739946787209.0,38.390625
pilot2,1739946791710.0,38.15625
pilot2,1739946797650.0,37.953125
pilot2,1739946807551.0,37.75
pilot2,1739946814930.0,37.53125
pilot2,1739946820872.0,37.320312
pilot2,1739946876499.0,37.117188
pilot2,1739946882621.0,36.914062
pilot2,1739946890002.0,36.703125
pilot2,1739946900244.0,36.492188
pilot2,1739946910699.0,36.289062
pilot2,1739946920426.0,36.085938
pilot2,1739946931047.0,35.882812
pilot2,1739946940048.0,35.679688
pilot2,1739946956427.0,35.46875
pilot2,1739946970290.0,35.257812
pilot2,1739946981273.0,35.039062
pilot2,1739946998555.0,34.835938
pilot2,1739947011337.0,34.632812
pilot2,1739947027721.0,34.429688
pilot2,1739947039420.0,34.203125
pilot2,1739947055803.0,34.421875
pilot2,1739947061923.0,34.632812
pilot2,1739947071464.0,34.84375
pilot2,1739947091445.0,34.640625
pilot2,1739947099367.0,34.4375
pilot2,1739947109628.0,34.234375
pilot2,1739947119710.0,34.023438
pilot2,1739947136272.0,33.820312
pilot2,1739947149234.0,33.617188
pilot2,1739947159315.0,33.414062
pilot2,1739947173357.0,33.210938
pilot2,1739947191899.0,33.007812
pilot2,1739947211162.0,32.796875
pilot2,1739947227003.0,32.578125
pilot2,1739947256528.0,32.367188
pilot2,1739947281727.0,32.164062
pilot2,1739947306033.0,31.953125
pilot2,1739947330876.0,31.742188
pilot2,1739947355172.0,31.53125
pilot2,1739947381278.0,31.328125
pilot2,1739947402165.0,31.539062
pilot2,1739947443206.0,31.328125
pilot2,1739947458507.0,31.125
pilot2,1739947479755.0,30.921875
pilot2,1739947508558.0,30.71875
pilot2,1739947533215.0,30.5
pilot2,1739947562385.0,30.289062
pilot2,1739947593890.0,30.085938
pilot2,1739947616032.0,29.875
pilot2,1739947656357.0,29.671875
pilot2,1739947691099.0,29.882812
pilot2,1739947703154.0,30.085938
pilot2,1739947724584.0,29.867188
pilot2,1739947755369.0,29.664062
pilot2,1739947772111.0,29.460938
pilot2,1739947816396.0,29.257812
pilot2,1739947836920.0,29.054688
pilot2,1739947881204.0,28.851562
pilot2,1739947934853.0,28.648438
pilot2,1739948002720.0,28.851562
pilot2,1739948061767.0,28.648438
pilot2,1739948092192.0,28.445312
pilot2,1739948148895.0,28.242188
pilot2,1740023993497.0,30.34375
pilot2,1740024026556.0,30.140625
pilot2,1740024081154.0,30.34375
pilot2,1740024130435.0,30.125
pilot2,1740024190977.0,29.914062
pilot2,1740024244726.0,29.710938
pilot2,1740024277636.0,29.5
pilot2,1740024312594.0,29.296875
pilot2,1740024418714.0,29.5
pilot2,1740024483550.0,29.703125
pilot2,1740024505294.0,29.90625
pilot2,1740024533135.0,30.109375
pilot2,1740024553673.0,30.320312
pilot2,1740024579254.0,30.523438
pilot2,1740024619075.0,30.726562
pilot2,1740024657453.0,30.929688
pilot2,1740024693132.0,31.132812
pilot2,1740024772953.0,31.335938
pilot2,1740024817075.0,31.554688
pilot2,1740024826193.0,31.757812
pilot2,1740024839612.0,31.960938
pilot2,1740024842773.0,31.742188
pilot2,1740024844754.0,31.539062
pilot2,1740024846554.0,31.328125
pilot2,1740024850154.0,31.117188
pilot2,1740024853214.0,30.890625
pilot2,1740024857355.0,30.6875
pilot2,1740024861315.0,30.476562
pilot2,1740024872478.0,30.6875
pilot2,1740024874458.0,30.921875
pilot2,1740024897679.0,30.71875
pilot2,1740024903616.0,30.515625
pilot2,1740024910456.0,30.304688
pilot2,1740024918196.0,30.101562
pilot2,1740024923227.0,29.898438
pilot2,1740024928807.0,29.695312
pilot2,1740024934575.0,29.492188
pilot2,1740024940161.0,29.289062
pilot2,1740024946286.0,29.085938
pilot2,1740024952049.0,28.875
pilot2,1740024958708.0,28.671875
pilot2,1740024967529.0,28.46875
pilot2,1740024977070.0,28.265625
pilot2,1740024986791.0,28.0625
pilot2,1740024996333.0,27.84375
pilot2,1740025005154.0,27.617188
pilot2,1740025014875.0,27.40625
pilot2,1740025027658.0,27.203125
pilot2,1740025037917.0,26.992188
pilot2,1740025049979.0,26.789062
pilot2,1740025067253.0,26.570312
pilot2,1740025086876.0,26.359375
pilot2,1740025101826.0,26.15625
pilot2,1740025116948.0,25.953125
pilot2,1740025132250.0,25.734375
pilot2,1740025148091.0,25.523438
pilot2,1740025167534.0,25.3125
pilot2,1740025184817.0,25.109375
pilot2,1740025206599.0,24.90625
pilot2,1740025232163.0,24.703125
pilot2,1740025258085.0,24.5
pilot2,1740025294989.0,24.296875
pilot2,1740025337269.0,24.5
pilot2,1740025390582.0,24.296875
pilot2,1740025426586.0,24.078125
pilot2,1740025449270.0,23.851562
pilot2,1740025490674.0,23.648438
pilot2,1740025520738.0,23.445312
pilot2,1740025570424.0,23.242188
pilot2,1740025622451.0,23.039062
pilot2,1740025666736.0,22.828125
pilot2,1740025681137.0,23.046875
pilot2,1740025833617.0,22.84375
pilot2,1740025938917.0,23.054688
pilot2,1740026026061.0,22.84375
pilot2,1740026123453.0,22.640625
pilot2,1740026188621.0,22.429688
pilot2,1740026278453.0,22.226562
pilot2,1740026364322.0,22.023438
pilot2,1740026454873.0,22.234375
pilot2,1740026462433.0,22.4375
pilot2,1740026752452.0,22.234375
pilot2,1740026841923.0,22.023438
pilot2,1740026952277.0,21.820312
pilot2,1740027048047.0,22.03125
pilot2,1740027063505.0,22.234375
pilot2,1740027155161.0,22.03125
pilot2,1740027320963.0,22.234375
pilot2,1740027335005.0,22.4375
pilot2,1739991862001.0,27.796875
pilot2,1739991940495.0,28.0
pilot2,1739991965156.0,28.203125
pilot2,1739992023473.0,28.0
pilot2,1739992072393.0,28.203125
pilot2,1739992090778.0,28.40625
pilot2,1739992107434.0,28.609375
pilot2,1739992125094.0,28.8125
pilot2,1739992150953.0,29.015625
pilot2,1739992169234.0,29.226562
pilot2,1739992180352.0,242.67969
pilot2,1739992180414.0,29.34375
pilot2,1739992195632.0,29.554688
pilot2,1739992210170.0,29.757812
pilot2,1739992224013.0,29.960938
pilot2,1739992235082.0,30.164062
pilot2,1739992241115.0,30.367188
pilot2,1739992250788.0,30.578125
pilot2,1739992290772.0,30.789062
pilot2,1739992318154.0,30.992188
pilot2,1739992579952.0,30.789062
pilot2,1739992611850.0,30.578125
pilot2,1739992625631.0,30.375
pilot2,1739992653290.0,30.164062
pilot2,1739992660348.0,222.10938
pilot2,1739992660410.0,30.132812
pilot2,1739992697973.0,29.921875
pilot2,1739992801798.0,29.71875
pilot2,1739992825565.0,29.515625
pilot2,1739992871287.0,29.71875
pilot2,1739992896483.0,29.9375
pilot2,1739992937355.0,30.148438
pilot2,1739992956168.0,30.351562
pilot2,1739992982743.0,30.5625
pilot2,1739993002209.0,30.765625
pilot2,1739993035257.0,30.96875
pilot2,1739993040336.0,222.11719
pilot2,1739993040398.0,30.96875
pilot2,1739993062209.0,31.171875
pilot2,1739993114729.0,31.375
pilot2,1739993143284.0,31.578125
pilot2,1739993185269.0,31.78125
pilot2,1739993226529.0,31.984375
pilot2,1739993261127.0,32.1875
pilot2,1739993324908.0,32.390625
pilot2,1739993445624.0,32.601562
pilot2,1739993820944.0,32.820312
pilot2,1739994060403.0,33.023438
pilot2,1739994164352.0,33.226562
pilot2,1739994324184.0,33.023438
pilot2,1739994367243.0,32.820312
pilot2,1739994460590.0,32.617188
pilot2,1739994517801.0,32.414062
pilot2,1739994652968.0,32.210938
pilot2,1739994698873.0,32.007812
pilot2,1739994727310.0,31.804688
pilot2,1739994800035.0,31.59375
pilot2,1739994877233.0,31.390625
pilot2,1739994909941.0,31.179688
pilot2,1739994971661.0,30.976562
pilot2,1739995003819.0,31.1875
pilot2,1739995042379.0,31.390625
pilot2,1739995094184.0,31.59375
pilot2,1739995141659.0,31.796875
pilot2,1739995166869.0,32.007812
pilot2,1739966466004.0,25.695312
pilot2,1739966739104.0,25.492188
pilot2,1739966787171.0,25.695312
pilot2,1739966979435.0,25.492188
pilot2,1739967140014.0,25.703125
pilot2,1739967208963.0,25.5
pilot2,1739967427691.0,25.296875
pilot2,1739967461172.0,25.5
pilot2,1739967764873.0,25.703125
pilot2,1739967827340.0,25.5
pilot2,1739968278478.0,25.296875
pilot2,1739968363267.0,25.5
pilot2,1739968661566.0,25.296875
pilot2,1739968687669.0,25.507812
pilot2,1739969340421.0,25.710938
pilot2,1739969427381.0,25.507812
pilot2,1739973717873.0,25.46875
pilot2,1739973795897.0,25.671875
pilot2,1739973845728.0,25.882812
pilot2,1739973907697.0,26.085938
pilot2,1739973922118.0,26.296875
pilot2,1739973966612.0,26.09375
pilot2,1739973988233.0,25.890625
pilot2,1739974010843.0,25.679688
pilot2,1739974058596.0,25.46875
pilot2,1739974082834.0,25.265625
pilot2,1739974354456.0,25.46875
pilot2,1739974378775.0,25.671875
pilot2,1739974397154.0,25.875
pilot2,1739974415715.0,26.078125
pilot2,1739974434455.0,26.28125
pilot2,1739974455716.0,26.484375
pilot2,1739974479854.0,26.6875
pilot2,1739974534624.0,26.890625
pilot2,1739974547867.0,27.09375
pilot2,1739974564815.0,27.296875
pilot2,1739974590213.0,27.5
pilot2,1739974630432.0,242.57031
pilot2,1739974630493.0,27.632812
pilot2,1739974646613.0,27.835938
pilot2,1739974705173.0,28.039062
pilot2,1739974728234.0,28.242188
pilot2,1739974753732.0,28.445312
pilot2,1739974818594.0,28.664062
pilot2,1739974836607.0,28.867188
pilot2,1739974849127.0,29.070312
pilot2,1739974863358.0,29.273438
pilot2,1739974878052.0,29.476562
pilot2,1739974899672.0,29.695312
pilot2,1739974900430.0,224.01562
pilot2,1739974900492.0,29.65625
pilot2,1739974982290.0,29.859375
pilot2,1739975000425.0,222.10938
pilot2,1739975000486.0,30.03125
pilot2,1739975050020.0,30.234375
pilot2,1739975107691.0,30.445312
pilot2,1739975181022.0,30.648438
pilot2,1739975203370.0,30.851562
pilot2,1739975385171.0,31.054688
pilot2,1739975433193.0,31.257812
pilot2,1739975474260.0,31.46875
pilot2,1739975497509.0,31.671875
pilot2,1739975525348.0,31.882812
pilot2,1739975627149.0,32.085938
pilot2,1739975673728.0,32.289062
pilot2,1739975730426.0,222.85156
pilot2,1739975730486.0,32.359375
pilot2,1739975826418.0,32.5625
pilot2,1739975900425.0,222.11719
pilot2,1739975900486.0,32.710938
pilot2,1739975982827.0,32.921875
pilot2,1739976117147.0,33.125
pilot2,1739976145878.0,33.335938
pilot2,1739976480415.0,33.539062
pilot2,1739976510411.0,242.95312
pilot2,1739976510472.0,33.679688
pilot2,1739976858764.0,33.882812
pilot2,1740006047548.0,33.828125
pilot2,1740006322142.0,34.039062
pilot2,1740006418804.0,33.835938
pilot2,1740006517364.0,33.632812
pilot2,1740006630275.0,222.10938
pilot2,1740006630336.0,33.75
pilot2,1740006700281.0,222.11719
pilot2,1740006700342.0,33.671875
pilot2,1740006810279.0,224.03906
pilot2,1740006810340.0,33.671875
pilot2,1740006840279.0,224.03906
pilot2,1740006840340.0,33.609375
pilot2,1740006907902.0,33.40625
pilot2,1740006920279.0,222.85156
pilot2,1740006920341.0,33.4375
pilot2,1740007126280.0,33.234375
pilot2,1740007260277.0,222.11719
pilot2,1740007260338.0,33.125
pilot2,1740007310276.0,224.03125
pilot2,1740007310337.0,33.09375
pilot2,1740007420278.0,242.92188
pilot2,1740007420339.0,33.15625
pilot2,1740007564297.0,32.953125
pilot2,1740007587179.0,32.734375
pilot2,1740007621597.0,32.53125
pilot2,1740007647179.0,32.328125
pilot2,1740007674117.0,32.117188
pilot2,1740007717357.0,31.90625
pilot2,1740007766819.0,31.703125
pilot2,1740007823216.0,31.492188
pilot2,1740007855375.0,31.289062
pilot2,1740007896096.0,31.085938
pilot2,1740007934476.0,30.882812
pilot2,1740007963577.0,30.679688
pilot2,1740007970275.0,224.01562
pilot2,1740007970338.0,30.671875
pilot2,1740008050273.0,222.10938
pilot2,1740008050334.0,30.609375
pilot2,1740008093564.0,30.828125
pilot2,1740008165014.0,31.03125
pilot2,1740008229150.0,31.242188
pilot2,1740008251053.0,31.445312
pilot2,1740008301954.0,31.648438
pilot2,1740008355913.0,31.859375
pilot2,1740008455734.0,32.0625
pilot2,1740008576093.0,32.265625
pilot2,1740008615192.0,32.46875
pilot2,1740008620270.0,222.11719
pilot2,1740008620331.0,32.484375
pilot2,1740008765180.0,32.6875
pilot2,1740008987170.0,32.898438
pilot2,1740009086979.0,33.109375
pilot2,1740009120240.0,242.92188
pilot2,1740009120302.0,33.140625
pilot2,1740009220267.0,224.03125
pilot2,1740009220328.0,33.0625
pilot2,1740021040810.0,32.9375
pilot2,1740021067653.0,33.148438
pilot2,1740021090208.0,222.11719
pilot2,1740021090269.0,33.226562
pilot2,1740021150809.0,33.023438
pilot2,1740021716379.0,33.226562
pilot2,1740022121164.0,33.023438
pilot2,1740022188905.0,32.820312
pilot2,1740022374761.0,33.03125
pilot2,1740022612245.0,32.828125
pilot2,1740022830199.0,222.11719
pilot2,1740022830261.0,32.765625
pilot2,1740022850200.0,242.89062
pilot2,1740022850261.0,32.65625
pilot2,1740022893498.0,32.445312
pilot2,1740022946561.0,32.242188
pilot2,1740023055480.0,32.039062
pilot2,1740023122046.0,31.835938
pilot2,1740023152059.0,31.632812
pilot2,1740023180198.0,242.8125
pilot2,1740023180260.0,31.4375
pilot2,1740023246379.0,31.234375
pilot2,1740023250197.0,222.10938
pilot2,1740023250258.0,31.242188
pilot2,1740023360797.0,31.039062
pilot2,1740023393855.0,30.835938
pilot2,1740023424578.0,30.632812
pilot2,1740023560194.0,222.25781
pilot2,1740023560256.0,30.546875
pilot2,1740023584937.0,30.34375
pilot2,1740023655300.0,30.546875
pilot2,1739941282514.0,21.179688
pilot2,1739941429015.0,20.976562
pilot2,1739941877035.0,20.773438
pilot2,1739941931459.0,20.976562
pilot2,1739942043972.0,20.773438
pilot2,1739942049811.0,21.0
pilot2,1739942065212.0,21.210938
pilot2,1739942074232.0,21.421875
pilot2,1739942076773.0,21.625
pilot2,1739942078188.0,21.835938
pilot2,1739942079955.0,22.078125
pilot2,1739942081254.0,22.304688
pilot2,1739942082668.0,22.507812
pilot2,1739942084082.0,22.71875
pilot2,1739942085675.0,22.9375
pilot2,1739942087443.0,23.164062
pilot2,1739942089566.0,23.398438
pilot2,1739942091710.0,23.609375
pilot2,1739942094008.0,23.835938
pilot2,1739942097013.0,24.054688
pilot2,1739942100372.0,24.265625
pilot2,1739942117937.0,24.0625
pilot2,1739942124831.0,23.851562
pilot2,1739942131370.0,23.648438
pilot2,1739942140032.0,23.4375
pilot2,1739942149758.0,23.234375
pilot2,1739942160538.0,23.03125
pilot2,1739942171491.0,23.242188
pilot2,1739942172727.0,23.445312
pilot2,1739942179963.0,23.664062
pilot2,1739942181199.0,23.875
pilot2,1739942183494.0,24.125
pilot2,1739942185967.0,24.328125
pilot2,1739942189146.0,24.539062
pilot2,1739942194442.0,24.742188
pilot2,1739942207331.0,24.945312
pilot2,1739942232758.0,25.148438
pilot2,1739942248096.0,25.367188
pilot2,1739942261684.0,25.578125
pilot2,1739942299467.0,25.78125
pilot2,1739942340950.0,25.992188
pilot2,1739942382952.0,26.203125
pilot2,1739942426549.0,26.40625
pilot2,1739942462549.0,26.609375
pilot2,1739942500667.0,26.8125
pilot2,1739942542318.0,27.015625
pilot2,1739942563472.0,27.21875
pilot2,1739942577057.0,27.421875
pilot2,1739942627874.0,27.632812
pilot2,1739942684686.0,27.835938
pilot2,1739942737421.0,28.039062
pilot2,1739942790151.0,28.242188
pilot2,1739942858229.0,28.445312
pilot2,1739942881835.0,28.65625
pilot2,1739942899462.0,28.859375
pilot2,1739942998716.0,29.070312
pilot2,1739943109962.0,29.273438
pilot2,1739943186991.0,29.476562
pilot2,1739943206891.0,29.679688
pilot2,1739943346456.0,29.882812
pilot2,1739943447595.0,30.085938
pilot2,1739943516678.0,30.289062
pilot2,1739943544867.0,30.5
pilot2,1739943629754.0,30.289062
pilot2,1739943663930.0,30.085938
pilot2,1739943692647.0,29.882812
pilot2,1739943741269.0,29.671875
pilot2,1739943786544.0,29.46875
pilot2,1739943818240.0,29.265625
pilot2,1739943864899.0,29.476562
pilot2,1739943901369.0,29.257812
pilot2,1739943922344.0,29.054688
pilot2,1739943963050.0,28.851562
pilot2,1739943996880.0,28.648438
pilot2,1739944033366.0,28.445312
pilot2,1739944074270.0,28.21875
pilot2,1739944138791.0,28.015625
pilot2,1739944234641.0,27.8125
pilot2,1739944284186.0,27.609375
pilot2,1739944322619.0,27.40625
pilot2,1739944379897.0,27.195312
pilot2,1739944444260.0,26.992188
pilot2,1739944476669.0,27.195312
pilot2,1739959576908.0,25.414062
pilot2,1739959618853.0,25.625
pilot2,1739959904729.0,25.421875
pilot2,1739959937493.0,25.625
pilot2,1739960127417.0,25.421875
pilot2,1739960242451.0,25.625
pilot2,1739960395995.0,25.421875
pilot2,1739960548489.0,25.625
pilot2,1739960691787.0,25.421875
pilot2,1739960849848.0,25.625
pilot2,1739960999266.0,25.421875
pilot2,1739961165247.0,25.625
pilot2,1739961360571.0,25.421875
pilot2,1739961467680.0,25.632812
pilot2,1739961639966.0,25.429688
pilot2,1739961783264.0,25.632812
pilot2,1739961906399.0,25.429688
pilot2,1739962116126.0,25.632812
pilot2,1739962184354.0,25.429688
pilot2,1739962413701.0,25.632812
pilot2,1739962481752.0,25.429688
pilot2,1739962693818.0,25.226562
pilot2,1740009598248.0,32.851562
pilot2,1740010540321.0,32.648438
pilot2,1740010644821.0,32.445312
pilot2,1740010730261.0,242.86719
pilot2,1740010730323.0,32.28125
pilot2,1740010760674.0,32.484375
pilot2,1740010870861.0,32.273438
pilot2,1740011300677.0,32.484375
pilot2,1740011380258.0,222.11719
pilot2,1740011380319.0,32.40625
pilot2,1740011490257.0,224.03125
pilot2,1740011490317.0,32.382812
pilot2,1740011652838.0,32.585938
pilot2,1740011734996.0,32.789062
pilot2,1740011763540.0,32.992188
pilot2,1740011870242.0,222.10938
pilot2,1740011870302.0,32.851562
pilot2,1740011960254.0,242.90625
pilot2,1740011960315.0,32.851562
pilot2,1740011980254.0,242.89844
pilot2,1740011980315.0,32.804688
pilot2,1740012010252.0,224.03125
pilot2,1740012010315.0,32.78125
pilot2,1740012127696.0,32.984375
pilot2,1740012432653.0,32.78125
pilot2,1740012549660.0,32.984375
pilot2,1740012690250.0,222.11719
pilot2,1740012690311.0,33.054688
pilot2,1740012832650.0,32.851562
pilot2,1740013013550.0,32.648438
pilot2,1740013080308.0,32.445312
pilot2,1740013160850.0,32.242188
pilot2,1740013274268.0,32.445312
pilot2,1740013300245.0,32.648438
pilot2,1740013471208.0,32.445312
pilot2,1740013530244.0,222.11719
pilot2,1740013530306.0,32.4375
pilot2,1740013790486.0,32.226562
pilot2,1740014114805.0,32.4375
pilot2,1740014310843.0,32.226562
pilot2,1740014360242.0,222.10938
pilot2,1740014360302.0,32.1875
pilot2,1740014447140.0,32.390625
pilot2,1740014973547.0,32.609375
pilot2,1740015281379.0,32.40625
pilot2,1740015322458.0,32.203125
pilot2,1740015400235.0,224.02344
pilot2,1740015400297.0,32.15625
pilot2,1740015428578.0,31.945312
pilot2,1740015493717.0,31.742188
pilot2,1740015747161.0,31.960938
pilot2,1740015753351.0,32.164062
pilot2,1740015768217.0,32.367188
pilot2,1740015939293.0,32.570312
pilot2,1740015980654.0,32.773438
pilot2,1740016033354.0,32.570312
pilot2,1740016065334.0,32.367188
pilot2,1740016090232.0,222.10938
pilot2,1740016090293.0,32.414062
pilot2,1740016109655.0,32.210938
pilot2,1740016288028.0,32.414062
pilot2,1740016479106.0,32.617188
pilot2,1740016574969.0,32.820312
pilot2,1740016594420.0,33.023438
pilot2,1740016607485.0,33.226562
pilot2,1740016659673.0,33.023438
pilot2,1740016904424.0,33.226562
pilot2,1740060606544.0,27.007812
pilot2,1740060615726.0,27.21875
pilot2,1740060628330.0,27.421875
pilot2,1740060640389.0,27.640625
pilot2,1740060760463.0,27.84375
pilot2,1740060810688.0,28.046875
pilot2,1740060866137.0,28.25
pilot2,1740060874957.0,28.46875
pilot2,1740060880716.0,28.671875
pilot2,1740060887016.0,28.875
pilot2,1740060990533.0,29.085938
pilot2,1740061079284.0,29.289062
pilot2,1740061147510.0,29.492188
pilot2,1740061195037.0,29.695312
pilot2,1740061208539.0,29.90625
pilot2,1740061275148.0,30.109375
pilot2,1740061373436.0,30.3125
pilot2,1740061452830.0,30.515625
pilot2,1740061525739.0,30.71875
pilot2,1740061546435.0,30.921875
pilot2,1740061559582.0,31.125
pilot2,1740061750046.0,31.335938
pilot2,1740061811434.0,31.539062
pilot2,1740061828717.0,31.742188
pilot2,1740062027102.0,31.945312
pilot2,1740062120173.0,32.148438
pilot2,1740062137634.0,32.375
pilot2,1740062279132.0,32.171875
pilot2,1740062317658.0,31.96875
pilot2,1740062373104.0,31.765625
pilot2,1740062427291.0,31.5625
pilot2,1740062444213.0,31.765625
pilot2,1740062494259.0,31.5625
pilot2,1740062535664.0,31.359375
pilot2,1740062573649.0,31.15625
pilot2,1740062619735.0,30.953125
pilot2,1740062666541.0,30.742188
pilot2,1740062714607.0,30.53125
pilot2,1740062773114.0,30.320312
pilot2,1740062822440.0,30.117188
pilot2,1740062964478.0,29.90625
pilot2,1740063022625.0,29.703125
pilot2,1740063157462.0,29.5
pilot2,1740063221190.0,29.289062
pilot2,1740063298239.0,29.085938
pilot2,,
pilot5,1740431222372.0,32.109375
pilot5,1740431259817.0,32.3125
pilot5,1740431284847.0,32.515625
pilot5,1740431299788.0,32.71875
pilot5,1740431314550.0,32.929688
pilot5,1740431416080.0,32.726562
pilot5,1740431460005.0,32.515625
pilot5,1740431472247.0,32.726562
pilot5,1740431483949.0,32.929688
pilot5,1740431569473.0,33.140625
pilot5,1740431583231.0,33.351562
pilot5,1740431598272.0,33.554688
pilot5,1740431627729.0,33.757812
pilot5,1740431647192.0,33.960938
pilot5,1740431686826.0,34.164062
pilot5,1740431711414.0,33.960938
pilot5,1740431712854.0,33.757812
pilot5,1740431715915.0,33.554688
pilot5,1740431718253.0,33.34375
pilot5,1740431721313.0,33.132812
pilot5,1740431725272.0,32.929688
pilot5,1740431729773.0,32.726562
pilot5,1740431738415.0,32.515625
pilot5,1740431757135.0,32.3125
pilot5,1740431772799.0,32.515625
pilot5,1740431776849.0,32.71875
pilot5,1740431783221.0,32.929688
pilot5,1740431796651.0,33.132812
pilot5,1740431801011.0,224.1875
pilot5,1740431801072.0,33.203125
pilot5,1740431831009.0,223.00781
pilot5,1740431831070.0,33.210938
pilot5,1740431905031.0,33.007812
pilot5,1740431975752.0,32.804688
pilot5,1740432037905.0,32.601562
pilot5,1740432084311.0,32.398438
pilot5,1740432102510.0,32.195312
pilot5,1740432111789.0,31.992188
pilot5,1740432121007.0,31.789062
pilot5,1740432128442.0,31.585938
pilot5,1740432135922.0,31.375
pilot5,1740432146333.0,31.171875
pilot5,1740432157191.0,30.96875
pilot5,1740432165571.0,30.765625
pilot5,1740432177187.0,30.53125
pilot5,1740432189888.0,30.328125
pilot5,1740432203051.0,30.117188
pilot5,1740432215390.0,29.914062
pilot5,1740432231069.0,29.695312
pilot5,1740432264670.0,29.492188
pilot5,1740432278986.0,29.28125
pilot5,1740432284666.0,29.070312
pilot5,1740432290247.0,28.859375
pilot5,1740432296828.0,28.65625
pilot5,1740432303230.0,28.453125
pilot5,1740432316648.0,28.242188
pilot5,1740432323766.0,28.03125
pilot5,1740432328628.0,27.820312
pilot5,1740432332505.0,27.617188
pilot5,1740432336461.0,27.414062
pilot5,1740432341415.0,27.195312
pilot5,1740432346995.0,26.992188
pilot5,1740432353402.0,26.789062
pilot5,1740432365570.0,26.570312
pilot5,1740432386865.0,26.359375
pilot5,1740432407908.0,26.15625
pilot5,1740432449886.0,25.953125
pilot5,1740432553410.0,25.75
pilot5,1740432585751.0,25.539062
pilot5,1740432618452.0,25.335938
pilot5,1740432657191.0,25.132812
pilot5,1740432680791.0,24.898438
pilot5,1740432773228.0,24.679688
pilot5,1740432873769.0,24.476562
pilot5,1740432884130.0,24.273438
pilot5,1740432891609.0,24.070312
pilot5,1740432901249.0,23.867188
pilot5,1740432938259.0,23.664062
pilot5,1740432954662.0,23.460938
pilot5,1740432991431.0,23.25
pilot5,1740433081245.0,23.039062
pilot5,1740433110294.0,23.265625
pilot5,1740433120610.0,23.46875
pilot5,1740433168088.0,23.671875
pilot5,1740433181008.0,224.11719
pilot5,1740433181069.0,23.796875
pilot5,1740433211247.0,24.007812
pilot5,1740433225028.0,24.226562
pilot5,1740433240423.0,24.429688
pilot5,1740433255930.0,24.632812
pilot5,1740433273409.0,24.84375
pilot5,1740433288808.0,25.046875
pilot5,1740433318976.0,25.257812
pilot5,1740433352149.0,25.476562
pilot5,1740433369879.0,25.679688
pilot5,1740433397909.0,25.882812
pilot5,1740433414848.0,26.085938
pilot5,1740433428627.0,26.289062
pilot5,1740433449167.0,26.492188
pilot5,1740433464307.0,26.695312
pilot5,1740433475027.0,26.898438
pilot5,1740433498268.0,27.101562
pilot5,1740433521247.0,27.3125
pilot5,1740433532327.0,27.515625
pilot5,1740433593227.0,27.71875
pilot5,1740433631607.0,27.929688
pilot5,1740433670608.0,28.140625
pilot5,1740433731065.0,28.351562
pilot5,1740433780248.0,28.554688
pilot5,1740433807551.0,28.765625
pilot5,1740433878269.0,28.96875
pilot5,1740433913051.0,29.171875
pilot5,1740433991009.0,224.15625
pilot5,1740433991069.0,29.296875
pilot5,1740434031006.0,221.9375
pilot5,1740434031068.0,29.390625
pilot5,1740434061006.0,222.11719
pilot5,1740434061067.0,29.382812
pilot5,1740434142686.0,29.585938
pilot5,1740434210782.0,29.804688
pilot5,1740434401004.0,224.15625
pilot5,1740434401065.0,29.648438
pilot5,1740434469525.0,29.851562
pilot5,1740434494126.0,30.054688
pilot5,1740434502858.0,30.273438
pilot5,1740434509703.0,30.476562
pilot5,1740434711003.0,222.11719
pilot5,1740434711064.0,30.523438
pilot5,1740434826284.0,30.726562
pilot5,1740434881002.0,30.9375
pilot5,1740434975384.0,31.140625
pilot5,1740435052683.0,31.34375
pilot5,1740435066464.0,31.546875
pilot5,1740435125567.0,31.75
pilot5,1740435198983.0,31.953125
pilot5,1740435541241.0,32.15625
pilot5,1740436068081.0,31.953125
pilot5,1740436161961.0,32.15625
pilot5,1740436371422.0,31.953125
pilot5,1740436523984.0,32.15625
pilot5,1740436532138.0,32.359375
pilot5,1740436591418.0,32.140625
pilot5,1740436865739.0,32.359375
pilot5,1740436960996.0,221.92969
pilot5,1740436961057.0,32.4375
pilot5,1740437075559.0,32.234375
pilot5,1740437124118.0,32.03125
pilot5,1740437230220.0,31.828125
pilot5,1740437258439.0,31.617188
pilot5,1740437473394.0,31.828125
pilot5,1740437490980.0,32.03125
pilot5,1740437542497.0,32.234375
pilot5,1740437600778.0,32.4375
pilot5,1740437678436.0,32.648438
pilot5,1740437722314.0,32.851562
pilot5,1740437794835.0,33.0625
pilot5,1740437816994.0,33.265625
pilot5,1740437890415.0,33.476562
pilot5,1740448993182.0,32.1875
pilot5,1740449060950.0,242.99219
pilot5,1740449061011.0,32.109375
pilot5,1740449088402.0,31.90625
pilot5,1740449153723.0,31.695312
pilot5,1740449199656.0,31.898438
pilot5,1740449235880.0,31.695312
pilot5,1740449279480.0,31.492188
pilot5,1740449456419.0,31.695312
pilot5,1740449630741.0,31.898438
pilot5,1740449650956.0,32.117188
pilot5,1740449760942.0,224.17969
pilot5,1740449761003.0,32.046875
pilot5,1740449780946.0,242.99219
pilot5,1740449781007.0,32.078125
pilot5,1740449852279.0,32.28125
pilot5,1740450004801.0,32.078125
pilot5,1740450040957.0,224.17188
pilot5,1740450041018.0,31.921875
pilot5,1740450096778.0,31.71875
pilot5,1740450149652.0,31.515625
pilot5,1740450274256.0,31.3125
pilot5,1740450310954.0,222.11719
pilot5,1740450311014.0,31.34375
pilot5,1740450502813.0,31.140625
pilot5,1740450974433.0,31.34375
pilot5,1740451040953.0,223.0
pilot5,1740451041015.0,31.25
pilot5,1740451148213.0,31.453125
pilot5,1740451184071.0,31.65625
pilot5,1740451209476.0,31.875
pilot5,1740451239652.0,31.671875
pilot5,1740451340014.0,31.46875
pilot5,1740451393355.0,31.257812
pilot5,1740451420950.0,224.17188
pilot5,1740451421010.0,31.320312
pilot5,1740451530952.0,223.0
pilot5,1740451531013.0,31.390625
pilot5,1740451590952.0,224.17188
pilot5,1740451591013.0,31.3125
pilot5,1740451700943.0,221.96875
pilot5,1740451701005.0,31.398438
pilot5,1740451879824.0,31.1875
pilot5,1740451916227.0,30.984375
pilot5,1740452043710.0,30.78125
pilot5,1740452125857.0,30.984375
pilot5,1740452133886.0,31.1875
pilot5,1740452143528.0,31.398438
pilot5,1740456070937.0,221.92969
pilot5,1740456070999.0,33.96875
pilot5,1740456089278.0,34.171875
pilot5,1740456198201.0,34.375
pilot5,1740456283153.0,34.578125
pilot5,1740456302611.0,34.789062
pilot5,1740456896569.0,34.992188
pilot5,1740456950925.0,221.9375
pilot5,1740456950986.0,34.921875
pilot5,1740457130923.0,223.00781
pilot5,1740457130984.0,34.84375
pilot5,1740457235490.0,35.046875
pilot5,1740457484956.0,34.84375
pilot5,1740457520717.0,35.046875
pilot5,1740457557658.0,34.835938
pilot5,1740457727822.0,34.632812
pilot5,1740457787461.0,34.429688
pilot5,1740457791423.0,34.21875
pilot5,1740457792502.0,33.976562
pilot5,1740457793763.0,33.75
pilot5,1740457795203.0,33.546875
pilot5,1740457797003.0,33.320312
pilot5,1740457799884.0,33.109375
pilot5,1740457804384.0,33.3125
pilot5,1740457840028.0,33.523438
pilot5,1740457869373.0,33.734375
pilot5,1740457875493.0,33.9375
pilot5,1740457882874.0,34.140625
pilot5,1740457900517.0,34.34375
pilot5,1740457905737.0,34.554688
pilot5,1740457910418.0,34.757812
pilot5,1740457914558.0,34.960938
pilot5,1740457918699.0,35.164062
pilot5,1740457925900.0,35.382812
pilot5,1740457949663.0,35.171875
pilot5,1740458042914.0,35.375
pilot5,1740458113486.0,35.578125
pilot5,1740458174158.0,35.789062
pilot5,1740458261468.0,36.007812
pilot5,1740458494229.0,36.21875
pilot5,1740458585516.0,36.421875
pilot5,1740458601719.0,36.632812
pilot5,1740458750402.0,36.835938
pilot5,1740458768224.0,37.039062
pilot5,1740458817190.0,37.242188
pilot5,1740458906299.0,37.445312
pilot5,1740458924121.0,37.648438
pilot5,1740459050677.0,37.859375
pilot5,1740459182814.0,38.0625
pilot5,1740459246541.0,38.265625
pilot5,1740459256263.0,38.46875
pilot5,1740438313573.0,34.734375
pilot5,1740438441085.0,34.9375
pilot5,1740438494292.0,35.140625
pilot5,1740438525192.0,34.9375
pilot5,1740438570774.0,34.734375
pilot5,1740438604651.0,34.53125
pilot5,1740438661412.0,34.328125
pilot5,1740438697714.0,34.125
pilot5,1740438774292.0,33.921875
pilot5,1740438873928.0,33.71875
pilot5,1740438913391.0,33.515625
pilot5,1740438950593.0,33.3125
pilot5,1740439010989.0,221.92969
pilot5,1740439011051.0,33.179688
pilot5,1740439090988.0,222.41406
pilot5,1740439091050.0,33.070312
pilot5,1740439149153.0,33.273438
pilot5,1740439169187.0,33.476562
pilot5,1740439235363.0,33.273438
pilot5,1740439280766.0,33.476562
pilot5,1740439312841.0,33.679688
pilot5,1740439390989.0,221.96875
pilot5,1740439391049.0,33.6875
pilot5,1740439424469.0,33.90625
pilot5,1740439452489.0,34.117188
pilot5,1740439465371.0,34.320312
pilot5,1740439552129.0,34.523438
pilot5,1740439604280.0,34.734375
pilot5,1740439653207.0,34.945312
pilot5,1740439730987.0,221.9375
pilot5,1740439731048.0,35.007812
pilot5,1740439769151.0,35.210938
pilot5,1740439784829.0,35.421875
pilot5,1740439921407.0,35.632812
pilot5,1740439963564.0,35.835938
pilot5,1740440028230.0,36.046875
pilot5,1740440098069.0,36.257812
pilot5,1740440122165.0,36.46875
pilot5,1740440156266.0,36.671875
pilot5,1740440199148.0,36.46875
pilot5,1740440220048.0,36.671875
pilot5,1740440254287.0,36.46875
pilot5,1740440318067.0,36.265625
pilot5,1740440450047.0,36.46875
pilot5,1740440558091.0,36.265625
pilot5,1740440703205.0,36.46875
pilot5,1740440753026.0,36.265625
pilot5,1740440860225.0,36.046875
pilot5,1740440958966.0,35.84375
pilot5,1740441080585.0,36.046875
pilot5,1740441173006.0,35.84375
pilot5,1740441222839.0,35.640625
pilot5,1740441258065.0,35.4375
pilot5,1740441326839.0,35.234375
pilot5,1740441343744.0,35.03125
pilot5,1740441384460.0,34.828125
pilot5,1740441560980.0,221.92969
pilot5,1740441561042.0,34.75
pilot5,1740452802697.0,30.804688
pilot5,1740452812238.0,30.59375
pilot5,1740452821600.0,30.382812
pilot5,1740452830782.0,30.179688
pilot5,1740452841222.0,29.976562
pilot5,1740452853463.0,29.757812
pilot5,1740452869666.0,29.554688
pilot5,1740452899370.0,29.34375
pilot5,1740452929073.0,29.140625
pilot5,1740452978759.0,28.929688
pilot5,1740453278691.0,28.726562
pilot5,1740453632618.0,28.507812
pilot5,1740454028069.0,28.742188
pilot5,1740454029509.0,28.953125
pilot5,1740454031546.0,29.171875
pilot5,1740454033886.0,29.382812
pilot5,1740454038387.0,29.601562
pilot5,1740454041366.0,29.804688
pilot5,1740454045327.0,30.023438
pilot5,1740454051186.0,30.234375
pilot5,1740454059107.0,30.4375
pilot5,1740454071543.0,30.648438
pilot5,1740454100714.0,30.851562
pilot5,1740454139828.0,31.054688
pilot5,1740454187846.0,31.273438
pilot5,1740454234066.0,31.476562
pilot5,1740454311175.0,31.679688
pilot5,1740454339286.0,31.882812
pilot5,1740454828026.0,32.085938
pilot5,1740454868565.0,32.289062
pilot5,1740454926763.0,32.492188
pilot5,1740454990364.0,32.703125
pilot5,1740455037126.0,32.90625
pilot5,1740455054242.0,33.117188
pilot5,1740455178204.0,33.320312
pilot5,1740455211188.0,33.523438
pilot5,1740455280941.0,222.41406
pilot5,1740455281002.0,33.484375
pilot5,1740455336224.0,33.6875
pilot5,1740455529823.0,33.898438
pilot5,1740455642437.0,33.695312
pilot5,1740455724599.0,33.898438
pilot5,1740441695002.0,34.960938
pilot5,1740441707515.0,35.164062
pilot5,1740441743563.0,34.960938
pilot5,1740441829322.0,34.757812
pilot5,1740441899862.0,34.554688
pilot5,1740441946983.0,34.351562
pilot5,1740442144277.0,34.148438
pilot5,1740442234641.0,33.945312
pilot5,1740442324640.0,33.742188
pilot5,1740442376081.0,33.539062
pilot5,1740442410977.0,243.08594
pilot5,1740442411039.0,33.46875
pilot5,1740442468240.0,33.671875
pilot5,1740442472660.0,33.875
pilot5,1740442477879.0,34.078125
pilot5,1740442485000.0,34.28125
pilot5,1740442551394.0,34.078125
pilot5,1740442588956.0,33.875
pilot5,1740442626259.0,33.671875
pilot5,1740442751400.0,33.46875
pilot5,1740442878961.0,33.265625
pilot5,1740442958409.0,33.046875
pilot5,1740443089677.0,32.84375
pilot5,1740443256628.0,33.046875
pilot5,1740443310971.0,243.0625
pilot5,1740443311032.0,33.046875
pilot5,1740443446980.0,32.84375
pilot5,1740443534636.0,32.632812
pilot5,1740443569492.0,32.429688
pilot5,1740443660961.0,224.17969
pilot5,1740443661023.0,32.25
pilot5,1740443958776.0,32.453125
pilot5,1740444373015.0,32.25
pilot5,1740444526069.0,32.453125
pilot5,1740444608233.0,32.25
pilot5,1740444810971.0,221.92969
pilot5,1740444811032.0,32.140625
pilot5,1740444858414.0,32.34375
pilot5,1740445388231.0,32.351562
pilot5,1740445560734.0,32.554688
pilot5,1740445606968.0,32.34375
pilot5,1740445738592.0,32.140625
pilot5,1740446250966.0,224.17969
pilot5,1740446251027.0,32.203125
pilot5,1740446791233.0,32.0
pilot5,1740446933906.0,31.796875
pilot5,1740447010964.0,31.59375
pilot5,1740447070567.0,31.390625
pilot5,1740447128229.0,31.179688
pilot5,1740447176606.0,30.976562
pilot5,1740447308042.0,30.773438
pilot5,1740447423723.0,30.570312
pilot5,1740447507867.0,30.367188
pilot5,1740447771564.0,30.570312
pilot5,1740448060957.0,221.96875
pilot5,1740448061019.0,30.476562
pilot5,1740448158219.0,30.273438
pilot5,1740448182104.0,30.476562
pilot5,1740448189847.0,30.695312
pilot5,1740448197865.0,30.898438
pilot5,1740448209479.0,31.125
pilot5,1740448219300.0,31.328125
pilot5,1740448239121.0,31.125
pilot5,1740448283002.0,30.921875
pilot5,1740448384260.0,31.15625
pilot5,1740448450559.0,30.953125
pilot5,1740448504080.0,31.15625
pilot5,1740470453499.0,31.546875
pilot5,1740470472765.0,31.75
pilot5,1740470509858.0,31.953125
pilot5,1740470631187.0,31.75
pilot5,1740470831735.0,31.953125
pilot5,1740470930752.0,31.75
pilot5,1740471832664.0,31.546875
pilot5,1740471871894.0,31.75
pilot5,1740472215380.0,31.546875
pilot5,1740472245276.0,31.75
pilot5,1740472599729.0,31.953125
pilot5,1740472712423.0,31.734375
pilot5,1740472944485.0,31.945312
pilot5,1740473248531.0,32.148438
pilot5,1740517135531.0,31.546875
pilot5,1740517205894.0,31.34375
pilot5,1740517274084.0,31.554688
pilot5,1740517587871.0,31.757812
pilot5,1740517667867.0,31.554688
pilot5,1740517690062.0,221.92969
pilot5,1740517690123.0,31.507812
pilot5,1740518121215.0,31.710938
pilot5,1740518349485.0,31.507812
pilot5,1740518464277.0,31.710938
pilot5,1740518473915.0,31.921875
pilot5,1740518500305.0,31.710938
pilot5,1740518501064.0,221.96875
pilot5,1740518501125.0,31.71875
pilot5,1740518708687.0,31.515625
pilot5,1740518937791.0,31.71875
pilot5,1740518978048.0,31.921875
pilot5,1740519002647.0,32.125
pilot5,1740519134546.0,32.328125
pilot5,1740519180064.0,221.92969
pilot5,1740519180126.0,32.367188
pilot5,1740519210064.0,223.0
pilot5,1740519210125.0,32.484375
pilot5,1740519275799.0,32.6875
pilot5,1740519512379.0,32.484375
pilot5,1740519562469.0,32.28125
pilot5,1740519595263.0,32.078125
pilot5,1740519774090.0,31.867188
pilot5,1740519787870.0,31.664062
pilot5,1740519805532.0,31.453125
pilot5,1740519823910.0,31.25
pilot5,1740519842650.0,31.039062
pilot5,1740519859491.0,30.828125
pilot5,1740519882831.0,30.625
pilot5,1740519913910.0,30.421875
pilot5,1740519961056.0,30.640625
pilot5,1740519974800.0,30.84375
pilot5,1740520019265.0,31.046875
pilot5,1740520180481.0,31.257812
pilot5,1740520206251.0,31.46875
pilot5,1740520266249.0,31.671875
pilot5,1740520596523.0,31.875
pilot5,1740474303290.0,32.765625
pilot5,1740474313371.0,32.96875
pilot5,1740474658480.0,33.179688
pilot5,1740474873787.0,32.976562
pilot5,1740474985402.0,33.179688
pilot5,1740475286032.0,33.390625
pilot5,1740475540583.0,33.1875
pilot5,1740475645354.0,33.390625
pilot5,1740475772091.0,33.1875
pilot5,1740476010255.0,33.390625
pilot5,1740476100988.0,33.179688
pilot5,1740476609554.0,32.976562
pilot5,1740476633325.0,33.195312
pilot5,1740476638546.0,33.40625
pilot5,1740476643765.0,33.625
pilot5,1740476656547.0,33.828125
pilot5,1740476678691.0,33.625
pilot5,1740476744395.0,33.40625
pilot5,1740476966366.0,33.609375
pilot5,1740477073121.0,33.40625
pilot5,1740498740872.0,221.92969
pilot5,1740498740933.0,35.828125
pilot5,1740499074534.0,36.03125
pilot5,1740499222191.0,35.820312
pilot5,1740499250867.0,243.23438
pilot5,1740499250928.0,35.789062
pilot5,1740499262905.0,35.992188
pilot5,1740499271824.0,36.195312
pilot5,1740499283268.0,36.414062
pilot5,1740499308665.0,36.203125
pilot5,1740499384885.0,36.0
pilot5,1740499399027.0,36.210938
pilot5,1740499499025.0,36.0
pilot5,1740499641111.0,35.796875
pilot5,1740499731472.0,36.0
pilot5,1740499750871.0,221.92969
pilot5,1740499750931.0,36.015625
pilot5,1740499831472.0,35.8125
pilot5,1740500221331.0,35.609375
pilot5,1740500414033.0,35.820312
pilot5,1740500422593.0,36.023438
pilot5,1740500435572.0,36.234375
pilot5,1740500456292.0,36.445312
pilot5,1740500487731.0,36.242188
pilot5,1740500578092.0,36.03125
pilot5,1740500637015.0,35.828125
pilot5,1740500780111.0,36.046875
pilot5,1740501000110.0,35.84375
pilot5,1740501103962.0,35.640625
pilot5,1740501196286.0,35.84375
pilot5,1740501220169.0,35.640625
pilot5,1740501241790.0,35.4375
pilot5,1740501310108.0,35.234375
pilot5,1740501370106.0,221.92969
pilot5,1740501370166.0,35.070312
pilot5,1740501730117.0,221.96875
pilot5,1740501730179.0,34.929688
pilot5,1740501777020.0,35.140625
pilot5,1740501940103.0,243.19531
pilot5,1740501940164.0,35.179688
pilot5,1740501991246.0,34.976562
pilot5,1740502021425.0,34.773438
pilot5,1740502060105.0,243.17188
pilot5,1740502060166.0,34.789062
pilot5,1740502235388.0,34.585938
pilot5,1740502363591.0,34.375
pilot5,1740506270104.0,221.92969
pilot5,1740506270165.0,34.140625
pilot5,1740506500096.0,221.92969
pilot5,1740506500157.0,34.03125
pilot5,1740506518984.0,33.820312
pilot5,1740506539519.0,33.609375
pilot5,1740506553935.0,33.40625
pilot5,1740506568438.0,33.179688
pilot5,1740506581598.0,32.976562
pilot5,1740506609699.0,32.765625
pilot5,1740506628528.0,32.554688
pilot5,1740506643760.0,32.34375
pilot5,1740506662677.0,32.140625
pilot5,1740506676279.0,31.929688
pilot5,1740506688620.0,31.71875
pilot5,1740506699336.0,31.515625
pilot5,1740506711414.0,31.304688
pilot5,1740506731420.0,31.09375
pilot5,1740506744304.0,30.890625
pilot5,1740506794991.0,30.6875
pilot5,1740506812449.0,30.484375
pilot5,1740506830455.0,30.28125
pilot5,1740506845038.0,30.078125
pilot5,1740506877620.0,29.875
pilot5,1740506913985.0,29.671875
pilot5,1740506973572.0,29.453125
pilot5,1740506989407.0,29.242188
pilot5,1740507013713.0,29.039062
pilot5,1740507038202.0,28.828125
pilot5,1740507055483.0,28.625
pilot5,1740507117231.0,28.421875
pilot5,1740507172678.0,28.210938
pilot5,1740507249358.0,28.0
pilot5,1740507425022.0,28.203125
pilot5,1740507451778.0,28.414062
pilot5,1740507467358.0,28.617188
pilot5,1740507499159.0,28.820312
pilot5,1740507522679.0,29.03125
pilot5,1740507535021.0,29.242188
pilot5,1740507552321.0,29.453125
pilot5,1740507581418.0,29.65625
pilot5,1740507590698.0,29.859375
pilot5,1740507608620.0,30.078125
pilot5,1740507619879.0,30.28125
pilot5,1740507646462.0,30.484375
pilot5,1740507687527.0,30.6875
pilot5,1740507742398.0,30.890625
pilot5,1740507785190.0,31.09375
pilot5,1740507790088.0,223.0
pilot5,1740507790150.0,31.125
pilot5,1740507804112.0,31.328125
pilot5,1740507862138.0,31.53125
pilot5,1740507885909.0,31.734375
pilot5,1740507931960.0,31.9375
pilot5,1740507946815.0,32.140625
pilot5,1740507970094.0,221.92969
pilot5,1740507970157.0,32.109375
pilot5,1740508030092.0,224.17969
pilot5,1740508030154.0,32.179688
pilot5,1740508065015.0,32.382812
pilot5,1740508148796.0,32.585938
pilot5,1740508263581.0,32.789062
pilot5,1740508418626.0,32.992188
pilot5,1740508528802.0,33.195312
pilot5,1740508610159.0,33.40625
pilot5,1740508645560.0,33.203125
pilot5,1740508933745.0,32.992188
pilot5,1740509196629.0,32.789062
pilot5,1740509290086.0,224.17969
pilot5,1740509290148.0,32.796875
pilot5,1740509349870.0,33.0
pilot5,1740509504838.0,32.796875
pilot5,1740509802846.0,32.59375
pilot5,1740466868177.0,32.96875
pilot5,1740467091041.0,33.179688
pilot5,1740467200855.0,32.976562
pilot5,1740467427863.0,32.773438
pilot5,1740467463504.0,32.984375
pilot5,1740467556211.0,32.78125
pilot5,1740467724539.0,32.570312
pilot5,1740467839205.0,32.773438
pilot5,1740467928136.0,32.570312
pilot5,1740468094838.0,32.367188
pilot5,1740468196018.0,32.570312
pilot5,1740468279369.0,32.367188
pilot5,1740468501161.0,32.164062
pilot5,1740468526184.0,32.367188
pilot5,1740468666425.0,32.15625
pilot5,1740468860489.0,32.359375
pilot5,1740468892892.0,32.148438
pilot5,1740469027720.0,31.945312
pilot5,1740469396952.0,31.734375
pilot5,1740469776431.0,31.53125
pilot5,1740469884087.0,31.734375
pilot5,1740470145302.0,31.53125
pilot5,1740470212640.0,31.75
pilot5,1740495669163.0,35.773438
pilot5,1740495679344.0,35.976562
pilot5,1740495790822.0,243.25
pilot5,1740495790882.0,35.9375
pilot5,1740495880820.0,221.92969
pilot5,1740495880882.0,35.898438
pilot5,1740495910821.0,222.42188
pilot5,1740495910882.0,35.960938
pilot5,1740496186637.0,36.171875
pilot5,1740496292677.0,35.96875
pilot5,1740496806099.0,35.765625
pilot5,1740496832861.0,35.554688
pilot5,1740496939879.0,35.351562
pilot5,1740497036275.0,35.570312
pilot5,1740497199160.0,35.367188
pilot5,1740497284480.0,35.164062
pilot5,1740497375552.0,34.960938
pilot5,1740497452310.0,34.757812
pilot5,1740497470809.0,224.19531
pilot5,1740497470870.0,34.75
pilot5,1740497501050.0,34.539062
pilot5,1740497880684.0,35.617188
pilot5,1740498019026.0,35.414062
pilot5,1740498042365.0,35.617188
pilot5,1740498130872.0,224.20312
pilot5,1740498130933.0,35.492188
pilot5,1740498239034.0,35.703125
pilot5,1740498290872.0,221.92969
pilot5,1740498290933.0,35.71875
pilot5,1740498620878.0,224.20312
pilot5,1740498620939.0,35.609375
pilot5,1740498709751.0,35.820312
pilot5,1740503024133.0,33.609375
pilot5,1740503154842.0,33.40625
pilot5,1740503251960.0,33.203125
pilot5,1740503293942.0,33.0
pilot5,1740503298081.0,32.796875
pilot5,1740503299700.0,32.554688
pilot5,1740503300781.0,32.328125
pilot5,1740503302401.0,32.117188
pilot5,1740503304562.0,31.914062
pilot5,1740503307622.0,31.710938
pilot5,1740503320043.0,31.507812
pilot5,1740503346867.0,31.304688
pilot5,1740503369190.0,31.507812
pilot5,1740503377831.0,31.710938
pilot5,1740503389173.0,31.914062
pilot5,1740503399975.0,32.125
pilot5,1740503410235.0,32.351562
pilot5,1740503428597.0,32.554688
pilot5,1740503446420.0,32.757812
pilot5,1740503465502.0,32.960938
pilot5,1740503483865.0,33.179688
pilot5,1740503511948.0,33.382812
pilot5,1740503533011.0,33.585938
pilot5,1740503540212.0,33.804688
pilot5,1740503551733.0,34.023438
pilot5,1740503566855.0,34.234375
pilot5,1740503593138.0,34.4375
pilot5,1740503607900.0,34.640625
pilot5,1740503655610.0,34.84375
pilot5,1740503671813.0,35.054688
pilot5,1740503686395.0,35.265625
pilot5,1740503717359.0,35.46875
pilot5,1740503733922.0,35.671875
pilot5,1740503791709.0,35.875
pilot5,1740503846801.0,36.078125
pilot5,1740503870386.0,36.304688
pilot5,1740503876327.0,36.507812
pilot5,1740503881548.0,36.726562
pilot5,1740503949597.0,36.929688
pilot5,1740504025747.0,37.132812
pilot5,1740504093975.0,37.34375
pilot5,1740504108917.0,37.546875
pilot5,1740504140418.0,37.75
pilot5,1740504228632.0,37.960938
pilot5,1740504244294.0,38.164062
pilot5,1740504366345.0,38.367188
pilot5,1740504479213.0,38.164062
pilot5,1740504522421.0,37.960938
pilot5,1740504542583.0,38.164062
pilot5,1740504592810.0,37.960938
pilot5,1740504645377.0,37.757812
pilot5,1740504672200.0,37.546875
pilot5,1740504724226.0,37.34375
pilot5,1740504790655.0,37.140625
pilot5,1740504832421.0,36.9375
pilot5,1740504862132.0,36.734375
pilot5,1740504906223.0,36.9375
pilot5,1740504990299.0,36.734375
pilot5,1740505021623.0,36.53125
pilot5,1740505084813.0,36.328125
pilot5,1740505140796.0,36.125
pilot5,1740505180579.0,35.914062
pilot5,1740505188862.0,36.117188
pilot5,1740505194622.0,36.335938
pilot5,1740505210825.0,36.539062
pilot5,1740505233688.0,36.328125
pilot5,1740505280857.0,36.117188
pilot5,1740505309296.0,35.914062
pilot5,1740505365294.0,35.710938
pilot5,1740505398059.0,35.507812
pilot5,1740505448105.0,35.304688
pilot5,1740505470528.0,35.101562
pilot5,1740505500106.0,221.9375
pilot5,1740505500168.0,35.03125
pilot5,1740505544488.0,35.234375
pilot5,1740505570104.0,35.4375
pilot5,1740505594483.0,35.640625
pilot5,1740505609888.0,35.851562
pilot5,1740505622358.0,36.054688
pilot5,1740505658086.0,36.257812
pilot5,1740505698809.0,36.054688
pilot5,1740505710106.0,35.851562
pilot5,1740505721427.0,35.648438
pilot5,1740505732147.0,35.4375
pilot5,1740505788892.0,35.234375
pilot5,1740505838580.0,35.03125
pilot5,1740505862881.0,34.828125
pilot5,1740505943163.0,34.617188
pilot5,1740505994650.0,34.398438
pilot5,1740506071693.0,34.195312
pilot5,1740488329941.0,35.0625
pilot5,1740488499869.0,35.265625
pilot5,1740488601944.0,35.46875
pilot5,1740488675033.0,35.265625
pilot5,1740488868552.0,35.0625
pilot5,1740488920408.0,35.265625
pilot5,1740489036519.0,35.0625
pilot5,1740489150484.0,35.265625
pilot5,1740489213851.0,35.054688
pilot5,1740489227700.0,35.265625
pilot5,1740489248402.0,35.46875
pilot5,1740489305289.0,35.257812
pilot5,1740489512138.0,35.054688
pilot5,1740489556791.0,35.265625
pilot5,1740489758417.0,35.0625
pilot5,1740489797301.0,35.265625
pilot5,1740489885505.0,35.0625
pilot5,1740489909988.0,35.273438
pilot5,1740490047524.0,35.070312
pilot5,1740490809739.0,34.867188
pilot5,1740491329106.0,35.070312
pilot5,1740491438381.0,34.867188
pilot5,1740491607241.0,34.664062
pilot5,1740491636231.0,34.867188
pilot5,1740491686818.0,35.078125
pilot5,1740520668498.0,32.078125
pilot5,1740520877597.0,32.289062
pilot5,1740520942373.0,32.078125
pilot5,1740492273144.0,34.875
pilot5,1740492314369.0,35.078125
pilot5,1740492366756.0,35.28125
pilot5,1740492515095.0,35.078125
pilot5,1740492878023.0,34.875
pilot5,1740492976861.0,35.078125
pilot5,1740493048693.0,35.28125
pilot5,1740493104861.0,35.078125
pilot5,1740493243298.0,34.875
pilot5,1740493293945.0,35.078125
pilot5,1740493299172.0,35.28125
pilot5,1740493308088.0,35.484375
pilot5,1740493470813.0,222.11719
pilot5,1740493470875.0,35.46875
pilot5,1740493547896.0,35.265625
pilot5,1740493749311.0,35.039062
pilot5,1740493790895.0,34.835938
pilot5,1740493844181.0,34.625
pilot5,1740493945714.0,34.421875
pilot5,1740494014489.0,34.210938
pilot5,1740494094128.0,34.0
pilot5,1740494153407.0,33.796875
pilot5,1740494425915.0,33.59375
pilot5,1740494452856.0,33.796875
pilot5,1740494630814.0,221.92969
pilot5,1740494630876.0,33.757812
pilot5,1740494675191.0,33.960938
pilot5,1740494704667.0,34.171875
pilot5,1740494769522.0,34.382812
pilot5,1740494830600.0,34.585938
pilot5,1740494860240.0,34.8125
pilot5,1740494975906.0,35.015625
pilot5,1740495246277.0,35.21875
pilot5,1740495300815.0,223.00781
pilot5,1740495300876.0,35.234375
pilot5,1740495325737.0,35.4375
pilot5,1740495360815.0,243.21094
pilot5,1740495360876.0,35.359375
pilot5,1740495522850.0,35.570312
pilot5,1740506270104.0,221.92969
pilot5,1740506270165.0,34.140625
pilot5,1740506500096.0,221.92969
pilot5,1740506500157.0,34.03125
pilot5,1740506518984.0,33.820312
pilot5,1740506539519.0,33.609375
pilot5,1740506553935.0,33.40625
pilot5,1740506568438.0,33.179688
pilot5,1740506581598.0,32.976562
pilot5,1740506609699.0,32.765625
pilot5,1740506628528.0,32.554688
pilot5,1740506643760.0,32.34375
pilot5,1740506662677.0,32.140625
pilot5,1740506676279.0,31.929688
pilot5,1740506688620.0,31.71875
pilot5,1740506699336.0,31.515625
pilot5,1740506711414.0,31.304688
pilot5,1740506731420.0,31.09375
pilot5,1740506744304.0,30.890625
pilot5,1740506794991.0,30.6875
pilot5,1740506812449.0,30.484375
pilot5,1740506830455.0,30.28125
pilot5,1740506845038.0,30.078125
pilot5,1740506877620.0,29.875
pilot5,1740506913985.0,29.671875
pilot5,1740506973572.0,29.453125
pilot5,1740506989407.0,29.242188
pilot5,1740507013713.0,29.039062
pilot5,1740507038202.0,28.828125
pilot5,1740507055483.0,28.625
pilot5,1740507117231.0,28.421875
pilot5,1740507172678.0,28.210938
pilot5,1740507249358.0,28.0
pilot5,1740507425022.0,28.203125
pilot5,1740507451778.0,28.414062
pilot5,1740507467358.0,28.617188
pilot5,1740507499159.0,28.820312
pilot5,1740507522679.0,29.03125
pilot5,1740507535021.0,29.242188
pilot5,1740507552321.0,29.453125
pilot5,1740507581418.0,29.65625
pilot5,1740507590698.0,29.859375
pilot5,1740507608620.0,30.078125
pilot5,1740507619879.0,30.28125
pilot5,1740507646462.0,30.484375
pilot5,1740507687527.0,30.6875
pilot5,1740507742398.0,30.890625
pilot5,1740507785190.0,31.09375
pilot5,1740507790088.0,223.0
pilot5,1740507790150.0,31.125
pilot5,1740507804112.0,31.328125
pilot5,1740507862138.0,31.53125
pilot5,1740507885909.0,31.734375
pilot5,1740507931960.0,31.9375
pilot5,1740507946815.0,32.140625
pilot5,1740507970094.0,221.92969
pilot5,1740507970157.0,32.109375
pilot5,1740508030092.0,224.17969
pilot5,1740508030154.0,32.179688
pilot5,1740508065015.0,32.382812
pilot5,1740508148796.0,32.585938
pilot5,1740508263581.0,32.789062
pilot5,1740508418626.0,32.992188
pilot5,1740508528802.0,33.195312
pilot5,1740508610159.0,33.40625
pilot5,1740508645560.0,33.203125
pilot5,1740508933745.0,32.992188
pilot5,1740509196629.0,32.789062
pilot5,1740509290086.0,224.17969
pilot5,1740509290148.0,32.796875
pilot5,1740509349870.0,33.0
pilot5,1740509504838.0,32.796875
pilot5,1740509802846.0,32.59375
pilot5,1740535385462.0,31.851562
pilot5,1740535398530.0,32.054688
pilot5,1740535481682.0,31.851562
pilot5,1740535567627.0,31.648438
pilot5,1740535617627.0,31.445312
pilot5,1740535686548.0,31.242188
pilot5,1740535780367.0,221.96875
pilot5,1740535780428.0,31.304688
pilot5,1740535848174.0,31.515625
pilot5,1740535916002.0,31.3125
pilot5,1740535970429.0,31.101562
pilot5,1740536010366.0,221.96875
pilot5,1740536010427.0,31.226562
pilot5,1740536049428.0,31.015625
pilot5,1740536350363.0,223.0
pilot5,1740536350423.0,30.984375
pilot5,1740536380365.0,221.96875
pilot5,1740536380426.0,31.09375
pilot5,1740536460364.0,223.0
pilot5,1740536460426.0,31.234375
pilot5,1740536520365.0,222.41406
pilot5,1740536520426.0,31.359375
pilot5,1740536540364.0,221.9375
pilot5,1740536540425.0,31.234375
pilot5,1740536780364.0,242.9375
pilot5,1740536780426.0,31.226562
pilot5,1740536856901.0,31.429688
pilot5,1740537019966.0,31.226562
pilot5,1740537039960.0,31.4375
pilot5,1740537079428.0,31.226562
pilot5,1740537110963.0,31.429688
pilot5,1740537240357.0,221.92969
pilot5,1740537240419.0,31.578125
pilot5,1740537340361.0,221.92969
pilot5,1740537340422.0,31.601562
pilot5,1740537395463.0,31.8125
pilot5,1740537412578.0,32.015625
pilot5,1740537431854.0,32.226562
pilot5,1740537450963.0,32.429688
pilot5,1740537481503.0,32.632812
pilot5,1740537499963.0,32.84375
pilot5,1740537542944.0,33.046875
pilot5,1740537586003.0,33.25
pilot5,1740537604564.0,33.453125
pilot5,1740537645460.0,33.671875
pilot5,1740537667623.0,33.882812
pilot5,1740537727623.0,34.09375
pilot5,1740537786000.0,34.296875
pilot5,1740537797977.0,34.5
pilot5,1740537827262.0,34.296875
pilot5,1740537840961.0,34.09375
pilot5,1740537859244.0,33.882812
pilot5,1740537953481.0,33.671875
pilot5,1740537985283.0,33.46875
pilot5,1740538036880.0,33.265625
pilot5,1740538099241.0,33.0625
pilot5,1740538176362.0,32.859375
pilot5,1740538280358.0,221.9375
pilot5,1740538280420.0,32.953125
pilot5,1740538298377.0,32.75
pilot5,1740538318701.0,32.546875
pilot5,1740538359062.0,32.328125
pilot5,1740538413480.0,32.125
pilot5,1740538477079.0,31.921875
pilot5,1740538594560.0,31.710938
pilot5,1740538640358.0,221.9375
pilot5,1740538640420.0,31.757812
pilot5,1740481271782.0,34.835938
pilot5,1740481691591.0,34.632812
pilot5,1740481714456.0,34.84375
pilot5,1740481907083.0,34.640625
pilot5,1740482034539.0,34.84375
pilot5,1740482231844.0,34.640625
pilot5,1740482397463.0,34.84375
pilot5,1740482512317.0,34.640625
pilot5,1740483059238.0,34.4375
pilot5,1740483104589.0,34.640625
pilot5,1740483274358.0,34.4375
pilot5,1740483736290.0,34.234375
pilot5,1740483763835.0,34.4375
pilot5,1740483935943.0,34.234375
pilot5,1740484127838.0,34.4375
pilot5,1740484226310.0,34.234375
pilot5,1740484472404.0,34.4375
pilot5,1740484550536.0,34.234375
pilot5,1740513675898.0,31.28125
pilot5,1740513707158.0,31.484375
pilot5,1740513964453.0,31.273438
pilot5,1740514080077.0,31.070312
pilot5,1740514154461.0,31.273438
pilot5,1740514261932.0,31.070312
pilot5,1740514355173.0,31.273438
pilot5,1740514447164.0,31.476562
pilot5,1740514478232.0,31.679688
pilot5,1740514484091.0,31.882812
pilot5,1740514491753.0,32.085938
pilot5,1740514539132.0,31.875
pilot5,1740514595712.0,31.671875
pilot5,1740514662112.0,31.46875
pilot5,1740514749952.0,31.25
pilot5,1740514780070.0,221.9375
pilot5,1740514780131.0,31.3125
pilot5,1740514860064.0,221.92969
pilot5,1740514860125.0,31.296875
pilot5,1740514890072.0,222.11719
pilot5,1740514890133.0,31.203125
pilot5,1740515090068.0,221.92969
pilot5,1740515090128.0,31.21875
pilot5,1740515542478.0,31.421875
pilot5,1740515590079.0,221.9375
pilot5,1740515590140.0,31.328125
pilot5,1740516058052.0,31.546875
pilot5,1740516455522.0,31.34375
pilot5,1740516872288.0,31.546875
pilot5,1740516924815.0,31.75
pilot5,1740463127655.0,33.59375
pilot5,1740463308938.0,33.796875
pilot5,1740463371045.0,34.0
pilot5,1740463483922.0,33.796875
pilot5,1740463804540.0,33.59375
pilot5,1740464135787.0,33.390625
pilot5,1740464634084.0,33.179688
pilot5,1740464692596.0,33.382812
pilot5,1740464788008.0,33.179688
pilot5,1740465206197.0,32.976562
pilot5,1740465669936.0,32.765625
pilot5,1740465711162.0,32.96875
pilot5,1740465898024.0,32.765625
pilot5,1740542420766.0,30.9375
pilot5,1740542454188.0,30.734375
pilot5,1740542487068.0,30.953125
pilot5,1740542530406.0,30.75
pilot5,1740542580345.0,222.41406
pilot5,1740542580407.0,30.65625
pilot5,1740542703286.0,30.859375
pilot5,1740542842747.0,31.070312
pilot5,1740542916167.0,31.273438
pilot5,1740543078689.0,31.476562
pilot5,1740543172566.0,31.679688
pilot5,1740543236518.0,31.890625
pilot5,1740543410336.0,221.92969
pilot5,1740543410399.0,32.023438
pilot5,1740543506165.0,32.226562
pilot5,1740543670340.0,222.11719
pilot5,1740543670401.0,32.3125
pilot5,1740543750337.0,221.92969
pilot5,1740543750398.0,32.414062
pilot5,1740543922203.0,32.617188
pilot5,1740544166164.0,32.828125
pilot5,1740544355804.0,33.039062
pilot5,1740544377243.0,33.242188
pilot5,1740544489396.0,33.453125
pilot5,1740544816703.0,33.664062
pilot5,1740545218320.0,33.460938
pilot5,1740545280578.0,33.242188
pilot5,1740545282918.0,33.039062
pilot5,1740545285979.0,32.835938
pilot5,1740545289217.0,32.625
pilot5,1740545292198.0,32.421875
pilot5,1740545295077.0,32.203125
pilot5,1740545296517.0,31.976562
pilot5,1740545298498.0,31.765625
pilot5,1740545301200.0,31.5625
pilot5,1740545373030.0,31.765625
pilot5,1740545407230.0,31.96875
pilot5,1740545438739.0,32.171875
pilot5,1740545475640.0,32.390625
pilot5,1740545482485.0,32.601562
pilot5,1740545489867.0,32.8125
pilot5,1740545537931.0,33.015625
pilot5,1740545614800.0,33.21875
pilot5,1740545684651.0,33.421875
pilot5,1740509970865.0,32.796875
pilot5,1740510010094.0,224.17969
pilot5,1740510010155.0,32.632812
pilot5,1740510160081.0,223.0
pilot5,1740510160142.0,32.46875
pilot5,1740510209689.0,32.265625
pilot5,1740510584827.0,32.476562
pilot5,1740510653383.0,32.679688
pilot5,1740510703202.0,32.476562
pilot5,1740510761583.0,32.273438
pilot5,1740510823742.0,32.0625
pilot5,1740510911592.0,31.851562
pilot5,1740510983036.0,31.648438
pilot5,1740511166442.0,31.445312
pilot5,1740511180080.0,221.96875
pilot5,1740511180142.0,31.414062
pilot5,1740511273024.0,31.210938
pilot5,1740511356263.0,31.414062
pilot5,1740511591309.0,31.210938
pilot5,1740511710085.0,221.9375
pilot5,1740511710146.0,31.257812
pilot5,1740511810316.0,31.054688
pilot5,1740511819497.0,30.851562
pilot5,1740511840075.0,223.0
pilot5,1740511840136.0,30.765625
pilot5,1740511971218.0,30.96875
pilot5,1740512038598.0,31.179688
pilot5,1740512306087.0,31.390625
pilot5,1740512384466.0,31.59375
pilot5,1740512460085.0,224.17188
pilot5,1740512460146.0,31.765625
pilot5,1740512570085.0,242.97656
pilot5,1740512570146.0,31.8125
pilot5,1740512693206.0,31.609375
pilot5,1740512810688.0,31.40625
pilot5,1740513059323.0,31.203125
pilot5,1740513070078.0,224.17188
pilot5,1740513070139.0,31.34375
pilot5,1740513084460.0,31.546875
pilot5,1740513140078.0,223.0
pilot5,1740513140140.0,31.523438
pilot5,1740484871511.0,34.445312
pilot5,1740484990326.0,34.234375
pilot5,1740485120850.0,34.4375
pilot5,1740485324277.0,34.234375
pilot5,1740485442537.0,34.4375
pilot5,1740485629762.0,34.234375
pilot5,1740485781168.0,34.4375
pilot5,1740486123394.0,34.640625
pilot5,1740486385876.0,34.4375
pilot5,1740486482357.0,34.640625
pilot5,1740486856621.0,34.84375
pilot5,1740487163563.0,34.640625
pilot5,1740487184263.0,34.84375
pilot5,1740487504896.0,35.046875
pilot5,1740487652335.0,35.25
pilot5,1740487762510.0,35.046875
pilot5,1740487867628.0,35.265625
pilot5,1740488046930.0,35.0625
pilot5,1740488231648.0,35.265625
pilot5,1740492273144.0,34.875
pilot5,1740492314369.0,35.078125
pilot5,1740492366756.0,35.28125
pilot5,1740492515095.0,35.078125
pilot5,1740492878023.0,34.875
pilot5,1740492976861.0,35.078125
pilot5,1740493048693.0,35.28125
pilot5,1740493104861.0,35.078125
pilot5,1740493243298.0,34.875
pilot5,1740493293945.0,35.078125
pilot5,1740493299172.0,35.28125
pilot5,1740493308088.0,35.484375
pilot5,1740493470813.0,222.11719
pilot5,1740493470875.0,35.46875
pilot5,1740493547896.0,35.265625
pilot5,1740493749311.0,35.039062
pilot5,1740493790895.0,34.835938
pilot5,1740493844181.0,34.625
pilot5,1740493945714.0,34.421875
pilot5,1740494014489.0,34.210938
pilot5,1740494094128.0,34.0
pilot5,1740494153407.0,33.796875
pilot5,1740494425915.0,33.59375
pilot5,1740494452856.0,33.796875
pilot5,1740494630814.0,221.92969
pilot5,1740494630876.0,33.757812
pilot5,1740494675191.0,33.960938
pilot5,1740494704667.0,34.171875
pilot5,1740494769522.0,34.382812
pilot5,1740494830600.0,34.585938
pilot5,1740494860240.0,34.8125
pilot5,1740494975906.0,35.015625
pilot5,1740495246277.0,35.21875
pilot5,1740495300815.0,223.00781
pilot5,1740495300876.0,35.234375
pilot5,1740495325737.0,35.4375
pilot5,1740495360815.0,243.21094
pilot5,1740495360876.0,35.359375
pilot5,1740495522850.0,35.570312
pilot5,1740539140357.0,222.41406
pilot5,1740539140418.0,31.648438
pilot5,1740539390356.0,242.96875
pilot5,1740539390417.0,31.734375
pilot5,1740539477073.0,31.9375
pilot5,1740539641496.0,31.734375
pilot5,1740539748336.0,31.523438
pilot5,1740539870769.0,31.726562
pilot5,1740539891136.0,31.929688
pilot5,1740539916355.0,32.132812
pilot5,1740539970775.0,32.34375
pilot5,1740539990354.0,32.546875
pilot5,1740540037436.0,32.75
pilot5,1740540095275.0,32.953125
pilot5,1740540110353.0,221.9375
pilot5,1740540110414.0,33.039062
pilot5,1740540126535.0,33.242188
pilot5,1740540176897.0,33.445312
pilot5,1740540212785.0,33.671875
pilot5,1740540297076.0,33.875
pilot5,1740540322751.0,34.078125
pilot5,1740540365275.0,34.28125
pilot5,1740540481845.0,34.0625
pilot5,1740540529588.0,33.859375
pilot5,1740540585636.0,33.640625
pilot5,1740540689584.0,33.429688
pilot5,1740540743654.0,33.226562
pilot5,1740540795814.0,33.429688
pilot5,1740540826522.0,33.226562
pilot5,1740540885303.0,33.023438
pilot5,1740541198867.0,32.8125
pilot5,1740541447792.0,33.015625
pilot5,1740541560349.0,224.1875
pilot5,1740541560409.0,33.101562
pilot5,1740541642931.0,32.898438
pilot5,1740541715271.0,32.6875
pilot5,1740541968150.0,32.484375
pilot5,1740541985989.0,32.28125
pilot5,1740542034189.0,32.078125
pilot5,1740542049411.0,31.875
pilot5,1740542091130.0,31.671875
pilot5,1740542110348.0,242.96094
pilot5,1740542110409.0,31.609375
pilot5,1740542126889.0,31.8125
pilot5,1740542157611.0,31.609375
pilot5,1740542252388.0,31.40625
pilot5,1740542300345.0,223.0
pilot5,1740542300406.0,31.367188
pilot5,1740542357428.0,31.140625
pilot5,1740459678070.0,38.695312
pilot5,1740459710473.0,38.492188
pilot5,1740459746117.0,38.289062
pilot5,1740459791658.0,38.085938
pilot5,1740459822263.0,37.882812
pilot5,1740459875183.0,37.679688
pilot5,1740459990402.0,37.46875
pilot5,1740460028207.0,37.265625
pilot5,1740460083113.0,37.0625
pilot5,1740460143062.0,36.859375
pilot5,1740460202105.0,36.65625
pilot5,1740460244056.0,36.445312
pilot5,1740460270695.0,36.648438
pilot5,1740460309400.0,36.445312
pilot5,1740460388791.0,36.242188
pilot5,1740460452518.0,36.03125
pilot5,1740460527048.0,35.828125
pilot5,1740460599054.0,35.625
pilot5,1740460622996.0,35.828125
pilot5,1740460672143.0,35.625
pilot5,1740460738571.0,35.414062
pilot5,1740460860628.0,35.210938
pilot5,1740460933713.0,35.007812
pilot5,1740461106726.0,34.804688
pilot5,1740461188456.0,34.601562
pilot5,1740461282245.0,34.398438
pilot5,1740461306010.0,34.601562
pilot5,1740461404123.0,34.398438
pilot5,1740461497734.0,34.1875
pilot5,1740461624461.0,33.984375
pilot5,1740461646258.0,34.195312
pilot5,1740461655262.0,34.398438
pilot5,1740461670924.0,34.601562
pilot5,1740461687306.0,34.398438
pilot5,1740461706569.0,34.195312
pilot5,1740461751574.0,33.992188
pilot5,1740461836005.0,33.789062
pilot5,1740461929259.0,33.585938
pilot5,1740461967954.0,33.789062
pilot5,1740462253110.0,33.585938
pilot5,1740462272916.0,33.796875
pilot5,1740462287677.0,34.0
pilot5,1740462424315.0,33.796875
pilot5,1740462453659.0,34.0
pilot5,1740462774815.0,33.796875
pilot5,1740477305168.0,33.609375
pilot5,1740477632815.0,33.8125
pilot5,1740477675295.0,34.015625
pilot5,1740477819853.0,33.8125
pilot5,1740477989954.0,34.015625
pilot5,1740478301404.0,34.21875
pilot5,1740478993418.0,34.421875
pilot5,1740479350772.0,34.625
pilot5,1740480023515.0,34.828125
pilot5,1740480340176.0,34.625
pilot5,1740480378701.0,34.835938
pilot5,1740480633963.0,34.632812
pilot5,1740480684734.0,34.835938
pilot5,1740529503184.0,33.507812
pilot5,1740529593374.0,33.71875
pilot5,1740529599854.0,33.921875
pilot5,1740529606155.0,34.125
pilot5,1740529697429.0,34.335938
pilot5,1740529702472.0,34.539062
pilot5,1740529708591.0,34.757812
pilot5,1740529753597.0,34.554688
pilot5,1740529957563.0,34.765625
pilot5,1740530011569.0,34.976562
pilot5,1740530029566.0,35.179688
pilot5,1740530204375.0,35.382812
pilot5,1740530265579.0,35.585938
pilot5,1740530315085.0,35.789062
pilot5,1740530323185.0,35.992188
pilot5,1740530335070.0,36.195312
pilot5,1740530598803.0,36.40625
pilot5,1740530642549.0,36.617188
pilot5,1740530714919.0,36.820312
pilot5,1740530858393.0,37.03125
pilot5,1740530956869.0,37.242188
pilot5,1740530971986.0,37.445312
pilot5,1740531046341.0,37.242188
pilot5,1740531072804.0,37.03125
pilot5,1740531226362.0,36.828125
pilot5,1740531227621.0,36.578125
pilot5,1740531228804.0,36.375
pilot5,1740531232779.0,36.148438
pilot5,1740531234038.0,35.929688
pilot5,1740531236018.0,35.710938
pilot5,1740531239439.0,35.5
pilot5,1740531242778.0,35.28125
pilot5,1740531244577.0,35.078125
pilot5,1740531247459.0,34.84375
pilot5,1740531251159.0,34.640625
pilot5,1740531255841.0,34.421875
pilot5,1740531300614.0,34.21875
pilot5,1740531331341.0,34.015625
pilot5,1740531368180.0,33.8125
pilot5,1740531390163.0,33.609375
pilot5,1740531400379.0,221.92969
pilot5,1740531400440.0,33.554688
pilot5,1740531452062.0,33.351562
pilot5,1740531517641.0,33.148438
pilot5,1740531578248.0,32.945312
pilot5,1740531782034.0,32.734375
pilot5,1740532057451.0,32.523438
pilot5,1740532218539.0,32.320312
pilot5,1740532248178.0,32.117188
pilot5,1740532290375.0,221.96875
pilot5,1740532290437.0,32.203125
pilot5,1740532349978.0,32.0
pilot5,1740532388178.0,31.796875
pilot5,1740532462420.0,31.585938
pilot5,1740532740375.0,222.11719
pilot5,1740532740436.0,31.507812
pilot5,1740532964215.0,31.710938
pilot5,1740533000373.0,221.92969
pilot5,1740533000434.0,31.640625
pilot5,1740533220373.0,222.41406
pilot5,1740533220434.0,31.609375
pilot5,1740533243314.0,31.8125
pilot5,1740533553856.0,32.015625
pilot5,1740533970350.0,221.92969
pilot5,1740533970412.0,32.03125
pilot5,1740534336554.0,31.828125
pilot5,1740534570431.0,32.039062
pilot5,1740534726010.0,31.835938
pilot5,1740534850363.0,224.17188
pilot5,1740534850424.0,31.898438
pilot5,1740534878890.0,32.109375
pilot5,1740534980367.0,221.92969
pilot5,1740534980429.0,32.125
pilot6,1740517270356.0,32.351562
pilot6,1740517277019.0,32.554688
pilot6,1740517283597.0,32.757812
pilot6,1740517292692.0,32.96875
pilot6,1740517598096.0,32.765625
pilot6,1740517608997.0,32.5625
pilot6,1740517628677.0,32.359375
pilot6,1740517641616.0,32.15625
pilot6,1740517665399.0,31.953125
pilot6,1740517673958.0,31.75
pilot6,1740517680538.0,31.546875
pilot6,1740517687557.0,31.34375
pilot6,1740517695753.0,31.140625
pilot6,1740517704130.0,30.9375
pilot6,1740517713595.0,30.734375
pilot6,1740517751794.0,30.53125
pilot6,1740517826820.0,30.742188
pilot6,1740518003242.0,30.945312
pilot6,1740518056889.0,31.148438
pilot6,1740518151025.0,30.945312
pilot6,1740518160576.0,30.734375
pilot6,1740518170467.0,30.523438
pilot6,1740518185426.0,30.320312
pilot6,1740518215849.0,30.117188
pilot6,1740518254194.0,30.320312
pilot6,1740518273277.0,30.53125
pilot6,1740518302802.0,30.734375
pilot6,1740518355906.0,30.53125
pilot6,1740518427195.0,30.734375
pilot6,1740518535392.0,30.53125
pilot6,1740518593236.0,30.734375
pilot6,1740518770114.0,222.17188
pilot6,1740518770174.0,30.609375
pilot6,1740518790536.0,30.8125
pilot6,1740518804316.0,31.015625
pilot6,1740518817735.0,30.8125
pilot6,1740518838996.0,31.015625
pilot6,1740518881971.0,30.8125
pilot6,1740518895758.0,30.601562
pilot6,1740518933957.0,30.390625
pilot6,1740518957736.0,30.1875
pilot6,1740519113955.0,29.984375
pilot6,1740519129535.0,29.78125
pilot6,1740519163225.0,29.578125
pilot6,1740519181252.0,29.375
pilot6,1740519234855.0,29.578125
pilot6,1740519267915.0,29.375
pilot6,1740519334495.0,29.171875
pilot6,1740519448277.0,29.375
pilot6,1740519493054.0,29.578125
pilot6,1740519575392.0,29.796875
pilot6,1740519630357.0,30.0
pilot6,1740519646658.0,30.203125
pilot6,1740519751075.0,30.414062
pilot6,1740519785034.0,30.203125
pilot6,1740519790115.0,222.19531
pilot6,1740519790178.0,30.179688
pilot6,1740519870173.0,30.382812
pilot6,1740519949710.0,30.585938
pilot6,1740520069174.0,30.382812
pilot6,1740520110113.0,223.95312
pilot6,1740520110174.0,30.320312
pilot6,1740520144662.0,30.109375
pilot6,1740520160113.0,242.66406
pilot6,1740520160175.0,30.085938
pilot6,1740520191074.0,30.296875
pilot6,1740520300114.0,242.67188
pilot6,1740520300175.0,30.242188
pilot6,1740520330112.0,223.95312
pilot6,1740520330173.0,30.335938
pilot6,1740520389718.0,30.132812
pilot6,1740499395776.0,33.09375
pilot6,1740499400135.0,222.17188
pilot6,1740499400196.0,33.0625
pilot6,1740499477575.0,32.859375
pilot6,1740499581455.0,32.65625
pilot6,1740499630125.0,222.19531
pilot6,1740499630187.0,32.664062
pilot6,1740499862890.0,32.867188
pilot6,1740499950133.0,222.19531
pilot6,1740499950194.0,32.796875
pilot6,1740500000134.0,222.19531
pilot6,1740500000196.0,32.734375
pilot6,1740500047216.0,32.523438
pilot6,1740500117395.0,32.3125
pilot6,1740500325416.0,32.109375
pilot6,1740500497393.0,32.3125
pilot6,1740500532345.0,32.515625
pilot6,1740500560132.0,222.19531
pilot6,1740500560194.0,32.53125
pilot6,1740500695958.0,32.328125
pilot6,1740500908133.0,32.53125
pilot6,1740500920128.0,222.17969
pilot6,1740500920189.0,32.570312
pilot6,1740501010132.0,222.17969
pilot6,1740501010193.0,32.617188
pilot6,1740501183611.0,32.820312
pilot6,1740501220545.0,33.03125
pilot6,1740501332533.0,32.828125
pilot6,1740501340132.0,222.19531
pilot6,1740501340193.0,32.820312
pilot6,1740501555054.0,33.023438
pilot6,1740501660132.0,223.96875
pilot6,1740501660193.0,32.992188
pilot6,1740501790131.0,222.17969
pilot6,1740501790193.0,32.851562
pilot6,1740501910374.0,33.054688
pilot6,1740501967209.0,32.851562
pilot6,1740501970131.0,222.19531
pilot6,1740501970192.0,32.859375
pilot6,1740502001273.0,32.648438
pilot6,1740502010132.0,242.82812
pilot6,1740502010194.0,32.6875
pilot6,1740502104153.0,32.484375
pilot6,1740502110132.0,242.8125
pilot6,1740502110193.0,32.460938
pilot6,1740502275953.0,32.664062
pilot6,1740502280131.0,223.96094
pilot6,1740502280193.0,32.664062
pilot6,1740502380131.0,222.19531
pilot6,1740502380192.0,32.804688
pilot6,1740502661641.0,32.601562
pilot6,1740495674514.0,31.46875
pilot6,1740495705593.0,31.265625
pilot6,1740495722899.0,31.0625
pilot6,1740495757219.0,30.859375
pilot6,1740495779740.0,30.65625
pilot6,1740495836319.0,30.453125
pilot6,1740495861818.0,30.25
pilot6,1740495886499.0,30.039062
pilot6,1740495900923.0,29.835938
pilot6,1740495933619.0,29.632812
pilot6,1740495972898.0,29.414062
pilot6,1740496030138.0,223.94531
pilot6,1740496030200.0,29.4375
pilot6,1740496059560.0,29.640625
pilot6,1740496092902.0,29.84375
pilot6,1740496112898.0,30.046875
pilot6,1740496123081.0,30.257812
pilot6,1740496130730.0,30.460938
pilot6,1740496154865.0,30.664062
pilot6,1740496175421.0,30.875
pilot6,1740496205039.0,31.078125
pilot6,1740496251818.0,31.28125
pilot6,1740496269912.0,31.5
pilot6,1740496373078.0,31.703125
pilot6,1740496389737.0,31.90625
pilot6,1740496417756.0,32.109375
pilot6,1740496499897.0,32.3125
pilot6,1740496580735.0,32.515625
pilot6,1740496615415.0,32.726562
pilot6,1740496710595.0,32.523438
pilot6,1740496786859.0,32.726562
pilot6,1740496863078.0,32.929688
pilot6,1740497036860.0,33.132812
pilot6,1740497268475.0,33.335938
pilot6,1740497297936.0,33.546875
pilot6,1740497419739.0,33.335938
pilot6,1740497437218.0,33.132812
pilot6,1740497469742.0,32.929688
pilot6,1740497500135.0,32.726562
pilot6,1740497517218.0,32.523438
pilot6,1740497571637.0,32.320312
pilot6,1740497596499.0,32.117188
pilot6,1740497682344.0,32.320312
pilot6,1740497731997.0,32.109375
pilot6,1740497758838.0,31.90625
pilot6,1740497840916.0,32.109375
pilot6,1740497940136.0,223.96094
pilot6,1740497940197.0,32.28125
pilot6,1740497977037.0,32.484375
pilot6,1740498024879.0,32.6875
pilot6,1740498046492.0,32.890625
pilot6,1740498117759.0,33.09375
pilot6,1740498219019.0,32.890625
pilot6,1740498285957.0,32.6875
pilot6,1740498371819.0,32.484375
pilot6,1740498452172.0,32.6875
pilot6,1740498677747.0,32.890625
pilot6,1740498810134.0,33.09375
pilot6,1740498824699.0,33.296875
pilot6,1740498851816.0,33.09375
pilot6,1740499020918.0,32.890625
pilot6,1740503090191.0,32.242188
pilot6,1740503133428.0,32.453125
pilot6,1740503416492.0,32.25
pilot6,1740503490131.0,242.80469
pilot6,1740503490197.0,32.320312
pilot6,1740503630122.0,222.19531
pilot6,1740503630183.0,32.21875
pilot6,1740503665952.0,32.015625
pilot6,1740503711631.0,31.8125
pilot6,1740503789896.0,31.609375
pilot6,1740503850131.0,223.96094
pilot6,1740503850192.0,31.460938
pilot6,1740503874511.0,31.257812
pilot6,1740503981621.0,31.054688
pilot6,1740504300369.0,31.265625
pilot6,1740504324501.0,31.46875
pilot6,1740504526491.0,31.265625
pilot6,1740504700129.0,222.17188
pilot6,1740504700190.0,31.171875
pilot6,1740504780129.0,222.19531
pilot6,1740504780189.0,31.210938
pilot6,1740504790129.0,222.19531
pilot6,1740504790190.0,31.164062
pilot6,1740504890546.0,31.367188
pilot6,1740504970580.0,31.570312
pilot6,1740505030129.0,222.17188
pilot6,1740505030190.0,31.632812
pilot6,1740505200129.0,223.96094
pilot6,1740505200190.0,31.570312
pilot6,1740505319183.0,31.367188
pilot6,1740505327750.0,31.164062
pilot6,1740505345230.0,30.960938
pilot6,1740505361271.0,30.757812
pilot6,1740505411629.0,30.554688
pilot6,1740505490128.0,222.17188
pilot6,1740505490189.0,30.734375
pilot6,1740505524329.0,30.9375
pilot6,1740505652169.0,31.140625
pilot6,1740505758470.0,31.34375
pilot6,1740505946129.0,31.546875
pilot6,1740506079010.0,31.75
pilot6,1740506100114.0,222.19531
pilot6,1740506100176.0,31.84375
pilot6,1740506144330.0,32.046875
pilot6,1740506167913.0,32.25
pilot6,1740506220128.0,222.17969
pilot6,1740506220188.0,32.320312
pilot6,1740506291441.0,32.523438
pilot6,1740506370128.0,223.96094
pilot6,1740506370189.0,32.5
pilot6,1740520870534.0,29.71875
pilot6,1740520876835.0,29.921875
pilot6,1740520884669.0,30.125
pilot6,1740520893771.0,30.328125
pilot6,1740520962693.0,30.125
pilot6,1740521105574.0,29.921875
pilot6,1740521285392.0,29.710938
pilot6,1740521311255.0,29.5
pilot6,1740521457554.0,29.71875
pilot6,1740521549168.0,29.921875
pilot6,1740521653592.0,30.125
pilot6,1740521727374.0,30.335938
pilot6,1740521822873.0,30.132812
pilot6,1740521898994.0,30.335938
pilot6,1740521961972.0,30.539062
pilot6,1740522100105.0,223.95312
pilot6,1740522100166.0,30.6875
pilot6,1740522211074.0,30.484375
pilot6,1740522276291.0,30.6875
pilot6,1740522280109.0,222.17969
pilot6,1740522280170.0,30.65625
pilot6,1740522292513.0,30.867188
pilot6,1740522419172.0,31.070312
pilot6,1740522480111.0,222.17188
pilot6,1740522480172.0,31.109375
pilot6,1740522602871.0,31.320312
pilot6,1740522669714.0,31.117188
pilot6,1740522784671.0,31.320312
pilot6,1740522826472.0,31.117188
pilot6,1740522880110.0,242.73438
pilot6,1740522880171.0,31.132812
pilot6,1740522999710.0,30.929688
pilot6,1740523104498.0,30.726562
pilot6,1740523170108.0,222.19531
pilot6,1740523170170.0,30.570312
pilot6,1740523228631.0,30.367188
pilot6,1740523281611.0,30.570312
pilot6,1740523428270.0,30.367188
pilot6,1740523654490.0,30.148438
pilot6,1740523678631.0,29.945312
pilot6,1740523718092.0,29.742188
pilot6,1740523733410.0,29.53125
pilot6,1740523756113.0,29.328125
pilot6,1740523801789.0,29.117188
pilot6,1740523868269.0,28.90625
pilot6,1740523926829.0,28.703125
pilot6,1740524060104.0,222.17188
pilot6,1740524060166.0,28.65625
pilot6,1740506481268.0,32.703125
pilot6,1740506489910.0,32.90625
pilot6,1740506525590.0,32.703125
pilot6,1740506560547.0,32.5
pilot6,1740506840409.0,32.296875
pilot6,1740506860183.0,32.507812
pilot6,1740506901610.0,32.304688
pilot6,1740506939370.0,32.09375
pilot6,1740506977555.0,31.890625
pilot6,1740507043067.0,31.6875
pilot6,1740507101449.0,31.476562
pilot6,1740507190126.0,222.19531
pilot6,1740507190187.0,31.554688
pilot6,1740507211268.0,31.757812
pilot6,1740507290131.0,222.17188
pilot6,1740507290192.0,31.796875
pilot6,1740507386128.0,32.0
pilot6,1740507432528.0,31.796875
pilot6,1740507440126.0,222.19531
pilot6,1740507440188.0,31.78125
pilot6,1740507570127.0,223.96094
pilot6,1740507570188.0,31.671875
pilot6,1740507600126.0,222.17188
pilot6,1740507600188.0,31.546875
pilot6,1740507950126.0,222.19531
pilot6,1740507950188.0,31.460938
pilot6,1740508016311.0,31.242188
pilot6,1740508047389.0,31.039062
pilot6,1740508085947.0,30.835938
pilot6,1740508136669.0,30.632812
pilot6,1740508153611.0,30.835938
pilot6,1740508400126.0,222.19531
pilot6,1740508400186.0,30.90625
pilot6,1740508819947.0,30.703125
pilot6,1740508913606.0,30.5
pilot6,1740508939358.0,30.703125
pilot6,1740509137748.0,30.5
pilot6,1740509244865.0,30.296875
pilot6,1740509310126.0,222.78125
pilot6,1740509310187.0,30.3125
pilot6,1740509406665.0,30.53125
pilot6,1740509470123.0,222.19531
pilot6,1740509470185.0,30.5625
pilot6,1740509690124.0,242.69531
pilot6,1740509690184.0,30.546875
pilot6,1740535272135.0,30.265625
pilot6,1740535282494.0,30.46875
pilot6,1740535769336.0,30.265625
pilot6,1740535912856.0,30.46875
pilot6,1740535977356.0,30.671875
pilot6,1740535990094.0,222.19531
pilot6,1740535990155.0,30.75
pilot6,1740536330086.0,222.17969
pilot6,1740536330148.0,30.90625
pilot6,1740536409011.0,30.703125
pilot6,1740536420094.0,222.17969
pilot6,1740536420155.0,30.703125
pilot6,1740536580092.0,30.5
pilot6,1740536640517.0,30.703125
pilot6,1740536710092.0,222.19531
pilot6,1740536710153.0,30.554688
pilot6,1740536755011.0,30.757812
pilot6,1740536890092.0,223.95312
pilot6,1740536890153.0,30.679688
pilot6,1740536950092.0,222.19531
pilot6,1740536950153.0,30.703125
pilot6,1740536979335.0,30.90625
pilot6,1740537118074.0,30.695312
pilot6,1740537121233.0,30.492188
pilot6,1740537130092.0,30.289062
pilot6,1740537150696.0,30.085938
pilot6,1740537230091.0,29.882812
pilot6,1740537306622.0,29.671875
pilot6,1740537385194.0,29.46875
pilot6,1740537510092.0,222.17188
pilot6,1740537510155.0,29.359375
pilot6,1740537610091.0,222.17188
pilot6,1740537610152.0,29.289062
pilot6,1740537650531.0,29.5
pilot6,1740537676634.0,29.710938
pilot6,1740538029874.0,29.507812
pilot6,1740538205070.0,29.304688
pilot6,1740538333990.0,29.101562
pilot6,1740538431829.0,29.304688
pilot6,1740538441111.0,29.507812
pilot6,1740538462726.0,29.71875
pilot6,1740538526689.0,29.921875
pilot6,1740513703055.0,30.890625
pilot6,1740513766841.0,30.679688
pilot6,1740513953781.0,30.890625
pilot6,1740513990179.0,30.679688
pilot6,1740514060114.0,222.19531
pilot6,1740514060176.0,30.789062
pilot6,1740514215206.0,30.585938
pilot6,1740514538355.0,30.375
pilot6,1740514563378.0,30.171875
pilot6,1740514590563.0,29.96875
pilot6,1740514618285.0,29.765625
pilot6,1740514669952.0,29.976562
pilot6,1740514776526.0,30.1875
pilot6,1740514883100.0,30.40625
pilot6,1740514908482.0,30.609375
pilot6,1740514957990.0,30.8125
pilot6,1740514972030.0,31.015625
pilot6,1740514987687.0,31.21875
pilot6,1740515036472.0,31.421875
pilot6,1740515116655.0,31.21875
pilot6,1740515250119.0,222.17188
pilot6,1740515250180.0,31.148438
pilot6,1740515317561.0,31.351562
pilot6,1740515329180.0,31.554688
pilot6,1740515351621.0,31.757812
pilot6,1740515452879.0,31.960938
pilot6,1740515501618.0,32.164062
pilot6,1740515540178.0,31.960938
pilot6,1740515601617.0,31.757812
pilot6,1740515662519.0,31.554688
pilot6,1740515697191.0,31.351562
pilot6,1740515793598.0,31.148438
pilot6,1740515827027.0,30.9375
pilot6,1740515870112.0,223.95312
pilot6,1740515870174.0,30.96875
pilot6,1740515919359.0,30.757812
pilot6,1740515936659.0,30.96875
pilot6,1740515950118.0,242.72656
pilot6,1740515950179.0,31.078125
pilot6,1740516006659.0,31.28125
pilot6,1740516128458.0,31.070312
pilot6,1740516150118.0,223.95312
pilot6,1740516150179.0,31.023438
pilot6,1740516170117.0,222.19531
pilot6,1740516170178.0,31.015625
pilot6,1740516192698.0,30.8125
pilot6,1740516239178.0,30.601562
pilot6,1740516252698.0,30.390625
pilot6,1740516261258.0,30.179688
pilot6,1740516271618.0,29.976562
pilot6,1740516296112.0,29.773438
pilot6,1740516314679.0,29.570312
pilot6,1740516322516.0,29.367188
pilot6,1740516332335.0,29.15625
pilot6,1740516350353.0,28.953125
pilot6,1740516362332.0,28.75
pilot6,1740516376658.0,28.546875
pilot6,1740516392157.0,28.34375
pilot6,1740516421241.0,28.132812
pilot6,1740516483417.0,28.335938
pilot6,1740516506478.0,28.546875
pilot6,1740516521258.0,28.75
pilot6,1740516536838.0,28.960938
pilot6,1740516547558.0,29.171875
pilot6,1740516557919.0,29.375
pilot6,1740516575578.0,29.578125
pilot6,1740516590116.0,222.19531
pilot6,1740516590177.0,29.742188
pilot6,1740516609899.0,29.953125
pilot6,1740516618098.0,30.164062
pilot6,1740516630538.0,30.367188
pilot6,1740516640116.0,222.19531
pilot6,1740516640178.0,30.570312
pilot6,1740516650717.0,30.78125
pilot6,1740516664319.0,30.984375
pilot6,1740516676298.0,31.1875
pilot6,1740516691617.0,31.398438
pilot6,1740516714499.0,31.609375
pilot6,1740516958458.0,31.8125
pilot6,1740516971077.0,32.015625
pilot6,1740517030114.0,222.17188
pilot6,1740517030175.0,31.9375
pilot6,1740517097018.0,32.140625
pilot6,1740542445855.0,26.304688
pilot6,1740542462057.0,26.507812
pilot6,1740542515525.0,26.304688
pilot6,1740542552250.0,26.101562
pilot6,1740542612737.0,25.898438
pilot6,1740542658092.0,26.109375
pilot6,1740542669077.0,26.3125
pilot6,1740542696988.0,26.109375
pilot6,1740542731374.0,25.898438
pilot6,1740542911936.0,25.6875
pilot6,1740543056674.0,25.484375
pilot6,1740543178910.0,25.28125
pilot6,1740543300423.0,25.484375
pilot6,1740543401598.0,25.265625
pilot6,1740543536256.0,25.0625
pilot6,1740543594942.0,25.265625
pilot6,1740543686928.0,25.0625
pilot6,1740543785768.0,24.859375
pilot6,1740543931766.0,25.0625
pilot6,1740544008635.0,24.859375
pilot6,1740544210973.0,25.0625
pilot6,1740544225017.0,25.265625
pilot6,1740544260661.0,25.054688
pilot6,1740544402346.0,24.851562
pilot6,1740544526912.0,25.0625
pilot6,1740544593710.0,24.859375
pilot6,1740544768511.0,24.65625
pilot6,1740544864280.0,24.882812
pilot6,1740544942774.0,24.671875
pilot6,1740545076531.0,24.46875
pilot6,1740545179859.0,24.679688
pilot6,1740545265186.0,24.476562
pilot6,1740545484631.0,24.679688
pilot6,1740545600578.0,24.476562
pilot6,1740510194861.0,30.75
pilot6,1740510280123.0,242.71094
pilot6,1740510280185.0,30.84375
pilot6,1740510317925.0,30.625
pilot6,1740510554685.0,30.828125
pilot6,1740510581258.0,31.03125
pilot6,1740510610349.0,31.234375
pilot6,1740510874507.0,31.03125
pilot6,1740511007204.0,30.828125
pilot6,1740511141267.0,30.625
pilot6,1740511216623.0,30.835938
pilot6,1740511380123.0,242.71875
pilot6,1740511380184.0,30.90625
pilot6,1740511442166.0,30.703125
pilot6,1740511475404.0,30.5
pilot6,1740511613233.0,30.703125
pilot6,1740511830106.0,242.71094
pilot6,1740511830167.0,30.789062
pilot6,1740511888824.0,31.0
pilot6,1740511970363.0,30.789062
pilot6,1740512032881.0,30.585938
pilot6,1740512050121.0,222.19531
pilot6,1740512050181.0,30.539062
pilot6,1740512091804.0,30.335938
pilot6,1740512334862.0,30.132812
pilot6,1740512470120.0,222.17188
pilot6,1740512470181.0,30.132812
pilot6,1740512530122.0,222.17188
pilot6,1740512530182.0,30.28125
pilot6,1740512704862.0,30.078125
pilot6,1740512884143.0,30.28125
pilot6,1740512910361.0,30.484375
pilot6,1740513035404.0,30.6875
pilot6,1740513145941.0,30.484375
pilot6,1740513165222.0,30.6875
pilot6,1740513187373.0,30.890625
pilot6,1740513390903.0,30.6875
pilot6,1740494761890.0,32.484375
pilot6,1740494772878.0,32.695312
pilot6,1740494782960.0,32.90625
pilot6,1740494794121.0,33.109375
pilot6,1740494893494.0,32.90625
pilot6,1740494909516.0,32.695312
pilot6,1740494936140.0,32.898438
pilot6,1740494945240.0,33.117188
pilot6,1740494971626.0,33.328125
pilot6,1740494986310.0,33.53125
pilot6,1740495001992.0,33.742188
pilot6,1740495023620.0,33.945312
pilot6,1740495063875.0,33.742188
pilot6,1740495066395.0,33.539062
pilot6,1740495070717.0,33.328125
pilot6,1740495079060.0,33.53125
pilot6,1740495105416.0,33.734375
pilot6,1740495113797.0,33.9375
pilot6,1740495124693.0,34.140625
pilot6,1740495132895.0,34.34375
pilot6,1740495177040.0,34.140625
pilot6,1740495186681.0,33.9375
pilot6,1740495217937.0,33.726562
pilot6,1740495232179.0,33.515625
pilot6,1740495322359.0,33.3125
pilot6,1740495332900.0,33.101562
pilot6,1740495345595.0,32.898438
pilot6,1740524660102.0,222.17969
pilot6,1740524660163.0,28.585938
pilot6,1740524697190.0,28.382812
pilot6,1740524740708.0,28.179688
pilot6,1740524830106.0,222.17188
pilot6,1740524830167.0,28.070312
pilot6,1740524961969.0,27.867188
pilot6,1740525255208.0,28.070312
pilot6,1740525270166.0,28.28125
pilot6,1740525298271.0,28.484375
pilot6,1740525324487.0,28.695312
pilot6,1740525510094.0,222.17969
pilot6,1740525510155.0,28.78125
pilot6,1740525686647.0,28.992188
pilot6,1740526140105.0,222.19531
pilot6,1740526140167.0,28.914062
pilot6,1740526257367.0,28.710938
pilot6,1740526340105.0,222.17188
pilot6,1740526340166.0,28.617188
pilot6,1740526389348.0,28.820312
pilot6,1740526410160.0,29.023438
pilot6,1740526652683.0,28.820312
pilot6,1740526866466.0,28.609375
pilot6,1740526910101.0,242.5625
pilot6,1740526910163.0,28.546875
pilot6,1740526997185.0,28.34375
pilot6,1740527045236.0,28.554688
pilot6,1740527143945.0,28.351562
pilot6,1740527264305.0,28.5625
pilot6,1740527307006.0,28.773438
pilot6,1740527344845.0,28.984375
pilot6,1740527371425.0,29.195312
pilot6,1740527382144.0,29.40625
pilot6,1740527432323.0,29.609375
pilot6,1740527650102.0,222.17969
pilot6,1740527650163.0,29.71875
pilot6,1740527682324.0,29.921875
pilot6,1740527810521.0,29.71875
pilot6,1740527898985.0,29.515625
pilot6,1740539402027.0,32.367188
pilot6,1740539411929.0,32.570312
pilot6,1740539443973.0,32.773438
pilot6,1740539449374.0,32.570312
pilot6,1740539459095.0,32.367188
pilot6,1740539481045.0,32.15625
pilot6,1740539494918.0,31.953125
pilot6,1740539522644.0,31.75
pilot6,1740539553068.0,31.546875
pilot6,1740539586192.0,31.34375
pilot6,1740539604908.0,31.554688
pilot6,1740539611570.0,31.757812
pilot6,1740539625792.0,31.96875
pilot6,1740539636233.0,32.171875
pilot6,1740539650819.0,31.960938
pilot6,1740539667741.0,31.757812
pilot6,1740539688445.0,31.554688
pilot6,1740539732550.0,31.34375
pilot6,1740539762074.0,31.554688
pilot6,1740539821481.0,31.351562
pilot6,1740539905912.0,31.148438
pilot6,1740539991243.0,30.9375
pilot6,1740540072974.0,31.140625
pilot6,1740540087374.0,31.34375
pilot6,1740540113298.0,31.140625
pilot6,1740540178287.0,30.9375
pilot6,1740540270459.0,30.734375
pilot6,1740540395034.0,30.953125
pilot6,1740540409978.0,31.164062
pilot6,1740540445082.0,30.960938
pilot6,1740540561556.0,30.757812
pilot6,1740540638066.0,30.960938
pilot6,1740540654802.0,31.171875
pilot6,1740540675150.0,31.382812
pilot6,1740540711335.0,31.59375
pilot6,1740540845093.0,31.390625
pilot6,1740540954546.0,31.1875
pilot6,1740540972368.0,31.398438
pilot6,1740541041127.0,31.625
pilot6,1740541140689.0,31.421875
pilot6,1740541158332.0,31.21875
pilot6,1740541179036.0,31.015625
pilot6,1740541208379.0,30.8125
pilot6,1740541225660.0,30.601562
pilot6,1740541237723.0,30.8125
pilot6,1740541279845.0,30.609375
pilot6,1740541302890.0,30.40625
pilot6,1740541330074.0,30.203125
pilot6,1740541395779.0,30.0
pilot6,1740541428907.0,29.796875
pilot6,1740541448889.0,29.59375
pilot6,1740541467431.0,29.375
pilot6,1740541501276.0,29.171875
pilot6,1740541526840.0,28.96875
pilot6,1740541555823.0,28.757812
pilot6,1740541581026.0,28.554688
pilot6,1740541626574.0,28.351562
pilot6,1740541679139.0,28.554688
pilot6,1740541708842.0,28.34375
pilot6,1740541757089.0,28.132812
pilot6,1740541777791.0,27.929688
pilot6,1740541820997.0,27.726562
pilot6,1740541849800.0,27.523438
pilot6,1740541923430.0,27.320312
pilot6,1740541981391.0,27.109375
pilot6,1740542011814.0,27.3125
pilot6,1740542039901.0,27.109375
pilot6,1740542090672.0,26.90625
pilot6,1740542117494.0,26.703125
pilot6,1740528026825.0,29.3125
pilot6,1740528087545.0,29.109375
pilot6,1740528136100.0,29.320312
pilot6,1740528213403.0,29.117188
pilot6,1740528220100.0,222.19531
pilot6,1740528220162.0,29.125
pilot6,1740528240100.0,222.17969
pilot6,1740528240160.0,29.046875
pilot6,1740528493044.0,28.84375
pilot6,1740528601426.0,28.640625
pilot6,1740528675744.0,28.84375
pilot6,1740528800343.0,28.640625
pilot6,1740528943764.0,28.84375
pilot6,1740528965555.0,29.046875
pilot6,1740529130694.0,28.84375
pilot6,1740529216824.0,28.640625
pilot6,1740529401250.0,28.429688
pilot6,1740529865201.0,28.226562
pilot6,1740530150702.0,28.023438
pilot6,1740530202502.0,27.8125
pilot6,1740530226282.0,27.609375
pilot6,1740530241239.0,27.8125
pilot6,1740530265922.0,28.015625
pilot6,1740530410099.0,222.17188
pilot6,1740530410160.0,27.90625
pilot6,1740530490161.0,27.703125
pilot6,1740530673037.0,27.90625
pilot6,1740530770094.0,222.19531
pilot6,1740530770156.0,27.9375
pilot6,1740530867180.0,27.734375
pilot6,1740530937183.0,27.945312
pilot6,1740531025371.0,28.148438
pilot6,1740531107545.0,27.945312
pilot6,1740531300344.0,27.742188
pilot6,1740531311601.0,27.539062
pilot6,1740531355912.0,27.335938
pilot6,1740531386101.0,27.132812
pilot6,1740531756642.0,28.984375
pilot6,1740531761142.0,29.1875
pilot6,1740531791421.0,28.984375
pilot6,1740531816640.0,28.78125
pilot6,1740531830098.0,222.19531
pilot6,1740531830159.0,28.71875
pilot6,1740531845739.0,28.507812
pilot6,1740531960094.0,242.57031
pilot6,1740531960156.0,28.609375
pilot6,1740532001959.0,28.828125
pilot6,1740532066821.0,29.039062
pilot6,1740532135560.0,29.242188
pilot6,1740532232139.0,29.445312
pilot6,1740532339701.0,29.65625
pilot6,1740532509880.0,29.859375
pilot6,1740532579880.0,30.0625
pilot6,1740532708438.0,30.265625
pilot6,1740532810096.0,222.19531
pilot6,1740532810157.0,30.210938
pilot6,1740533065549.0,30.414062
pilot6,1740533130098.0,222.19531
pilot6,1740533130159.0,30.539062
pilot6,1740533414658.0,30.757812
pilot6,1740533522138.0,30.554688
pilot6,1740533728438.0,30.351562
pilot6,1740533758439.0,30.554688
pilot6,1740533778793.0,30.757812
pilot6,1740534302857.0,30.554688
pilot6,1740534421587.0,30.351562
pilot6,1740534586658.0,30.148438
pilot6,1740534640095.0,242.66406
pilot6,1740534640156.0,30.132812
pilot6,1740534850094.0,222.17969
pilot6,1740534850155.0,30.054688
pilot7,1740557095542.0,19.507812
pilot7,1740557172781.0,19.304688
pilot7,1740557598176.0,19.09375
pilot7,1740557644081.0,19.296875
pilot7,1740557712490.0,19.5
pilot7,1740557735532.0,19.703125
pilot7,1740557809522.0,19.5
pilot7,1740558606663.0,19.296875
pilot7,1740558675972.0,19.5
pilot7,1740558847717.0,19.289062
pilot7,1740558986691.0,19.492188
pilot7,1740559602729.0,19.289062
pilot7,1740559625052.0,19.5
pilot7,1740559837298.0,19.296875
pilot7,1740559950352.0,19.5
pilot7,1740560209046.0,19.296875
pilot7,1740603650218.0,32.914062
pilot7,1740603766437.0,32.710938
pilot7,1740603892561.0,32.914062
pilot7,1740603930371.0,33.125
pilot7,1740603985816.0,32.921875
pilot7,1740604250455.0,32.710938
pilot7,1740604263956.0,32.914062
pilot7,1740604410314.0,32.710938
pilot7,1740604455321.0,32.507812
pilot7,1740604530420.0,222.42969
pilot7,1740604530481.0,32.515625
pilot7,1740604606257.0,32.3125
pilot7,1740604628775.0,32.515625
pilot7,1740604724455.0,32.3125
pilot7,1740604748235.0,32.109375
pilot7,1740604847154.0,31.90625
pilot7,1740604955885.0,32.109375
pilot7,1740605297245.0,32.3125
pilot7,1740605308770.0,32.515625
pilot7,1740605315708.0,32.742188
pilot7,1740605325531.0,32.945312
pilot7,1740605342833.0,32.742188
pilot7,1740605350432.0,223.90625
pilot7,1740605350493.0,32.648438
pilot7,1740605414633.0,32.445312
pilot7,1740605577497.0,32.242188
pilot7,1740605740035.0,32.039062
pilot7,1740605890426.0,222.25
pilot7,1740605890487.0,32.054688
pilot7,1740605950431.0,222.72656
pilot7,1740605950493.0,31.96875
pilot7,1740606642469.0,32.179688
pilot7,1740606880421.0,223.90625
pilot7,1740606880482.0,32.179688
pilot7,1740560582412.0,19.726562
pilot7,1740560719410.0,19.523438
pilot7,1740560868649.0,19.320312
pilot7,1740560889712.0,19.53125
pilot7,1740561033729.0,19.3125
pilot7,1740561485406.0,19.109375
pilot7,1740561526813.0,19.328125
pilot7,1740561745720.0,19.117188
pilot7,1740561845434.0,19.320312
pilot7,1740561852096.0,19.523438
pilot7,1740561861635.0,19.734375
pilot7,1740561884679.0,19.9375
pilot7,1740561908622.0,20.140625
pilot7,1740561935625.0,20.34375
pilot7,1740562002239.0,20.554688
pilot7,1740562027092.0,20.765625
pilot7,1740562057157.0,20.976562
pilot7,1740562090103.0,21.179688
pilot7,1740562138527.0,20.976562
pilot7,1740562168774.0,20.773438
pilot7,1740562193254.0,20.976562
pilot7,1740562258605.0,20.773438
pilot7,1740562305951.0,20.5625
pilot7,1740562374719.0,20.359375
pilot7,1740562471744.0,20.15625
pilot7,1740562522878.0,20.359375
pilot7,1740562569498.0,20.15625
pilot7,1740562639893.0,19.953125
pilot7,1740562756908.0,19.75
pilot7,1740562848893.0,19.953125
pilot7,1740562892824.0,19.75
pilot7,1740563025677.0,19.546875
pilot7,1740563134237.0,19.75
pilot7,1740563199404.0,19.546875
pilot7,1740563382127.0,19.328125
pilot7,1740563461156.0,19.53125
pilot7,1740563526313.0,19.328125
pilot7,1740563756568.0,19.53125
pilot7,1740563766475.0,19.734375
pilot7,1740563863507.0,19.53125
pilot7,1740585697388.0,33.742188
pilot7,1740586010478.0,33.539062
pilot7,1740586379542.0,33.335938
pilot7,1740586450484.0,223.90625
pilot7,1740586450545.0,33.296875
pilot7,1740586690483.0,222.25
pilot7,1740586690544.0,33.164062
pilot7,1740587354143.0,32.953125
pilot7,1740587574498.0,32.75
pilot7,1740587604682.0,32.953125
pilot7,1740587809721.0,32.75
pilot7,1740587940483.0,222.42969
pilot7,1740587940543.0,32.578125
pilot7,1740587993600.0,32.375
pilot7,1740588065400.0,32.164062
pilot7,1740588131660.0,31.960938
pilot7,1740588229900.0,32.164062
pilot7,1740588554321.0,32.367188
pilot7,1740588752155.0,32.570312
pilot7,1740588790159.0,32.367188
pilot7,1740588825805.0,32.15625
pilot7,1740588920316.0,31.953125
pilot7,1740588943901.0,31.742188
pilot7,1740589001688.0,31.539062
pilot7,1740589051013.0,31.335938
pilot7,1740589070476.0,223.89844
pilot7,1740589070537.0,31.210938
pilot7,1740589120255.0,31.007812
pilot7,1740553204180.0,19.070312
pilot7,1740553278509.0,19.273438
pilot7,1740553301932.0,19.484375
pilot7,1740553345858.0,19.28125
pilot7,1740553560446.0,19.070312
pilot7,1740553604731.0,19.273438
pilot7,1740553798436.0,19.070312
pilot7,1740553933624.0,19.273438
pilot7,1740554167661.0,19.070312
pilot7,1740554269554.0,19.273438
pilot7,1740554461099.0,19.0625
pilot7,1740554568032.0,19.273438
pilot7,1740554737973.0,19.070312
pilot7,1740554907911.0,19.273438
pilot7,1740555058054.0,19.070312
pilot7,1740555204593.0,19.273438
pilot7,1740555374174.0,19.070312
pilot7,1740555523953.0,19.273438
pilot7,1740555717658.0,19.070312
pilot7,1740555828912.0,19.289062
pilot7,1740556000114.0,19.085938
pilot7,1740556137459.0,19.296875
pilot7,1740556306307.0,19.09375
pilot7,1740556454490.0,19.296875
pilot7,1740556595446.0,19.09375
pilot7,1740556768990.0,19.304688
pilot7,1740582087577.0,31.046875
pilot7,1740582114870.0,31.25
pilot7,1740582202357.0,31.453125
pilot7,1740582259196.0,31.664062
pilot7,1740582274150.0,31.867188
pilot7,1740582335943.0,32.078125
pilot7,1740582359739.0,32.28125
pilot7,1740582399918.0,32.484375
pilot7,1740582469737.0,32.6875
pilot7,1740582518651.0,32.898438
pilot7,1740582580493.0,33.101562
pilot7,1740582599376.0,33.304688
pilot7,1740582663617.0,33.515625
pilot7,1740582922352.0,33.71875
pilot7,1740582965588.0,33.507812
pilot7,1740583088296.0,33.304688
pilot7,1740583186854.0,33.101562
pilot7,1740583220274.0,32.898438
pilot7,1740583322894.0,32.695312
pilot7,1740583382450.0,32.492188
pilot7,1740583503793.0,32.289062
pilot7,1740583582533.0,32.085938
pilot7,1740583630477.0,222.24219
pilot7,1740583630538.0,32.171875
pilot7,1740583680484.0,222.28125
pilot7,1740583680545.0,32.070312
pilot7,1740583715775.0,31.867188
pilot7,1740583774146.0,31.664062
pilot7,1740584295415.0,31.867188
pilot7,1740584407392.0,32.070312
pilot7,1740584520488.0,223.90625
pilot7,1740584520549.0,32.132812
pilot7,1740584580489.0,223.90625
pilot7,1740584580550.0,32.109375
pilot7,1740584627022.0,32.3125
pilot7,1740584825953.0,32.53125
pilot7,1740584830491.0,222.28125
pilot7,1740584830552.0,32.710938
pilot7,1740584956129.0,32.921875
pilot7,1740589202698.0,30.804688
pilot7,1740589216297.0,31.023438
pilot7,1740589260465.0,222.24219
pilot7,1740589260526.0,31.0625
pilot7,1740589454496.0,31.265625
pilot7,1740589705928.0,31.484375
pilot7,1740589820253.0,31.6875
pilot7,1740589880475.0,222.42969
pilot7,1740589880535.0,31.625
pilot7,1740589926470.0,31.828125
pilot7,1740590230470.0,222.28125
pilot7,1740590230532.0,31.828125
pilot7,1740590298085.0,32.039062
pilot7,1740590372515.0,31.835938
pilot7,1740590400468.0,222.24219
pilot7,1740590400529.0,31.882812
pilot7,1740590592694.0,31.679688
pilot7,1740590606834.0,31.882812
pilot7,1740590813773.0,31.679688
pilot7,1740590907553.0,31.882812
pilot7,1740591055752.0,31.679688
pilot7,1740591170471.0,223.89844
pilot7,1740591170533.0,31.65625
pilot7,1740591394307.0,31.867188
pilot7,1740591450252.0,31.664062
pilot7,1740591970469.0,222.72656
pilot7,1740591970530.0,31.75
pilot7,1740592099523.0,31.53125
pilot7,1740592160250.0,31.328125
pilot7,1740592191970.0,31.117188
pilot7,1740592240468.0,222.28125
pilot7,1740592240529.0,31.140625
pilot7,1740592260465.0,242.67969
pilot7,1740592260526.0,31.15625
pilot7,1740592661051.0,31.359375
pilot7,1740600368067.0,33.601562
pilot7,1740600424286.0,33.398438
pilot7,1740600859682.0,33.601562
pilot7,1740600936445.0,33.8125
pilot7,1740601103744.0,33.609375
pilot7,1740601287885.0,33.8125
pilot7,1740601412461.0,34.015625
pilot7,1740601450442.0,222.25
pilot7,1740601450503.0,34.03125
pilot7,1740601636555.0,34.234375
pilot7,1740601733226.0,34.03125
pilot7,1740601858423.0,33.828125
pilot7,1740602292831.0,34.03125
pilot7,1740602470040.0,33.828125
pilot7,1740602593200.0,33.625
pilot7,1740602631216.0,33.828125
pilot7,1740602669674.0,33.617188
pilot7,1740602786440.0,33.414062
pilot7,1740602864099.0,33.203125
pilot7,1740603057701.0,33.0
pilot7,1740603236600.0,32.789062
pilot7,1740603285356.0,32.992188
pilot7,1740603313917.0,33.195312
pilot7,1740603338235.0,32.992188
pilot7,1740603417874.0,32.789062
pilot7,1740603560437.0,222.25
pilot7,1740603560498.0,32.710938
pilot7,1740575119433.0,19.195312
pilot7,1740575199181.0,18.992188
pilot7,1740576551692.0,18.789062
pilot7,1740576607859.0,18.992188
pilot7,1740576679684.0,19.195312
pilot7,1740576696965.0,19.398438
pilot7,1740577003542.0,19.601562
pilot7,1740577295546.0,19.398438
pilot7,1740577320377.0,19.601562
pilot7,1740577451086.0,19.390625
pilot7,1740577489061.0,19.601562
pilot7,1740577504912.0,19.867188
pilot7,1740577505453.0,20.140625
pilot7,1740577505992.0,20.445312
pilot7,1740577506532.0,20.648438
pilot7,1740577507793.0,20.851562
pilot7,1740577509593.0,21.109375
pilot7,1740577510316.0,21.34375
pilot7,1740577510932.0,21.5625
pilot7,1740577511472.0,21.78125
pilot7,1740577512193.0,22.007812
pilot7,1740577512912.0,22.257812
pilot7,1740577513633.0,22.460938
pilot7,1740577514353.0,22.664062
pilot7,1740577515253.0,22.867188
pilot7,1740577516514.0,23.101562
pilot7,1740577517593.0,23.320312
pilot7,1740577518673.0,23.554688
pilot7,1740577520113.0,23.804688
pilot7,1740577521467.0,24.015625
pilot7,1740577523088.0,24.226562
pilot7,1740577524888.0,24.453125
pilot7,1740577526690.0,24.679688
pilot7,1740577529208.0,24.90625
pilot7,1740577532009.0,25.117188
pilot7,1740577534889.0,25.328125
pilot7,1740577538669.0,25.53125
pilot7,1740577543090.0,25.734375
pilot7,1740577549751.0,25.9375
pilot7,1740577559030.0,26.140625
pilot7,1740577564889.0,26.34375
pilot7,1740577571647.0,26.546875
pilot7,1740577579386.0,26.75
pilot7,1740577616683.0,26.960938
pilot7,1740577635254.0,27.164062
pilot7,1740577679749.0,27.367188
pilot7,1740577720928.0,27.578125
pilot7,1740577840464.0,27.78125
pilot7,1740577918239.0,27.984375
pilot7,1740577968105.0,28.1875
pilot7,1740578017971.0,28.390625
pilot7,1740578112123.0,28.609375
pilot7,1740578190505.0,28.820312
pilot7,1740578230508.0,222.25
pilot7,1740578230569.0,28.898438
pilot7,1740578266319.0,29.101562
pilot7,1740578316327.0,29.304688
pilot7,1740607332827.0,32.398438
pilot7,1740607530208.0,32.195312
pilot7,1740607677300.0,32.398438
pilot7,1740607697321.0,32.601562
pilot7,1740607757330.0,32.398438
pilot7,1740608193724.0,32.195312
pilot7,1740608270424.0,242.73438
pilot7,1740608270485.0,32.117188
pilot7,1740608610418.0,242.73438
pilot7,1740608610479.0,32.125
pilot7,1740609079120.0,32.328125
pilot7,1740609235519.0,32.546875
pilot7,1740609243904.0,32.75
pilot7,1740609267502.0,32.546875
pilot7,1740609321023.0,32.34375
pilot7,1740609555520.0,32.140625
pilot7,1740610160416.0,223.90625
pilot7,1740610160479.0,32.148438
pilot7,1740610220408.0,222.24219
pilot7,1740610220469.0,32.117188
pilot7,1740610280020.0,31.914062
pilot7,1740610315519.0,32.117188
pilot7,1740610453716.0,32.320312
pilot7,1740610500020.0,32.53125
pilot7,1740592875025.0,31.5625
pilot7,1740592885560.0,31.765625
pilot7,1740592955388.0,31.554688
pilot7,1740593138806.0,31.351562
pilot7,1740593355201.0,31.554688
pilot7,1740593570068.0,31.351562
pilot7,1740593663224.0,31.554688
pilot7,1740593721242.0,31.765625
pilot7,1740593854125.0,31.96875
pilot7,1740593916282.0,32.171875
pilot7,1740594405380.0,31.96875
pilot7,1740594425384.0,32.171875
pilot7,1740594626639.0,32.375
pilot7,1740594710459.0,222.25
pilot7,1740594710520.0,32.414062
pilot7,1740595022141.0,32.625
pilot7,1740595082861.0,32.835938
pilot7,1740595327715.0,32.632812
pilot7,1740595612143.0,32.421875
pilot7,1740595636278.0,32.632812
pilot7,1740595920447.0,242.76562
pilot7,1740595920508.0,32.578125
pilot7,1740596150457.0,222.24219
pilot7,1740596150518.0,32.554688
pilot7,1740568087922.0,18.960938
pilot7,1740568207998.0,19.164062
pilot7,1740568339234.0,18.960938
pilot7,1740569357982.0,18.757812
pilot7,1740569436473.0,18.96875
pilot7,1740569690484.0,18.765625
pilot7,1740569754213.0,18.96875
pilot7,1740569972941.0,18.765625
pilot7,1740570066551.0,18.984375
pilot7,1740570094815.0,19.1875
pilot7,1740570207149.0,18.984375
pilot7,1740570293376.0,19.1875
pilot7,1740600368067.0,33.601562
pilot7,1740600424286.0,33.398438
pilot7,1740600859682.0,33.601562
pilot7,1740600936445.0,33.8125
pilot7,1740601103744.0,33.609375
pilot7,1740601287885.0,33.8125
pilot7,1740601412461.0,34.015625
pilot7,1740601450442.0,222.25
pilot7,1740601450503.0,34.03125
pilot7,1740601636555.0,34.234375
pilot7,1740601733226.0,34.03125
pilot7,1740601858423.0,33.828125
pilot7,1740602292831.0,34.03125
pilot7,1740602470040.0,33.828125
pilot7,1740602593200.0,33.625
pilot7,1740602631216.0,33.828125
pilot7,1740602669674.0,33.617188
pilot7,1740602786440.0,33.414062
pilot7,1740602864099.0,33.203125
pilot7,1740603057701.0,33.0
pilot7,1740603236600.0,32.789062
pilot7,1740603285356.0,32.992188
pilot7,1740603313917.0,33.195312
pilot7,1740603338235.0,32.992188
pilot7,1740603417874.0,32.789062
pilot7,1740603560437.0,222.25
pilot7,1740603560498.0,32.710938
pilot7,1740549814528.0,19.460938
pilot7,1740550067999.0,19.257812
pilot7,1740550121470.0,19.476562
pilot7,1740550243885.0,19.265625
pilot7,1740550445864.0,19.476562
pilot7,1740550549744.0,19.273438
pilot7,1740550783414.0,19.476562
pilot7,1740550851283.0,19.273438
pilot7,1740551089990.0,19.476562
pilot7,1740551134638.0,19.273438
pilot7,1740551330143.0,19.070312
pilot7,1740551390452.0,19.28125
pilot7,1740551409173.0,19.484375
pilot7,1740551459579.0,19.28125
pilot7,1740551723124.0,19.484375
pilot7,1740551804143.0,19.28125
pilot7,1740552040511.0,19.484375
pilot7,1740552137005.0,19.28125
pilot7,1740552384176.0,19.492188
pilot7,1740552456906.0,19.28125
pilot7,1740552955389.0,19.078125
pilot7,1740552989953.0,19.28125
pilot7,1740596441596.0,32.757812
pilot7,1740596449879.0,32.976562
pilot7,1740596511411.0,33.1875
pilot7,1740596533751.0,33.390625
pilot7,1740596551959.0,33.1875
pilot7,1740596640238.0,32.984375
pilot7,1740597134119.0,32.78125
pilot7,1740597260453.0,222.28125
pilot7,1740597260514.0,32.78125
pilot7,1740597373755.0,32.570312
pilot7,1740597410454.0,222.25
pilot7,1740597410515.0,32.601562
pilot7,1740598095193.0,32.398438
pilot7,1740598185373.0,32.601562
pilot7,1740598620690.0,32.398438
pilot7,1740598874113.0,32.601562
pilot7,1740599208611.0,32.804688
pilot7,1740599493929.0,33.007812
pilot7,1740599527167.0,33.21875
pilot7,1740599548428.0,33.421875
pilot7,1740599599324.0,33.625
pilot7,1740599630443.0,222.25
pilot7,1740599630505.0,33.609375
pilot7,1740599877529.0,33.8125
pilot7,1740571578743.0,19.195312
pilot7,1740571643002.0,19.40625
pilot7,1740571858139.0,19.203125
pilot7,1740571958394.0,19.40625
pilot7,1740572175338.0,19.203125
pilot7,1740572269846.0,19.414062
pilot7,1740572279740.0,19.617188
pilot7,1740572439432.0,19.40625
pilot7,1740572597659.0,19.609375
pilot7,1740572687143.0,19.40625
pilot7,1740572845563.0,19.203125
pilot7,1740572897224.0,19.40625
pilot7,1740573123518.0,19.203125
pilot7,1740573232060.0,19.40625
pilot7,1740573397513.0,19.203125
pilot7,1740573532522.0,19.40625
pilot7,1740573688790.0,19.203125
pilot7,1740574152701.0,19.0
pilot7,1740574179172.0,19.203125
pilot7,1740574337052.0,18.992188
pilot7,1740578415609.0,29.507812
pilot7,1740578450506.0,242.57031
pilot7,1740578450566.0,29.515625
pilot7,1740578480287.0,29.71875
pilot7,1740578494522.0,29.9375
pilot7,1740578619387.0,30.148438
pilot7,1740578668307.0,30.359375
pilot7,1740579008654.0,30.5625
pilot7,1740579263625.0,30.359375
pilot7,1740579449386.0,30.15625
pilot7,1740579505604.0,29.945312
pilot7,1740579583085.0,29.742188
pilot7,1740579642903.0,29.539062
pilot7,1740579748124.0,29.335938
pilot7,1740579950489.0,222.24219
pilot7,1740579950550.0,29.320312
pilot7,1740580077943.0,29.109375
pilot7,1740580160290.0,28.90625
pilot7,1740580254872.0,28.703125
pilot7,1740580346505.0,28.5
pilot7,1740580429922.0,28.296875
pilot7,1740580516477.0,28.09375
pilot7,1740580543616.0,27.890625
pilot7,1740580590921.0,28.09375
pilot7,1740580783621.0,27.890625
pilot7,1740580857401.0,28.09375
pilot7,1740580937221.0,28.296875
pilot7,1740580961280.0,28.5
pilot7,1740581120495.0,222.25
pilot7,1740581120556.0,28.601562
pilot7,1740581209133.0,28.804688
pilot7,1740581323264.0,29.007812
pilot7,1740581382133.0,28.804688
pilot7,1740581568114.0,29.015625
pilot7,1740581628840.0,29.21875
pilot7,1740581642899.0,29.421875
pilot7,1740581755268.0,29.625
pilot7,1740581808118.0,29.828125
pilot7,1740581838658.0,30.03125
pilot7,1740581887387.0,30.234375
pilot7,1740581955239.0,30.4375
pilot7,1740581971276.0,30.640625
pilot7,1740582030495.0,30.84375
pilot7,1740610891381.0,32.742188
pilot7,1740610900382.0,32.945312
pilot7,1740610951315.0,32.742188
pilot7,1740611029475.0,32.945312
pilot7,1740611115157.0,32.742188
pilot7,1740611192278.0,32.539062
pilot7,1740611258938.0,32.335938
pilot7,1740611465875.0,32.132812
pilot7,1740612171913.0,32.335938
pilot7,1740612315332.0,32.539062
pilot7,1740612654255.0,32.742188
pilot7,1740612786954.0,32.945312
pilot7,1740612963708.0,33.148438
pilot7,1740613329473.0,33.351562
pilot7,1740613480409.0,222.25
pilot7,1740613480469.0,33.296875
pilot7,1740614246768.0,33.507812
pilot7,1740546006330.0,19.867188
pilot7,1740546056196.0,20.070312
pilot7,1740546066993.0,20.273438
pilot7,1740546075094.0,20.476562
pilot7,1740546147828.0,20.273438
pilot7,1740546306968.0,20.476562
pilot7,1740546468810.0,20.273438
pilot7,1740546638208.0,20.484375
pilot7,1740546732902.0,20.28125
pilot7,1740546944774.0,20.078125
pilot7,1740546965131.0,20.28125
pilot7,1740547074405.0,20.078125
pilot7,1740547252268.0,19.875
pilot7,1740547269730.0,20.078125
pilot7,1740547592686.0,20.28125
pilot7,1740547654799.0,20.070312
pilot7,1740547797533.0,19.867188
pilot7,1740547905570.0,20.070312
pilot7,1740548004938.0,19.867188
pilot7,1740548181545.0,19.664062
pilot7,1740548225830.0,19.867188
pilot7,1740548349327.0,19.664062
pilot7,1740548517827.0,19.460938
pilot7,1740548548063.0,19.664062
pilot7,1740548698570.0,19.460938
pilot7,1740548848887.0,19.664062
pilot7,1740548934400.0,19.460938
pilot7,1740549411100.0,19.257812
pilot7,1740564070353.0,19.742188
pilot7,1740564083855.0,19.945312
pilot7,1740564112300.0,19.742188
pilot7,1740564313924.0,19.539062
pilot7,1740564397096.0,19.742188
pilot7,1740564497729.0,19.539062
pilot7,1740564732824.0,19.742188
pilot7,1740564811507.0,19.539062
pilot7,1740565031666.0,19.742188
pilot7,1740565199458.0,19.53125
pilot7,1740565355716.0,19.734375
pilot7,1740565438707.0,19.53125
pilot7,1740565935210.0,19.328125
pilot7,1740565987042.0,19.53125
pilot7,1740566265371.0,19.328125
pilot7,1740566294711.0,19.53125
pilot7,1740566475099.0,19.328125
pilot7,1740566617856.0,19.554688
pilot7,1740566754853.0,19.335938
pilot7,1740566923174.0,19.546875
pilot7,1740566939736.0,19.757812
pilot7,1740566966379.0,19.554688
pilot7,1740567073673.0,19.351562
pilot7,1740567418777.0,19.148438
pilot7,1740614469826.0,33.710938
pilot7,1740614470403.0,222.72656
pilot7,1740614470464.0,33.6875
pilot7,1740614477483.0,33.898438
pilot7,1740614570466.0,33.6875
pilot7,1740614591906.0,33.890625
pilot7,1740614826046.0,33.6875
pilot7,1740614920187.0,33.476562
pilot7,1740615003525.0,33.273438
pilot7,1740615478925.0,33.070312
pilot7,1740615611738.0,33.273438
pilot7,1740615670403.0,222.28125
pilot7,1740615670464.0,33.179688
pilot7,1740616209464.0,32.976562
pilot7,1740616275683.0,33.1875
pilot7,1740616584061.0,33.398438
pilot7,1740616660182.0,33.195312
pilot7,1740616939458.0,33.398438
pilot7,1740617238020.0,33.195312
pilot7,1740617251540.0,33.414062
pilot7,1740617400000.0,33.203125
pilot7,1740617585680.0,33.414062
pilot7,1740618310395.0,222.24219
pilot7,1740618310458.0,33.914062
pilot7,1740618618016.0,34.117188
pilot7,1740618672256.0,33.914062
pilot7,1740619198195.0,33.710938
pilot7,1740619344770.0,33.507812
pilot7,1740619397294.0,33.304688
pilot7,1740619462608.0,33.101562
pilot7,1740619580364.0,222.24219
pilot7,1740619580426.0,33.132812
pilot7,1740619700389.0,32.921875
pilot7,1740619757659.0,32.710938
pilot7,1740619879093.0,32.507812
pilot7,1740619894415.0,32.734375
pilot7,1740619937478.0,32.53125
pilot7,1740620044052.0,32.328125
pilot7,1740620354231.0,32.125
pilot7,1740620592071.0,31.921875
pilot7,1740620680384.0,222.24219
pilot7,1740620680446.0,31.8125
pilot7,1740620707291.0,31.601562
pilot7,1740620747111.0,31.398438
pilot7,1740620936565.0,31.601562
pilot7,1740621091526.0,31.804688
pilot7,1740621120388.0,242.71875
pilot7,1740621120449.0,31.789062
pilot7,1740621212066.0,31.992188
pilot7,1740621240387.0,223.90625
pilot7,1740621240449.0,32.023438
pilot7,1740621390810.0,32.242188
pilot7,1740643263367.0,20.789062
pilot7,1740643551046.0,20.578125
pilot7,1740643637094.0,20.78125
pilot7,1740643708028.0,20.578125
pilot7,1740643891831.0,20.375
pilot7,1740643965280.0,20.585938
pilot7,1740644184728.0,20.382812
pilot7,1740644286435.0,20.585938
pilot7,1740644380413.0,20.382812
pilot7,1740644592300.0,20.585938
pilot7,1740644648467.0,20.382812
pilot7,1740644931642.0,20.585938
pilot7,1740645009232.0,20.382812
pilot7,1740645223099.0,20.179688
pilot7,1740645243263.0,20.398438
pilot7,1740645474951.0,20.195312
pilot7,1740645545520.0,20.398438
pilot7,1740645719422.0,20.1875
pilot7,1740645849391.0,20.390625
pilot7,1740645979555.0,20.1875
pilot7,1740646153801.0,20.390625
pilot7,1740646384426.0,20.59375
pilot7,1740646477318.0,20.804688
pilot7,1740646490997.0,21.015625
pilot7,1740646548788.0,21.226562
pilot7,1740646914593.0,21.851562
pilot7,1740647074633.0,21.648438
pilot7,1740647107930.0,21.859375
pilot7,1740647347548.0,22.0625
pilot7,1740647400295.0,22.28125
pilot7,1740647418455.0,22.484375
pilot7,1740647595619.0,22.28125
pilot7,1740647738737.0,22.078125
pilot7,1740647767900.0,22.296875
pilot7,1740647880411.0,22.09375
pilot7,1740648167731.0,21.890625
pilot7,1740648251799.0,22.101562
pilot7,1740648260619.0,22.304688
pilot7,1740648275020.0,22.507812
pilot7,1740648286722.0,22.710938
pilot7,1740648298965.0,22.914062
pilot7,1740648305265.0,23.117188
pilot7,1740648311566.0,23.320312
pilot7,1740648347214.0,23.117188
pilot7,1740648383758.0,23.34375
pilot7,1740648506354.0,23.132812
pilot7,1740648640471.0,22.914062
pilot7,1740648728496.0,23.117188
pilot7,1740648794391.0,22.914062
pilot7,1740648870540.0,22.710938
pilot7,1740649017078.0,22.914062
pilot7,1740649033818.0,23.117188
pilot7,1740649349393.0,23.34375
pilot7,1740649399087.0,23.140625
pilot7,1740649499540.0,22.929688
pilot7,1740649676682.0,23.132812
pilot7,1740650127994.0,22.929688
pilot7,1740650218371.0,22.726562
pilot7,1740672051147.0,35.203125
pilot7,1740672358701.0,35.40625
pilot7,1740672693494.0,35.617188
pilot7,1740672720730.0,222.25
pilot7,1740672720791.0,35.578125
pilot7,1740673025651.0,35.375
pilot7,1740673062588.0,35.578125
pilot7,1740673090728.0,223.92188
pilot7,1740673090788.0,35.554688
pilot7,1740673533121.0,35.351562
pilot7,1740673687452.0,35.148438
pilot7,1740673874283.0,35.351562
pilot7,1740674048884.0,35.148438
pilot7,1740674296718.0,34.945312
pilot7,1740674630728.0,223.91406
pilot7,1740674630789.0,34.835938
pilot7,1740674824389.0,35.039062
pilot7,1740674876369.0,34.828125
pilot7,1740674990961.0,34.625
pilot7,1740639671918.0,21.03125
pilot7,1740639786412.0,20.8125
pilot7,1740639875344.0,21.015625
pilot7,1740640019902.0,20.8125
pilot7,1740640178502.0,21.015625
pilot7,1740640239171.0,20.8125
pilot7,1740640504883.0,21.015625
pilot7,1740640548268.0,20.8125
pilot7,1740640788599.0,20.609375
pilot7,1740640808397.0,20.8125
pilot7,1740641032890.0,20.601562
pilot7,1740641117318.0,20.804688
pilot7,1740641378353.0,20.59375
pilot7,1740641426241.0,20.796875
pilot7,1740641735520.0,20.59375
pilot7,1740641768446.0,20.796875
pilot7,1740641891418.0,20.59375
pilot7,1740642065682.0,20.796875
pilot7,1740642253625.0,20.59375
pilot7,1740642397462.0,20.796875
pilot7,1740642497015.0,20.59375
pilot7,1740642716993.0,20.796875
pilot7,1740642807374.0,20.585938
pilot7,1740668325288.0,31.921875
pilot7,1740668363668.0,32.125
pilot7,1740668427632.0,32.328125
pilot7,1740668464972.0,32.53125
pilot7,1740668486201.0,32.734375
pilot7,1740668594580.0,32.945312
pilot7,1740668617283.0,33.148438
pilot7,1740668807632.0,33.351562
pilot7,1740668943327.0,33.554688
pilot7,1740669018883.0,33.757812
pilot7,1740669271325.0,33.960938
pilot7,1740669415835.0,33.757812
pilot7,1740669453665.0,33.554688
pilot7,1740669508175.0,33.351562
pilot7,1740669554224.0,33.148438
pilot7,1740669588905.0,32.945312
pilot7,1740669693498.0,32.742188
pilot7,1740669768359.0,32.539062
pilot7,1740669830736.0,32.335938
pilot7,1740669909080.0,32.132812
pilot7,1740669980802.0,31.929688
pilot7,1740670150970.0,31.726562
pilot7,1740670209255.0,31.515625
pilot7,1740670291154.0,31.71875
pilot7,1740670442592.0,31.921875
pilot7,1740670574927.0,32.125
pilot7,1740670636563.0,32.328125
pilot7,1740670715481.0,32.53125
pilot7,1740670779967.0,32.742188
pilot7,1740670847821.0,32.945312
pilot7,1740670871340.0,33.148438
pilot7,1740670989801.0,33.359375
pilot7,1740671075111.0,33.5625
pilot7,1740671212766.0,33.773438
pilot7,1740671282416.0,33.976562
pilot7,1740671347082.0,34.179688
pilot7,1740671488534.0,34.382812
pilot7,1740671571512.0,34.585938
pilot7,1740671700971.0,34.789062
pilot7,1740671837272.0,35.0
pilot7,1740675807267.0,35.09375
pilot7,1740676144028.0,35.304688
pilot7,1740676324552.0,35.101562
pilot7,1740676597974.0,34.898438
pilot7,1740676702213.0,34.695312
pilot7,1740676860710.0,222.28125
pilot7,1740676860770.0,34.5
pilot7,1740676918703.0,34.296875
pilot7,1740676994888.0,34.09375
pilot7,1740677028013.0,33.882812
pilot7,1740677047094.0,33.679688
pilot7,1740677071398.0,33.46875
pilot7,1740677105241.0,33.257812
pilot7,1740677131528.0,33.054688
pilot7,1740677228918.0,32.851562
pilot7,1740677301814.0,32.648438
pilot7,1740677377243.0,32.445312
pilot7,1740677439894.0,32.242188
pilot7,1740677533864.0,32.039062
pilot7,1740677601729.0,31.835938
pilot7,1740677665281.0,31.632812
pilot7,1740677717621.0,31.429688
pilot7,1740677793109.0,31.226562
pilot7,1740678060718.0,222.24219
pilot7,1740678060780.0,31.296875
pilot7,1740678125099.0,31.5
pilot7,1740678189600.0,31.703125
pilot7,1740678260960.0,31.90625
pilot7,1740678300704.0,222.25
pilot7,1740678300766.0,31.9375
pilot7,1740678376889.0,32.140625
pilot7,1740678457292.0,32.34375
pilot7,1740678526354.0,32.554688
pilot7,1740678593112.0,32.757812
pilot7,1740678753099.0,32.984375
pilot7,1740678914550.0,33.1875
pilot7,1740661271583.0,20.507812
pilot7,1740661393280.0,20.710938
pilot7,1740661470691.0,20.507812
pilot7,1740661573663.0,20.710938
pilot7,1740661602830.0,20.507812
pilot7,1740661714982.0,20.71875
pilot7,1740661751168.0,20.515625
pilot7,1740661881145.0,20.3125
pilot7,1740661996720.0,20.515625
pilot7,1740662013643.0,20.71875
pilot7,1740662052707.0,20.507812
pilot7,1740662181602.0,20.304688
pilot7,1740662336962.0,20.507812
pilot7,1740662401230.0,20.296875
pilot7,1740662626618.0,20.5
pilot7,1740662697728.0,20.296875
pilot7,1740662932478.0,20.09375
pilot7,1740662955877.0,20.304688
pilot7,1740663122942.0,20.101562
pilot7,1740663223754.0,20.304688
pilot7,1740663276497.0,20.507812
pilot7,1740663311785.0,20.304688
pilot7,1740663549955.0,20.078125
pilot7,1740663569387.0,20.289062
pilot7,1740663700994.0,20.078125
pilot7,1740663836552.0,20.28125
pilot7,1740663885517.0,20.484375
pilot7,1740663933763.0,20.28125
pilot7,1740664175714.0,20.078125
pilot7,1740664217121.0,20.28125
pilot7,1740664316313.0,20.070312
pilot7,1740679200708.0,242.80469
pilot7,1740679200770.0,33.15625
pilot7,1740679273103.0,33.359375
pilot7,1740679286525.0,33.5625
pilot7,1740679343103.0,33.773438
pilot7,1740679405262.0,33.570312
pilot7,1740679633106.0,33.773438
pilot7,1740679723284.0,33.570312
pilot7,1740679828867.0,33.367188
pilot7,1740679971306.0,33.585938
pilot7,1740680170768.0,33.804688
pilot7,1740680230495.0,34.007812
pilot7,1740680330707.0,242.86719
pilot7,1740680330768.0,34.101562
pilot7,1740680370707.0,222.24219
pilot7,1740680370768.0,34.179688
pilot7,1740680790699.0,222.72656
pilot7,1740680790761.0,34.09375
pilot7,1740681290710.0,222.42969
pilot7,1740681290771.0,33.976562
pilot7,1740681602026.0,33.773438
pilot7,1740681620704.0,223.91406
pilot7,1740681620766.0,33.757812
pilot7,1740681990119.0,33.554688
pilot7,1740682100701.0,222.28125
pilot7,1740682100764.0,33.601562
pilot7,1740682187956.0,33.390625
pilot7,1740682282016.0,33.1875
pilot7,1740708062922.0,21.585938
pilot7,1740708166257.0,21.382812
pilot7,1740708184257.0,21.59375
pilot7,1740708201182.0,21.8125
pilot7,1740708229085.0,21.601562
pilot7,1740708346815.0,21.398438
pilot7,1740708507760.0,21.609375
pilot7,1740708537825.0,21.40625
pilot7,1740708572748.0,21.609375
pilot7,1740708614874.0,21.8125
pilot7,1740708632694.0,22.023438
pilot7,1740708672662.0,21.820312
pilot7,1740708746471.0,21.617188
pilot7,1740708836292.0,21.820312
pilot7,1740708916772.0,21.617188
pilot7,1740709034507.0,21.414062
pilot7,1740709142521.0,21.617188
pilot7,1740709200488.0,21.414062
pilot7,1740709221550.0,21.617188
pilot7,1740709250534.0,21.820312
pilot7,1740709293741.0,21.617188
pilot7,1740709471243.0,21.820312
pilot7,1740709518948.0,21.617188
pilot7,1740709693211.0,21.414062
pilot7,1740709784302.0,21.617188
pilot7,1740709841541.0,21.820312
pilot7,1740709873413.0,21.617188
pilot7,1740710043533.0,21.414062
pilot7,1740710086916.0,21.617188
pilot7,1740710146328.0,21.414062
pilot7,1740710478646.0,21.625
pilot7,1740710522575.0,21.421875
pilot7,1740710960750.0,21.21875
pilot7,1740711030600.0,21.421875
pilot7,1740711363996.0,21.625
pilot7,1740711390105.0,21.421875
pilot7,1740654048535.0,21.289062
pilot7,1740654057716.0,21.515625
pilot7,1740654065096.0,21.71875
pilot7,1740654193093.0,21.515625
pilot7,1740654373476.0,21.304688
pilot7,1740654401019.0,21.507812
pilot7,1740654555118.0,21.304688
pilot7,1740654725056.0,21.507812
pilot7,1740654788243.0,21.304688
pilot7,1740654937667.0,21.101562
pilot7,1740655019217.0,21.304688
pilot7,1740655172406.0,21.101562
pilot7,1740655541103.0,20.890625
pilot7,1740655685301.0,21.09375
pilot7,1740655839400.0,20.882812
pilot7,1740655987009.0,21.085938
pilot7,1740656154981.0,20.882812
pilot7,1740656304737.0,21.085938
pilot7,1740656366147.0,20.882812
pilot7,1740656853291.0,20.679688
pilot7,1740656924573.0,20.882812
pilot7,1740657078858.0,20.679688
pilot7,1740686392549.0,33.234375
pilot7,1740686913095.0,33.03125
pilot7,1740687078303.0,33.234375
pilot7,1740687391282.0,33.015625
pilot7,1740636349418.0,21.453125
pilot7,1740636418904.0,21.65625
pilot7,1740636506398.0,21.453125
pilot7,1740636694706.0,21.25
pilot7,1740636709104.0,21.453125
pilot7,1740636881027.0,21.25
pilot7,1740637024862.0,21.460938
pilot7,1740637078870.0,21.257812
pilot7,1740637319020.0,21.46875
pilot7,1740637419470.0,21.265625
pilot7,1740637614977.0,21.054688
pilot7,1740637653322.0,21.257812
pilot7,1740637822724.0,21.046875
pilot7,1740637955762.0,21.25
pilot7,1740638126242.0,21.046875
pilot7,1740638287362.0,21.25
pilot7,1740638334709.0,21.046875
pilot7,1740638785665.0,20.835938
pilot7,1740638914382.0,21.039062
pilot7,1740639035717.0,20.828125
pilot7,1740639243095.0,21.03125
pilot7,1740639339415.0,20.828125
pilot7,1740715410013.0,21.242188
pilot7,1740715503985.0,21.453125
pilot7,1740715656104.0,21.25
pilot7,1740715815961.0,21.453125
pilot7,1740715866550.0,21.25
pilot7,1740716094639.0,21.046875
pilot7,1740716109039.0,21.25
pilot7,1740716122363.0,21.460938
pilot7,1740716170790.0,21.25
pilot7,1740716459545.0,21.453125
pilot7,1740716491950.0,21.25
pilot7,1740716936785.0,21.046875
pilot7,1740717068559.0,21.257812
pilot7,1740717219781.0,21.054688
pilot7,1740717401785.0,21.257812
pilot7,1740717498262.0,21.046875
pilot7,1740717709623.0,21.25
pilot7,1740717882265.0,21.046875
pilot7,1740718041756.0,21.257812
pilot7,1740718212967.0,21.054688
pilot7,1740718347083.0,21.257812
pilot7,1740718422154.0,21.046875
pilot7,1740718672565.0,21.25
pilot7,1740682820118.0,33.390625
pilot7,1740682889947.0,33.601562
pilot7,1740682949945.0,33.398438
pilot7,1740683143825.0,33.195312
pilot7,1740683590697.0,222.25
pilot7,1740683590759.0,33.257812
pilot7,1740683668313.0,33.460938
pilot7,1740683874533.0,33.664062
pilot7,1740684015438.0,33.867188
pilot7,1740684150690.0,222.24219
pilot7,1740684150751.0,33.9375
pilot7,1740684372194.0,34.140625
pilot7,1740684457051.0,34.351562
pilot7,1740684680698.0,222.28125
pilot7,1740684680759.0,34.484375
pilot7,1740684801481.0,34.6875
pilot7,1740684999041.0,34.476562
pilot7,1740685134168.0,34.273438
pilot7,1740685328489.0,34.0625
pilot7,1740685435259.0,33.859375
pilot7,1740685850469.0,33.65625
pilot7,1740686139578.0,33.445312
pilot7,1740686205970.0,33.242188
pilot7,1740686251476.0,33.03125
pilot7,1740657664107.0,20.882812
pilot7,1740657742781.0,20.679688
pilot7,1740657896700.0,20.882812
pilot7,1740658003454.0,20.671875
pilot7,1740658198418.0,20.875
pilot7,1740658367462.0,20.671875
pilot7,1740658522096.0,20.882812
pilot7,1740658576826.0,20.679688
pilot7,1740658818777.0,20.476562
pilot7,1740658845601.0,20.679688
pilot7,1740659074409.0,20.476562
pilot7,1740659172704.0,20.6875
pilot7,1740659283777.0,20.484375
pilot7,1740659477120.0,20.703125
pilot7,1740659529505.0,20.5
pilot7,1740659734373.0,20.296875
pilot7,1740659783700.0,20.5
pilot7,1740659980824.0,20.296875
pilot7,1740660108641.0,20.507812
pilot7,1740660222595.0,20.304688
pilot7,1740660453378.0,20.507812
pilot7,1740660528273.0,20.304688
pilot7,1740660760486.0,20.507812
pilot7,1740660793267.0,20.296875
pilot7,1740664479763.0,20.273438
pilot7,1740664488043.0,20.515625
pilot7,1740664488584.0,20.757812
pilot7,1740664489125.0,21.023438
pilot7,1740664489484.0,21.226562
pilot7,1740664489989.0,21.445312
pilot7,1740664491168.0,21.664062
pilot7,1740664492789.0,21.90625
pilot7,1740664493328.0,22.109375
pilot7,1740664494048.0,22.328125
pilot7,1740664495128.0,22.585938
pilot7,1740664495848.0,22.8125
pilot7,1740664496749.0,23.0625
pilot7,1740664497649.0,23.28125
pilot7,1740664498728.0,23.539062
pilot7,1740664499988.0,23.757812
pilot7,1740664501169.0,23.96875
pilot7,1740664502428.0,24.195312
pilot7,1740664503868.0,24.414062
pilot7,1740664505669.0,24.632812
pilot7,1740664507648.0,24.859375
pilot7,1740664509989.0,25.078125
pilot7,1740664512611.0,25.289062
pilot7,1740664515671.0,25.5
pilot7,1740664519272.0,25.710938
pilot7,1740664520752.0,223.86719
pilot7,1740664520812.0,25.773438
pilot7,1740664524054.0,25.992188
pilot7,1740664529094.0,26.203125
pilot7,1740664535848.0,26.40625
pilot7,1740664547468.0,26.617188
pilot7,1740664568368.0,26.820312
pilot7,1740664592068.0,27.03125
pilot7,1740664607829.0,27.234375
pilot7,1740664660350.0,27.4375
pilot7,1740664681890.0,27.640625
pilot7,1740664728369.0,27.84375
pilot7,1740664745489.0,28.0625
pilot7,1740664784768.0,28.265625
pilot7,1740664798008.0,28.46875
pilot7,1740664841671.0,28.679688
pilot7,1740664861296.0,28.882812
pilot7,1740664869938.0,29.085938
pilot7,1740664890102.0,29.289062
pilot7,1740664923764.0,29.492188
pilot7,1740665115130.0,29.695312
pilot7,1740665206034.0,29.914062
pilot7,1740665277683.0,30.117188
pilot7,1740665379936.0,30.328125
pilot7,1740665471568.0,30.53125
pilot7,1740665603354.0,30.75
pilot7,1740665697870.0,30.546875
pilot7,1740665881468.0,30.773438
pilot7,1740665956716.0,30.984375
pilot7,1740666023865.0,31.1875
pilot7,1740666094074.0,31.390625
pilot7,1740666137268.0,31.59375
pilot7,1740666186368.0,31.796875
pilot7,1740666221527.0,32.0
pilot7,1740666238734.0,32.203125
pilot7,1740666288010.0,32.40625
pilot7,1740666334049.0,32.609375
pilot7,1740666370749.0,222.25
pilot7,1740666370810.0,32.75
pilot7,1740666432249.0,32.953125
pilot7,1740666490747.0,33.15625
pilot7,1740666554770.0,33.359375
pilot7,1740666579989.0,33.5625
pilot7,1740666635312.0,33.765625
pilot7,1740666707292.0,33.976562
pilot7,1740666781892.0,34.179688
pilot7,1740666842315.0,34.382812
pilot7,1740666917736.0,34.59375
pilot7,1740666987946.0,34.796875
pilot7,1740667064994.0,35.0
pilot7,1740667136103.0,35.203125
pilot7,1740667303660.0,35.0
pilot7,1740667346324.0,34.789062
pilot7,1740667385922.0,34.585938
pilot7,1740667406990.0,34.375
pilot7,1740667439575.0,34.171875
pilot7,1740667512126.0,33.96875
pilot7,1740667583501.0,33.765625
pilot7,1740667657821.0,33.5625
pilot7,1740667728768.0,33.359375
pilot7,1740667792487.0,33.15625
pilot7,1740667863961.0,32.953125
pilot7,1740667928231.0,32.75
pilot7,1740668018961.0,32.546875
pilot7,1740668042188.0,32.34375
pilot7,1740668105654.0,32.140625
pilot7,1740668146553.0,31.9375
pilot7,1740668192412.0,31.71875
pilot7,1740699722290.0,28.507812
pilot7,1740699769098.0,28.296875
pilot7,1740699834791.0,28.09375
pilot7,1740699894573.0,27.890625
pilot7,1740699904474.0,28.101562
pilot7,1740699911672.0,28.320312
pilot7,1740699937237.0,28.53125
pilot7,1740699980056.0,28.328125
pilot7,1740700023831.0,28.125
pilot7,1740700070996.0,27.921875
pilot7,1740700170166.0,27.710938
pilot7,1740700427081.0,27.507812
pilot7,1740700579016.0,27.71875
pilot7,1740711792456.0,21.835938
pilot7,1740711875447.0,21.632812
pilot7,1740712051509.0,21.835938
pilot7,1740712152321.0,21.632812
pilot7,1740712337204.0,21.421875
pilot7,1740712351426.0,21.625
pilot7,1740712508586.0,21.421875
pilot7,1740712667187.0,21.632812
pilot7,1740712708771.0,21.421875
pilot7,1740713309865.0,21.625
pilot7,1740713343531.0,21.414062
pilot7,1740713567480.0,21.210938
pilot7,1740713598617.0,21.414062
pilot7,1740713919965.0,21.617188
pilot7,1740713964430.0,21.414062
pilot7,1740714220602.0,21.617188
pilot7,1740714494417.0,21.414062
pilot7,1740714529881.0,21.617188
pilot7,1740714654998.0,21.414062
pilot7,1740714799736.0,21.210938
pilot7,1740714849062.0,21.4375
pilot7,1740632597740.0,22.890625
pilot7,1740632651392.0,22.679688
pilot7,1740632722490.0,22.882812
pilot7,1740632848876.0,22.679688
pilot7,1740632937626.0,22.882812
pilot7,1740633023678.0,22.679688
pilot7,1740633215220.0,22.476562
pilot7,1740633234296.0,22.6875
pilot7,1740633350238.0,22.484375
pilot7,1740633496057.0,22.28125
pilot7,1740633544843.0,22.492188
pilot7,1740633704704.0,22.28125
pilot7,1740634044586.0,22.078125
pilot7,1740634152960.0,22.28125
pilot7,1740634169163.0,22.484375
pilot7,1740634203187.0,22.28125
pilot7,1740634295538.0,22.070312
pilot7,1740634710311.0,21.867188
pilot7,1740634797802.0,22.070312
pilot7,1740634916077.0,21.867188
pilot7,1740635344891.0,21.664062
pilot7,1740635457225.0,21.867188
pilot7,1740635538776.0,21.664062
pilot7,1740650596059.0,23.34375
pilot7,1740650613340.0,23.546875
pilot7,1740650704612.0,23.34375
pilot7,1740650839988.0,23.140625
pilot7,1740650917030.0,23.34375
pilot7,1740650957363.0,23.140625
pilot7,1740651066274.0,22.929688
pilot7,1740651160969.0,22.726562
pilot7,1740651231172.0,22.929688
pilot7,1740651353762.0,23.132812
pilot7,1740651553238.0,23.34375
pilot7,1740651606706.0,23.132812
pilot7,1740651766926.0,22.929688
pilot7,1740651859458.0,23.132812
pilot7,1740651907524.0,22.929688
pilot7,1740651981153.0,22.726562
pilot7,1740652099608.0,22.523438
pilot7,1740652194121.0,22.726562
pilot7,1740652261613.0,22.523438
pilot7,1740652360100.0,22.320312
pilot7,1740652607992.0,22.117188
pilot7,1740652789455.0,21.914062
pilot7,1740652807638.0,22.117188
pilot7,1740652936894.0,21.90625
pilot7,1740653256074.0,21.703125
pilot7,1740653614140.0,21.492188
pilot7,1740653768592.0,21.703125
pilot7,1740653851228.0,21.5
pilot7,1740701117647.0,27.507812
pilot7,1740701208375.0,27.710938
pilot7,1740701238802.0,27.507812
pilot7,1740701283448.0,27.304688
pilot7,1740701306851.0,27.101562
pilot7,1740701354198.0,26.898438
pilot7,1740701390562.0,26.695312
pilot7,1740701437728.0,26.492188
pilot7,1740701494072.0,26.289062
pilot7,1740701601188.0,26.078125
pilot7,1740701628372.0,25.875
pilot7,1740701678959.0,25.664062
pilot7,1740701730265.0,25.460938
pilot7,1740701784632.0,25.257812
pilot7,1740701815233.0,25.054688
pilot7,1740701840979.0,25.265625
pilot7,1740701887424.0,25.0625
pilot7,1740701932248.0,24.859375
pilot7,1740701985163.0,24.65625
pilot7,1740702020072.0,24.453125
pilot7,1740702086340.0,24.242188
pilot7,1740702145577.0,24.039062
pilot7,1740702158179.0,24.257812
pilot7,1740702208585.0,24.054688
pilot7,1740702265831.0,23.84375
pilot7,1740702361065.0,23.632812
pilot7,1740702427133.0,23.429688
pilot7,1740702458277.0,23.226562
pilot7,1740702498781.0,23.4375
pilot7,1740702570611.0,23.226562
pilot7,1740702628038.0,23.015625
pilot7,1740702747753.0,22.804688
pilot7,1740702799779.0,23.007812
pilot7,1740702839564.0,22.804688
pilot7,1740702917334.0,22.601562
pilot7,1740703079355.0,22.398438
pilot7,1740703116617.0,22.601562
pilot7,1740703131735.0,22.804688
pilot7,1740703153524.0,22.601562
pilot7,1740703217613.0,22.398438
pilot7,1740703338768.0,22.195312
pilot7,1740703601422.0,21.992188
pilot7,1740703734993.0,22.195312
pilot7,1740703795486.0,21.992188
pilot7,1740703971727.0,21.789062
pilot7,1740704067500.0,22.0
pilot7,1740704159852.0,21.789062
pilot7,1740704691458.0,22.0
pilot7,1740704816394.0,21.789062
pilot7,1740705023240.0,21.992188
pilot7,1740705098310.0,21.789062
pilot7,1740705238548.0,21.585938
pilot7,1740705336107.0,21.789062
pilot7,1740705434413.0,21.585938
pilot7,1740705626858.0,21.382812
pilot7,1740705650439.0,21.585938
pilot7,1740705936836.0,21.382812
pilot7,1740705965480.0,21.585938
pilot7,1740706211750.0,21.382812
pilot7,1740706293122.0,21.585938
pilot7,1740706524631.0,21.382812
pilot7,1740706665223.0,21.585938
pilot7,1740706695112.0,21.382812
pilot7,1740706744440.0,21.179688
pilot7,1740706917257.0,21.382812
pilot7,1740707188915.0,21.179688
pilot7,1740707222215.0,21.382812
pilot7,1740707521776.0,21.171875
pilot7,1740707547340.0,21.382812
pilot7,1740707719621.0,21.179688
pilot8,1740604142288.0,31.164062
pilot8,1740604161371.0,31.367188
pilot8,1740604168932.0,31.570312
pilot8,1740604177032.0,31.78125
pilot8,1740604183513.0,31.992188
pilot8,1740604188014.0,32.195312
pilot8,1740604198095.0,32.40625
pilot8,1740604231762.0,32.609375
pilot8,1740604246524.0,32.8125
pilot8,1740604265968.0,33.015625
pilot8,1740604292792.0,33.21875
pilot8,1740604316016.0,33.421875
pilot8,1740604330596.0,33.648438
pilot8,1740604371272.0,33.859375
pilot8,1740604378119.0,34.070312
pilot8,1740604394859.0,34.273438
pilot8,1740604491616.0,34.476562
pilot8,1740604506107.0,34.273438
pilot8,1740604514486.0,34.054688
pilot8,1740604534135.0,33.851562
pilot8,1740604545564.0,33.648438
pilot8,1740604556118.0,33.445312
pilot8,1740604561016.0,243.07812
pilot8,1740604561078.0,33.328125
pilot8,1740604568815.0,33.125
pilot8,1740604573051.0,32.921875
pilot8,1740604578089.0,32.71875
pilot8,1740604587194.0,32.515625
pilot8,1740604731004.0,243.01562
pilot8,1740604731065.0,32.476562
pilot8,1740604854173.0,32.265625
pilot8,1740604913041.0,32.0625
pilot8,1740604983250.0,31.851562
pilot8,1740605046259.0,31.648438
pilot8,1740605156431.0,31.445312
pilot8,1740605236002.0,31.242188
pilot8,1740605277950.0,31.039062
pilot8,1740605314850.0,30.835938
pilot8,1740605348442.0,30.632812
pilot8,1740605406116.0,30.421875
pilot8,1740605442515.0,30.21875
pilot8,1740605460079.0,30.007812
pilot8,1740605489356.0,29.804688
pilot8,1740605516656.0,29.601562
pilot8,1740605544316.0,29.398438
pilot8,1740605557016.0,29.195312
pilot8,1740605568456.0,28.984375
pilot8,1740605580077.0,28.78125
pilot8,1740605591976.0,28.578125
pilot8,1740605606835.0,28.367188
pilot8,1740605618982.0,28.164062
pilot8,1740605629344.0,27.960938
pilot8,1740605640423.0,27.757812
pilot8,1740605658443.0,27.554688
pilot8,1740605682862.0,27.351562
pilot8,1740605706463.0,27.148438
pilot8,1740605736462.0,26.929688
pilot8,1740605754122.0,26.710938
pilot8,1740605769522.0,26.5
pilot8,1740605798443.0,26.296875
pilot8,1740605823769.0,26.09375
pilot8,1740605873585.0,25.875
pilot8,1740605892322.0,25.671875
pilot8,1740605938804.0,25.46875
pilot8,1740605975922.0,25.265625
pilot8,1740606007543.0,25.0625
pilot8,1740606042741.0,24.859375
pilot8,1740606065743.0,24.65625
pilot8,1740606087543.0,24.445312
pilot8,1740606109163.0,24.242188
pilot8,1740606129344.0,24.039062
pilot8,1740606170605.0,23.835938
pilot8,1740606193219.0,23.625
pilot8,1740606250606.0,23.421875
pilot8,1740606287203.0,23.21875
pilot8,1740606336287.0,23.007812
pilot8,1740606358087.0,22.789062
pilot8,1740606361006.0,222.96875
pilot8,1740606361067.0,22.789062
pilot8,1740606374126.0,22.585938
pilot8,1740606389887.0,22.375
pilot8,1740606412327.0,22.171875
pilot8,1740606475203.0,21.96875
pilot8,1740606539517.0,21.765625
pilot8,1740606572857.0,21.5625
pilot8,1740606598437.0,21.359375
pilot8,1740606659158.0,21.15625
pilot8,1740606692151.0,21.359375
pilot8,1740606837003.0,21.5625
pilot8,1740606874482.0,21.359375
pilot8,1740607008800.0,21.5625
pilot8,1740607043767.0,21.773438
pilot8,1740607071006.0,221.96875
pilot8,1740607071067.0,21.890625
pilot8,1740607097726.0,22.09375
pilot8,1740607148079.0,22.296875
pilot8,1740607156472.0,22.507812
pilot8,1740607187360.0,22.710938
pilot8,1740607220066.0,22.914062
pilot8,1740607267006.0,23.125
pilot8,1740607276824.0,23.328125
pilot8,1740607283944.0,23.53125
pilot8,1740607291423.0,23.734375
pilot8,1740607298264.0,23.953125
pilot8,1740607307183.0,24.15625
pilot8,1740607381423.0,24.359375
pilot8,1740607435923.0,24.5625
pilot8,1740607491001.0,24.78125
pilot8,1740607508985.0,24.992188
pilot8,1740607540998.0,242.53906
pilot8,1740607541059.0,25.078125
pilot8,1740607580420.0,25.28125
pilot8,1740607643217.0,25.484375
pilot8,1740607727539.0,25.6875
pilot8,1740607793089.0,25.898438
pilot8,1740607851060.0,26.101562
pilot8,1740607907001.0,26.304688
pilot8,1740607949161.0,26.507812
pilot8,1740607985561.0,26.710938
pilot8,1740608245383.0,26.914062
pilot8,1740608470056.0,27.117188
pilot8,1740608553036.0,27.335938
pilot8,1740608699520.0,27.539062
pilot8,1740608817729.0,27.742188
pilot8,1740608920107.0,242.71875
pilot8,1740608920168.0,27.804688
pilot8,1740609077182.0,28.007812
pilot8,1740609223758.0,28.210938
pilot8,1740609412317.0,28.414062
pilot8,1740609465376.0,28.617188
pilot8,1740609504658.0,28.820312
pilot8,1740609534117.0,29.023438
pilot8,1740609579339.0,29.242188
pilot8,1740609657359.0,29.445312
pilot8,1740609785738.0,29.65625
pilot8,1740609850995.0,29.859375
pilot8,1740610057535.0,30.078125
pilot8,1740610254833.0,30.28125
pilot8,1740621689848.0,34.484375
pilot8,1740621721747.0,34.28125
pilot8,1740621784988.0,34.0625
pilot8,1740621842834.0,33.859375
pilot8,1740621920971.0,224.1875
pilot8,1740621921032.0,33.867188
pilot8,1740622196256.0,33.664062
pilot8,1740622309845.0,33.460938
pilot8,1740622393537.0,33.257812
pilot8,1740622442102.0,33.046875
pilot8,1740622489486.0,32.84375
pilot8,1740622529124.0,32.640625
pilot8,1740622581025.0,32.4375
pilot8,1740622780964.0,243.01562
pilot8,1740622781025.0,32.390625
pilot8,1740622977346.0,32.179688
pilot8,1740623018040.0,31.976562
pilot8,1740623032100.0,31.765625
pilot8,1740623049481.0,31.5625
pilot8,1740623063721.0,31.773438
pilot8,1740623103359.0,31.570312
pilot8,1740623117863.0,31.367188
pilot8,1740623151019.0,31.164062
pilot8,1740623195340.0,30.960938
pilot8,1740623500968.0,224.17188
pilot8,1740623501030.0,31.085938
pilot8,1740623580751.0,30.882812
pilot8,1740623632641.0,30.679688
pilot8,1740623655877.0,30.476562
pilot8,1740623674076.0,30.273438
pilot8,1740623766237.0,30.0625
pilot8,1740623807859.0,29.859375
pilot8,1740623854979.0,29.648438
pilot8,1740623880959.0,222.11719
pilot8,1740623881020.0,29.585938
pilot8,1740623924981.0,29.382812
pilot8,1740623977325.0,29.179688
pilot8,1740624015529.0,28.976562
pilot8,1740624103792.0,28.765625
pilot8,1740624182993.0,28.5625
pilot8,1740624246730.0,28.359375
pilot8,1740624388944.0,28.5625
pilot8,1740624510955.0,222.11719
pilot8,1740624511016.0,28.445312
pilot8,1740624558397.0,28.234375
pilot8,1740624590956.0,224.14844
pilot8,1740624591017.0,28.085938
pilot8,1740624631978.0,27.882812
pilot8,1740624664023.0,27.671875
pilot8,1740624690854.0,27.46875
pilot8,1740624786086.0,27.265625
pilot8,1740624809309.0,27.0625
pilot8,1740607220066.0,22.914062
pilot8,1740607267006.0,23.125
pilot8,1740607276824.0,23.328125
pilot8,1740607283944.0,23.53125
pilot8,1740607291423.0,23.734375
pilot8,1740607298264.0,23.953125
pilot8,1740607307183.0,24.15625
pilot8,1740607381423.0,24.359375
pilot8,1740607435923.0,24.5625
pilot8,1740607491001.0,24.78125
pilot8,1740607508985.0,24.992188
pilot8,1740607540998.0,242.53906
pilot8,1740607541059.0,25.078125
pilot8,1740607580420.0,25.28125
pilot8,1740607643217.0,25.484375
pilot8,1740607727539.0,25.6875
pilot8,1740607793089.0,25.898438
pilot8,1740607851060.0,26.101562
pilot8,1740607907001.0,26.304688
pilot8,1740607949161.0,26.507812
pilot8,1740607985561.0,26.710938
pilot8,1740608245383.0,26.914062
pilot8,1740608470056.0,27.117188
pilot8,1740608553036.0,27.335938
pilot8,1740608699520.0,27.539062
pilot8,1740608817729.0,27.742188
pilot8,1740608920107.0,242.71875
pilot8,1740608920168.0,27.804688
pilot8,1740609077182.0,28.007812
pilot8,1740609223758.0,28.210938
pilot8,1740609412317.0,28.414062
pilot8,1740609465376.0,28.617188
pilot8,1740609504658.0,28.820312
pilot8,1740609534117.0,29.023438
pilot8,1740609579339.0,29.242188
pilot8,1740609657359.0,29.445312
pilot8,1740609785738.0,29.65625
pilot8,1740609850995.0,29.859375
pilot8,1740610057535.0,30.078125
pilot8,1740610254833.0,30.28125
pilot8,1740629941400.0,31.328125
pilot8,1740629960673.0,31.539062
pilot8,1740629979035.0,31.335938
pilot8,1740630073007.0,31.546875
pilot8,1740630137816.0,31.75
pilot8,1740630142677.0,31.960938
pilot8,1740630149336.0,32.164062
pilot8,1740630332779.0,32.375
pilot8,1740630459876.0,32.585938
pilot8,1740630473557.0,32.789062
pilot8,1740630638999.0,32.992188
pilot8,1740630767528.0,33.203125
pilot8,1740630785535.0,33.40625
pilot8,1740631075914.0,33.609375
pilot8,1740631084375.0,33.8125
pilot8,1740631397433.0,34.015625
pilot8,1740631413455.0,34.21875
pilot8,1740631545226.0,33.992188
pilot8,1740631605720.0,33.789062
pilot8,1740631628581.0,33.585938
pilot8,1740631681510.0,33.375
pilot8,1740631776735.0,33.15625
pilot8,1740631838670.0,32.953125
pilot8,1740631878094.0,32.742188
pilot8,1740631932641.0,32.539062
pilot8,1740631984487.0,32.328125
pilot8,1740632012211.0,32.117188
pilot8,1740632118244.0,31.914062
pilot8,1740632172611.0,31.710938
pilot8,1740632211317.0,31.492188
pilot8,1740632270003.0,31.28125
pilot8,1740632321130.0,31.070312
pilot8,1740610946824.0,31.546875
pilot8,1740610959163.0,31.34375
pilot8,1740610975193.0,31.132812
pilot8,1740611020989.0,221.92969
pilot8,1740611021049.0,30.976562
pilot8,1740611090989.0,242.91406
pilot8,1740611091050.0,30.859375
pilot8,1740611171950.0,30.65625
pilot8,1740611273388.0,30.453125
pilot8,1740611530988.0,221.96875
pilot8,1740611531049.0,30.335938
pilot8,1740611610988.0,224.16406
pilot8,1740611611049.0,30.28125
pilot8,1740611720985.0,221.96875
pilot8,1740611721046.0,30.320312
pilot8,1740611750984.0,224.16406
pilot8,1740611751046.0,30.328125
pilot8,1740611902675.0,30.53125
pilot8,1740611916362.0,30.328125
pilot8,1740612018081.0,30.53125
pilot8,1740612040600.0,30.734375
pilot8,1740612095736.0,30.9375
pilot8,1740612170986.0,242.91406
pilot8,1740612171047.0,30.84375
pilot8,1740612250983.0,221.92969
pilot8,1740612251044.0,30.851562
pilot8,1740612337706.0,30.648438
pilot8,1740612348786.0,30.445312
pilot8,1740612668069.0,30.648438
pilot8,1740612736090.0,30.851562
pilot8,1740612880988.0,224.17188
pilot8,1740612881049.0,30.914062
pilot8,1740613087205.0,31.117188
pilot8,1740613868258.0,30.890625
pilot8,1740610946824.0,31.546875
pilot8,1740610959163.0,31.34375
pilot8,1740610975193.0,31.132812
pilot8,1740611020989.0,221.92969
pilot8,1740611021049.0,30.976562
pilot8,1740611090989.0,242.91406
pilot8,1740611091050.0,30.859375
pilot8,1740611171950.0,30.65625
pilot8,1740611273388.0,30.453125
pilot8,1740611530988.0,221.96875
pilot8,1740611531049.0,30.335938
pilot8,1740611610988.0,224.16406
pilot8,1740611611049.0,30.28125
pilot8,1740611720985.0,221.96875
pilot8,1740611721046.0,30.320312
pilot8,1740611750984.0,224.16406
pilot8,1740611751046.0,30.328125
pilot8,1740611902675.0,30.53125
pilot8,1740611916362.0,30.328125
pilot8,1740612018081.0,30.53125
pilot8,1740612040600.0,30.734375
pilot8,1740612095736.0,30.9375
pilot8,1740612170986.0,242.91406
pilot8,1740612171047.0,30.84375
pilot8,1740612250983.0,221.92969
pilot8,1740612251044.0,30.851562
pilot8,1740612337706.0,30.648438
pilot8,1740612348786.0,30.445312
pilot8,1740612668069.0,30.648438
pilot8,1740612736090.0,30.851562
pilot8,1740612880988.0,224.17188
pilot8,1740612881049.0,30.914062
pilot8,1740613087205.0,31.117188
pilot8,1740613868258.0,30.890625
pilot8,1740625068759.0,27.273438
pilot8,1740625080560.0,27.476562
pilot8,1740625116419.0,27.6875
pilot8,1740625147859.0,27.898438
pilot8,1740625173178.0,28.101562
pilot8,1740625251374.0,28.304688
pilot8,1740625276961.0,28.507812
pilot8,1740625291200.0,28.710938
pilot8,1740625302821.0,28.914062
pilot8,1740625316957.0,29.132812
pilot8,1740625404445.0,28.929688
pilot8,1740625504624.0,29.132812
pilot8,1740625576064.0,29.335938
pilot8,1740625604985.0,29.539062
pilot8,1740625658047.0,29.742188
pilot8,1740625689844.0,29.945312
pilot8,1740625735344.0,30.148438
pilot8,1740625773185.0,30.351562
pilot8,1740625814445.0,30.554688
pilot8,1740625870568.0,30.757812
pilot8,1740625904444.0,30.96875
pilot8,1740625942104.0,31.171875
pilot8,1740625983185.0,31.375
pilot8,1740626023714.0,31.578125
pilot8,1740626039835.0,31.78125
pilot8,1740626109652.0,32.0
pilot8,1740626200949.0,243.0
pilot8,1740626201010.0,32.117188
pilot8,1740626344439.0,31.90625
pilot8,1740614360982.0,221.9375
pilot8,1740614361043.0,30.757812
pilot8,1740614477172.0,30.96875
pilot8,1740614611767.0,31.171875
pilot8,1740614666458.0,30.96875
pilot8,1740614904641.0,30.765625
pilot8,1740614946803.0,30.5625
pilot8,1740615076452.0,30.351562
pilot8,1740615123032.0,30.554688
pilot8,1740615185371.0,30.351562
pilot8,1740615258792.0,30.148438
pilot8,1740615310985.0,224.16406
pilot8,1740615311046.0,30.078125
pilot8,1740615514100.0,29.875
pilot8,1740615728421.0,30.078125
pilot8,1740615810402.0,30.289062
pilot8,1740616016989.0,30.492188
pilot8,1740616132847.0,30.695312
pilot8,1740616280769.0,30.898438
pilot8,1740616410987.0,242.92969
pilot8,1740616411048.0,31.03125
pilot8,1740616500589.0,31.25
pilot8,1740616699854.0,31.453125
pilot8,1740616789139.0,31.25
pilot8,1740616920975.0,242.9375
pilot8,1740616921037.0,31.140625
pilot8,1740616998957.0,30.9375
pilot8,1740617024817.0,30.734375
pilot8,1740617051757.0,30.53125
pilot8,1740617087338.0,30.328125
pilot8,1740617131406.0,30.125
pilot8,1740617175367.0,29.921875
pilot8,1740617255367.0,29.695312
pilot8,1740617316626.0,29.484375
pilot8,1740617365366.0,29.28125
pilot8,1740617409856.0,29.070312
pilot8,1740617446253.0,28.859375
pilot8,1740617858454.0,29.0625
pilot8,1740617864452.0,29.265625
pilot8,1740617971029.0,29.0625
pilot8,1740617990967.0,221.9375
pilot8,1740617991029.0,29.046875
pilot8,1740618060976.0,29.25
pilot8,1740618077342.0,29.453125
pilot8,1740618089321.0,29.65625
pilot8,1740618098417.0,29.859375
pilot8,1740618210976.0,221.92969
pilot8,1740618211037.0,29.78125
pilot8,1740618301037.0,29.984375
pilot8,1740618378418.0,30.195312
pilot8,1740618506618.0,30.398438
pilot8,1740618944642.0,30.601562
pilot8,1740619083766.0,30.8125
pilot8,1740619153202.0,31.03125
pilot8,1740619212476.0,31.234375
pilot8,1740619293187.0,31.4375
pilot8,1740619340968.0,222.41406
pilot8,1740619341029.0,31.53125
pilot8,1740619429308.0,31.734375
pilot8,1740619503368.0,31.945312
pilot8,1740619568795.0,32.15625
pilot8,1740619629140.0,32.359375
pilot8,1740619766794.0,32.5625
pilot8,1740619979135.0,32.765625
pilot8,1740620302289.0,32.976562
pilot8,1740620593726.0,33.179688
pilot8,1740620600965.0,224.1875
pilot8,1740620601025.0,33.148438
pilot8,1740620739129.0,33.351562
pilot8,1740621120962.0,224.1875
pilot8,1740621121023.0,33.25
pilot8,1740643466881.0,24.9375
pilot8,1740643544651.0,24.734375
pilot8,1740643775620.0,24.9375
pilot8,1740643829987.0,24.734375
pilot8,1740644080759.0,24.53125
pilot8,1740644098221.0,24.734375
pilot8,1740644629110.0,24.53125
pilot8,1740644718929.0,24.734375
pilot8,1740644868900.0,24.53125
pilot8,1740645042261.0,24.734375
pilot8,1740645149195.0,24.53125
pilot8,1740645361425.0,24.75
pilot8,1740645506360.0,24.546875
pilot8,1740645677017.0,24.75
pilot8,1740645847323.0,24.546875
pilot8,1740645988641.0,24.757812
pilot8,1740646138959.0,24.554688
pilot8,1740646584516.0,24.351562
pilot8,1740646634380.0,24.554688
pilot8,1740689970641.0,221.92969
pilot8,1740689970702.0,26.757812
pilot8,1740689991241.0,26.554688
pilot8,1740690076655.0,26.765625
pilot8,1740690085032.0,26.976562
pilot8,1740690099168.0,27.1875
pilot8,1740690120645.0,26.984375
pilot8,1740690198635.0,26.78125
pilot8,1740690470891.0,26.578125
pilot8,1740690560645.0,224.14062
pilot8,1740690560707.0,26.570312
pilot8,1740690740650.0,222.11719
pilot8,1740690740711.0,26.5
pilot8,1740690977731.0,26.703125
pilot8,1740691053050.0,26.914062
pilot8,1740691147734.0,26.710938
pilot8,1740691345025.0,26.914062
pilot8,1740691491067.0,26.710938
pilot8,1740691975571.0,26.507812
pilot8,1740692012149.0,26.710938
pilot8,1740692272868.0,26.914062
pilot8,1740692371066.0,27.117188
pilot8,1740692528258.0,27.328125
pilot8,1740692660645.0,242.69531
pilot8,1740692660707.0,27.460938
pilot8,1740692774306.0,27.242188
pilot8,1740693026813.0,27.453125
pilot8,1740693230643.0,221.92969
pilot8,1740693230704.0,27.351562
pilot8,1740693283221.0,27.578125
pilot8,1740693324304.0,27.789062
pilot8,1740646968145.0,24.765625
pilot8,1740647056357.0,24.5625
pilot8,1740647273284.0,24.765625
pilot8,1740647333591.0,24.5625
pilot8,1740647602538.0,24.765625
pilot8,1740647673834.0,24.5625
pilot8,1740647899583.0,24.765625
pilot8,1740648091128.0,24.5625
pilot8,1740648223805.0,24.765625
pilot8,1740648334698.0,24.5625
pilot8,1740648532724.0,24.765625
pilot8,1740648641277.0,24.5625
pilot8,1740648871887.0,24.765625
pilot8,1740648916352.0,24.5625
pilot8,1740649107176.0,24.359375
pilot8,1740649166917.0,24.5625
pilot8,1740649375771.0,24.359375
pilot8,1740649493504.0,24.570312
pilot8,1740649633383.0,24.367188
pilot8,1740649814126.0,24.570312
pilot8,1740649929700.0,24.359375
pilot8,1740650125386.0,24.5625
pilot8,1740672464401.0,30.257812
pilot8,1740672582311.0,30.460938
pilot8,1740672610218.0,30.671875
pilot8,1740672830700.0,221.9375
pilot8,1740672830762.0,30.835938
pilot8,1740672871833.0,30.632812
pilot8,1740672952204.0,30.421875
pilot8,1740673043461.0,30.21875
pilot8,1740673109220.0,30.015625
pilot8,1740673140299.0,29.8125
pilot8,1740673154178.0,29.609375
pilot8,1740673178135.0,29.40625
pilot8,1740673187778.0,29.195312
pilot8,1740673198861.0,28.984375
pilot8,1740673205801.0,28.78125
pilot8,1740673212198.0,28.5625
pilot8,1740673217779.0,28.359375
pilot8,1740673224899.0,28.132812
pilot8,1740673235978.0,27.90625
pilot8,1740673245798.0,27.703125
pilot8,1740673258020.0,27.492188
pilot8,1740673269030.0,27.289062
pilot8,1740673280111.0,27.078125
pilot8,1740673294177.0,26.875
pilot8,1740673313098.0,26.664062
pilot8,1740673329039.0,26.460938
pilot8,1740673352199.0,26.257812
pilot8,1740673398508.0,26.054688
pilot8,1740673421670.0,25.84375
pilot8,1740673499089.0,25.640625
pilot8,1740673561147.0,25.4375
pilot8,1740673589940.0,25.234375
pilot8,1740673635260.0,25.03125
pilot8,1740673659944.0,24.820312
pilot8,1740673689219.0,24.609375
pilot8,1740673709398.0,24.40625
pilot8,1740673732971.0,24.203125
pilot8,1740673800677.0,24.40625
pilot8,1740673831836.0,24.609375
pilot8,1740673867979.0,24.820312
pilot8,1740673914896.0,25.023438
pilot8,1740673955257.0,25.234375
pilot8,1740673997956.0,25.4375
pilot8,1740674040943.0,25.640625
pilot8,1740674060477.0,25.84375
pilot8,1740674148140.0,26.054688
pilot8,1740674181302.0,26.257812
pilot8,1740674202564.0,26.460938
pilot8,1740674229398.0,26.664062
pilot8,1740674280477.0,26.867188
pilot8,1740674353816.0,27.070312
pilot8,1740674445807.0,27.273438
pilot8,1740674460696.0,222.40625
pilot8,1740674460756.0,27.359375
pilot8,1740674535976.0,27.570312
pilot8,1740674640695.0,242.69531
pilot8,1740674640755.0,27.53125
pilot8,1740674806335.0,27.328125
pilot8,1740674819771.0,27.125
pilot8,1740674853097.0,26.914062
pilot8,1740674868495.0,26.710938
pilot8,1740674888137.0,26.507812
pilot8,1740674965073.0,26.304688
pilot8,1740674980657.0,26.101562
pilot8,1740674993439.0,25.898438
pilot8,1740675006040.0,25.679688
pilot8,1740675020802.0,25.476562
pilot8,1740675038085.0,25.273438
pilot8,1740675064188.0,25.070312
pilot8,1740675079850.0,24.867188
pilot8,1740675094252.0,24.65625
pilot8,1740675131696.0,24.445312
pilot8,1740675159600.0,24.242188
pilot8,1740675177062.0,24.039062
pilot8,1740675192004.0,23.828125
pilot8,1740675215943.0,23.625
pilot8,1740675262393.0,23.414062
pilot8,1740675343221.0,23.625
pilot8,1740675390691.0,221.9375
pilot8,1740675390752.0,23.671875
pilot8,1740675400692.0,222.97656
pilot8,1740675400753.0,23.734375
pilot8,1740675444173.0,23.9375
pilot8,1740675490753.0,24.140625
pilot8,1740675537240.0,24.34375
pilot8,1740675578852.0,24.546875
pilot8,1740675591834.0,24.75
pilot8,1740639634376.0,24.898438
pilot8,1740639658139.0,25.109375
pilot8,1740639667860.0,25.3125
pilot8,1740639676318.0,25.523438
pilot8,1740639747790.0,25.320312
pilot8,1740640137720.0,25.109375
pilot8,1740640279939.0,25.3125
pilot8,1740640386691.0,25.109375
pilot8,1740640836928.0,24.90625
pilot8,1740640911806.0,25.109375
pilot8,1740641076718.0,24.90625
pilot8,1740641236220.0,25.117188
pilot8,1740641328211.0,24.914062
pilot8,1740641871160.0,25.117188
pilot8,1740641983494.0,24.914062
pilot8,1740642208520.0,25.117188
pilot8,1740642269730.0,24.914062
pilot8,1740642773434.0,24.710938
pilot8,1740642853183.0,24.921875
pilot8,1740642911511.0,24.71875
pilot8,1740643100714.0,24.515625
pilot8,1740668471060.0,25.71875
pilot8,1740668481319.0,25.921875
pilot8,1740668489593.0,26.132812
pilot8,1740668501476.0,26.335938
pilot8,1740668527590.0,26.539062
pilot8,1740668569711.0,26.742188
pilot8,1740668600495.0,26.945312
pilot8,1740668640461.0,27.148438
pilot8,1740668667644.0,27.351562
pilot8,1740668809503.0,27.148438
pilot8,1740668914096.0,26.945312
pilot8,1740668971499.0,27.148438
pilot8,1740668982309.0,27.351562
pilot8,1740669088344.0,27.140625
pilot8,1740669146864.0,26.929688
pilot8,1740669334072.0,27.132812
pilot8,1740669457223.0,26.929688
pilot8,1740669690345.0,27.140625
pilot8,1740669830590.0,26.929688
pilot8,1740670266605.0,26.71875
pilot8,1740670356077.0,26.9375
pilot8,1740670371009.0,27.140625
pilot8,1740670511078.0,26.9375
pilot8,1740670891642.0,27.148438
pilot8,1740671077584.0,27.351562
pilot8,1740671280313.0,27.148438
pilot8,1740671429904.0,27.351562
pilot8,1740671579869.0,27.148438
pilot8,1740671600573.0,27.351562
pilot8,1740671621269.0,27.554688
pilot8,1740675648674.0,24.953125
pilot8,1740675666692.0,25.15625
pilot8,1740675676333.0,25.359375
pilot8,1740675686505.0,25.5625
pilot8,1740675697943.0,25.773438
pilot8,1740675711099.0,25.976562
pilot8,1740675723085.0,26.179688
pilot8,1740675752553.0,25.976562
pilot8,1740675835418.0,25.773438
pilot8,1740675840680.0,221.96875
pilot8,1740675840740.0,25.789062
pilot8,1740675943818.0,25.992188
pilot8,1740675972193.0,26.195312
pilot8,1740676085071.0,25.992188
pilot8,1740676191830.0,26.195312
pilot8,1740676229377.0,26.398438
pilot8,1740676299751.0,26.609375
pilot8,1740676372551.0,26.820312
pilot8,1740676468491.0,27.023438
pilot8,1740676526690.0,27.226562
pilot8,1740676590458.0,27.429688
pilot8,1740676663630.0,27.632812
pilot8,1740676802004.0,27.835938
pilot8,1740677024889.0,28.046875
pilot8,1740677031828.0,28.25
pilot8,1740677110687.0,221.96875
pilot8,1740677110748.0,28.367188
pilot8,1740677387407.0,28.570312
pilot8,1740677450687.0,221.96875
pilot8,1740677450747.0,28.554688
pilot8,1740677750463.0,28.765625
pilot8,1740677990926.0,28.96875
pilot8,1740678100685.0,221.9375
pilot8,1740678100747.0,29.070312
pilot8,1740678433264.0,29.273438
pilot8,1740678567226.0,29.070312
pilot8,1740678578847.0,29.273438
pilot8,1740678984703.0,29.070312
pilot8,1740661267538.0,24.195312
pilot8,1740661281568.0,24.398438
pilot8,1740661380953.0,24.195312
pilot8,1740661589415.0,24.398438
pilot8,1740661707513.0,24.195312
pilot8,1740662156666.0,23.992188
pilot8,1740662235516.0,24.195312
pilot8,1740662872802.0,24.398438
pilot8,1740663038423.0,24.1875
pilot8,1740663487581.0,24.390625
pilot8,1740663489919.0,24.609375
pilot8,1740663539966.0,24.40625
pilot8,1740663566430.0,24.203125
pilot8,1740663628538.0,24.0
pilot8,1740663679484.0,23.796875
pilot8,1740663729348.0,23.59375
pilot8,1740664067433.0,23.390625
pilot8,1740664215951.0,23.59375
pilot8,1740664528111.0,23.390625
pilot8,1740664556915.0,23.59375
pilot8,1740664677890.0,23.796875
pilot8,1740664754400.0,23.59375
pilot8,1740693678443.0,28.71875
pilot8,1740693685745.0,28.921875
pilot8,1740693692683.0,29.125
pilot8,1740693701243.0,29.335938
pilot8,1740693730641.0,221.9375
pilot8,1740693730703.0,29.34375
pilot8,1740694060593.0,29.546875
pilot8,1740694357356.0,29.75
pilot8,1740694523577.0,29.960938
pilot8,1740694724835.0,30.164062
pilot8,1740695102856.0,30.367188
pilot8,1740695310637.0,221.96875
pilot8,1740695310698.0,30.296875
pilot8,1740695649880.0,30.09375
pilot8,1740695720635.0,222.40625
pilot8,1740695720696.0,30.210938
pilot8,1740695801237.0,30.414062
pilot8,1740695865371.0,30.617188
pilot8,1740695990420.0,30.414062
pilot8,1740696040635.0,222.99219
pilot8,1740696040696.0,30.476562
pilot8,1740696120634.0,221.9375
pilot8,1740696120695.0,30.539062
pilot8,1740696530682.0,30.742188
pilot8,1740696641233.0,30.539062
pilot8,1740696806634.0,30.328125
pilot8,1740696869333.0,30.117188
pilot8,1740697043577.0,30.320312
pilot8,1740679368488.0,28.65625
pilot8,1740679475422.0,28.445312
pilot8,1740679580680.0,221.92969
pilot8,1740679580742.0,28.4375
pilot8,1740679866504.0,28.65625
pilot8,1740680040677.0,221.92969
pilot8,1740680040739.0,28.609375
pilot8,1740680100678.0,221.96875
pilot8,1740680100738.0,28.585938
pilot8,1740680165220.0,28.382812
pilot8,1740680170663.0,221.92969
pilot8,1740680170724.0,28.382812
pilot8,1740680245944.0,28.179688
pilot8,1740680362360.0,27.976562
pilot8,1740680472539.0,27.773438
pilot8,1740680544159.0,27.976562
pilot8,1740680634880.0,27.773438
pilot8,1740681115237.0,27.976562
pilot8,1740681270280.0,28.179688
pilot8,1740681493975.0,27.976562
pilot8,1740681520674.0,221.92969
pilot8,1740681520737.0,27.953125
pilot8,1740682099562.0,27.75
pilot8,1740682215954.0,27.546875
pilot8,1740682458076.0,27.34375
pilot8,1740682523242.0,27.140625
pilot8,1740682620455.0,26.929688
pilot8,1740682710501.0,26.71875
pilot8,1740682742352.0,26.507812
pilot8,1740682781272.0,26.304688
pilot8,1740708106597.0,26.46875
pilot8,1740708128396.0,26.671875
pilot8,1740708155692.0,26.875
pilot8,1740708176683.0,27.09375
pilot8,1740708194075.0,27.296875
pilot8,1740708210661.0,27.5
pilot8,1740708250016.0,27.703125
pilot8,1740708270594.0,27.90625
pilot8,1740708351916.0,28.109375
pilot8,1740708409834.0,28.320312
pilot8,1740708410592.0,242.75
pilot8,1740708410654.0,28.3125
pilot8,1740708433718.0,28.523438
pilot8,1740708510586.0,28.726562
pilot8,1740708560599.0,28.929688
pilot8,1740708587862.0,28.726562
pilot8,1740708620377.0,28.523438
pilot8,1740708733184.0,28.320312
pilot8,1740708928221.0,28.523438
pilot8,1740708990839.0,28.320312
pilot8,1740709140599.0,224.14844
pilot8,1740709140660.0,28.296875
pilot8,1740709173161.0,28.507812
pilot8,1740709211915.0,28.710938
pilot8,1740709277318.0,28.914062
pilot8,1740709320593.0,221.9375
pilot8,1740709320654.0,29.0625
pilot8,1740709434260.0,28.859375
pilot8,1740709478761.0,28.65625
pilot8,1740709636779.0,28.445312
pilot8,1740709764249.0,28.648438
pilot8,1740709808930.0,28.851562
pilot8,1740709920018.0,28.648438
pilot8,1740709960597.0,221.92969
pilot8,1740709960657.0,28.5
pilot8,1740710029479.0,28.703125
pilot8,1740710140596.0,221.92969
pilot8,1740710140657.0,28.710938
pilot8,1740710169653.0,28.914062
pilot8,1740710332277.0,29.125
pilot8,1740710392090.0,29.328125
pilot8,1740710523896.0,29.53125
pilot8,1740710556057.0,29.742188
pilot8,1740710612095.0,29.945312
pilot8,1740710829657.0,29.742188
pilot8,1740711071358.0,29.945312
pilot8,1740711092815.0,30.148438
pilot8,1740711111005.0,30.351562
pilot8,1740711208214.0,30.554688
pilot8,1740654077246.0,24.414062
pilot8,1740654087680.0,24.625
pilot8,1740654142415.0,24.421875
pilot8,1740654278867.0,24.625
pilot8,1740654424332.0,24.421875
pilot8,1740654610474.0,24.625
pilot8,1740654672763.0,24.421875
pilot8,1740655172147.0,24.210938
pilot8,1740655200409.0,24.414062
pilot8,1740655449740.0,24.210938
pilot8,1740655544793.0,24.421875
pilot8,1740655705733.0,24.210938
pilot8,1740655842731.0,24.414062
pilot8,1740656162447.0,24.625
pilot8,1740656279826.0,24.414062
pilot8,1740656675338.0,24.210938
pilot8,1740656808907.0,24.414062
pilot8,1740656885603.0,24.203125
pilot8,1740657113512.0,24.0
pilot8,1740657132774.0,24.210938
pilot8,1740657445829.0,24.429688
pilot8,1740686474320.0,25.453125
pilot8,1740686484314.0,25.65625
pilot8,1740686496296.0,25.867188
pilot8,1740686658103.0,25.65625
pilot8,1740686980659.0,221.9375
pilot8,1740686980720.0,25.65625
pilot8,1740687030424.0,25.859375
pilot8,1740687519184.0,26.0625
pilot8,1740687545752.0,26.265625
pilot8,1740687825579.0,26.0625
pilot8,1740688090657.0,221.92969
pilot8,1740688090718.0,26.109375
pilot8,1740688188989.0,26.3125
pilot8,1740688328460.0,26.109375
pilot8,1740688542145.0,26.320312
pilot8,1740689095579.0,26.117188
pilot8,1740689574494.0,26.320312
pilot8,1740689951793.0,26.523438
pilot8,1740689961071.0,26.734375
pilot8,1740636317457.0,26.101562
pilot8,1740636593611.0,25.898438
pilot8,1740636944115.0,25.695312
pilot8,1740637126113.0,25.898438
pilot8,1740637174184.0,25.695312
pilot8,1740637322703.0,25.492188
pilot8,1740637438268.0,25.703125
pilot8,1740637513707.0,25.5
pilot8,1740637671767.0,25.296875
pilot8,1740637751693.0,25.507812
pilot8,1740637855210.0,25.304688
pilot8,1740638073754.0,25.507812
pilot8,1740638191313.0,25.304688
pilot8,1740638400307.0,25.507812
pilot8,1740638467648.0,25.304688
pilot8,1740638594744.0,25.09375
pilot8,1740638696270.0,25.296875
pilot8,1740638844796.0,25.09375
pilot8,1740639000156.0,25.304688
pilot8,1740639111410.0,25.101562
pilot8,1740715520821.0,29.945312
pilot8,1740715596401.0,29.742188
pilot8,1740715695861.0,29.539062
pilot8,1740715725142.0,29.328125
pilot8,1740715765140.0,29.125
pilot8,1740715827657.0,28.921875
pilot8,1740715910577.0,221.92969
pilot8,1740715910638.0,28.789062
pilot8,1740716031182.0,28.585938
pilot8,1740716147659.0,28.382812
pilot8,1740716204596.0,28.179688
pilot8,1740716209999.0,27.960938
pilot8,1740716221522.0,27.757812
pilot8,1740716228002.0,27.554688
pilot8,1740716233404.0,27.351562
pilot8,1740716239343.0,27.140625
pilot8,1740716246184.0,26.9375
pilot8,1740716253024.0,26.71875
pilot8,1740716260220.0,26.515625
pilot8,1740716266702.0,26.3125
pilot8,1740716277147.0,26.109375
pilot8,1740716299284.0,25.90625
pilot8,1740716309185.0,25.695312
pilot8,1740716323047.0,25.492188
pilot8,1740716335115.0,25.28125
pilot8,1740716347176.0,25.078125
pilot8,1740716358878.0,24.867188
pilot8,1740716372742.0,24.664062
pilot8,1740716392722.0,24.445312
pilot8,1740716409644.0,24.242188
pilot8,1740716432148.0,24.039062
pilot8,1740716450870.0,23.828125
pilot8,1740716470672.0,23.601562
pilot8,1740716502357.0,23.398438
pilot8,1740716523780.0,23.195312
pilot8,1740716549342.0,22.992188
pilot8,1740716587328.0,22.789062
pilot8,1740716610730.0,22.585938
pilot8,1740716638813.0,22.382812
pilot8,1740716665457.0,22.179688
pilot8,1740716779592.0,21.976562
pilot8,1740716806415.0,21.773438
pilot8,1740716862761.0,21.570312
pilot8,1740716901107.0,21.367188
pilot8,1740716970955.0,21.164062
pilot8,1740717013443.0,20.960938
pilot8,1740717131356.0,20.757812
pilot8,1740717205346.0,20.554688
pilot8,1740717249811.0,20.351562
pilot8,1740717418312.0,20.148438
pilot8,1740717527226.0,19.945312
pilot8,1740717639200.0,19.742188
pilot8,1740717890873.0,19.539062
pilot8,1740717998513.0,19.742188
pilot8,1740718111041.0,19.539062
pilot8,1740718314466.0,19.335938
pilot8,1740718436522.0,19.132812
pilot8,1740718479363.0,19.335938
pilot8,1740643466881.0,24.9375
pilot8,1740643544651.0,24.734375
pilot8,1740643775620.0,24.9375
pilot8,1740643829987.0,24.734375
pilot8,1740644080759.0,24.53125
pilot8,1740644098221.0,24.734375
pilot8,1740644629110.0,24.53125
pilot8,1740644718929.0,24.734375
pilot8,1740644868900.0,24.53125
pilot8,1740645042261.0,24.734375
pilot8,1740645149195.0,24.53125
pilot8,1740645361425.0,24.75
pilot8,1740645506360.0,24.546875
pilot8,1740645677017.0,24.75
pilot8,1740645847323.0,24.546875
pilot8,1740645988641.0,24.757812
pilot8,1740646138959.0,24.554688
pilot8,1740646584516.0,24.351562
pilot8,1740646634380.0,24.554688
pilot8,1740682827739.0,26.101562
pilot8,1740682856853.0,25.898438
pilot8,1740682885951.0,25.695312
pilot8,1740682913253.0,25.492188
pilot8,1740682943971.0,25.28125
pilot8,1740682960671.0,221.92969
pilot8,1740682960732.0,25.210938
pilot8,1740683008832.0,25.421875
pilot8,1740683060911.0,25.21875
pilot8,1740683085412.0,25.015625
pilot8,1740683114691.0,24.804688
pilot8,1740683150910.0,24.601562
pilot8,1740683196851.0,24.398438
pilot8,1740683248830.0,24.195312
pilot8,1740683328290.0,23.992188
pilot8,1740683479014.0,23.789062
pilot8,1740683549550.0,23.585938
pilot8,1740683690669.0,224.11719
pilot8,1740683690730.0,23.601562
pilot8,1740684071808.0,23.8125
pilot8,1740684139547.0,24.015625
pilot8,1740684297211.0,24.226562
pilot8,1740685080088.0,24.429688
pilot8,1740685612865.0,24.632812
pilot8,1740685795393.0,24.835938
pilot8,1740686076305.0,25.039062
pilot8,1740686161623.0,25.242188
pilot8,1740657866547.0,24.226562
pilot8,1740658055031.0,24.429688
pilot8,1740658203189.0,24.226562
pilot8,1740658388073.0,24.429688
pilot8,1740658470344.0,24.226562
pilot8,1740659324552.0,24.015625
pilot8,1740659345795.0,24.226562
pilot8,1740659646613.0,24.023438
pilot8,1740659678296.0,24.226562
pilot8,1740659858500.0,24.015625
pilot8,1740659994946.0,24.234375
pilot8,1740660097930.0,24.007812
pilot8,1740660302613.0,24.210938
pilot8,1740660452215.0,24.0
pilot8,1740660650421.0,24.203125
pilot8,1740660736111.0,24.0
pilot8,1740660953578.0,24.203125
pilot8,1740661102637.0,23.992188
pilot8,1740664916958.0,23.796875
pilot8,1740664923615.0,24.0
pilot8,1740664931175.0,24.210938
pilot8,1740665161251.0,24.0
pilot8,1740665200496.0,24.203125
pilot8,1740665285827.0,24.40625
pilot8,1740665342714.0,24.203125
pilot8,1740665433446.0,23.992188
pilot8,1740665712120.0,23.789062
pilot8,1740666206463.0,23.992188
pilot8,1740666546166.0,24.203125
pilot8,1740666566869.0,24.40625
pilot8,1740666674162.0,24.195312
pilot8,1740667316664.0,24.421875
pilot8,1740667318106.0,24.625
pilot8,1740667319364.0,24.851562
pilot8,1740667320624.0,25.070312
pilot8,1740667323477.0,25.273438
pilot8,1740667326358.0,25.484375
pilot8,1740667328158.0,25.695312
pilot8,1740667330499.0,25.90625
pilot8,1740667334216.0,26.109375
pilot8,1740667336377.0,26.335938
pilot8,1740667364100.0,26.132812
pilot8,1740667372921.0,25.929688
pilot8,1740667381922.0,25.71875
pilot8,1740667393624.0,25.515625
pilot8,1740667417207.0,25.3125
pilot8,1740667438089.0,25.101562
pilot8,1740667467072.0,24.898438
pilot8,1740667534582.0,24.6875
pilot8,1740667738727.0,24.890625
pilot8,1740667860423.0,24.6875
pilot8,1740668061148.0,24.890625
pilot8,1740668238110.0,25.109375
pilot8,1740668318581.0,25.3125
pilot8,1740668338363.0,25.515625
pilot8,1740697305905.0,30.523438
pilot8,1740697360627.0,221.9375
pilot8,1740697360688.0,30.445312
pilot8,1740697428432.0,30.242188
pilot8,1740697547531.0,30.039062
pilot8,1740697808421.0,30.242188
pilot8,1740697918785.0,30.039062
pilot8,1740698259693.0,30.25
pilot8,1740698360627.0,221.96875
pilot8,1740698360688.0,30.25
pilot8,1740698380616.0,221.96875
pilot8,1740698380678.0,30.265625
pilot8,1740698500627.0,221.96875
pilot8,1740698500688.0,30.25
pilot8,1740698905363.0,30.453125
pilot8,1740699081586.0,30.25
pilot8,1740699220047.0,30.453125
pilot8,1740699454645.0,30.25
pilot8,1740699557165.0,30.453125
pilot8,1740699630624.0,221.96875
pilot8,1740699630685.0,30.515625
pilot8,1740699906063.0,30.71875
pilot8,1740700104284.0,30.515625
pilot8,1740700150622.0,221.96875
pilot8,1740700150683.0,30.5
pilot8,1740700447885.0,30.296875
pilot8,1740711712092.0,30.820312
pilot8,1740711733173.0,31.03125
pilot8,1740711750590.0,224.17188
pilot8,1740711750653.0,31.101562
pilot8,1740711782133.0,31.304688
pilot8,1740711797673.0,31.507812
pilot8,1740711821547.0,31.71875
pilot8,1740711863347.0,31.929688
pilot8,1740711941003.0,32.132812
pilot8,1740711973712.0,31.929688
pilot8,1740711995512.0,31.726562
pilot8,1740712024072.0,31.523438
pilot8,1740712030589.0,222.11719
pilot8,1740712030650.0,31.492188
pilot8,1740712076774.0,31.289062
pilot8,1740712107312.0,31.085938
pilot8,1740712460589.0,221.92969
pilot8,1740712460650.0,31.15625
pilot8,1740712657490.0,30.953125
pilot8,1740712805329.0,30.75
pilot8,1740712896949.0,30.539062
pilot8,1740713110588.0,242.90625
pilot8,1740713110648.0,30.671875
pilot8,1740713249288.0,30.875
pilot8,1740713520586.0,242.90625
pilot8,1740713520648.0,30.6875
pilot8,1740713633168.0,30.890625
pilot8,1740713906407.0,30.6875
pilot8,1740714440579.0,221.92969
pilot8,1740714440641.0,30.75
pilot8,1740714486766.0,30.539062
pilot8,1740714618926.0,30.335938
pilot8,1740714825137.0,30.132812
pilot8,1740714830580.0,221.9375
pilot8,1740714830641.0,30.15625
pilot8,1740715127663.0,29.945312
pilot8,1740632417262.0,30.867188
pilot8,1740632441023.0,31.070312
pilot8,1740632509613.0,30.867188
pilot8,1740632531937.0,30.65625
pilot8,1740632588284.0,30.453125
pilot8,1740632635443.0,30.25
pilot8,1740632732122.0,30.046875
pilot8,1740632768487.0,29.84375
pilot8,1740632831119.0,29.640625
pilot8,1740632870558.0,29.4375
pilot8,1740632940767.0,29.226562
pilot8,1740632974253.0,29.023438
pilot8,1740632999815.0,29.226562
pilot8,1740633063000.0,29.023438
pilot8,1740633126538.0,28.820312
pilot8,1740633191360.0,28.617188
pilot8,1740633271290.0,28.414062
pilot8,1740633298113.0,28.617188
pilot8,1740633349960.0,28.414062
pilot8,1740633416569.0,28.210938
pilot8,1740633496678.0,28.007812
pilot8,1740633591370.0,27.804688
pilot8,1740633609364.0,28.007812
pilot8,1740633694705.0,27.804688
pilot8,1740633747631.0,27.601562
pilot8,1740633871306.0,27.390625
pilot8,1740633927473.0,27.59375
pilot8,1740633988501.0,27.390625
pilot8,1740634062670.0,27.179688
pilot8,1740634181845.0,26.976562
pilot8,1740634229911.0,27.179688
pilot8,1740634305161.0,26.976562
pilot8,1740634401475.0,26.773438
pilot8,1740634719033.0,26.570312
pilot8,1740634886635.0,26.773438
pilot8,1740634957384.0,26.5625
pilot8,1740635010670.0,26.351562
pilot8,1740635354874.0,26.117188
pilot8,1740635511674.0,26.320312
pilot8,1740635516174.0,26.53125
pilot8,1740635521035.0,26.734375
pilot8,1740635530036.0,26.945312
pilot8,1740635551455.0,27.148438
pilot8,1740635587820.0,27.351562
pilot8,1740635616445.0,27.140625
pilot8,1740635656941.0,26.929688
pilot8,1740635716540.0,26.71875
pilot8,1740635795929.0,26.515625
pilot8,1740650488851.0,24.789062
pilot8,1740650536738.0,24.570312
pilot8,1740650724861.0,24.367188
pilot8,1740650759415.0,24.585938
pilot8,1740650923966.0,24.382812
pilot8,1740651099480.0,24.585938
pilot8,1740651254129.0,24.382812
pilot8,1740651397246.0,24.601562
pilot8,1740651611474.0,24.398438
pilot8,1740651736584.0,24.601562
pilot8,1740651830201.0,24.398438
pilot8,1740652050543.0,24.601562
pilot8,1740652153703.0,24.398438
pilot8,1740652378731.0,24.601562
pilot8,1740652463342.0,24.398438
pilot8,1740652679005.0,24.601562
pilot8,1740652776761.0,24.398438
pilot8,1740653008091.0,24.609375
pilot8,1740653061918.0,24.40625
pilot8,1740653277398.0,24.203125
pilot8,1740653295398.0,24.40625
pilot8,1740653522956.0,24.203125
pilot8,1740653641411.0,24.40625
pilot8,1740653790828.0,24.203125
pilot8,1740700873200.0,30.5
pilot8,1740700881036.0,30.703125
pilot8,1740701065901.0,30.5
pilot8,1740701095706.0,30.289062
pilot8,1740701120620.0,221.92969
pilot8,1740701120681.0,30.171875
pilot8,1740701159501.0,29.96875
pilot8,1740701200603.0,221.92969
pilot8,1740701200665.0,29.90625
pilot8,1740701360618.0,221.9375
pilot8,1740701360680.0,29.851562
pilot8,1740701400618.0,224.16406
pilot8,1740701400679.0,29.859375
pilot8,1740701517521.0,29.65625
pilot8,1740701696255.0,29.867188
pilot8,1740701818778.0,30.078125
pilot8,1740701996796.0,30.289062
pilot8,1740702052289.0,30.0625
pilot8,1740702070399.0,29.859375
pilot8,1740702081757.0,29.65625
pilot8,1740702092119.0,29.453125
pilot8,1740702101037.0,29.242188
pilot8,1740702111937.0,29.03125
pilot8,1740702121220.0,28.828125
pilot8,1740702130221.0,28.625
pilot8,1740702140038.0,28.421875
pilot8,1740702150677.0,28.21875
pilot8,1740702161217.0,28.015625
pilot8,1740702174638.0,27.8125
pilot8,1740702188679.0,27.609375
pilot8,1740702199301.0,27.40625
pilot8,1740702210102.0,27.195312
pilot8,1740702223963.0,26.992188
pilot8,1740702237287.0,26.789062
pilot8,1740702251868.0,26.578125
pilot8,1740702268070.0,26.375
pilot8,1740702284453.0,26.171875
pilot8,1740702310904.0,25.96875
pilot8,1740702326214.0,25.757812
pilot8,1740702342404.0,25.554688
pilot8,1740702370322.0,25.351562
pilot8,1740702393006.0,25.132812
pilot8,1740702406507.0,24.921875
pilot8,1740702423249.0,24.71875
pilot8,1740702441432.0,24.515625
pilot8,1740702460863.0,24.3125
pilot8,1740702475986.0,24.109375
pilot8,1740702492558.0,23.90625
pilot8,1740702509121.0,23.6875
pilot8,1740702569968.0,23.484375
pilot8,1740702581849.0,23.273438
pilot8,1740702594811.0,23.070312
pilot8,1740702611733.0,22.867188
pilot8,1740702628655.0,22.65625
pilot8,1740702645038.0,22.4375
pilot8,1740702664300.0,22.234375
pilot8,1740702705884.0,22.03125
pilot8,1740702721366.0,21.820312
pilot8,1740702856204.0,22.023438
pilot8,1740702912657.0,22.226562
pilot8,1740702960615.0,221.96875
pilot8,1740702960676.0,22.390625
pilot8,1740702985357.0,22.59375
pilot8,1740703010614.0,22.796875
pilot8,1740703030615.0,221.92969
pilot8,1740703030675.0,22.828125
pilot8,1740703115899.0,23.03125
pilot8,1740703191399.0,23.234375
pilot8,1740703266075.0,23.4375
pilot8,1740703358054.0,23.640625
pilot8,1740703384095.0,23.84375
pilot8,1740703428597.0,23.632812
pilot8,1740703484978.0,23.429688
pilot8,1740703522114.0,23.226562
pilot8,1740703550614.0,222.11719
pilot8,1740703550675.0,23.15625
pilot8,1740703581934.0,22.953125
pilot8,1740703635895.0,22.75
pilot8,1740703695896.0,22.539062
pilot8,1740703732101.0,22.742188
pilot8,1740703823548.0,22.945312
pilot8,1740703900668.0,23.148438
pilot8,1740703930612.0,221.96875
pilot8,1740703930673.0,23.210938
pilot8,1740703976080.0,23.414062
pilot8,1740704048235.0,23.625
pilot8,1740704074622.0,23.828125
pilot8,1740704135533.0,24.039062
pilot8,1740704528593.0,24.109375
pilot8,1740704552472.0,23.90625
pilot8,1740704582651.0,23.703125
pilot8,1740704618952.0,23.492188
pilot8,1740704640212.0,23.289062
pilot8,1740704682471.0,23.085938
pilot8,1740704713912.0,22.875
pilot8,1740704737868.0,23.078125
pilot8,1740704797151.0,23.28125
pilot8,1740704916608.0,23.484375
pilot8,1740704990032.0,23.695312
pilot8,1740705049492.0,23.898438
pilot8,1740705114090.0,24.101562
pilot8,1740705134271.0,24.304688
pilot8,1740705258806.0,24.515625
pilot8,1740705413717.0,24.726562
pilot8,1740705489127.0,24.945312
pilot8,1740705574630.0,24.742188
pilot8,1740705741381.0,24.945312
pilot8,1740705855351.0,25.148438
pilot8,1740706028770.0,25.359375
pilot8,1740706225708.0,25.15625
pilot8,1740706239128.0,24.945312
pilot8,1740706287503.0,25.148438
pilot8,1740706322156.0,24.9375
pilot8,1740706332107.0,24.726562
pilot8,1740706343727.0,24.523438
pilot8,1740706356428.0,24.320312
pilot8,1740706371186.0,24.101562
pilot8,1740706391026.0,23.890625
pilot8,1740706419308.0,23.6875
pilot8,1740706450568.0,23.476562
pilot8,1740706511926.0,23.679688
pilot8,1740706519127.0,23.898438
pilot8,1740706734983.0,24.101562
pilot8,1740706830608.0,221.92969
pilot8,1740706830669.0,24.28125
pilot8,1740706844088.0,24.492188
pilot8,1740707033725.0,24.703125
pilot8,1740707101386.0,24.90625
pilot8,1740707123369.0,25.109375
pilot8,1740707175525.0,25.3125
pilot8,1740707290605.0,242.55469
pilot8,1740707290666.0,25.351562
pilot8,1740707373366.0,25.554688
pilot8,1740707689844.0,25.757812
pilot8,1740707790603.0,221.92969
pilot8,1740707790668.0,25.851562
pilot8,1740707850593.0,242.58594
pilot8,1740707850654.0,25.851562
pilot8,1740707881743.0,26.054688
pilot8,1740707907501.0,26.257812
pilot9,1740816071976.0,27.648438
pilot9,1740816186652.0,27.445312
pilot9,1740816335170.0,27.648438
pilot9,1740816439764.0,27.445312
pilot9,1740816654529.0,27.648438
pilot9,1740816799270.0,27.445312
pilot9,1740816962910.0,27.648438
pilot9,1740817028622.0,27.445312
pilot9,1740817296493.0,27.648438
pilot9,1740817391186.0,27.445312
pilot9,1740817515760.0,27.648438
pilot9,1740817548696.0,27.851562
pilot9,1740817602174.0,27.648438
pilot9,1740817633856.0,27.859375
pilot9,1740817856545.0,27.65625
pilot9,1740817943317.0,27.867188
pilot9,1740818067172.0,27.664062
pilot9,1740818272387.0,27.867188
pilot9,1740818315603.0,27.664062
pilot9,1740818440900.0,27.453125
pilot9,1740818576452.0,27.664062
pilot9,1740818711833.0,27.453125
pilot9,1740818902466.0,27.65625
pilot9,1740818983310.0,27.453125
pilot9,1740819225616.0,27.65625
pilot9,1740819288449.0,27.453125
pilot9,1740862844384.0,33.015625
pilot9,1740862874382.0,33.226562
pilot9,1740862888158.0,33.4375
pilot9,1740862900499.0,33.640625
pilot9,1740862934921.0,33.429688
pilot9,1740862955461.0,33.226562
pilot9,1740862992400.0,33.023438
pilot9,1740863073304.0,32.820312
pilot9,1740863134924.0,33.023438
pilot9,1740863245286.0,32.8125
pilot9,1740863508882.0,33.023438
pilot9,1740863540720.0,222.17188
pilot9,1740863540781.0,33.0625
pilot9,1740863620322.0,32.859375
pilot9,1740863658703.0,32.65625
pilot9,1740863788522.0,32.453125
pilot9,1740863883301.0,32.65625
pilot9,1740863964201.0,32.453125
pilot9,1740864602402.0,32.664062
pilot9,1740864915640.0,32.453125
pilot9,1740865012674.0,32.25
pilot9,1740865281859.0,32.476562
pilot9,1740865554023.0,32.273438
pilot9,1740865586541.0,32.476562
pilot9,1740865652761.0,32.273438
pilot9,1740865800718.0,223.96094
pilot9,1740865800779.0,32.164062
pilot9,1740865867615.0,32.367188
pilot9,1740865901503.0,32.164062
pilot9,1740866038160.0,31.960938
pilot9,1740819682518.0,27.65625
pilot9,1740819696371.0,27.867188
pilot9,1740819770368.0,27.664062
pilot9,1740819878376.0,27.867188
pilot9,1740819924468.0,27.664062
pilot9,1740820147696.0,27.460938
pilot9,1740820193588.0,27.664062
pilot9,1740820359403.0,27.460938
pilot9,1740820498921.0,27.6875
pilot9,1740820617197.0,27.484375
pilot9,1740820817742.0,27.6875
pilot9,1740821024048.0,27.484375
pilot9,1740821138184.0,27.6875
pilot9,1740821246737.0,27.484375
pilot9,1740821696254.0,27.28125
pilot9,1740821796524.0,27.484375
pilot9,1740822062588.0,27.695312
pilot9,1740822083304.0,27.898438
pilot9,1740822091585.0,28.101562
pilot9,1740822170795.0,27.898438
pilot9,1740822320214.0,27.6875
pilot9,1740822421026.0,27.890625
pilot9,1740822562519.0,27.6875
pilot9,1740822725077.0,27.890625
pilot9,1740822767931.0,27.6875
pilot9,1740822960376.0,27.484375
pilot9,1740844949439.0,30.296875
pilot9,1740845022954.0,30.5
pilot9,1740845530737.0,222.19531
pilot9,1740845530799.0,30.5625
pilot9,1740845652238.0,30.773438
pilot9,1740845681159.0,30.976562
pilot9,1740845768539.0,30.773438
pilot9,1740845770737.0,222.17969
pilot9,1740845770798.0,30.796875
pilot9,1740845965838.0,31.0
pilot9,1740845984220.0,31.203125
pilot9,1740846201156.0,31.40625
pilot9,1740846322238.0,31.609375
pilot9,1740846572234.0,31.8125
pilot9,1740847032957.0,31.609375
pilot9,1740847658535.0,31.8125
pilot9,1740848272776.0,32.015625
pilot9,1740848300735.0,223.96094
pilot9,1740848300796.0,31.882812
pilot9,1740812424528.0,27.273438
pilot9,1740812508063.0,27.476562
pilot9,1740812614456.0,27.257812
pilot9,1740812837324.0,27.460938
pilot9,1740812917435.0,27.25
pilot9,1740813169999.0,27.453125
pilot9,1740813222934.0,27.242188
pilot9,1740813474606.0,27.445312
pilot9,1740813560657.0,27.234375
pilot9,1740813956167.0,27.03125
pilot9,1740814108269.0,27.242188
pilot9,1740814384262.0,27.039062
pilot9,1740814418106.0,27.242188
pilot9,1740814694622.0,27.039062
pilot9,1740814706503.0,27.242188
pilot9,1740814715141.0,27.453125
pilot9,1740814848722.0,27.242188
pilot9,1740815054128.0,27.453125
pilot9,1740815167001.0,27.25
pilot9,1740815371139.0,27.453125
pilot9,1740815549371.0,27.242188
pilot9,1740815707788.0,27.445312
pilot9,1740815807704.0,27.242188
pilot9,1740816014724.0,27.445312
pilot9,1740841273322.0,31.648438
pilot9,1740841280978.0,31.867188
pilot9,1740841297099.0,32.070312
pilot9,1740841336384.0,31.851562
pilot9,1740841422243.0,31.648438
pilot9,1740841848726.0,31.445312
pilot9,1740842243323.0,31.242188
pilot9,1740842363400.0,31.445312
pilot9,1740842410561.0,31.242188
pilot9,1740842552962.0,31.039062
pilot9,1740842785661.0,30.835938
pilot9,1740842890741.0,223.95312
pilot9,1740842890802.0,30.679688
pilot9,1740842978182.0,30.476562
pilot9,1740842989984.0,30.679688
pilot9,1740843160969.0,30.46875
pilot9,1740843311161.0,30.265625
pilot9,1740843347275.0,30.46875
pilot9,1740843386921.0,30.265625
pilot9,1740843542964.0,30.0625
pilot9,1740843637282.0,29.859375
pilot9,1740843703502.0,30.0625
pilot9,1740843733682.0,29.859375
pilot9,1740844296741.0,30.0625
pilot9,1740844320730.0,30.28125
pilot9,1740844607641.0,30.078125
pilot9,1740848390735.0,222.19531
pilot9,1740848390796.0,31.703125
pilot9,1740848509077.0,31.914062
pilot9,1740848594216.0,32.117188
pilot9,1740848701583.0,31.914062
pilot9,1740848838175.0,31.703125
pilot9,1740848910734.0,242.76562
pilot9,1740848910795.0,31.710938
pilot9,1740849070706.0,222.17188
pilot9,1740849070767.0,31.765625
pilot9,1740849121694.0,31.96875
pilot9,1740849200732.0,222.17188
pilot9,1740849200793.0,31.976562
pilot9,1740849720734.0,223.96094
pilot9,1740849720795.0,31.976562
pilot9,1740849893856.0,32.1875
pilot9,1740850010734.0,222.19531
pilot9,1740850010795.0,32.171875
pilot9,1740850384214.0,31.96875
pilot9,1740850554068.0,32.179688
pilot9,1740850584211.0,32.382812
pilot9,1740850646734.0,32.179688
pilot9,1740850722409.0,31.976562
pilot9,1740850843494.0,31.773438
pilot9,1740850864565.0,31.976562
pilot9,1740850921873.0,31.757812
pilot9,1740851477633.0,31.960938
pilot9,1740851504393.0,31.757812
pilot9,1740851720732.0,222.78125
pilot9,1740851720793.0,31.640625
pilot9,1740851881871.0,31.84375
pilot9,1740834167651.0,31.101562
pilot9,1740834330350.0,30.898438
pilot9,1740834350510.0,31.101562
pilot9,1740834428552.0,30.898438
pilot9,1740834534255.0,30.695312
pilot9,1740834654950.0,30.492188
pilot9,1740834692070.0,30.695312
pilot9,1740834724591.0,30.492188
pilot9,1740835012782.0,30.695312
pilot9,1740835170749.0,242.70312
pilot9,1740835170809.0,30.695312
pilot9,1740835244769.0,30.90625
pilot9,1740835250749.0,222.17188
pilot9,1740835250812.0,30.867188
pilot9,1740835300747.0,31.070312
pilot9,1740835365670.0,31.273438
pilot9,1740835630349.0,31.476562
pilot9,1740835647640.0,31.6875
pilot9,1740835730743.0,223.96094
pilot9,1740835730804.0,31.804688
pilot9,1740835767278.0,32.007812
pilot9,1740835775664.0,32.210938
pilot9,1740835857646.0,32.007812
pilot9,1740835909809.0,31.796875
pilot9,1740835983318.0,32.0
pilot9,1740835993145.0,32.203125
pilot9,1740836039437.0,32.0
pilot9,1740836122789.0,31.796875
pilot9,1740836306388.0,31.59375
pilot9,1740836335306.0,31.796875
pilot9,1740836410746.0,31.59375
pilot9,1740836566028.0,31.796875
pilot9,1740836698008.0,32.0
pilot9,1740836725667.0,31.796875
pilot9,1740836980746.0,31.59375
pilot9,1740837245668.0,31.804688
pilot9,1740837291707.0,31.601562
pilot9,1740837356927.0,31.804688
pilot9,1740837426389.0,31.601562
pilot9,1740866467260.0,31.992188
pilot9,1740866479598.0,32.203125
pilot9,1740866487257.0,32.40625
pilot9,1740866514199.0,32.195312
pilot9,1740866581678.0,31.992188
pilot9,1740866595462.0,32.195312
pilot9,1740866716002.0,31.992188
pilot9,1740866910315.0,32.195312
pilot9,1740867110715.0,222.19531
pilot9,1740867110777.0,32.039062
pilot9,1740867167968.0,32.242188
pilot9,1740867182752.0,32.453125
pilot9,1740867219058.0,32.25
pilot9,1740867248512.0,32.460938
pilot9,1740867321677.0,32.257812
pilot9,1740867464196.0,32.054688
pilot9,1740867572036.0,32.257812
pilot9,1740867582036.0,32.476562
pilot9,1740867614198.0,32.273438
pilot9,1740867826533.0,32.484375
pilot9,1740867887257.0,32.28125
pilot9,1740867914005.0,32.484375
pilot9,1740868002576.0,32.273438
pilot9,1740868097977.0,32.070312
pilot9,1740868323656.0,31.867188
pilot9,1740868394016.0,31.664062
pilot9,1740868453116.0,31.453125
pilot9,1740868565277.0,31.65625
pilot9,1740868806892.0,31.453125
pilot9,1740868884017.0,31.234375
pilot9,1740869094193.0,31.4375
pilot9,1740869176716.0,31.234375
pilot9,1740869210774.0,31.445312
pilot9,1740869222394.0,31.648438
pilot9,1740869260135.0,31.445312
pilot9,1740869307607.0,31.234375
pilot9,1740869420713.0,31.03125
pilot9,1740869456176.0,31.234375
pilot9,1740869520714.0,222.19531
pilot9,1740869520775.0,31.171875
pilot9,1740869533475.0,31.390625
pilot9,1740869647616.0,31.59375
pilot9,1740869808336.0,31.796875
pilot9,1740852000972.0,31.640625
pilot9,1740852138349.0,31.851562
pilot9,1740852183496.0,31.648438
pilot9,1740852257092.0,31.445312
pilot9,1740852327082.0,31.242188
pilot9,1740852402590.0,31.039062
pilot9,1740852472591.0,30.835938
pilot9,1740852540178.0,31.046875
pilot9,1740852844032.0,31.273438
pilot9,1740852859605.0,31.484375
pilot9,1740853115471.0,31.695312
pilot9,1740853330728.0,222.17969
pilot9,1740853330790.0,31.6875
pilot9,1740853512590.0,31.890625
pilot9,1740853563850.0,31.6875
pilot9,1740853659613.0,31.484375
pilot9,1740853730729.0,222.19531
pilot9,1740853730791.0,31.539062
pilot9,1740853815470.0,31.742188
pilot9,1740853854572.0,31.539062
pilot9,1740853909432.0,31.328125
pilot9,1740853936190.0,31.53125
pilot9,1740854124923.0,31.320312
pilot9,1740854145290.0,31.523438
pilot9,1740854261325.0,31.320312
pilot9,1740854384924.0,31.523438
pilot9,1740854436365.0,31.320312
pilot9,1740854492221.0,31.523438
pilot9,1740854565446.0,31.3125
pilot9,1740854600729.0,222.19531
pilot9,1740854600792.0,31.359375
pilot9,1740854812411.0,31.5625
pilot9,1740854909430.0,31.359375
pilot9,1740855062944.0,31.5625
pilot9,1740855128521.0,31.78125
pilot9,1740855160145.0,31.578125
pilot9,1740855194388.0,31.78125
pilot9,1740855306187.0,31.578125
pilot9,1740880964512.0,29.460938
pilot9,1740881151785.0,29.257812
pilot9,1740881286284.0,29.039062
pilot9,1740881419525.0,28.835938
pilot9,1740881618623.0,28.632812
pilot9,1740881690881.0,28.429688
pilot9,1740881794120.0,28.226562
pilot9,1740881929161.0,28.023438
pilot9,1740882060459.0,223.9375
pilot9,1740882060519.0,27.953125
pilot9,1740882088604.0,27.75
pilot9,1740882176814.0,27.546875
pilot9,1740882212459.0,27.34375
pilot9,1740882265024.0,27.140625
pilot9,1740882408143.0,26.9375
pilot9,1740882460889.0,26.71875
pilot9,1740882515737.0,26.515625
pilot9,1740882635376.0,26.3125
pilot9,1740882693385.0,26.109375
pilot9,1740882703392.0,25.90625
pilot9,1740882931773.0,25.695312
pilot9,1740883120452.0,222.19531
pilot9,1740883120512.0,25.585938
pilot9,1740883285912.0,25.789062
pilot9,1740883368973.0,25.992188
pilot9,1740883458971.0,25.789062
pilot9,1740883982848.0,25.992188
pilot9,1740884026629.0,26.195312
pilot9,1740884060445.0,26.40625
pilot9,1740884105907.0,26.609375
pilot9,1740884136631.0,26.8125
pilot9,1740884158248.0,27.015625
pilot9,1740884183744.0,27.234375
pilot9,1740884220869.0,27.4375
pilot9,1740884246972.0,27.640625
pilot9,1740884298607.0,27.851562
pilot9,1740884329147.0,28.054688
pilot9,1740884364648.0,28.257812
pilot9,1740826851392.0,27.726562
pilot9,1740826867052.0,27.953125
pilot9,1740827106305.0,27.75
pilot9,1740827155631.0,27.953125
pilot9,1740827365538.0,27.75
pilot9,1740827488311.0,27.953125
pilot9,1740827556002.0,27.75
pilot9,1740827747727.0,27.546875
pilot9,1740827793628.0,27.75
pilot9,1740828132792.0,27.953125
pilot9,1740828446026.0,28.15625
pilot9,1740828500581.0,27.953125
pilot9,1740828574931.0,28.179688
pilot9,1740828576011.0,28.390625
pilot9,1740828577995.0,28.59375
pilot9,1740828579975.0,28.796875
pilot9,1740828581175.0,29.015625
pilot9,1740828582437.0,29.21875
pilot9,1740828583876.0,29.4375
pilot9,1740828585316.0,29.65625
pilot9,1740828586936.0,29.867188
pilot9,1740828589096.0,30.070312
pilot9,1740828591356.0,30.28125
pilot9,1740828594236.0,30.492188
pilot9,1740828598016.0,30.703125
pilot9,1740828602436.0,30.921875
pilot9,1740828608553.0,31.140625
pilot9,1740828616206.0,31.34375
pilot9,1740828620991.0,31.546875
pilot9,1740828630176.0,31.75
pilot9,1740828685678.0,31.960938
pilot9,1740828736214.0,32.164062
pilot9,1740828745849.0,32.367188
pilot9,1740828902255.0,32.578125
pilot9,1740829008286.0,32.78125
pilot9,1740829093621.0,32.984375
pilot9,1740829453695.0,33.1875
pilot9,1740829593877.0,33.40625
pilot9,1740829769275.0,33.609375
pilot9,1740829827117.0,33.390625
pilot9,1740829978376.0,33.1875
pilot9,1740830170355.0,32.984375
pilot9,1740859412225.0,33.164062
pilot9,1740859464565.0,33.367188
pilot9,1740859584929.0,33.578125
pilot9,1740859668703.0,33.367188
pilot9,1740859814748.0,33.585938
pilot9,1740859960718.0,222.19531
pilot9,1740859960779.0,33.5
pilot9,1740860010632.0,33.296875
pilot9,1740860133304.0,33.507812
pilot9,1740860263122.0,33.296875
pilot9,1740860320723.0,223.96875
pilot9,1740860320785.0,33.289062
pilot9,1740860457086.0,33.492188
pilot9,1740860464564.0,33.695312
pilot9,1740860481496.0,33.90625
pilot9,1740860503487.0,33.703125
pilot9,1740860748519.0,33.5
pilot9,1740860770722.0,242.89062
pilot9,1740860770782.0,33.664062
pilot9,1740860784380.0,33.875
pilot9,1740860814026.0,33.671875
pilot9,1740860914743.0,33.46875
pilot9,1740861130722.0,223.96875
pilot9,1740861130784.0,33.492188
pilot9,1740861319963.0,33.289062
pilot9,1740861442764.0,33.492188
pilot9,1740861569607.0,33.289062
pilot9,1740861770717.0,242.875
pilot9,1740861770778.0,33.4375
pilot9,1740861951512.0,33.234375
pilot9,1740862265107.0,33.015625
pilot9,1740862540323.0,33.21875
pilot9,1740862617803.0,33.015625
pilot9,1740862710961.0,33.21875
pilot9,1740809015438.0,27.289062
pilot9,1740809132814.0,27.085938
pilot9,1740809265485.0,27.289062
pilot9,1740809335514.0,27.492188
pilot9,1740809418149.0,27.289062
pilot9,1740809622115.0,27.070312
pilot9,1740809650558.0,27.273438
pilot9,1740809790617.0,27.070312
pilot9,1740809975680.0,27.273438
pilot9,1740810075043.0,27.070312
pilot9,1740810281352.0,27.273438
pilot9,1740810358590.0,27.070312
pilot9,1740810576236.0,26.867188
pilot9,1740810614210.0,27.070312
pilot9,1740810882996.0,26.867188
pilot9,1740810917376.0,27.070312
pilot9,1740811210458.0,26.867188
pilot9,1740811224496.0,27.070312
pilot9,1740812193380.0,27.273438
pilot9,1740812253870.0,27.070312
pilot9,1740888108591.0,30.984375
pilot9,1740888120430.0,222.19531
pilot9,1740888120491.0,31.0
pilot9,1740888140431.0,242.71875
pilot9,1740888140492.0,30.976562
pilot9,1740888268951.0,30.75
pilot9,1740888414084.0,30.953125
pilot9,1740888564448.0,30.726562
pilot9,1740888565713.0,30.5
pilot9,1740888567150.0,30.289062
pilot9,1740888568589.0,30.0625
pilot9,1740888570211.0,29.851562
pilot9,1740888572190.0,29.625
pilot9,1740888574352.0,29.398438
pilot9,1740888576691.0,29.1875
pilot9,1740888579212.0,28.976562
pilot9,1740888582452.0,28.75
pilot9,1740888586053.0,28.546875
pilot9,1740888590013.0,28.34375
pilot9,1740888594333.0,28.132812
pilot9,1740888599014.0,27.914062
pilot9,1740888611750.0,28.117188
pilot9,1740888616611.0,28.328125
pilot9,1740888628230.0,28.53125
pilot9,1740888639849.0,28.742188
pilot9,1740888654629.0,28.953125
pilot9,1740888661930.0,29.171875
pilot9,1740888686068.0,29.375
pilot9,1740888800426.0,222.19531
pilot9,1740888800487.0,29.375
pilot9,1740888840426.0,222.19531
pilot9,1740888840487.0,29.25
pilot9,1740888900426.0,222.17969
pilot9,1740888900487.0,29.40625
pilot9,1740888934987.0,29.609375
pilot9,1740888969848.0,29.8125
pilot9,1740889053546.0,29.609375
pilot9,1740889189306.0,29.8125
pilot9,1740889319125.0,30.015625
pilot9,1740889351748.0,29.804688
pilot9,1740889374624.0,29.601562
pilot9,1740889430421.0,222.19531
pilot9,1740889430482.0,29.46875
pilot9,1740889503007.0,29.671875
pilot9,1740889584803.0,29.875
pilot9,1740889660023.0,30.078125
pilot9,1740889714983.0,29.875
pilot9,1740889733363.0,29.671875
pilot9,1740889832281.0,29.875
pilot9,1740889856065.0,30.085938
pilot9,1740889987141.0,29.867188
pilot9,1740890037861.0,29.65625
pilot9,1740890056989.0,29.453125
pilot9,1740890301381.0,29.25
pilot9,1740890310420.0,222.19531
pilot9,1740890310483.0,29.242188
pilot9,1740890427138.0,29.445312
pilot9,1740890455516.0,29.648438
pilot9,1740890467132.0,29.859375
pilot9,1740890514079.0,30.0625
pilot9,1740890535159.0,30.265625
pilot9,1740890560017.0,30.476562
pilot9,1740890587497.0,30.679688
pilot9,1740890643536.0,30.890625
pilot9,1740890670414.0,222.19531
pilot9,1740890670475.0,30.890625
pilot9,1740891054975.0,31.09375
pilot9,1740891060414.0,223.95312
pilot9,1740891060474.0,31.15625
pilot9,1740891100412.0,222.17188
pilot9,1740891100473.0,31.289062
pilot9,1740891129831.0,31.5
pilot9,1740891151529.0,31.703125
pilot9,1740891320411.0,222.19531
pilot9,1740891320472.0,31.5625
pilot9,1740891330412.0,242.75781
pilot9,1740891330474.0,31.585938
pilot9,1740891491012.0,31.367188
pilot9,1740830489096.0,32.984375
pilot9,1740830922973.0,33.1875
pilot9,1740831050354.0,32.984375
pilot9,1740831120752.0,222.19531
pilot9,1740831120813.0,33.046875
pilot9,1740831264233.0,32.84375
pilot9,1740831457473.0,33.046875
pilot9,1740831833513.0,32.84375
pilot9,1740832128009.0,33.046875
pilot9,1740832172252.0,32.84375
pilot9,1740832281711.0,32.640625
pilot9,1740832362254.0,32.4375
pilot9,1740832559092.0,32.234375
pilot9,1740832962607.0,32.4375
pilot9,1740833230352.0,32.234375
pilot9,1740833255313.0,32.03125
pilot9,1740833304592.0,31.828125
pilot9,1740833364951.0,31.625
pilot9,1740833486752.0,31.414062
pilot9,1740833676747.0,31.210938
pilot9,1740833698731.0,31.414062
pilot9,1740833786031.0,31.210938
pilot9,1740837976559.0,32.132812
pilot9,1740838126374.0,31.921875
pilot9,1740838170745.0,222.19531
pilot9,1740838170807.0,31.828125
pilot9,1740838340525.0,32.03125
pilot9,1740838390350.0,31.828125
pilot9,1740838498006.0,32.03125
pilot9,1740838572068.0,31.820312
pilot9,1740838677286.0,32.023438
pilot9,1740838712426.0,31.820312
pilot9,1740838773325.0,31.601562
pilot9,1740838970166.0,31.8125
pilot9,1740838983688.0,32.015625
pilot9,1740839022066.0,31.8125
pilot9,1740839158351.0,32.015625
pilot9,1740839194575.0,31.8125
pilot9,1740839322966.0,32.015625
pilot9,1740839380745.0,242.78125
pilot9,1740839380805.0,31.929688
pilot9,1740839431109.0,31.726562
pilot9,1740839460744.0,242.77344
pilot9,1740839460805.0,31.78125
pilot9,1740839552425.0,31.578125
pilot9,1740839827285.0,31.796875
pilot9,1740839878185.0,31.59375
pilot9,1740839952605.0,31.390625
pilot9,1740839992238.0,31.59375
pilot9,1740840076564.0,31.390625
pilot9,1740840155122.0,31.1875
pilot9,1740840258005.0,30.984375
pilot9,1740840293675.0,31.1875
pilot9,1740840329627.0,30.976562
pilot9,1740840481160.0,31.1875
pilot9,1740840517098.0,30.984375
pilot9,1740840600743.0,222.19531
pilot9,1740840600804.0,31.101562
pilot9,1740840650742.0,222.17188
pilot9,1740840650803.0,30.976562
pilot9,1740840799980.0,31.179688
pilot9,1740840840717.0,222.17188
pilot9,1740840840778.0,31.242188
pilot9,1740840928364.0,31.445312
pilot9,1740871022267.0,35.96875
pilot9,1740871034329.0,36.179688
pilot9,1740871044770.0,36.382812
pilot9,1740871067633.0,36.179688
pilot9,1740871082035.0,35.96875
pilot9,1740871096077.0,35.757812
pilot9,1740871118217.0,35.96875
pilot9,1740871123439.0,36.171875
pilot9,1740871165566.0,35.960938
pilot9,1740871317686.0,35.757812
pilot9,1740871344869.0,36.0
pilot9,1740871349370.0,36.203125
pilot9,1740871353869.0,36.40625
pilot9,1740871358369.0,36.632812
pilot9,1740871389694.0,36.429688
pilot9,1740871447302.0,36.21875
pilot9,1740871465485.0,36.4375
pilot9,1740871489787.0,36.234375
pilot9,1740871576559.0,36.023438
pilot9,1740871665128.0,36.234375
pilot9,1740871758013.0,36.023438
pilot9,1740871826251.0,35.820312
pilot9,1740871970809.0,36.023438
pilot9,1740871980530.0,36.226562
pilot9,1740872014013.0,36.023438
pilot9,1740872079724.0,35.8125
pilot9,1740872235081.0,36.023438
pilot9,1740872298091.0,36.234375
pilot9,1740872310332.0,36.445312
pilot9,1740872373161.0,36.242188
pilot9,1740872419423.0,36.039062
pilot9,1740872576947.0,35.835938
pilot9,1740872610068.0,36.046875
pilot9,1740872626271.0,36.265625
pilot9,1740872648948.0,36.0625
pilot9,1740872722226.0,35.859375
pilot9,1740872781626.0,35.65625
pilot9,1740872823395.0,35.453125
pilot9,1740872841938.0,35.25
pilot9,1740872883878.0,35.039062
pilot9,1740872904769.0,34.835938
pilot9,1740873002342.0,34.632812
pilot9,1740873021783.0,34.429688
pilot9,1740873060664.0,34.21875
pilot9,1740873076331.0,34.015625
pilot9,1740873098294.0,33.796875
pilot9,1740873186685.0,33.59375
pilot9,1740873217829.0,33.390625
pilot9,1740873237812.0,33.59375
pilot9,1740873274353.0,33.390625
pilot9,1740873311616.0,33.1875
pilot9,1740873330342.0,32.976562
pilot9,1740873351225.0,32.765625
pilot9,1740873399112.0,32.554688
pilot9,1740873423775.0,32.335938
pilot9,1740884434831.0,28.460938
pilot9,1740884690442.0,28.664062
pilot9,1740884763381.0,28.867188
pilot9,1740884956263.0,28.664062
pilot9,1740885010440.0,222.19531
pilot9,1740885010501.0,28.554688
pilot9,1740885047700.0,28.757812
pilot9,1740885066982.0,28.960938
pilot9,1740885092482.0,29.171875
pilot9,1740885112301.0,29.375
pilot9,1740885133561.0,29.578125
pilot9,1740885154102.0,29.796875
pilot9,1740885182481.0,30.0
pilot9,1740885213021.0,30.210938
pilot9,1740885239323.0,30.414062
pilot9,1740885268241.0,30.617188
pilot9,1740885298061.0,30.828125
pilot9,1740885326625.0,31.03125
pilot9,1740885380679.0,31.234375
pilot9,1740885437702.0,31.023438
pilot9,1740885487703.0,30.820312
pilot9,1740885566981.0,30.617188
pilot9,1740885594282.0,30.414062
pilot9,1740885742660.0,30.617188
pilot9,1740885788964.0,30.820312
pilot9,1740885812301.0,31.03125
pilot9,1740885847517.0,31.234375
pilot9,1740885876981.0,31.4375
pilot9,1740885916979.0,31.640625
pilot9,1740885976620.0,31.84375
pilot9,1740886153570.0,31.640625
pilot9,1740886180438.0,31.4375
pilot9,1740886231580.0,31.234375
pilot9,1740886274098.0,31.03125
pilot9,1740886315899.0,30.828125
pilot9,1740886355179.0,30.625
pilot9,1740886396078.0,30.421875
pilot9,1740886432479.0,30.21875
pilot9,1740886470496.0,30.015625
pilot9,1740886500438.0,223.94531
pilot9,1740886500499.0,29.851562
pilot9,1740886560039.0,29.648438
pilot9,1740886618418.0,29.851562
pilot9,1740886659857.0,30.0625
pilot9,1740886685717.0,30.28125
pilot9,1740886749498.0,30.484375
pilot9,1740886770675.0,30.6875
pilot9,1740886793556.0,30.898438
pilot9,1740886821577.0,31.101562
pilot9,1740886852116.0,31.304688
pilot9,1740886883916.0,31.507812
pilot9,1740886953916.0,31.710938
pilot9,1740887007330.0,31.914062
pilot9,1740887057687.0,32.117188
pilot9,1740887121576.0,32.320312
pilot9,1740887226076.0,32.117188
pilot9,1740887276436.0,31.90625
pilot9,1740887320013.0,31.703125
pilot9,1740887344081.0,31.5
pilot9,1740887370216.0,31.296875
pilot9,1740887405174.0,31.085938
pilot9,1740887437875.0,30.875
pilot9,1740887470035.0,30.664062
pilot9,1740887506794.0,30.460938
pilot9,1740887541214.0,30.25
pilot9,1740887583555.0,30.046875
pilot9,1740887638234.0,29.84375
pilot9,1740887680432.0,222.19531
pilot9,1740887680493.0,29.765625
pilot9,1740887729310.0,29.96875
pilot9,1740887773733.0,30.171875
pilot9,1740887808054.0,30.375
pilot9,1740887853015.0,30.585938
pilot9,1740887882832.0,30.789062
pilot9,1740887918773.0,30.992188
pilot9,1740887957872.0,31.195312
pilot9,1740805226675.0,27.054688
pilot9,1740805303000.0,27.257812
pilot9,1740805376454.0,27.054688
pilot9,1740805533428.0,27.265625
pilot9,1740805614804.0,27.0625
pilot9,1740805839653.0,27.273438
pilot9,1740805884479.0,27.070312
pilot9,1740806105187.0,26.867188
pilot9,1740806134890.0,27.070312
pilot9,1740806438949.0,26.867188
pilot9,1740806473853.0,27.070312
pilot9,1740806710605.0,26.867188
pilot9,1740806777392.0,27.070312
pilot9,1740806999541.0,26.867188
pilot9,1740807096375.0,27.070312
pilot9,1740808068329.0,27.273438
pilot9,1740808155288.0,27.070312
pilot9,1740823498644.0,27.71875
pilot9,1740823687480.0,27.921875
pilot9,1740823749597.0,27.703125
pilot9,1740823976966.0,27.5
pilot9,1740823994428.0,27.703125
pilot9,1740824007380.0,27.914062
pilot9,1740824102081.0,27.703125
pilot9,1740824314503.0,27.90625
pilot9,1740824446465.0,27.703125
pilot9,1740824612807.0,27.5
pilot9,1740824631708.0,27.703125
pilot9,1740824838556.0,27.5
pilot9,1740824960790.0,27.703125
pilot9,1740825196260.0,27.5
pilot9,1740825272411.0,27.71875
pilot9,1740825502840.0,27.515625
pilot9,1740825592131.0,27.71875
pilot9,1740825910412.0,27.921875
pilot9,1740825954698.0,27.71875
pilot9,1740826373430.0,27.515625
pilot9,1740826525006.0,27.726562
pilot9,1740826677129.0,27.523438
pilot9,1740873750157.0,31.90625
pilot9,1740873783641.0,31.703125
pilot9,1740873867531.0,31.90625
pilot9,1740873906777.0,31.703125
pilot9,1740873956464.0,31.5
pilot9,1740874001649.0,31.289062
pilot9,1740874015151.0,31.507812
pilot9,1740874017131.0,31.710938
pilot9,1740874020374.0,31.921875
pilot9,1740874023432.0,32.132812
pilot9,1740874026528.0,32.335938
pilot9,1740874032346.0,32.539062
pilot9,1740874048467.0,32.742188
pilot9,1740874110487.0,32.945312
pilot9,1740874176846.0,33.148438
pilot9,1740874397528.0,33.351562
pilot9,1740874503181.0,33.554688
pilot9,1740874513828.0,33.765625
pilot9,1740874829004.0,33.984375
pilot9,1740874877746.0,33.78125
pilot9,1740875223602.0,33.984375
pilot9,1740875253962.0,34.1875
pilot9,1740875288820.0,33.984375
pilot9,1740875338104.0,33.78125
pilot9,1740875466137.0,33.578125
pilot9,1740875491629.0,33.78125
pilot9,1740875598103.0,33.578125
pilot9,1740875810261.0,33.78125
pilot9,1740875871977.0,33.578125
pilot9,1740876090265.0,33.78125
pilot9,1740876100483.0,223.96875
pilot9,1740876100544.0,33.84375
pilot9,1740876316841.0,33.640625
pilot9,1740876380483.0,222.17188
pilot9,1740876380544.0,33.695312
pilot9,1740876449004.0,33.898438
pilot9,1740876488640.0,33.695312
pilot9,1740876608467.0,33.484375
pilot9,1740876750901.0,33.695312
pilot9,1740876960482.0,222.19531
pilot9,1740876960545.0,33.625
pilot9,1740877002879.0,33.828125
pilot9,1740877007382.0,34.03125
pilot9,1740877064142.0,33.828125
pilot9,1740877090482.0,222.19531
pilot9,1740877090543.0,33.875
pilot9,1740877219904.0,33.671875
pilot9,1740877299539.0,33.882812
pilot9,1740877300477.0,222.78906
pilot9,1740877300538.0,33.875
pilot9,1740877312341.0,34.078125
pilot9,1740877329183.0,33.867188
pilot9,1740877367383.0,33.664062
pilot9,1740877426484.0,33.882812
pilot9,1740877435227.0,34.085938
pilot9,1740877471262.0,33.882812
pilot9,1740877510723.0,33.679688
pilot9,1740877548824.0,33.476562
pilot9,1740877627563.0,33.273438
pilot9,1740878018821.0,33.476562
pilot9,1740878069364.0,33.679688
pilot9,1740878290478.0,222.19531
pilot9,1740878290539.0,33.539062
pilot9,1740878435939.0,33.742188
pilot9,1740878669359.0,33.53125
pilot9,1740878839974.0,33.328125
pilot9,1740878978114.0,33.125
pilot9,1740879040474.0,222.19531
pilot9,1740879040536.0,33.039062
pilot9,1740879452715.0,32.828125
pilot9,1740879496474.0,32.625
pilot9,1740879562694.0,32.421875
pilot9,1740879591616.0,32.21875
pilot9,1740879651072.0,32.015625
pilot9,1740879729712.0,31.8125
pilot9,1740879839533.0,31.601562
pilot9,1740879840471.0,242.76562
pilot9,1740879840532.0,31.609375
pilot9,1740879920469.0,222.19531
pilot9,1740879920530.0,31.554688
pilot9,1740879973232.0,31.351562
pilot9,1740880058451.0,31.148438
pilot9,1740880070472.0,223.95312
pilot9,1740880070534.0,31.117188
pilot9,1740880308990.0,30.898438
pilot9,1740880364309.0,30.695312
pilot9,1740880406289.0,30.492188
pilot9,1740880487272.0,30.289062
pilot9,1740880604287.0,30.078125
pilot9,1740902686576.0,34.53125
pilot9,1740902867296.0,34.328125
pilot9,1740902924416.0,34.53125
pilot9,1740902963694.0,34.328125
pilot9,1740903045495.0,34.125
pilot9,1740903080393.0,222.17188
pilot9,1740903080455.0,34.1875
pilot9,1740903370394.0,222.78906
pilot9,1740903370455.0,34.039062
pilot9,1740903470172.0,33.835938
pilot9,1740903473234.0,33.625
pilot9,1740903475575.0,33.390625
pilot9,1740903476655.0,33.179688
pilot9,1740903477917.0,32.914062
pilot9,1740903479357.0,32.664062
pilot9,1740903481157.0,32.445312
pilot9,1740903483138.0,32.210938
pilot9,1740903485838.0,31.976562
pilot9,1740903514276.0,31.773438
pilot9,1740903531198.0,31.570312
pilot9,1740903556225.0,31.359375
pilot9,1740903572249.0,31.570312
pilot9,1740903586112.0,31.773438
pilot9,1740903619054.0,31.570312
pilot9,1740903675581.0,31.359375
pilot9,1740903702225.0,31.15625
pilot9,1740903796002.0,30.953125
pilot9,1740903857936.0,30.75
pilot9,1740903894841.0,30.953125
pilot9,1740903934815.0,30.75
pilot9,1740904045349.0,30.546875
pilot9,1740904128700.0,30.34375
pilot9,1740904215651.0,30.554688
pilot9,1740904259216.0,30.351562
pilot9,1740904312683.0,30.148438
pilot9,1740904487486.0,29.945312
pilot9,1740904532131.0,30.148438
pilot9,1740904550131.0,29.945312
pilot9,1740904568497.0,29.742188
pilot9,1740904611701.0,29.53125
pilot9,1740904652745.0,29.328125
pilot9,1740904670024.0,29.125
pilot9,1740904707652.0,28.921875
pilot9,1740904736997.0,28.71875
pilot9,1740904779838.0,28.507812
pilot9,1740904806666.0,28.304688
pilot9,1740904823224.0,28.507812
pilot9,1740904865894.0,28.304688
pilot9,1740904883536.0,28.101562
pilot9,1740904927641.0,27.890625
pilot9,1740904947444.0,27.6875
pilot9,1740905007932.0,27.484375
pilot9,1740905061038.0,27.28125
pilot9,1740905119365.0,27.070312
pilot9,1740905159331.0,27.28125
pilot9,1740905187236.0,27.078125
pilot9,1740905240161.0,26.875
pilot9,1740905297589.0,26.671875
pilot9,1740905326931.0,26.460938
pilot9,1740905389760.0,26.257812
pilot9,1740905472211.0,26.46875
pilot9,1740905516136.0,26.265625
pilot9,1740905602726.0,26.0625
pilot9,1740905725863.0,25.859375
pilot9,1740905779330.0,26.0625
pilot9,1740905862845.0,25.859375
pilot9,1740905913087.0,25.65625
pilot9,1740949569113.0,18.914062
pilot9,1740950000987.0,19.117188
pilot9,1740950269042.0,18.914062
pilot9,1740950326650.0,19.117188
pilot9,1740950533136.0,18.914062
pilot9,1740950666164.0,19.117188
pilot9,1740950829814.0,18.914062
pilot9,1740950939988.0,19.117188
pilot9,1740951143954.0,18.914062
pilot9,1740952017065.0,19.117188
pilot9,1740952142900.0,18.914062
pilot9,1740952584497.0,18.710938
pilot9,1740952681529.0,18.914062
pilot9,1740906061067.0,25.875
pilot9,1740906111112.0,26.078125
pilot9,1740906151079.0,25.867188
pilot9,1740906224527.0,25.65625
pilot9,1740906341722.0,25.453125
pilot9,1740906424694.0,25.65625
pilot9,1740906577727.0,25.453125
pilot9,1740906669003.0,25.25
pilot9,1740906745333.0,25.453125
pilot9,1740906903395.0,25.242188
pilot9,1740907063247.0,25.453125
pilot9,1740907123201.0,25.25
pilot9,1740907370553.0,25.460938
pilot9,1740907481627.0,25.257812
pilot9,1740907674071.0,25.460938
pilot9,1740907690275.0,25.671875
pilot9,1740907720157.0,25.460938
pilot9,1740907794866.0,25.257812
pilot9,1740908180656.0,25.054688
pilot9,1740908310812.0,25.257812
pilot9,1740908411265.0,25.054688
pilot9,1740908494616.0,24.851562
pilot9,1740908619552.0,24.648438
pilot9,1740908646195.0,24.851562
pilot9,1740908759249.0,24.648438
pilot9,1740909140178.0,24.445312
pilot9,1740909272856.0,24.65625
pilot9,1740909371148.0,24.445312
pilot9,1740931710955.0,29.148438
pilot9,1740931956715.0,28.945312
pilot9,1740932218514.0,29.148438
pilot9,1740932335999.0,28.9375
pilot9,1740932450353.0,242.58594
pilot9,1740932450415.0,28.84375
pilot9,1740932637971.0,29.046875
pilot9,1740932906894.0,29.25
pilot9,1740933007433.0,29.453125
pilot9,1740933373113.0,29.25
pilot9,1740933400134.0,29.039062
pilot9,1740933475273.0,29.242188
pilot9,1740933523834.0,29.023438
pilot9,1740933638514.0,28.820312
pilot9,1740933725275.0,28.609375
pilot9,1740933815994.0,28.820312
pilot9,1740933884733.0,29.03125
pilot9,1740933915996.0,28.828125
pilot9,1740934140131.0,29.03125
pilot9,1740934339230.0,29.242188
pilot9,1740934462213.0,29.445312
pilot9,1740934476176.0,29.648438
pilot9,1740934512216.0,29.445312
pilot9,1740898785138.0,34.96875
pilot9,1740898880395.0,35.179688
pilot9,1740898937839.0,34.976562
pilot9,1740898940397.0,222.78906
pilot9,1740898940458.0,34.976562
pilot9,1740899210396.0,223.97656
pilot9,1740899210458.0,35.070312
pilot9,1740899413335.0,35.28125
pilot9,1740899694940.0,35.484375
pilot9,1740899798209.0,35.6875
pilot9,1740901054950.0,35.476562
pilot9,1740901200949.0,35.265625
pilot9,1740901233713.0,35.46875
pilot9,1740901238754.0,35.671875
pilot9,1740901272779.0,35.46875
pilot9,1740901316164.0,35.257812
pilot9,1740901395194.0,35.054688
pilot9,1740901493471.0,34.851562
pilot9,1740901602438.0,34.648438
pilot9,1740901660395.0,223.97656
pilot9,1740901660456.0,34.53125
pilot9,1740901690996.0,34.328125
pilot9,1740902059636.0,34.125
pilot9,1740902090395.0,222.19531
pilot9,1740902090456.0,34.1875
pilot9,1740902233335.0,34.398438
pilot9,1740927602934.0,29.648438
pilot9,1740927651680.0,29.445312
pilot9,1740927660357.0,222.78125
pilot9,1740927660419.0,29.53125
pilot9,1740927704195.0,29.734375
pilot9,1740927750359.0,223.94531
pilot9,1740927750421.0,29.710938
pilot9,1740927771862.0,29.507812
pilot9,1740927807083.0,29.304688
pilot9,1740927881860.0,29.101562
pilot9,1740927918703.0,28.898438
pilot9,1740928033650.0,28.671875
pilot9,1740928101860.0,28.46875
pilot9,1740928370354.0,222.19531
pilot9,1740928370415.0,28.492188
pilot9,1740928563284.0,28.703125
pilot9,1740928574200.0,28.921875
pilot9,1740928617079.0,28.71875
pilot9,1740928820358.0,222.19531
pilot9,1740928820419.0,28.585938
pilot9,1740929125279.0,28.382812
pilot9,1740929398337.0,28.59375
pilot9,1740929520962.0,28.804688
pilot9,1740929610356.0,222.19531
pilot9,1740929610418.0,28.789062
pilot9,1740929700357.0,222.78125
pilot9,1740929700418.0,28.851562
pilot9,1740930080352.0,222.17969
pilot9,1740930080414.0,28.71875
pilot9,1740930188161.0,28.921875
pilot9,1740930323659.0,28.71875
pilot9,1740930379958.0,28.515625
pilot9,1740930444551.0,28.3125
pilot9,1740930775641.0,28.515625
pilot9,1740930850137.0,28.71875
pilot9,1740935119228.0,29.453125
pilot9,1740935138152.0,29.65625
pilot9,1740935200347.0,222.17188
pilot9,1740935200408.0,29.75
pilot9,1740935270350.0,222.19531
pilot9,1740935270411.0,29.710938
pilot9,1740935307971.0,29.507812
pilot9,1740935340335.0,222.19531
pilot9,1740935340397.0,29.484375
pilot9,1740935424191.0,29.28125
pilot9,1740935430350.0,222.19531
pilot9,1740935430411.0,29.273438
pilot9,1740935680329.0,242.60156
pilot9,1740935680390.0,29.140625
pilot9,1740935751666.0,29.34375
pilot9,1740935760950.0,29.546875
pilot9,1740935900409.0,29.75
pilot9,1740935917607.0,29.953125
pilot9,1740936057792.0,30.164062
pilot9,1740936083651.0,30.367188
pilot9,1740936118869.0,30.570312
pilot9,1740936137775.0,30.789062
pilot9,1740936197611.0,30.585938
pilot9,1740936213111.0,30.382812
pilot9,1740936222930.0,30.171875
pilot9,1740936234549.0,29.96875
pilot9,1740936245270.0,29.757812
pilot9,1740936254550.0,29.546875
pilot9,1740936265632.0,29.34375
pilot9,1740936281309.0,29.140625
pilot9,1740936300408.0,28.9375
pilot9,1740936348150.0,28.726562
pilot9,1740936368871.0,28.515625
pilot9,1740936378362.0,28.3125
pilot9,1740936388150.0,28.109375
pilot9,1740936404190.0,27.90625
pilot9,1740936442930.0,27.703125
pilot9,1740936455630.0,27.492188
pilot9,1740936475072.0,27.289062
pilot9,1740936503156.0,27.085938
pilot9,1740936553202.0,26.882812
pilot9,1740936584166.0,26.664062
pilot9,1740936608469.0,26.460938
pilot9,1740936630589.0,26.257812
pilot9,1740936955628.0,26.054688
pilot9,1740937036169.0,26.257812
pilot9,1740937064188.0,26.054688
pilot9,1740937142568.0,25.851562
pilot9,1740937322028.0,26.054688
pilot9,1740937386710.0,26.257812
pilot9,1740937415269.0,26.46875
pilot9,1740937438150.0,26.679688
pilot9,1740937456348.0,26.882812
pilot9,1740937504009.0,27.085938
pilot9,1740937622928.0,27.289062
pilot9,1740937640581.0,27.492188
pilot9,1740937769409.0,27.289062
pilot9,1740937780345.0,222.19531
pilot9,1740937780408.0,27.140625
pilot9,1740937818509.0,26.9375
pilot9,1740937836348.0,26.726562
pilot9,1740937874188.0,26.523438
pilot9,1740937950587.0,26.304688
pilot9,1740937970406.0,26.101562
pilot9,1740938186748.0,25.898438
pilot9,1740938212131.0,25.6875
pilot9,1740938239314.0,25.890625
pilot9,1740920691528.0,24.75
pilot9,1740920726450.0,24.953125
pilot9,1740920830326.0,24.75
pilot9,1740920991807.0,24.539062
pilot9,1740921033574.0,24.742188
pilot9,1740921139065.0,24.945312
pilot9,1740921220257.0,24.734375
pilot9,1740921314043.0,24.9375
pilot9,1740921366795.0,25.140625
pilot9,1740921418282.0,24.9375
pilot9,1740921521795.0,24.734375
pilot9,1740921661673.0,24.9375
pilot9,1740921785886.0,25.140625
pilot9,1740921827473.0,24.9375
pilot9,1740921995794.0,25.148438
pilot9,1740922022618.0,24.9375
pilot9,1740922150976.0,24.71875
pilot9,1740922315695.0,24.921875
pilot9,1740922363761.0,24.71875
pilot9,1740922441351.0,24.921875
pilot9,1740922535143.0,24.71875
pilot9,1740922659899.0,24.921875
pilot9,1740922693023.0,24.71875
pilot9,1740922740730.0,24.921875
pilot9,1740922741450.0,25.179688
pilot9,1740922741989.0,25.382812
pilot9,1740922742529.0,25.601562
pilot9,1740922743249.0,25.820312
pilot9,1740922743970.0,26.046875
pilot9,1740922744965.0,26.273438
pilot9,1740922746226.0,26.507812
pilot9,1740922747846.0,26.710938
pilot9,1740922749826.0,26.9375
pilot9,1740922750786.0,27.15625
pilot9,1740922751686.0,27.359375
pilot9,1740922752766.0,27.609375
pilot9,1740922754206.0,27.851562
pilot9,1740922756007.0,28.085938
pilot9,1740922757987.0,28.296875
pilot9,1740922759787.0,28.5
pilot9,1740922761326.0,28.703125
pilot9,1740922763127.0,28.9375
pilot9,1740922765647.0,29.140625
pilot9,1740922767987.0,29.34375
pilot9,1740922772046.0,29.554688
pilot9,1740922776906.0,29.757812
pilot9,1740922783127.0,29.96875
pilot9,1740922792946.0,30.171875
pilot9,1740922805285.0,30.375
pilot9,1740922819968.0,30.578125
pilot9,1740922843119.0,30.78125
pilot9,1740922886726.0,30.984375
pilot9,1740922955102.0,31.1875
pilot9,1740922961866.0,31.390625
pilot9,1740922982041.0,31.59375
pilot9,1740922990347.0,222.17188
pilot9,1740922990408.0,31.585938
pilot9,1740923100531.0,31.789062
pilot9,1740923170200.0,31.992188
pilot9,1740923222587.0,32.195312
pilot9,1740923291716.0,32.398438
pilot9,1740923300893.0,32.601562
pilot9,1740923419352.0,32.804688
pilot9,1740923602437.0,33.007812
pilot9,1740923905594.0,33.210938
pilot9,1740952823567.0,18.710938
pilot9,1740952878113.0,18.914062
pilot9,1740952952634.0,19.117188
pilot9,1740953107824.0,18.914062
pilot9,1740953286766.0,18.710938
pilot9,1740953371376.0,18.914062
pilot9,1740953508733.0,18.710938
pilot9,1740953650322.0,18.914062
pilot9,1740953678845.0,19.117188
pilot9,1740953706748.0,19.320312
pilot9,1740953762196.0,19.117188
pilot9,1740953822811.0,19.320312
pilot9,1740953825693.0,19.53125
pilot9,1740953826231.0,19.742188
pilot9,1740953826771.0,19.945312
pilot9,1740953827672.0,20.210938
pilot9,1740953828392.0,20.4375
pilot9,1740953829112.0,20.65625
pilot9,1740953829832.0,20.90625
pilot9,1740953830550.0,21.15625
pilot9,1740953831269.0,21.390625
pilot9,1740953831989.0,21.609375
pilot9,1740953832890.0,21.828125
pilot9,1740953833970.0,22.046875
pilot9,1740953835230.0,22.265625
pilot9,1740953836130.0,22.523438
pilot9,1740953837031.0,22.742188
pilot9,1740953837930.0,22.945312
pilot9,1740953838830.0,23.148438
pilot9,1740953839910.0,23.359375
pilot9,1740953841270.0,23.585938
pilot9,1740953842531.0,23.789062
pilot9,1740953843791.0,23.992188
pilot9,1740953845412.0,24.203125
pilot9,1740953847033.0,24.414062
pilot9,1740953849015.0,24.648438
pilot9,1740953850915.0,24.859375
pilot9,1740953853618.0,25.0625
pilot9,1740953855600.0,25.265625
pilot9,1740953858124.0,25.476562
pilot9,1740953860563.0,25.6875
pilot9,1740953863443.0,25.890625
pilot9,1740953866684.0,26.09375
pilot9,1740953870384.0,26.296875
pilot9,1740953876146.0,26.515625
pilot9,1740953883445.0,26.71875
pilot9,1740953890926.0,26.929688
pilot9,1740953902903.0,27.132812
pilot9,1740953926684.0,27.335938
pilot9,1740953960322.0,222.19531
pilot9,1740953960385.0,27.421875
pilot9,1740954017944.0,27.625
pilot9,1740954174093.0,27.828125
pilot9,1740954178774.0,28.03125
pilot9,1740954182555.0,28.234375
pilot9,1740954186335.0,28.4375
pilot9,1740954190476.0,28.640625
pilot9,1740954194436.0,28.867188
pilot9,1740954198757.0,29.070312
pilot9,1740954203977.0,29.289062
pilot9,1740954209738.0,29.492188
pilot9,1740954217301.0,29.710938
pilot9,1740954255996.0,29.507812
pilot9,1740954290028.0,29.28125
pilot9,1740954347096.0,29.484375
pilot9,1740954499024.0,29.28125
pilot9,1740954560316.0,222.19531
pilot9,1740954560379.0,29.46875
pilot9,1740954673265.0,29.671875
pilot9,1740954716688.0,29.453125
pilot9,1740954740322.0,223.94531
pilot9,1740954740383.0,29.429688
pilot9,1740954984702.0,29.632812
pilot9,1740955022183.0,29.429688
pilot9,1740955117763.0,29.226562
pilot9,1740955180320.0,223.94531
pilot9,1740955180382.0,29.1875
pilot9,1740955492721.0,29.390625
pilot9,1740955600319.0,222.19531
pilot9,1740955600382.0,29.359375
pilot9,1740955669562.0,29.5625
pilot9,1740955796142.0,29.773438
pilot9,1740955842001.0,29.570312
pilot9,1740955920322.0,222.19531
pilot9,1740955920383.0,29.609375
pilot9,1740955934341.0,29.820312
pilot9,1740955980316.0,222.19531
pilot9,1740955980377.0,29.898438
pilot9,1740938464365.0,25.679688
pilot9,1740938487594.0,25.890625
pilot9,1740938489753.0,26.09375
pilot9,1740938492004.0,26.296875
pilot9,1740938494886.0,26.523438
pilot9,1740938498845.0,26.765625
pilot9,1740938504707.0,26.96875
pilot9,1740938526145.0,27.171875
pilot9,1740938646325.0,26.96875
pilot9,1740938673625.0,26.765625
pilot9,1740938731831.0,26.5625
pilot9,1740938758860.0,26.359375
pilot9,1740938804719.0,26.15625
pilot9,1740938855984.0,26.359375
pilot9,1740938939767.0,26.5625
pilot9,1740939038327.0,26.359375
pilot9,1740939177065.0,26.5625
pilot9,1740939196337.0,26.765625
pilot9,1740939214536.0,26.976562
pilot9,1740939294367.0,27.179688
pilot9,1740939344010.0,27.382812
pilot9,1740939370345.0,222.19531
pilot9,1740939370405.0,27.453125
pilot9,1740939422385.0,27.65625
pilot9,1740939480404.0,27.859375
pilot9,1740939497426.0,28.0625
pilot9,1740939508680.0,28.265625
pilot9,1740939544185.0,28.46875
pilot9,1740939560344.0,222.17969
pilot9,1740939560405.0,28.5625
pilot9,1740939683104.0,28.765625
pilot9,1740939732204.0,28.96875
pilot9,1740939789586.0,29.171875
pilot9,1740939830404.0,29.375
pilot9,1740939900404.0,29.578125
pilot9,1740939956524.0,29.78125
pilot9,1740940027246.0,29.984375
pilot9,1740940064185.0,30.1875
pilot9,1740940100342.0,30.40625
pilot9,1740940110343.0,242.69531
pilot9,1740940110404.0,30.539062
pilot9,1740940142564.0,30.742188
pilot9,1740940153284.0,30.945312
pilot9,1740940180343.0,222.19531
pilot9,1740940180404.0,30.945312
pilot9,1740940237061.0,31.148438
pilot9,1740940371664.0,31.351562
pilot9,1740940449942.0,31.5625
pilot9,1740940502737.0,31.765625
pilot9,1740940526154.0,31.96875
pilot9,1740940580342.0,222.19531
pilot9,1740940580403.0,31.9375
pilot9,1740940650946.0,32.140625
pilot9,1740940696705.0,32.351562
pilot9,1740940751663.0,32.554688
pilot9,1740940809042.0,32.757812
pilot9,1740940890343.0,222.78906
pilot9,1740940890404.0,32.71875
pilot9,1740941020342.0,223.96875
pilot9,1740941020403.0,32.867188
pilot9,1740941061304.0,33.070312
pilot9,1740941069404.0,33.273438
pilot9,1740941230337.0,222.17188
pilot9,1740941230397.0,33.328125
pilot9,1740941372745.0,33.125
pilot9,1740941420341.0,222.19531
pilot9,1740941420402.0,33.085938
pilot9,1740941434723.0,32.882812
pilot9,1740941455443.0,32.671875
pilot9,1740941516886.0,32.453125
pilot9,1740941544543.0,32.25
pilot9,1740941555983.0,32.046875
pilot9,1740941570762.0,31.835938
pilot9,1740941600584.0,31.632812
pilot9,1740941639223.0,31.429688
pilot9,1740941669404.0,31.226562
pilot9,1740941689402.0,31.023438
pilot9,1740941737784.0,30.8125
pilot9,1740913267203.0,24.671875
pilot9,1740913294027.0,24.882812
pilot9,1740913304102.0,25.085938
pilot9,1740913336152.0,24.875
pilot9,1740913401497.0,25.078125
pilot9,1740913570361.0,24.875
pilot9,1740913716360.0,25.078125
pilot9,1740913875501.0,24.875
pilot9,1740914056423.0,25.078125
pilot9,1740914152196.0,24.875
pilot9,1740914349131.0,25.085938
pilot9,1740914358677.0,25.289062
pilot9,1740914401528.0,25.085938
pilot9,1740914496036.0,25.289062
pilot9,1740914528983.0,25.085938
pilot9,1740914804598.0,24.882812
pilot9,1740914997219.0,25.085938
pilot9,1740915151683.0,24.882812
pilot9,1740915319645.0,25.09375
pilot9,1740915366630.0,24.890625
pilot9,1740915848553.0,24.6875
pilot9,1740915961245.0,24.890625
pilot9,1740916066020.0,24.6875
pilot9,1740916270525.0,24.914062
pilot9,1740916386640.0,24.710938
pilot9,1740945820118.0,28.015625
pilot9,1740945820338.0,222.17188
pilot9,1740945820399.0,28.039062
pilot9,1740945836519.0,27.8125
pilot9,1740945840840.0,27.609375
pilot9,1740945846420.0,27.40625
pilot9,1740945852181.0,27.195312
pilot9,1740945858662.0,26.992188
pilot9,1740945865502.0,26.765625
pilot9,1740945872343.0,26.5625
pilot9,1740945878825.0,26.351562
pilot9,1740945887106.0,26.132812
pilot9,1740945895027.0,25.929688
pilot9,1740945904388.0,25.726562
pilot9,1740945915189.0,25.507812
pilot9,1740945927971.0,25.304688
pilot9,1740945940032.0,25.085938
pilot9,1740945954255.0,24.875
pilot9,1740945969737.0,24.65625
pilot9,1740945985938.0,24.453125
pilot9,1740946004480.0,24.25
pilot9,1740946023203.0,24.046875
pilot9,1740946075230.0,23.84375
pilot9,1740946097911.0,23.640625
pilot9,1740946159120.0,23.429688
pilot9,1740946185944.0,23.226562
pilot9,1740946217628.0,23.015625
pilot9,1740946257412.0,22.8125
pilot9,1740946292339.0,22.609375
pilot9,1740946324381.0,22.398438
pilot9,1740946360566.0,22.195312
pilot9,1740946407733.0,21.992188
pilot9,1740946448237.0,21.789062
pilot9,1740946560391.0,21.585938
pilot9,1740946599636.0,21.382812
pilot9,1740946695408.0,21.179688
pilot9,1740946755356.0,20.976562
pilot9,1740946801082.0,20.773438
pilot9,1740946858329.0,20.5625
pilot9,1740947003067.0,20.359375
pilot9,1740947064456.0,20.148438
pilot9,1740947125844.0,19.945312
pilot9,1740947304066.0,19.742188
pilot9,1740947459426.0,19.539062
pilot9,1740947729820.0,19.328125
pilot9,1740948519940.0,19.125
pilot9,1740948632446.0,19.328125
pilot9,1740948799336.0,19.125
pilot9,1740895346037.0,31.914062
pilot9,1740895355140.0,32.117188
pilot9,1740895366036.0,32.328125
pilot9,1740895380453.0,32.539062
pilot9,1740895433509.0,32.328125
pilot9,1740895545864.0,32.125
pilot9,1740895970399.0,223.96094
pilot9,1740895970461.0,32.148438
pilot9,1740896110001.0,32.351562
pilot9,1740896150639.0,32.148438
pilot9,1740896285503.0,31.945312
pilot9,1740896427302.0,32.148438
pilot9,1740896602437.0,32.351562
pilot9,1740896660398.0,222.78125
pilot9,1740896660461.0,32.3125
pilot9,1740896726399.0,32.53125
pilot9,1740896736940.0,32.734375
pilot9,1740896760398.0,242.83594
pilot9,1740896760460.0,32.726562
pilot9,1740897035861.0,32.929688
pilot9,1740897142439.0,33.132812
pilot9,1740897243522.0,33.335938
pilot9,1740897530998.0,33.539062
pilot9,1740897610180.0,33.75
pilot9,1740897702439.0,33.953125
pilot9,1740897747299.0,34.15625
pilot9,1740897994419.0,34.359375
pilot9,1740898085679.0,34.570312
pilot9,1740898312470.0,34.359375
pilot9,1740898442438.0,34.5625
pilot9,1740898466759.0,34.765625
pilot9,1740942075443.0,31.09375
pilot9,1740942084362.0,31.296875
pilot9,1740942098323.0,31.5
pilot9,1740942126522.0,31.710938
pilot9,1740942130341.0,242.76562
pilot9,1740942130402.0,31.710938
pilot9,1740942230342.0,31.507812
pilot9,1740942255082.0,31.304688
pilot9,1740942282409.0,31.101562
pilot9,1740942325263.0,30.898438
pilot9,1740942349042.0,30.695312
pilot9,1740942360341.0,222.17188
pilot9,1740942360402.0,30.601562
pilot9,1740942432919.0,30.804688
pilot9,1740942483821.0,30.601562
pilot9,1740942527249.0,30.390625
pilot9,1740942546522.0,30.171875
pilot9,1740942677962.0,30.375
pilot9,1740942732741.0,30.578125
pilot9,1740942750934.0,30.78125
pilot9,1740942759580.0,30.984375
pilot9,1740942825085.0,30.773438
pilot9,1740942965981.0,30.570312
pilot9,1740942994181.0,30.367188
pilot9,1740943134721.0,30.164062
pilot9,1740943156707.0,29.960938
pilot9,1740943170941.0,29.757812
pilot9,1740943200399.0,29.554688
pilot9,1740943220340.0,222.19531
pilot9,1740943220401.0,29.5625
pilot9,1740943356870.0,29.359375
pilot9,1740943463461.0,29.15625
pilot9,1740943479941.0,29.367188
pilot9,1740943598312.0,29.164062
pilot9,1740943627061.0,28.953125
pilot9,1740943687961.0,28.75
pilot9,1740943700339.0,242.57812
pilot9,1740943700401.0,28.804688
pilot9,1740943743990.0,29.015625
pilot9,1740944048501.0,29.226562
pilot9,1740944077780.0,29.023438
pilot9,1740944162189.0,28.820312
pilot9,1740944460337.0,29.023438
pilot9,1740944500338.0,222.19531
pilot9,1740944500399.0,28.992188
pilot9,1740944715260.0,29.203125
pilot9,1740944799579.0,29.40625
pilot9,1740944865081.0,29.195312
pilot9,1740944885799.0,28.992188
pilot9,1740944909763.0,28.789062
pilot9,1740944944898.0,28.585938
pilot9,1740945020938.0,28.382812
pilot9,1740945185623.0,28.585938
pilot9,1740945293818.0,28.382812
pilot9,1740945318685.0,28.179688
pilot9,1740945370758.0,27.976562
pilot9,1740945404178.0,28.179688
pilot9,1740945444360.0,28.382812
pilot9,1740945469579.0,28.59375
pilot9,1740945470337.0,222.17188
pilot9,1740945470398.0,28.585938
pilot9,1740916897726.0,24.9375
pilot9,1740916907267.0,25.140625
pilot9,1740916955873.0,24.9375
pilot9,1740917059206.0,24.734375
pilot9,1740917218887.0,24.945312
pilot9,1740917261013.0,24.742188
pilot9,1740917517004.0,24.53125
pilot9,1740917528706.0,24.734375
pilot9,1740917543998.0,24.9375
pilot9,1740917583792.0,24.734375
pilot9,1740917742392.0,24.53125
pilot9,1740917865146.0,24.734375
pilot9,1740918166346.0,24.9375
pilot9,1740918281202.0,24.734375
pilot9,1740918493985.0,24.945312
pilot9,1740918537914.0,24.742188
pilot9,1740918670952.0,24.539062
pilot9,1740918810648.0,24.742188
pilot9,1740918920643.0,24.539062
pilot9,1740919129650.0,24.742188
pilot9,1740919374481.0,24.539062
pilot9,1740919435869.0,24.742188
pilot9,1740919456389.0,24.945312
pilot9,1740919486095.0,24.742188
pilot9,1740919611751.0,24.539062
pilot9,1740919774852.0,24.742188
pilot9,1740920004561.0,24.539062
pilot9,1740920076209.0,24.742188
pilot9,1740920241471.0,24.539062
pilot9,1740924074094.0,33.414062
pilot9,1740924151325.0,33.210938
pilot9,1740924284542.0,33.0
pilot9,1740924354391.0,32.796875
pilot9,1740924411811.0,32.585938
pilot9,1740924477347.0,32.382812
pilot9,1740924559077.0,32.171875
pilot9,1740924640988.0,31.96875
pilot9,1740924698777.0,31.765625
pilot9,1740924896073.0,31.546875
pilot9,1740924919654.0,31.75
pilot9,1740924973130.0,31.539062
pilot9,1740924986631.0,31.742188
pilot9,1740925031459.0,31.539062
pilot9,1740925162587.0,31.328125
pilot9,1740925247444.0,31.53125
pilot9,1740925299972.0,31.328125
pilot9,1740925396900.0,31.117188
pilot9,1740925451683.0,31.328125
pilot9,1740925480581.0,31.53125
pilot9,1740925506002.0,31.742188
pilot9,1740925532763.0,31.539062
pilot9,1740925649065.0,31.335938
pilot9,1740925810361.0,31.132812
pilot9,1740925836183.0,30.929688
pilot9,1740925998883.0,30.726562
pilot9,1740926135642.0,30.523438
pilot9,1740926519062.0,30.320312
pilot9,1740926627598.0,30.109375
pilot9,1740926657982.0,29.898438
pilot9,1740926694562.0,29.695312
pilot9,1740926750601.0,29.492188
pilot9,1740926798883.0,29.289062
pilot9,1740926854561.0,29.085938
pilot9,1740926920361.0,222.17969
pilot9,1740926920422.0,29.03125
pilot9,1740927233661.0,29.234375
pilot9,1740927277802.0,29.445312
pilot9,1740956482718.0,30.304688
pilot9,1740956492173.0,30.507812
pilot9,1740956503796.0,30.710938
pilot9,1740956517392.0,30.914062
pilot9,1740956544701.0,30.710938
pilot9,1740956571281.0,30.507812
pilot9,1740956605062.0,30.304688
pilot9,1740956661818.0,30.523438
pilot9,1740956725971.0,30.320312
pilot9,1740956810313.0,222.19531
pilot9,1740956810375.0,30.5
pilot9,1740956906684.0,30.296875
pilot9,1740956984881.0,30.09375
pilot9,1740957009381.0,30.3125
pilot9,1740957060319.0,223.95312
pilot9,1740957060380.0,30.34375
pilot9,1740957168122.0,30.546875
pilot9,1740957294137.0,30.773438
pilot9,1740957351632.0,30.992188
pilot9,1740957358117.0,31.195312
pilot9,1740957368300.0,31.398438
pilot9,1740957401988.0,31.1875
pilot9,1740957688480.0,31.398438
pilot9,1740957786321.0,31.601562
pilot9,1740957986320.0,31.804688
pilot9,1740958018481.0,32.007812
pilot9,1740958080740.0,32.210938
pilot9,1740958110318.0,222.17188
pilot9,1740958110378.0,32.078125
pilot9,1740958150318.0,222.78125
pilot9,1740958150380.0,32.21875
pilot9,1740958234879.0,32.015625
pilot9,1740958360317.0,222.17188
pilot9,1740958360379.0,32.0
pilot9,1740958379020.0,32.210938
pilot9,1740958513259.0,32.007812
pilot9,1740958601816.0,32.210938
pilot9,1740958650738.0,32.414062
pilot9,1740958702538.0,32.195312
pilot9,1740958716140.0,32.398438
pilot9,1740959066678.0,32.601562
pilot9,1740959090317.0,223.96094
pilot9,1740959090378.0,32.445312
pilot9,1740959263798.0,32.648438
pilot9,1740959301277.0,32.445312
pilot9,1740959390553.0,32.648438
pilot9,1740959740316.0,32.851562
pilot9,1740959869196.0,33.054688
pilot9,1740959890557.0,32.851562
pilot9,1740959906138.0,32.648438
pilot9,1740891899110.0,31.78125
pilot9,1740892065329.0,31.992188
pilot9,1740892105509.0,31.789062
pilot9,1740892107310.0,31.585938
pilot9,1740892113610.0,31.367188
pilot9,1740892138925.0,31.148438
pilot9,1740892184249.0,31.351562
pilot9,1740892360402.0,222.19531
pilot9,1740892360463.0,31.34375
pilot9,1740892382248.0,31.554688
pilot9,1740892605687.0,31.757812
pilot9,1740892877821.0,31.960938
pilot9,1740892915683.0,32.164062
pilot9,1740892941904.0,32.375
pilot9,1740892955144.0,32.601562
pilot9,1740892970400.0,222.17969
pilot9,1740892970460.0,32.703125
pilot9,1740892989821.0,32.921875
pilot9,1740893004958.0,33.140625
pilot9,1740893057483.0,32.929688
pilot9,1740893066044.0,32.71875
pilot9,1740893073344.0,32.515625
pilot9,1740893080185.0,32.3125
pilot9,1740893087305.0,32.09375
pilot9,1740893094604.0,31.890625
pilot9,1740893101363.0,31.6875
pilot9,1740893108025.0,31.484375
pilot9,1740893115504.0,31.28125
pilot9,1740893121732.0,31.070312
pilot9,1740893127312.0,30.867188
pilot9,1740893133530.0,30.664062
pilot9,1740893141724.0,30.460938
pilot9,1740893149284.0,30.25
pilot9,1740893156224.0,30.046875
pilot9,1740893162446.0,29.84375
pilot9,1740893170463.0,29.632812
pilot9,1740893181364.0,29.414062
pilot9,1740893193345.0,29.210938
pilot9,1740893213524.0,29.0
pilot9,1740893226044.0,28.796875
pilot9,1740893236224.0,28.585938
pilot9,1740893288564.0,28.382812
pilot9,1740893537844.0,28.585938
pilot9,1740893571185.0,28.789062
pilot9,1740893584785.0,28.992188
pilot9,1740893628565.0,29.195312
pilot9,1740893646945.0,29.398438
pilot9,1740893706043.0,29.617188
pilot9,1740893750643.0,29.820312
pilot9,1740893789824.0,30.039062
pilot9,1740893819285.0,30.242188
pilot9,1740893872262.0,30.445312
pilot9,1740893880401.0,30.65625
pilot9,1740893932263.0,30.859375
pilot9,1740893978744.0,31.070312
pilot9,1740894006403.0,31.28125
pilot9,1740894060181.0,31.5
pilot9,1740894119643.0,31.710938
pilot9,1740894177843.0,31.914062
pilot9,1740894191002.0,32.117188
pilot9,1740894366759.0,32.320312
pilot9,1740894493162.0,32.523438
pilot9,1740894524962.0,32.726562
pilot9,1740894622982.0,32.523438
pilot9,1740894667482.0,32.726562
pilot9,1740894875682.0,32.523438
pilot9,1740894920462.0,32.320312
pilot9,1740894975322.0,32.117188
pilot9,1740895012621.0,31.914062
pilot9,1740895108382.0,31.710938
pilot9,1740909751356.0,24.648438
pilot9,1740909854329.0,24.445312
pilot9,1740909933361.0,24.648438
pilot9,1740910044073.0,24.445312
pilot9,1740910832574.0,24.242188
pilot9,1740910866765.0,24.445312
pilot9,1740911081545.0,24.242188
pilot9,1740911170296.0,24.445312
pilot9,1740911364181.0,24.242188
pilot9,1740911511440.0,24.460938
pilot9,1740911639616.0,24.257812
pilot9,1740911820359.0,24.460938
pilot9,1740911929273.0,24.257812
pilot9,1740912134673.0,24.460938
pilot9,1740912244853.0,24.257812
pilot9,1740913041816.0,24.460938
pilot9,1740913090961.0,24.679688
pilot9,1740913099602.0,24.882812
pilot9,1740913112201.0,25.085938
pilot9,1740913138848.0,24.882812
pilot9,1740945820118.0,28.015625
pilot9,1740945820338.0,222.17188
pilot9,1740945820399.0,28.039062
pilot9,1740945836519.0,27.8125
pilot9,1740945840840.0,27.609375
pilot9,1740945846420.0,27.40625
pilot9,1740945852181.0,27.195312
pilot9,1740945858662.0,26.992188
pilot9,1740945865502.0,26.765625
pilot9,1740945872343.0,26.5625
pilot9,1740945878825.0,26.351562
pilot9,1740945887106.0,26.132812
pilot9,1740945895027.0,25.929688
pilot9,1740945904388.0,25.726562
pilot9,1740945915189.0,25.507812
pilot9,1740945927971.0,25.304688
pilot9,1740945940032.0,25.085938
pilot9,1740945954255.0,24.875
pilot9,1740945969737.0,24.65625
pilot9,1740945985938.0,24.453125
pilot9,1740946004480.0,24.25
pilot9,1740946023203.0,24.046875
pilot9,1740946075230.0,23.84375
pilot9,1740946097911.0,23.640625
pilot9,1740946159120.0,23.429688
pilot9,1740946185944.0,23.226562
pilot9,1740946217628.0,23.015625
pilot9,1740946257412.0,22.8125
pilot9,1740946292339.0,22.609375
pilot9,1740946324381.0,22.398438
pilot9,1740946360566.0,22.195312
pilot9,1740946407733.0,21.992188
pilot9,1740946448237.0,21.789062
pilot9,1740946560391.0,21.585938
pilot9,1740946599636.0,21.382812
pilot9,1740946695408.0,21.179688
pilot9,1740946755356.0,20.976562
pilot9,1740946801082.0,20.773438
pilot9,1740946858329.0,20.5625
pilot9,1740947003067.0,20.359375
pilot9,1740947064456.0,20.148438
pilot9,1740947125844.0,19.945312
pilot9,1740947304066.0,19.742188
pilot9,1740947459426.0,19.539062
pilot9,1740947729820.0,19.328125
pilot9,1740948519940.0,19.125
pilot9,1740948632446.0,19.328125
pilot9,1740948799336.0,19.125
pilot9,1740960268478.0,32.234375
pilot9,1740960395596.0,32.4375
pilot9,1740960590315.0,222.19531
pilot9,1740960590376.0,32.398438
pilot9,1740960600301.0,222.17188
pilot9,1740960600362.0,32.453125
pilot9,1740960640314.0,222.19531
pilot9,1740960640375.0,32.351562
pilot9,1740960735417.0,32.554688
pilot9,1740960765242.0,32.351562
pilot9,1740960880316.0,32.148438
pilot9,1740961220916.0,31.945312
pilot9,1740961262176.0,31.726562
pilot9,1740961427397.0,31.945312
pilot9,1740961726496.0,31.742188
pilot9,1740961754156.0,31.539062
pilot9,1740961789917.0,31.335938
pilot9,1740961805598.0,31.554688
pilot9,1740961866496.0,31.351562
pilot9,1740961870315.0,222.19531
pilot9,1740961870376.0,31.359375
pilot9,1740961990307.0,223.95312
pilot9,1740961990369.0,31.289062
pilot9,1740962038116.0,31.085938
pilot9,1740962165594.0,31.289062
pilot9,1740962446683.0,31.078125
pilot9,1740962455415.0,30.875
pilot9,1740962466675.0,30.671875
pilot9,1740962476856.0,30.460938
pilot9,1740962575053.0,30.257812
pilot9,1740962591271.0,30.054688
pilot9,1740962824694.0,29.851562
pilot9,1740962852536.0,30.054688
pilot9,1740963131454.0,29.851562
pilot9,1740963162176.0,30.054688
pilot9,1740963197756.0,29.851562
pilot9,1740963258115.0,29.648438
pilot9,1740963330313.0,222.19531
pilot9,1740963330374.0,29.570312
pilot9,1740963433615.0,29.773438
pilot9,1740963486674.0,29.984375
pilot9,1740963501811.0,30.1875
pilot9,1740963544154.0,29.984375
pilot9,1740963619914.0,30.1875
pilot9,1740963697394.0,30.390625
pilot9,1740963704515.0,30.59375
pilot9,1740963711090.0,30.796875
pilot9,1740963815594.0,31.0
pilot9,1740963950312.0,222.78125
pilot9,1740963950374.0,31.1875
pilot9,1740964043074.0,31.398438
pilot9,1740964076854.0,31.601562
pilot9,1740964133790.0,31.8125
pilot9,1740964260309.0,222.19531
pilot9,1740964260370.0,31.8125
pilot9,1740964341816.0,31.609375
pilot9,1740964374684.0,31.8125
pilot9,1740964380307.0,242.77344
pilot9,1740964380369.0,31.835938
pilot9,1740964466116.0,31.632812
pilot9,1740964487934.0,31.835938
pilot9,1740964703610.0,32.039062
pilot9,1740964710298.0,242.78906
pilot9,1740964710359.0,32.039062
pilot9,1740964807025.0,32.25
pilot10,1741608119969.0,33.46875
pilot10,1741608146548.0,33.265625
pilot10,1741608186190.0,33.0625
pilot10,1741608231688.0,32.851562
pilot10,1741608266906.0,32.648438
pilot10,1741608283851.0,32.429688
pilot10,1741608290188.0,32.226562
pilot10,1741608302770.0,32.015625
pilot10,1741608379252.0,31.8125
pilot10,1741608510192.0,222.44531
pilot10,1741608510254.0,31.742188
pilot10,1741608558713.0,31.953125
pilot10,1741608845113.0,32.15625
pilot10,1741608942411.0,32.359375
pilot10,1741609117091.0,32.15625
pilot10,1741609188170.0,31.953125
pilot10,1741609250198.0,223.91406
pilot10,1741609250260.0,31.992188
pilot10,1741609663375.0,31.78125
pilot10,1741609958354.0,31.984375
pilot10,1741610029076.0,32.1875
pilot10,1741610266919.0,32.390625
pilot10,1741610374570.0,32.179688
pilot10,1741610525299.0,31.976562
pilot10,1741610537312.0,31.773438
pilot10,1741610547800.0,31.570312
pilot10,1741610602239.0,31.367188
pilot10,1741610634576.0,31.164062
pilot10,1741610653845.0,30.960938
pilot10,1741611058379.0,30.757812
pilot10,1741640466398.0,35.03125
pilot10,1741640487269.0,35.234375
pilot10,1741640608889.0,35.4375
pilot10,1741640824385.0,35.234375
pilot10,1741640843483.0,35.023438
pilot10,1741640870901.0,34.820312
pilot10,1741640902575.0,34.617188
pilot10,1741640937076.0,34.414062
pilot10,1741641013664.0,34.210938
pilot10,1741641030327.0,34.414062
pilot10,1741641064923.0,34.625
pilot10,1741641158529.0,34.828125
pilot10,1741615261420.0,31.632812
pilot10,1741615269341.0,31.835938
pilot10,1741615274946.0,32.039062
pilot10,1741615281707.0,32.242188
pilot10,1741615312061.0,32.445312
pilot10,1741615365482.0,32.648438
pilot10,1741615380799.0,32.859375
pilot10,1741615398746.0,33.0625
pilot10,1741615417821.0,33.265625
pilot10,1741615439261.0,33.46875
pilot10,1741615466561.0,33.671875
pilot10,1741615497280.0,33.875
pilot10,1741615531742.0,34.085938
pilot10,1741615579440.0,34.296875
pilot10,1741615615119.0,34.5
pilot10,1741615663146.0,34.703125
pilot10,1741615713143.0,34.90625
pilot10,1741615761519.0,35.109375
pilot10,1741615813504.0,35.3125
pilot10,1741615927823.0,35.515625
pilot10,1741615956382.0,35.71875
pilot10,1741616257108.0,35.515625
pilot10,1741616270628.0,35.3125
pilot10,1741616285489.0,35.101562
pilot10,1741616315308.0,34.898438
pilot10,1741616340628.0,34.695312
pilot10,1741616374047.0,34.492188
pilot10,1741616399611.0,34.289062
pilot10,1741616425354.0,34.085938
pilot10,1741616450557.0,33.882812
pilot10,1741616471980.0,33.671875
pilot10,1741590068820.0,32.8125
pilot10,1741590092942.0,33.015625
pilot10,1741590167832.0,33.21875
pilot10,1741590182420.0,33.429688
pilot10,1741590195923.0,33.640625
pilot10,1741590328060.0,33.84375
pilot10,1741590512403.0,34.046875
pilot10,1741590545527.0,34.25
pilot10,1741590672445.0,34.453125
pilot10,1741590744994.0,34.25
pilot10,1741590753995.0,34.039062
pilot10,1741590764616.0,33.828125
pilot10,1741590774158.0,33.625
pilot10,1741590832305.0,33.414062
pilot10,1741590847607.0,33.210938
pilot10,1741590860209.0,32.992188
pilot10,1741590889372.0,33.195312
pilot10,1741590899813.0,33.398438
pilot10,1741590944995.0,33.601562
pilot10,1741590988024.0,33.382812
pilot10,1741591012141.0,33.164062
pilot10,1741591024211.0,32.960938
pilot10,1741591036812.0,32.75
pilot10,1741591050493.0,32.539062
pilot10,1741591075877.0,32.335938
pilot10,1741591105041.0,32.132812
pilot10,1741591120343.0,31.929688
pilot10,1741591139065.0,31.726562
pilot10,1741591181011.0,31.523438
pilot10,1741591203873.0,31.726562
pilot10,1741591212515.0,31.929688
pilot10,1741591239878.0,31.726562
pilot10,1741591251940.0,31.523438
pilot10,1741591285239.0,31.3125
pilot10,1741591308103.0,31.515625
pilot10,1741591324305.0,31.71875
pilot10,1741591419179.0,31.507812
pilot10,1741591432864.0,31.304688
pilot10,1741591469585.0,31.101562
pilot10,1741591499466.0,31.304688
pilot10,1741591515490.0,31.507812
pilot10,1741591534212.0,31.710938
pilot10,1741591548974.0,31.929688
pilot10,1741591562297.0,32.140625
pilot10,1741591601721.0,32.34375
pilot10,1741591636285.0,32.546875
pilot10,1741591680391.0,32.75
pilot10,1741591721436.0,32.953125
pilot10,1741591746103.0,32.75
pilot10,1741591755465.0,32.546875
pilot10,1741591790030.0,32.335938
pilot10,1741591801011.0,32.125
pilot10,1741591821175.0,31.914062
pilot10,1741591836657.0,31.695312
pilot10,1741591853038.0,31.492188
pilot10,1741591868520.0,31.289062
pilot10,1741591884720.0,31.492188
pilot10,1741591920543.0,31.695312
pilot10,1741591930808.0,31.90625
pilot10,1741591963564.0,32.109375
pilot10,1741592014339.0,31.898438
pilot10,1741592025861.0,31.695312
pilot10,1741592044223.0,31.492188
pilot10,1741592058625.0,31.28125
pilot10,1741592073566.0,31.078125
pilot10,1741592133335.0,30.875
pilot10,1741592148097.0,30.671875
pilot10,1741592186261.0,30.46875
pilot10,1741592202823.0,30.265625
pilot10,1741592243149.0,30.484375
pilot10,1741592251970.0,30.703125
pilot10,1741592263133.0,30.914062
pilot10,1741592283114.0,30.703125
pilot10,1741592307413.0,30.492188
pilot10,1741592321996.0,30.289062
pilot10,1741592339101.0,30.085938
pilot10,1741592361781.0,30.289062
pilot10,1741592376181.0,30.492188
pilot10,1741592394365.0,30.695312
pilot10,1741592419389.0,30.492188
pilot10,1741592433253.0,30.289062
pilot10,1741592449095.0,30.085938
pilot10,1741592469251.0,30.296875
pilot10,1741592507963.0,30.09375
pilot10,1741592547380.0,30.296875
pilot10,1741592562143.0,30.5
pilot10,1741592574748.0,30.703125
pilot10,1741592585733.0,30.914062
pilot10,1741592604453.0,31.117188
pilot10,1741592633975.0,31.320312
pilot10,1741592691227.0,31.109375
pilot10,1741592702209.0,30.898438
pilot10,1741592758016.0,30.6875
pilot10,1741592773678.0,30.484375
pilot10,1741592801756.0,30.6875
pilot10,1741592817598.0,30.890625
pilot10,1741592837762.0,31.101562
pilot10,1741592866745.0,31.304688
pilot10,1741592891948.0,31.507812
pilot10,1741592908153.0,31.710938
pilot10,1741592920758.0,31.914062
pilot10,1741592982866.0,32.117188
pilot10,1741592998887.0,31.914062
pilot10,1741593007529.0,31.695312
pilot10,1741593026610.0,31.484375
pilot10,1741593039212.0,31.28125
pilot10,1741593051634.0,31.070312
pilot10,1741593069081.0,30.867188
pilot10,1741593119143.0,30.65625
pilot10,1741593135885.0,30.453125
pilot10,1741593174231.0,30.25
pilot10,1741593192233.0,30.046875
pilot10,1741593221390.0,30.25
pilot10,1741593229311.0,30.453125
pilot10,1741593266044.0,30.25
pilot10,1741593289985.0,30.039062
pilot10,1741644422391.0,30.65625
pilot10,1741644480537.0,30.859375
pilot10,1741644509882.0,31.078125
pilot10,1741644518700.0,31.28125
pilot10,1741644524281.0,31.507812
pilot10,1741644625097.0,31.726562
pilot10,1741644630496.0,31.929688
pilot10,1741644636257.0,32.132812
pilot10,1741644642920.0,32.351562
pilot10,1741644687924.0,32.148438
pilot10,1741644767314.0,32.351562
pilot10,1741644858769.0,32.148438
pilot10,1741644950760.0,32.351562
pilot10,1741644957780.0,32.554688
pilot10,1741644965160.0,32.765625
pilot10,1741644973263.0,32.96875
pilot10,1741645044192.0,32.765625
pilot10,1741645169129.0,32.554688
pilot10,1741645274803.0,32.773438
pilot10,1741645281640.0,32.976562
pilot10,1741645287942.0,33.179688
pilot10,1741645293885.0,33.382812
pilot10,1741645300726.0,33.601562
pilot10,1741645325749.0,33.398438
pilot10,1741645365535.0,33.1875
pilot10,1741645483630.0,32.984375
pilot10,1741645497129.0,33.203125
pilot10,1741645501989.0,33.414062
pilot10,1741645507390.0,33.632812
pilot10,1741645583182.0,33.835938
pilot10,1741645590024.0,34.039062
pilot10,1741645597404.0,34.242188
pilot10,1741645605505.0,34.445312
pilot10,1741645703438.0,34.65625
pilot10,1741645712798.0,34.875
pilot10,1741645747899.0,34.671875
pilot10,1741645791466.0,34.875
pilot10,1741645898042.0,35.078125
pilot10,1741645907041.0,35.28125
pilot10,1741645917122.0,35.484375
pilot10,1741645952231.0,35.28125
pilot10,1741645999033.0,35.484375
pilot10,1741646045661.0,35.6875
pilot10,1741646088509.0,35.890625
pilot10,1741646104707.0,36.09375
pilot10,1741646119830.0,36.296875
pilot10,1741646136932.0,36.5
pilot10,1741646160695.0,36.703125
pilot10,1741646183918.0,36.90625
pilot10,1741646209659.0,37.117188
pilot10,1741646234867.0,37.320312
pilot10,1741646251610.0,37.523438
pilot10,1741646467817.0,37.320312
pilot10,1741646473759.0,37.109375
pilot10,1741646488881.0,36.90625
pilot10,1741646535502.0,37.125
pilot10,1741646541444.0,36.921875
pilot10,1741646554230.0,36.71875
pilot10,1741646568092.0,36.515625
pilot10,1741646579974.0,36.3125
pilot10,1741646589154.0,36.109375
pilot10,1741646622094.0,36.320312
pilot10,1741646634520.0,36.53125
pilot10,1741646642442.0,36.328125
pilot10,1741646648202.0,36.125
pilot10,1741646654502.0,35.921875
pilot10,1741646690498.0,36.132812
pilot10,1741646726510.0,35.921875
pilot10,1741646734433.0,35.710938
pilot10,1741646742714.0,35.492188
pilot10,1741646761256.0,35.289062
pilot10,1741646769178.0,35.085938
pilot10,1741646779079.0,34.875
pilot10,1741646823901.0,34.65625
pilot10,1741646833624.0,34.453125
pilot10,1741646859185.0,34.65625
pilot10,1741646876112.0,34.867188
pilot10,1741646891954.0,34.664062
pilot10,1741646900235.0,34.460938
pilot10,1741646908156.0,34.257812
pilot10,1741646929939.0,34.046875
pilot10,1741646996721.0,34.257812
pilot10,1741647040288.0,34.46875
pilot10,1741647091054.0,34.679688
pilot10,1741647163602.0,34.898438
pilot10,1741647186289.0,35.101562
pilot10,1741647408076.0,35.304688
pilot10,1741662112297.0,31.734375
pilot10,1741662167562.0,31.9375
pilot10,1741662183766.0,32.148438
pilot10,1741662238672.0,32.351562
pilot10,1741662300598.0,32.570312
pilot10,1741662362530.0,32.773438
pilot10,1741662384312.0,32.570312
pilot10,1741662393495.0,32.367188
pilot10,1741662402858.0,32.148438
pilot10,1741662414740.0,31.9375
pilot10,1741662465326.0,31.71875
pilot10,1741662477027.0,31.507812
pilot10,1741662497911.0,31.304688
pilot10,1741662512312.0,31.085938
pilot10,1741662529770.0,31.289062
pilot10,1741662538950.0,31.515625
pilot10,1741662553174.0,31.71875
pilot10,1741662594219.0,31.921875
pilot10,1741662632564.0,32.132812
pilot10,1741662673074.0,31.929688
pilot10,1741662682794.0,31.710938
pilot10,1741662693595.0,31.507812
pilot10,1741662713578.0,31.304688
pilot10,1741662726900.0,31.085938
pilot10,1741662764164.0,30.875
pilot10,1741662777665.0,30.664062
pilot10,1741662818533.0,30.460938
pilot10,1741662836894.0,30.25
pilot10,1741662854717.0,30.046875
pilot10,1741662871639.0,30.25
pilot10,1741662880282.0,30.460938
pilot10,1741662935547.0,30.257812
pilot10,1741662950849.0,30.054688
pilot10,1741662965971.0,29.851562
pilot10,1741663016554.0,29.640625
pilot10,1741663038701.0,29.4375
pilot10,1741663096308.0,29.226562
pilot10,1741663120430.0,29.023438
pilot10,1741663194241.0,29.226562
pilot10,1741663201802.0,29.429688
pilot10,1741663213144.0,29.640625
pilot10,1741663225565.0,29.4375
pilot10,1741663241769.0,29.21875
pilot10,1741663277232.0,29.015625
pilot10,1741663298115.0,28.8125
pilot10,1741663339340.0,28.601562
pilot10,1741663460675.0,28.398438
pilot10,1741663491460.0,28.195312
pilot10,1741663506581.0,28.40625
pilot10,1741663513238.0,28.617188
pilot10,1741663520260.0,28.820312
pilot10,1741663564368.0,29.023438
pilot10,1741663572825.0,29.265625
pilot10,1741663587588.0,29.46875
pilot10,1741663603970.0,29.671875
pilot10,1741663617472.0,29.875
pilot10,1741663633674.0,30.078125
pilot10,1741663655277.0,30.28125
pilot10,1741663680659.0,30.484375
pilot10,1741663706766.0,30.6875
pilot10,1741663743313.0,30.484375
pilot10,1741663758074.0,30.28125
pilot10,1741663773197.0,30.070312
pilot10,1741663804513.0,30.273438
pilot10,1741663820359.0,30.492188
pilot10,1741663847004.0,30.695312
pilot10,1741663856727.0,30.914062
pilot10,1741663869685.0,31.125
pilot10,1741663886971.0,30.914062
pilot10,1741663897953.0,30.703125
pilot10,1741663911274.0,30.484375
pilot10,1741663967078.0,30.6875
pilot10,1741663981117.0,30.890625
pilot10,1741664000201.0,31.101562
pilot10,1741664028465.0,31.3125
pilot10,1741664060689.0,31.515625
pilot10,1741664092012.0,31.71875
pilot10,1741664128737.0,31.515625
pilot10,1741664142785.0,31.3125
pilot10,1741664164748.0,31.515625
pilot10,1741664174831.0,31.734375
pilot10,1741664191210.0,31.53125
pilot10,1741664203632.0,31.328125
pilot10,1741664215694.0,31.125
pilot10,1741664229196.0,30.921875
pilot10,1741664245398.0,30.71875
pilot10,1741664278162.0,30.507812
pilot10,1741664297065.0,30.296875
pilot10,1741664317407.0,30.085938
pilot10,1741664372314.0,29.882812
pilot10,1741664399318.0,29.679688
pilot10,1741664421280.0,29.46875
pilot10,1741664449366.0,29.265625
pilot10,1741664483389.0,29.46875
pilot10,1741664491130.0,29.671875
pilot10,1741664500668.0,29.890625
pilot10,1741664517234.0,29.6875
pilot10,1741664531635.0,29.484375
pilot10,1741664570700.0,29.273438
pilot10,1741664631188.0,29.0625
pilot10,1741664652970.0,28.859375
pilot10,1741664678174.0,28.65625
pilot10,1741664755224.0,28.445312
pilot10,1741664819852.0,28.648438
pilot10,1741664827055.0,28.859375
pilot10,1741664836953.0,29.0625
pilot10,1741664856753.0,28.859375
pilot10,1741664894562.0,28.648438
pilot10,1741664917061.0,28.445312
pilot10,1741664944607.0,28.242188
pilot10,1741664998075.0,28.039062
pilot10,1741665027059.0,27.835938
pilot10,1741665124812.0,28.039062
pilot10,1741665132011.0,28.242188
pilot10,1741665140471.0,28.445312
pilot10,1741665175039.0,28.234375
pilot10,1741665198982.0,28.03125
pilot10,1741665279452.0,27.828125
pilot10,1741665332916.0,28.03125
pilot10,1741665380085.0,27.828125
pilot10,1741665424908.0,28.039062
pilot10,1741665436247.0,28.242188
pilot10,1741665445429.0,28.445312
pilot10,1741665454252.0,28.65625
pilot10,1741665490080.0,28.445312
pilot10,1741665522121.0,28.242188
pilot10,1741600864290.0,32.65625
pilot10,1741600871852.0,32.859375
pilot10,1741600885711.0,33.0625
pilot10,1741600913977.0,32.859375
pilot10,1741600924058.0,32.65625
pilot10,1741600935399.0,32.445312
pilot10,1741600955382.0,32.242188
pilot10,1741600974461.0,32.039062
pilot10,1741600992287.0,31.835938
pilot10,1741601038008.0,32.039062
pilot10,1741601054036.0,32.242188
pilot10,1741601075097.0,32.445312
pilot10,1741601104434.0,32.648438
pilot10,1741601134323.0,32.851562
pilot10,1741601173027.0,33.0625
pilot10,1741601216776.0,33.273438
pilot10,1741601228834.0,33.070312
pilot10,1741601239099.0,32.867188
pilot10,1741601263398.0,33.070312
pilot10,1741601309128.0,32.867188
pilot10,1741601320290.0,32.664062
pilot10,1741601355034.0,32.453125
pilot10,1741601389599.0,32.25
pilot10,1741601414982.0,32.046875
pilot10,1741601434604.0,31.84375
pilot10,1741601447383.0,32.046875
pilot10,1741601461787.0,32.25
pilot10,1741601478706.0,32.453125
pilot10,1741601510395.0,32.65625
pilot10,1741601541719.0,32.859375
pilot10,1741601557380.0,33.0625
pilot10,1741601590145.0,33.273438
pilot10,1741601641267.0,33.476562
pilot10,1741619042844.0,31.445312
pilot10,1741619055849.0,31.648438
pilot10,1741619068189.0,31.859375
pilot10,1741619082607.0,32.0625
pilot10,1741619102248.0,32.265625
pilot10,1741619120629.0,32.476562
pilot10,1741619144051.0,32.679688
pilot10,1741619177467.0,32.882812
pilot10,1741619213868.0,33.085938
pilot10,1741619240626.0,33.289062
pilot10,1741619286207.0,33.5
pilot10,1741619335129.0,33.703125
pilot10,1741619402426.0,33.914062
pilot10,1741619438727.0,34.117188
pilot10,1741619482787.0,34.320312
pilot10,1741619520205.0,223.92969
pilot10,1741619520267.0,34.484375
pilot10,1741619589628.0,34.28125
pilot10,1741619600213.0,222.23438
pilot10,1741619600274.0,34.195312
pilot10,1741619620992.0,33.976562
pilot10,1741619649632.0,33.773438
pilot10,1741619695131.0,33.976562
pilot10,1741619755665.0,34.179688
pilot10,1741619783506.0,34.382812
pilot10,1741619849450.0,34.585938
pilot10,1741619976048.0,34.796875
pilot10,1741620017104.0,35.007812
pilot10,1741620042243.0,35.210938
pilot10,1741620202612.0,35.007812
pilot10,1741620220633.0,34.804688
pilot10,1741620234773.0,34.601562
pilot10,1741620258554.0,34.390625
pilot10,1741600864290.0,32.65625
pilot10,1741600871852.0,32.859375
pilot10,1741600885711.0,33.0625
pilot10,1741600913977.0,32.859375
pilot10,1741600924058.0,32.65625
pilot10,1741600935399.0,32.445312
pilot10,1741600955382.0,32.242188
pilot10,1741600974461.0,32.039062
pilot10,1741600992287.0,31.835938
pilot10,1741601038008.0,32.039062
pilot10,1741601054036.0,32.242188
pilot10,1741601075097.0,32.445312
pilot10,1741601104434.0,32.648438
pilot10,1741601134323.0,32.851562
pilot10,1741601173027.0,33.0625
pilot10,1741601216776.0,33.273438
pilot10,1741601228834.0,33.070312
pilot10,1741601239099.0,32.867188
pilot10,1741601263398.0,33.070312
pilot10,1741601309128.0,32.867188
pilot10,1741601320290.0,32.664062
pilot10,1741601355034.0,32.453125
pilot10,1741601389599.0,32.25
pilot10,1741601414982.0,32.046875
pilot10,1741601434604.0,31.84375
pilot10,1741601447383.0,32.046875
pilot10,1741601461787.0,32.25
pilot10,1741601478706.0,32.453125
pilot10,1741601510395.0,32.65625
pilot10,1741601541719.0,32.859375
pilot10,1741601557380.0,33.0625
pilot10,1741601590145.0,33.273438
pilot10,1741601641267.0,33.476562
pilot10,1741604643023.0,26.453125
pilot10,1741604682088.0,26.65625
pilot10,1741604700087.0,26.859375
pilot10,1741604709448.0,27.0625
pilot10,1741604717729.0,27.265625
pilot10,1741604765259.0,27.46875
pilot10,1741604929978.0,27.671875
pilot10,1741604936637.0,27.875
pilot10,1741604944923.0,28.085938
pilot10,1741605000911.0,27.882812
pilot10,1741605188855.0,27.679688
pilot10,1741605228640.0,27.882812
pilot10,1741605236201.0,28.09375
pilot10,1741605244302.0,28.296875
pilot10,1741605252943.0,28.507812
pilot10,1741605273825.0,28.304688
pilot10,1741605298129.0,28.101562
pilot10,1741605332154.0,28.304688
pilot10,1741605333594.0,28.53125
pilot10,1741605335519.0,28.734375
pilot10,1741605338040.0,28.945312
pilot10,1741605340612.0,29.15625
pilot10,1741605341871.0,29.359375
pilot10,1741605343312.0,29.5625
pilot10,1741605346192.0,29.765625
pilot10,1741605351694.0,29.96875
pilot10,1741605356917.0,30.179688
pilot10,1741605368352.0,30.382812
pilot10,1741605413673.0,30.585938
pilot10,1741605467992.0,30.789062
pilot10,1741605495293.0,31.0
pilot10,1741605506914.0,31.203125
pilot10,1741605516367.0,31.414062
pilot10,1741605565471.0,31.617188
pilot10,1741605576007.0,31.820312
pilot10,1741605658533.0,31.617188
pilot10,1741605750450.0,31.835938
pilot10,1741605761788.0,32.039062
pilot10,1741605821021.0,31.835938
pilot10,1741605841001.0,31.632812
pilot10,1741605889602.0,31.835938
pilot10,1741605899684.0,32.046875
pilot10,1741605940375.0,31.84375
pilot10,1741605992761.0,31.640625
pilot10,1741606016884.0,31.4375
pilot10,1741606057927.0,31.234375
pilot10,1741606126158.0,31.023438
pilot10,1741606202844.0,31.234375
pilot10,1741606220849.0,31.4375
pilot10,1741606253075.0,31.234375
pilot10,1741606292320.0,31.03125
pilot10,1741606414372.0,31.242188
pilot10,1741606428234.0,31.445312
pilot10,1741606452178.0,31.648438
pilot10,1741606461178.0,31.851562
pilot10,1741606473960.0,32.054688
pilot10,1741606489266.0,32.257812
pilot10,1741606515190.0,32.460938
pilot10,1741606536792.0,32.664062
pilot10,1741606553534.0,32.867188
pilot10,1741606569736.0,33.078125
pilot10,1741606598173.0,33.28125
pilot10,1741606644618.0,33.5
pilot10,1741606679903.0,33.289062
pilot10,1741606714108.0,33.085938
pilot10,1741606954222.0,33.289062
pilot10,1741606996729.0,33.492188
pilot10,1741607096190.0,33.695312
pilot10,1741607153308.0,33.898438
pilot10,1741607177447.0,34.109375
pilot10,1741607207091.0,33.890625
pilot10,1741607211327.0,33.6875
pilot10,1741607280429.0,33.890625
pilot10,1741607317088.0,33.679688
pilot10,1741607322768.0,33.476562
pilot10,1741607680435.0,33.257812
pilot10,1741607870255.0,33.460938
pilot10,1741607927272.0,33.671875
pilot10,1741633133907.0,24.25
pilot10,1741633140388.0,24.046875
pilot10,1741633148130.0,23.84375
pilot10,1741633158392.0,23.640625
pilot10,1741633167212.0,23.4375
pilot10,1741633180355.0,23.21875
pilot10,1741633200875.0,23.015625
pilot10,1741633210596.0,22.8125
pilot10,1741633219059.0,22.601562
pilot10,1741633232744.0,22.398438
pilot10,1741633299180.0,22.601562
pilot10,1741633304917.0,22.804688
pilot10,1741633311691.0,23.007812
pilot10,1741633318717.0,23.21875
pilot10,1741633326365.0,23.429688
pilot10,1741633338340.0,23.640625
pilot10,1741633351145.0,23.851562
pilot10,1741633400145.0,23.648438
pilot10,1741633437985.0,23.867188
pilot10,1741633446365.0,23.65625
pilot10,1741633452045.0,23.453125
pilot10,1741633458345.0,23.234375
pilot10,1741633471324.0,23.03125
pilot10,1741633498165.0,23.242188
pilot10,1741633511865.0,23.453125
pilot10,1741633539598.0,23.664062
pilot10,1741633572760.0,23.867188
pilot10,1741633592581.0,24.070312
pilot10,1741633613659.0,23.851562
pilot10,1741633644199.0,24.054688
pilot10,1741633654019.0,24.28125
pilot10,1741633686180.0,24.484375
pilot10,1741633696227.0,24.695312
pilot10,1741633702759.0,24.90625
pilot10,1741633709600.0,25.109375
pilot10,1741633719057.0,25.320312
pilot10,1741633741325.0,25.523438
pilot10,1741633764379.0,25.734375
pilot10,1741633772582.0,25.9375
pilot10,1741633780141.0,26.148438
pilot10,1741633840319.0,26.351562
pilot10,1741633882938.0,26.148438
pilot10,1741633902579.0,25.9375
pilot10,1741633912578.0,25.734375
pilot10,1741633925278.0,25.53125
pilot10,1741633940138.0,25.320312
pilot10,1741634004558.0,25.117188
pilot10,1741634029780.0,25.320312
pilot10,1741634062217.0,25.523438
pilot10,1741634079599.0,25.726562
pilot10,1741634089960.0,25.9375
pilot10,1741634105825.0,26.140625
pilot10,1741634217983.0,25.9375
pilot10,1741634235282.0,25.734375
pilot10,1741634246181.0,25.53125
pilot10,1741634269781.0,25.320312
pilot10,1741634279782.0,25.109375
pilot10,1741634334740.0,24.90625
pilot10,1741634374020.0,25.109375
pilot10,1741634393120.0,25.3125
pilot10,1741634420961.0,25.515625
pilot10,1741634440681.0,25.304688
pilot10,1741634473841.0,25.101562
pilot10,1741634480961.0,24.890625
pilot10,1741634501320.0,24.679688
pilot10,1741634510961.0,24.453125
pilot10,1741634549602.0,24.25
pilot10,1741634557260.0,24.046875
pilot10,1741634565639.0,23.835938
pilot10,1741634575639.0,23.609375
pilot10,1741634587618.0,23.40625
pilot10,1741634617439.0,23.203125
pilot10,1741634648697.0,22.984375
pilot10,1741634667617.0,22.78125
pilot10,1741634677078.0,22.578125
pilot10,1741634685278.0,22.367188
pilot10,1741634694379.0,22.164062
pilot10,1741634705282.0,21.960938
pilot10,1741634716902.0,21.75
pilot10,1741634737624.0,21.960938
pilot10,1741634743845.0,22.164062
pilot10,1741634750974.0,22.367188
pilot10,1741634787088.0,22.570312
pilot10,1741634828167.0,22.351562
pilot10,1741634862589.0,22.148438
pilot10,1741634877089.0,21.945312
pilot10,1741634939787.0,22.15625
pilot10,1741634947266.0,22.359375
pilot10,1741634964433.0,22.5625
pilot10,1741634970011.0,22.78125
pilot10,1741634994025.0,22.984375
pilot10,1741635024927.0,22.78125
pilot10,1741635064926.0,22.984375
pilot10,1741635109607.0,23.1875
pilot10,1741635127986.0,23.390625
pilot10,1741635157442.0,23.1875
pilot10,1741635164020.0,22.976562
pilot10,1741635181325.0,22.765625
pilot10,1741635213296.0,22.976562
pilot10,1741635236985.0,23.195312
pilot10,1741635249777.0,23.398438
pilot10,1741635275277.0,23.601562
pilot10,1741635288159.0,23.804688
pilot10,1741635335866.0,24.007812
pilot10,1741635368338.0,23.804688
pilot10,1741635379240.0,23.601562
pilot10,1741635380901.0,242.21094
pilot10,1741635380962.0,23.632812
pilot10,1741635407258.0,23.835938
pilot10,1741635413491.0,24.046875
pilot10,1741635420513.0,24.25
pilot10,1741635453302.0,24.046875
pilot10,1741635468883.0,23.84375
pilot10,1741635521856.0,24.046875
pilot10,1741635540897.0,222.29688
pilot10,1741635540958.0,24.117188
pilot10,1741635552576.0,24.320312
pilot10,1741635568877.0,24.117188
pilot10,1741635582575.0,23.914062
pilot10,1741635626023.0,24.117188
pilot10,1741635670504.0,24.359375
pilot10,1741635696361.0,24.15625
pilot10,1741635710959.0,23.953125
pilot10,1741635716540.0,23.75
pilot10,1741635721868.0,23.546875
pilot10,1741635732221.0,23.34375
pilot10,1741635758701.0,23.554688
pilot10,1741635774020.0,23.765625
pilot10,1741635781138.0,23.96875
pilot10,1741635822038.0,24.171875
pilot10,1741635826722.0,24.382812
pilot10,1741635832946.0,24.585938
pilot10,1741635849969.0,24.789062
pilot10,1741635882236.0,25.0
pilot10,1741635893127.0,25.203125
pilot10,1741635899787.0,25.421875
pilot10,1741635918349.0,25.625
pilot10,1741635946369.0,25.414062
pilot10,1741635959804.0,25.195312
pilot10,1741635972767.0,24.984375
pilot10,1741636007447.0,25.203125
pilot10,1741636014566.0,25.40625
pilot10,1741636027087.0,25.609375
pilot10,1741636036006.0,25.8125
pilot10,1741636042946.0,26.015625
pilot10,1741636057128.0,26.226562
pilot10,1741636085287.0,26.015625
pilot10,1741636090687.0,25.804688
pilot10,1741636095828.0,25.601562
pilot10,1741636122586.0,25.398438
pilot10,1741636144567.0,25.617188
pilot10,1741636151506.0,25.828125
pilot10,1741636187987.0,26.03125
pilot10,1741636217808.0,25.8125
pilot10,1741636223127.0,25.601562
pilot10,1741636227987.0,25.382812
pilot10,1741636235827.0,25.179688
pilot10,1741636243307.0,24.976562
pilot10,1741636276549.0,25.179688
pilot10,1741636296018.0,24.96875
pilot10,1741636304930.0,24.765625
pilot10,1741636315827.0,24.5625
pilot10,1741636356907.0,24.359375
pilot10,1741636363487.0,24.140625
pilot10,1741636369608.0,23.9375
pilot10,1741636374567.0,23.71875
pilot10,1741636379068.0,23.5
pilot10,1741636383126.0,23.296875
pilot10,1741636392047.0,23.09375
pilot10,1741636405829.0,23.304688
pilot10,1741636411146.0,23.507812
pilot10,1741636415827.0,23.71875
pilot10,1741636421686.0,23.921875
pilot10,1741636428167.0,24.125
pilot10,1741636435109.0,24.335938
pilot10,1741636441507.0,24.539062
pilot10,1741636447267.0,24.75
pilot10,1741636454026.0,24.96875
pilot10,1741636460687.0,25.171875
pilot10,1741636470970.0,25.382812
pilot10,1741636479791.0,25.59375
pilot10,1741636488708.0,25.796875
pilot10,1741636495467.0,26.0
pilot10,1741636502228.0,26.210938
pilot10,1741636508709.0,26.4375
pilot10,1741636514209.0,26.65625
pilot10,1741636521507.0,26.859375
pilot10,1741636537085.0,27.070312
pilot10,1741636547803.0,27.273438
pilot10,1741636564926.0,27.476562
pilot10,1741593738237.0,31.296875
pilot10,1741593764703.0,31.5
pilot10,1741593809173.0,31.296875
pilot10,1741593850033.0,31.5
pilot10,1741593899722.0,31.296875
pilot10,1741593926548.0,31.5
pilot10,1741593936270.0,31.710938
pilot10,1741593961113.0,31.507812
pilot10,1741593989016.0,31.296875
pilot10,1741594003598.0,31.085938
pilot10,1741594019621.0,30.882812
pilot10,1741594075967.0,30.679688
pilot10,1741594097210.0,30.46875
pilot10,1741594130875.0,30.25
pilot10,1741594174080.0,30.039062
pilot10,1741594198563.0,29.835938
pilot10,1741594225567.0,29.632812
pilot10,1741594241589.0,29.84375
pilot10,1741594248971.0,30.046875
pilot10,1741594255991.0,30.25
pilot10,1741594311439.0,30.046875
pilot10,1741594343842.0,29.835938
pilot10,1741594366705.0,29.632812
pilot10,1741594410446.0,29.835938
pilot10,1741594467338.0,29.632812
pilot10,1741594489121.0,29.429688
pilot10,1741594506039.0,29.632812
pilot10,1741594560950.0,29.835938
pilot10,1741594569231.0,30.046875
pilot10,1741594578952.0,30.25
pilot10,1741594600912.0,30.460938
pilot10,1741594619814.0,30.664062
pilot10,1741594640876.0,30.875
pilot10,1741594666621.0,31.085938
pilot10,1741594706408.0,30.875
pilot10,1741594722972.0,30.671875
pilot10,1741594737374.0,30.46875
pilot10,1741594789039.0,30.265625
pilot10,1741594822885.0,30.0625
pilot10,1741594852770.0,29.851562
pilot10,1741594881753.0,30.054688
pilot10,1741594903355.0,29.851562
pilot10,1741594926035.0,30.054688
pilot10,1741594934136.0,30.257812
pilot10,1741594951962.0,30.460938
pilot10,1741594972124.0,30.257812
pilot10,1741594988866.0,30.054688
pilot10,1741595029192.0,29.851562
pilot10,1741595060333.0,29.648438
pilot10,1741595083739.0,29.445312
pilot10,1741595172310.0,29.242188
pilot10,1741595202374.0,29.039062
pilot10,1741595231357.0,29.242188
pilot10,1741595238379.0,29.453125
pilot10,1741595247199.0,29.664062
pilot10,1741595265198.0,29.460938
pilot10,1741595279784.0,29.257812
pilot10,1741595304087.0,29.054688
pilot10,1741595344413.0,28.835938
pilot10,1741595363132.0,29.039062
pilot10,1741595397519.0,28.835938
pilot10,1741595434424.0,28.632812
pilot10,1741595461247.0,28.429688
pilot10,1741595494911.0,28.632812
pilot10,1741595534517.0,28.429688
pilot10,1741595554499.0,28.632812
pilot10,1741595561701.0,28.835938
pilot10,1741595569627.0,29.039062
pilot10,1741595608327.0,28.835938
pilot10,1741595627769.0,28.625
pilot10,1741595659093.0,28.421875
pilot10,1741595696353.0,28.625
pilot10,1741595707694.0,28.835938
pilot10,1741595719757.0,29.039062
pilot10,1741595761886.0,28.828125
pilot10,1741595807253.0,28.625
pilot10,1741595892763.0,28.828125
pilot10,1741595900141.0,29.046875
pilot10,1741595932909.0,28.84375
pilot10,1741595974670.0,29.046875
pilot10,1741596012480.0,28.84375
pilot10,1741596032101.0,28.632812
pilot10,1741596078726.0,28.429688
pilot10,1741596122114.0,28.226562
pilot10,1741596196644.0,28.4375
pilot10,1741596203844.0,28.648438
pilot10,1741596211405.0,28.851562
pilot10,1741596242909.0,28.632812
pilot10,1741596261453.0,28.429688
pilot10,1741596287015.0,28.226562
pilot10,1741596351824.0,28.015625
pilot10,1741596407086.0,27.8125
pilot10,1741596514205.0,28.015625
pilot10,1741596521586.0,28.226562
pilot10,1741596528601.0,28.429688
pilot10,1741596558670.0,28.21875
pilot10,1741596602776.0,28.015625
pilot10,1741596625819.0,27.8125
pilot10,1741596775419.0,27.601562
pilot10,1741596834646.0,27.8125
pilot10,1741596841843.0,28.015625
pilot10,1741596848505.0,28.21875
pilot10,1741596892614.0,28.015625
pilot10,1741596926278.0,27.804688
pilot10,1741597007648.0,27.601562
pilot10,1741597043288.0,27.8125
pilot10,1741597072457.0,27.609375
pilot10,1741597129705.0,27.820312
pilot10,1741597136906.0,28.03125
pilot10,1741597143566.0,28.242188
pilot10,1741611740439.0,28.085938
pilot10,1741611758180.0,27.882812
pilot10,1741611827816.0,27.671875
pilot10,1741611922422.0,27.882812
pilot10,1741611969980.0,28.085938
pilot10,1741612010205.0,222.4375
pilot10,1741612010266.0,28.234375
pilot10,1741612029979.0,28.4375
pilot10,1741612062060.0,28.648438
pilot10,1741612101517.0,28.851562
pilot10,1741612126378.0,29.054688
pilot10,1741612155477.0,29.257812
pilot10,1741612235477.0,29.460938
pilot10,1741612268002.0,29.664062
pilot10,1741612312783.0,29.875
pilot10,1741612344041.0,30.085938
pilot10,1741612405482.0,30.289062
pilot10,1741612456742.0,30.492188
pilot10,1741612515662.0,30.695312
pilot10,1741612574421.0,30.898438
pilot10,1741612602241.0,31.101562
pilot10,1741612683682.0,31.304688
pilot10,1741612737462.0,31.515625
pilot10,1741612787462.0,31.71875
pilot10,1741612836022.0,31.921875
pilot10,1741612879802.0,32.125
pilot10,1741612925482.0,32.328125
pilot10,1741612979444.0,32.53125
pilot10,1741613037282.0,32.75
pilot10,1741613071519.0,32.953125
pilot10,1741613151159.0,33.179688
pilot10,1741613275120.0,33.382812
pilot10,1741613342959.0,33.585938
pilot10,1741613403142.0,33.796875
pilot10,1741593738237.0,31.296875
pilot10,1741593764703.0,31.5
pilot10,1741593809173.0,31.296875
pilot10,1741593850033.0,31.5
pilot10,1741593899722.0,31.296875
pilot10,1741593926548.0,31.5
pilot10,1741593936270.0,31.710938
pilot10,1741593961113.0,31.507812
pilot10,1741593989016.0,31.296875
pilot10,1741594003598.0,31.085938
pilot10,1741594019621.0,30.882812
pilot10,1741594075967.0,30.679688
pilot10,1741594097210.0,30.46875
pilot10,1741594130875.0,30.25
pilot10,1741594174080.0,30.039062
pilot10,1741594198563.0,29.835938
pilot10,1741594225567.0,29.632812
pilot10,1741594241589.0,29.84375
pilot10,1741594248971.0,30.046875
pilot10,1741594255991.0,30.25
pilot10,1741594311439.0,30.046875
pilot10,1741594343842.0,29.835938
pilot10,1741594366705.0,29.632812
pilot10,1741594410446.0,29.835938
pilot10,1741594467338.0,29.632812
pilot10,1741594489121.0,29.429688
pilot10,1741594506039.0,29.632812
pilot10,1741594560950.0,29.835938
pilot10,1741594569231.0,30.046875
pilot10,1741594578952.0,30.25
pilot10,1741594600912.0,30.460938
pilot10,1741594619814.0,30.664062
pilot10,1741594640876.0,30.875
pilot10,1741594666621.0,31.085938
pilot10,1741594706408.0,30.875
pilot10,1741594722972.0,30.671875
pilot10,1741594737374.0,30.46875
pilot10,1741594789039.0,30.265625
pilot10,1741594822885.0,30.0625
pilot10,1741594852770.0,29.851562
pilot10,1741594881753.0,30.054688
pilot10,1741594903355.0,29.851562
pilot10,1741594926035.0,30.054688
pilot10,1741594934136.0,30.257812
pilot10,1741594951962.0,30.460938
pilot10,1741594972124.0,30.257812
pilot10,1741594988866.0,30.054688
pilot10,1741595029192.0,29.851562
pilot10,1741595060333.0,29.648438
pilot10,1741595083739.0,29.445312
pilot10,1741595172310.0,29.242188
pilot10,1741595202374.0,29.039062
pilot10,1741595231357.0,29.242188
pilot10,1741595238379.0,29.453125
pilot10,1741595247199.0,29.664062
pilot10,1741595265198.0,29.460938
pilot10,1741595279784.0,29.257812
pilot10,1741595304087.0,29.054688
pilot10,1741595344413.0,28.835938
pilot10,1741595363132.0,29.039062
pilot10,1741595397519.0,28.835938
pilot10,1741595434424.0,28.632812
pilot10,1741595461247.0,28.429688
pilot10,1741595494911.0,28.632812
pilot10,1741595534517.0,28.429688
pilot10,1741595554499.0,28.632812
pilot10,1741595561701.0,28.835938
pilot10,1741595569627.0,29.039062
pilot10,1741595608327.0,28.835938
pilot10,1741595627769.0,28.625
pilot10,1741595659093.0,28.421875
pilot10,1741595696353.0,28.625
pilot10,1741595707694.0,28.835938
pilot10,1741595719757.0,29.039062
pilot10,1741595761886.0,28.828125
pilot10,1741595807253.0,28.625
pilot10,1741595892763.0,28.828125
pilot10,1741595900141.0,29.046875
pilot10,1741595932909.0,28.84375
pilot10,1741595974670.0,29.046875
pilot10,1741596012480.0,28.84375
pilot10,1741596032101.0,28.632812
pilot10,1741596078726.0,28.429688
pilot10,1741596122114.0,28.226562
pilot10,1741596196644.0,28.4375
pilot10,1741596203844.0,28.648438
pilot10,1741596211405.0,28.851562
pilot10,1741596242909.0,28.632812
pilot10,1741596261453.0,28.429688
pilot10,1741596287015.0,28.226562
pilot10,1741596351824.0,28.015625
pilot10,1741596407086.0,27.8125
pilot10,1741596514205.0,28.015625
pilot10,1741596521586.0,28.226562
pilot10,1741596528601.0,28.429688
pilot10,1741596558670.0,28.21875
pilot10,1741596602776.0,28.015625
pilot10,1741596625819.0,27.8125
pilot10,1741596775419.0,27.601562
pilot10,1741596834646.0,27.8125
pilot10,1741596841843.0,28.015625
pilot10,1741596848505.0,28.21875
pilot10,1741596892614.0,28.015625
pilot10,1741596926278.0,27.804688
pilot10,1741597007648.0,27.601562
pilot10,1741597043288.0,27.8125
pilot10,1741597072457.0,27.609375
pilot10,1741597129705.0,27.820312
pilot10,1741597136906.0,28.03125
pilot10,1741597143566.0,28.242188
pilot10,1741627321808.0,34.140625
pilot10,1741627356194.0,34.351562
pilot10,1741627383378.0,34.5625
pilot10,1741627428384.0,34.773438
pilot10,1741627475010.0,34.976562
pilot10,1741627488511.0,35.1875
pilot10,1741627505073.0,35.390625
pilot10,1741627542521.0,35.59375
pilot10,1741627567001.0,35.804688
pilot10,1741627610566.0,36.007812
pilot10,1741627736404.0,36.21875
pilot10,1741627788246.0,36.421875
pilot10,1741627941446.0,36.625
pilot10,1741628074664.0,36.828125
pilot10,1741628127411.0,36.625
pilot10,1741628146493.0,36.40625
pilot10,1741628530481.0,36.617188
pilot10,1741628609511.0,36.820312
pilot10,1741628929053.0,37.023438
pilot10,1741629047147.0,36.8125
pilot10,1741629141486.0,36.601562
pilot10,1741629194773.0,36.398438
pilot10,1741629228076.0,36.179688
pilot10,1741629255078.0,35.976562
pilot10,1741582982918.0,33.039062
pilot10,1741583043224.0,32.835938
pilot10,1741583052768.0,32.632812
pilot10,1741583064653.0,32.429688
pilot10,1741583138463.0,32.640625
pilot10,1741583189406.0,32.429688
pilot10,1741583198409.0,32.226562
pilot10,1741583209933.0,32.023438
pilot10,1741583222174.0,31.8125
pilot10,1741583241436.0,31.609375
pilot10,1741583265554.0,31.40625
pilot10,1741583292199.0,31.203125
pilot10,1741583312906.0,30.992188
pilot10,1741583361329.0,31.195312
pilot10,1741583382030.0,31.40625
pilot10,1741583402197.0,31.203125
pilot10,1741583414620.0,31.0
pilot10,1741583443603.0,30.796875
pilot10,1741583464486.0,31.007812
pilot10,1741583473666.0,31.21875
pilot10,1741583504988.0,31.015625
pilot10,1741583518853.0,30.8125
pilot10,1741583555577.0,30.609375
pilot10,1741583570339.0,30.398438
pilot10,1741583632807.0,30.195312
pilot10,1741583650990.0,29.992188
pilot10,1741583669712.0,29.789062
pilot10,1741583690595.0,29.578125
pilot10,1741583760803.0,29.367188
pilot10,1741583786908.0,29.570312
pilot10,1741583794647.0,29.78125
pilot10,1741583829033.0,29.578125
pilot10,1741583915445.0,29.367188
pilot10,1741583966205.0,29.570312
pilot10,1741583981147.0,29.773438
pilot10,1741583997529.0,29.976562
pilot10,1741584017513.0,30.179688
pilot10,1741584040015.0,30.382812
pilot10,1741584063238.0,30.59375
pilot10,1741584089882.0,30.796875
pilot10,1741584134173.0,31.0
pilot10,1741584144614.0,31.226562
pilot10,1741584194467.0,31.429688
pilot10,1741584268110.0,31.21875
pilot10,1741584287732.0,31.015625
pilot10,1741584303034.0,30.8125
pilot10,1741584385114.0,31.015625
pilot10,1741584407624.0,31.21875
pilot10,1741584443088.0,31.421875
pilot10,1741584457314.0,31.21875
pilot10,1741584482338.0,31.421875
pilot10,1741584493140.0,31.632812
pilot10,1741584527883.0,31.835938
pilot10,1741584578290.0,31.632812
pilot10,1741584596832.0,31.421875
pilot10,1741584625096.0,31.21875
pilot10,1741584639678.0,31.015625
pilot10,1741584664337.0,31.226562
pilot10,1741584678559.0,31.429688
pilot10,1741584698362.0,31.632812
pilot10,1741584725545.0,31.835938
pilot10,1741584753088.0,32.039062
pilot10,1741584784235.0,32.242188
pilot10,1741584815556.0,32.445312
pilot10,1741584846340.0,32.648438
pilot10,1741584862363.0,32.851562
pilot10,1741584913849.0,33.0625
pilot10,1741584968755.0,33.265625
pilot10,1741585034825.0,33.46875
pilot10,1741585062191.0,33.265625
pilot10,1741585071374.0,33.0625
pilot10,1741585080551.0,32.859375
pilot10,1741585093154.0,32.65625
pilot10,1741585142300.0,32.859375
pilot10,1741585157246.0,33.0625
pilot10,1741585174528.0,33.273438
pilot10,1741585396132.0,33.476562
pilot10,1741585435560.0,33.257812
pilot10,1741585444743.0,33.03125
pilot10,1741585455904.0,32.828125
pilot10,1741585465986.0,32.625
pilot10,1741585478767.0,32.414062
pilot10,1741585511889.0,32.625
pilot10,1741585525030.0,32.828125
pilot10,1741585538892.0,33.03125
pilot10,1741585593619.0,33.242188
pilot10,1741585665088.0,33.445312
pilot10,1741585759779.0,33.648438
pilot10,1741585785885.0,33.4375
pilot10,1741585794529.0,33.234375
pilot10,1741585803890.0,33.03125
pilot10,1741585815051.0,32.820312
pilot10,1741585826033.0,32.617188
pilot10,1741585839175.0,32.40625
pilot10,1741585864736.0,32.617188
pilot10,1741585875179.0,32.835938
pilot10,1741585896059.0,32.632812
pilot10,1741585906141.0,32.421875
pilot10,1741585919465.0,32.21875
pilot10,1741585931167.0,32.015625
pilot10,1741585944129.0,31.804688
pilot10,1741585977609.0,32.007812
pilot10,1741585998856.0,32.210938
pilot10,1741586030000.0,32.414062
pilot10,1741586068164.0,32.617188
pilot10,1741586113891.0,32.820312
pilot10,1741586179419.0,33.023438
pilot10,1741586220105.0,33.234375
pilot10,1741586240807.0,33.4375
pilot10,1741586310653.0,33.226562
pilot10,1741586319477.0,33.023438
pilot10,1741586329199.0,32.820312
pilot10,1741586387886.0,32.617188
pilot10,1741586397607.0,32.414062
pilot10,1741586410210.0,32.210938
pilot10,1741586426231.0,32.007812
pilot10,1741586440455.0,31.804688
pilot10,1741586457376.0,31.59375
pilot10,1741586475375.0,31.796875
pilot10,1741586484735.0,32.0
pilot10,1741586502737.0,32.210938
pilot10,1741586519475.0,32.414062
pilot10,1741586579611.0,32.617188
pilot10,1741586592752.0,32.820312
pilot10,1741586666742.0,32.609375
pilot10,1741586681683.0,32.40625
pilot10,1741586694106.0,32.1875
pilot10,1741586711568.0,31.984375
pilot10,1741586741627.0,32.1875
pilot10,1741586765210.0,32.390625
pilot10,1741586799776.0,32.59375
pilot10,1741586834344.0,32.390625
pilot10,1741586883851.0,32.1875
pilot10,1741586894112.0,31.984375
pilot10,1741586922916.0,32.1875
pilot10,1741586936412.0,32.390625
pilot10,1741586971702.0,32.1875
pilot10,1741586982865.0,31.976562
pilot10,1741586995646.0,31.765625
pilot10,1741587010407.0,31.554688
pilot10,1741587035431.0,31.34375
pilot10,1741587051092.0,31.132812
pilot10,1741587075752.0,31.351562
pilot10,1741587090873.0,31.5625
pilot10,1741587209873.0,31.351562
pilot10,1741587225525.0,31.148438
pilot10,1741587241196.0,31.359375
pilot10,1741587251638.0,31.5625
pilot10,1741587261360.0,31.765625
pilot10,1741587353168.0,31.5625
pilot10,1741587366854.0,31.359375
pilot10,1741587381444.0,31.15625
pilot10,1741587425361.0,30.953125
pilot10,1741587491246.0,31.164062
pilot10,1741587516449.0,30.960938
pilot10,1741587530315.0,30.757812
pilot10,1741587579644.0,30.976562
pilot10,1741587588823.0,31.179688
pilot10,1741587621587.0,30.976562
pilot10,1741587637429.0,30.773438
pilot10,1741587654171.0,30.570312
pilot10,1741587674333.0,30.773438
pilot10,1741587722040.0,30.570312
pilot10,1741587740763.0,30.367188
pilot10,1741587780722.0,30.578125
pilot10,1741587797110.0,30.78125
pilot10,1741587814392.0,31.0
pilot10,1741587842475.0,31.203125
pilot10,1741587863718.0,31.40625
pilot10,1741587894142.0,31.609375
pilot10,1741587909805.0,31.8125
pilot10,1741587921326.0,32.015625
pilot10,1741587961466.0,32.21875
pilot10,1741588044278.0,32.421875
pilot10,1741588086226.0,32.625
pilot10,1741588118272.0,32.421875
pilot10,1741588129613.0,32.210938
pilot10,1741588139695.0,32.007812
pilot10,1741588158952.0,31.804688
pilot10,1741588173353.0,31.601562
pilot10,1741588201256.0,31.804688
pilot10,1741588219078.0,32.007812
pilot10,1741588241942.0,32.210938
pilot10,1741588268585.0,32.421875
pilot10,1741588282631.0,32.632812
pilot10,1741588333035.0,32.835938
pilot10,1741588360939.0,32.625
pilot10,1741588370845.0,32.421875
pilot10,1741588381286.0,32.21875
pilot10,1741588409550.0,32.015625
pilot10,1741588429532.0,31.8125
pilot10,1741588445014.0,31.585938
pilot10,1741588461216.0,31.382812
pilot10,1741588487678.0,31.59375
pilot10,1741588552308.0,31.390625
pilot10,1741588592631.0,31.59375
pilot10,1741588603791.0,31.796875
pilot10,1741588659602.0,31.5625
pilot10,1741588675624.0,31.359375
pilot10,1741588689486.0,31.140625
pilot10,1741588705318.0,30.9375
pilot10,1741588755550.0,31.15625
pilot10,1741588790838.0,30.953125
pilot10,1741588803620.0,30.742188
pilot10,1741588821803.0,30.539062
pilot10,1741588850427.0,30.335938
pilot10,1741588871850.0,30.125
pilot10,1741588919736.0,30.335938
pilot10,1741588928917.0,30.546875
pilot10,1741588963842.0,30.34375
pilot10,1741588986519.0,30.546875
pilot10,1741589003258.0,30.75
pilot10,1741589031886.0,30.953125
pilot10,1741589073116.0,30.742188
pilot10,1741589109298.0,30.945312
pilot10,1741589126041.0,31.148438
pilot10,1741589152146.0,30.9375
pilot10,1741589164928.0,30.734375
pilot10,1741589206693.0,30.523438
pilot10,1741589220915.0,30.742188
pilot10,1741589230276.0,30.953125
pilot10,1741589295085.0,30.75
pilot10,1741589308767.0,30.546875
pilot10,1741589325330.0,30.34375
pilot10,1741589352869.0,30.554688
pilot10,1741589366909.0,30.757812
pilot10,1741589382932.0,30.960938
pilot10,1741589398957.0,30.757812
pilot10,1741589411920.0,30.554688
pilot10,1741589446122.0,30.335938
pilot10,1741589498331.0,30.125
pilot10,1741589518315.0,29.921875
pilot10,1741589539377.0,29.710938
pilot10,1741589559179.0,29.914062
pilot10,1741589566380.0,30.117188
pilot10,1741589576281.0,30.320312
pilot10,1741589625242.0,30.523438
pilot10,1741589645587.0,30.734375
pilot10,1741589671507.0,30.945312
pilot10,1741589719760.0,30.734375
pilot10,1741619042844.0,31.445312
pilot10,1741619055849.0,31.648438
pilot10,1741619068189.0,31.859375
pilot10,1741619082607.0,32.0625
pilot10,1741619102248.0,32.265625
pilot10,1741619120629.0,32.476562
pilot10,1741619144051.0,32.679688
pilot10,1741619177467.0,32.882812
pilot10,1741619213868.0,33.085938
pilot10,1741619240626.0,33.289062
pilot10,1741619286207.0,33.5
pilot10,1741619335129.0,33.703125
pilot10,1741619402426.0,33.914062
pilot10,1741619438727.0,34.117188
pilot10,1741619482787.0,34.320312
pilot10,1741619520205.0,223.92969
pilot10,1741619520267.0,34.484375
pilot10,1741619589628.0,34.28125
pilot10,1741619600213.0,222.23438
pilot10,1741619600274.0,34.195312
pilot10,1741619620992.0,33.976562
pilot10,1741619649632.0,33.773438
pilot10,1741619695131.0,33.976562
pilot10,1741619755665.0,34.179688
pilot10,1741619783506.0,34.382812
pilot10,1741619849450.0,34.585938
pilot10,1741619976048.0,34.796875
pilot10,1741620017104.0,35.007812
pilot10,1741620042243.0,35.210938
pilot10,1741620202612.0,35.007812
pilot10,1741620220633.0,34.804688
pilot10,1741620234773.0,34.601562
pilot10,1741620258554.0,34.390625
pilot10,1741636910966.0,25.921875
pilot10,1741636931147.0,26.125
pilot10,1741636940509.0,26.34375
pilot10,1741637026371.0,26.132812
pilot10,1741637032948.0,25.914062
pilot10,1741637060148.0,26.117188
pilot10,1741637066056.0,26.335938
pilot10,1741637138158.0,26.5625
pilot10,1741637177805.0,26.359375
pilot10,1741637217983.0,26.5625
pilot10,1741637245465.0,26.765625
pilot10,1741637262403.0,26.96875
pilot10,1741637268884.0,27.179688
pilot10,1741637278523.0,27.382812
pilot10,1741637293843.0,27.585938
pilot10,1741637306915.0,27.796875
pilot10,1741637324923.0,28.0
pilot10,1741637348342.0,28.203125
pilot10,1741637362586.0,28.40625
pilot10,1741637433663.0,28.609375
pilot10,1741637450903.0,222.23438
pilot10,1741637450964.0,28.6875
pilot10,1741637465283.0,28.890625
pilot10,1741637481324.0,29.09375
pilot10,1741637507986.0,29.304688
pilot10,1741637544508.0,29.507812
pilot10,1741637625285.0,29.203125
pilot10,1741637625644.0,28.984375
pilot10,1741637626724.0,28.734375
pilot10,1741637630325.0,28.507812
pilot10,1741637652403.0,28.71875
pilot10,1741637690947.0,28.5
pilot10,1741637715646.0,28.296875
pilot10,1741637773844.0,28.507812
pilot10,1741637793844.0,28.710938
pilot10,1741637828704.0,28.507812
pilot10,1741637929069.0,28.710938
pilot10,1741638025109.0,28.507812
pilot10,1741638084388.0,28.710938
pilot10,1741638102948.0,28.914062
pilot10,1741638129249.0,29.117188
pilot10,1741638219652.0,29.320312
pilot10,1741638246475.0,29.53125
pilot10,1741638266457.0,29.734375
pilot10,1741638300842.0,29.9375
pilot10,1741638324787.0,30.148438
pilot10,1741638350348.0,30.367188
pilot10,1741638382585.0,30.570312
pilot10,1741638412765.0,30.78125
pilot10,1741638442044.0,30.992188
pilot10,1741638468165.0,31.195312
pilot10,1741638492224.0,31.398438
pilot10,1741638512584.0,31.609375
pilot10,1741638550147.0,31.8125
pilot10,1741638574565.0,32.015625
pilot10,1741638597985.0,32.226562
pilot10,1741638642767.0,32.453125
pilot10,1741638686362.0,32.65625
pilot10,1741638738702.0,32.859375
pilot10,1741638775464.0,32.65625
pilot10,1741638786266.0,32.445312
pilot10,1741638807662.0,32.242188
pilot10,1741638877800.0,32.445312
pilot10,1741638939241.0,32.65625
pilot10,1741638976540.0,32.867188
pilot10,1741639060146.0,33.070312
pilot10,1741639091144.0,33.273438
pilot10,1741639125824.0,33.476562
pilot10,1741639167444.0,33.679688
pilot10,1741639205105.0,33.882812
pilot10,1741639252766.0,34.101562
pilot10,1741639337804.0,34.304688
pilot10,1741639433307.0,34.507812
pilot10,1741639547265.0,34.710938
pilot10,1741639610686.0,34.914062
pilot10,1741639673487.0,35.117188
pilot10,1741639799427.0,34.914062
pilot10,1741639825648.0,34.710938
pilot10,1741639881866.0,34.507812
pilot10,1741639910906.0,222.29688
pilot10,1741639910967.0,34.609375
pilot10,1741639936906.0,34.820312
pilot10,1741639993486.0,35.023438
pilot10,1741640110328.0,35.226562
pilot10,1741615261420.0,31.632812
pilot10,1741615269341.0,31.835938
pilot10,1741615274946.0,32.039062
pilot10,1741615281707.0,32.242188
pilot10,1741615312061.0,32.445312
pilot10,1741615365482.0,32.648438
pilot10,1741615380799.0,32.859375
pilot10,1741615398746.0,33.0625
pilot10,1741615417821.0,33.265625
pilot10,1741615439261.0,33.46875
pilot10,1741615466561.0,33.671875
pilot10,1741615497280.0,33.875
pilot10,1741615531742.0,34.085938
pilot10,1741615579440.0,34.296875
pilot10,1741615615119.0,34.5
pilot10,1741615663146.0,34.703125
pilot10,1741615713143.0,34.90625
pilot10,1741615761519.0,35.109375
pilot10,1741615813504.0,35.3125
pilot10,1741615927823.0,35.515625
pilot10,1741615956382.0,35.71875
pilot10,1741616257108.0,35.515625
pilot10,1741616270628.0,35.3125
pilot10,1741616285489.0,35.101562
pilot10,1741616315308.0,34.898438
pilot10,1741616340628.0,34.695312
pilot10,1741616374047.0,34.492188
pilot10,1741616399611.0,34.289062
pilot10,1741616425354.0,34.085938
pilot10,1741616450557.0,33.882812
pilot10,1741616471980.0,33.671875
pilot10,1741608119969.0,33.46875
pilot10,1741608146548.0,33.265625
pilot10,1741608186190.0,33.0625
pilot10,1741608231688.0,32.851562
pilot10,1741608266906.0,32.648438
pilot10,1741608283851.0,32.429688
pilot10,1741608290188.0,32.226562
pilot10,1741608302770.0,32.015625
pilot10,1741608379252.0,31.8125
pilot10,1741608510192.0,222.44531
pilot10,1741608510254.0,31.742188
pilot10,1741608558713.0,31.953125
pilot10,1741608845113.0,32.15625
pilot10,1741608942411.0,32.359375
pilot10,1741609117091.0,32.15625
pilot10,1741609188170.0,31.953125
pilot10,1741609250198.0,223.91406
pilot10,1741609250260.0,31.992188
pilot10,1741609663375.0,31.78125
pilot10,1741609958354.0,31.984375
pilot10,1741610029076.0,32.1875
pilot10,1741610266919.0,32.390625
pilot10,1741610374570.0,32.179688
pilot10,1741610525299.0,31.976562
pilot10,1741610537312.0,31.773438
pilot10,1741610547800.0,31.570312
pilot10,1741610602239.0,31.367188
pilot10,1741610634576.0,31.164062
pilot10,1741610653845.0,30.960938
pilot10,1741611058379.0,30.757812
pilot10,1741604643023.0,26.453125
pilot10,1741604682088.0,26.65625
pilot10,1741604700087.0,26.859375
pilot10,1741604709448.0,27.0625
pilot10,1741604717729.0,27.265625
pilot10,1741604765259.0,27.46875
pilot10,1741604929978.0,27.671875
pilot10,1741604936637.0,27.875
pilot10,1741604944923.0,28.085938
pilot10,1741605000911.0,27.882812
pilot10,1741605188855.0,27.679688
pilot10,1741605228640.0,27.882812
pilot10,1741605236201.0,28.09375
pilot10,1741605244302.0,28.296875
pilot10,1741605252943.0,28.507812
pilot10,1741605273825.0,28.304688
pilot10,1741605298129.0,28.101562
pilot10,1741605332154.0,28.304688
pilot10,1741605333594.0,28.53125
pilot10,1741605335519.0,28.734375
pilot10,1741605338040.0,28.945312
pilot10,1741605340612.0,29.15625
pilot10,1741605341871.0,29.359375
pilot10,1741605343312.0,29.5625
pilot10,1741605346192.0,29.765625
pilot10,1741605351694.0,29.96875
pilot10,1741605356917.0,30.179688
pilot10,1741605368352.0,30.382812
pilot10,1741605413673.0,30.585938
pilot10,1741605467992.0,30.789062
pilot10,1741605495293.0,31.0
pilot10,1741605506914.0,31.203125
pilot10,1741605516367.0,31.414062
pilot10,1741605565471.0,31.617188
pilot10,1741605576007.0,31.820312
pilot10,1741605658533.0,31.617188
pilot10,1741605750450.0,31.835938
pilot10,1741605761788.0,32.039062
pilot10,1741605821021.0,31.835938
pilot10,1741605841001.0,31.632812
pilot10,1741605889602.0,31.835938
pilot10,1741605899684.0,32.046875
pilot10,1741605940375.0,31.84375
pilot10,1741605992761.0,31.640625
pilot10,1741606016884.0,31.4375
pilot10,1741606057927.0,31.234375
pilot10,1741606126158.0,31.023438
pilot10,1741606202844.0,31.234375
pilot10,1741606220849.0,31.4375
pilot10,1741606253075.0,31.234375
pilot10,1741606292320.0,31.03125
pilot10,1741606414372.0,31.242188
pilot10,1741606428234.0,31.445312
pilot10,1741606452178.0,31.648438
pilot10,1741606461178.0,31.851562
pilot10,1741606473960.0,32.054688
pilot10,1741606489266.0,32.257812
pilot10,1741606515190.0,32.460938
pilot10,1741606536792.0,32.664062
pilot10,1741606553534.0,32.867188
pilot10,1741606569736.0,33.078125
pilot10,1741606598173.0,33.28125
pilot10,1741606644618.0,33.5
pilot10,1741606679903.0,33.289062
pilot10,1741606714108.0,33.085938
pilot10,1741606954222.0,33.289062
pilot10,1741606996729.0,33.492188
pilot10,1741607096190.0,33.695312
pilot10,1741607153308.0,33.898438
pilot10,1741607177447.0,34.109375
pilot10,1741607207091.0,33.890625
pilot10,1741607211327.0,33.6875
pilot10,1741607280429.0,33.890625
pilot10,1741607317088.0,33.679688
pilot10,1741607322768.0,33.476562
pilot10,1741607680435.0,33.257812
pilot10,1741607870255.0,33.460938
pilot10,1741607927272.0,33.671875
pilot10,1741629352468.0,35.773438
pilot10,1741629376591.0,35.570312
pilot10,1741629404855.0,35.359375
pilot10,1741629425017.0,35.15625
pilot10,1741629457242.0,34.953125
pilot10,1741629496486.0,34.75
pilot10,1741629555714.0,34.546875
pilot10,1741629594960.0,34.34375
pilot10,1741629729980.0,34.125
pilot10,1741629741501.0,33.898438
pilot10,1741629744922.0,33.695312
pilot10,1741629751857.0,33.484375
pilot10,1741629756900.0,33.28125
pilot10,1741629842213.0,33.484375
pilot10,1741629940317.0,33.695312
pilot10,1741630050897.0,223.92188
pilot10,1741630050958.0,33.679688
pilot10,1741630273833.0,33.476562
pilot10,1741630343313.0,33.679688
pilot10,1741630349435.0,33.882812
pilot10,1741630366538.0,33.679688
pilot10,1741630530902.0,222.29688
pilot10,1741630530963.0,33.8125
pilot10,1741630598520.0,34.015625
pilot10,1741630724015.0,34.21875
pilot10,1741630744373.0,34.015625
pilot10,1741630757075.0,33.8125
pilot10,1741630801493.0,34.015625
pilot10,1741630832933.0,34.21875
pilot10,1741630886534.0,34.421875
pilot10,1741630932394.0,34.625
pilot10,1741630979955.0,34.828125
pilot10,1741631030954.0,35.039062
pilot10,1741631071855.0,35.242188
pilot10,1741631096721.0,35.039062
pilot10,1741631146542.0,35.25
pilot10,1741631224382.0,35.453125
pilot10,1741631270142.0,35.65625
pilot10,1741631389056.0,35.453125
pilot10,1741631614195.0,35.65625
pilot10,1741631994917.0,35.453125
pilot10,1741632000318.0,35.25
pilot10,1741632010501.0,35.046875
pilot10,1741632141219.0,34.84375
pilot10,1741632162216.0,34.640625
pilot10,1741632176180.0,34.4375
pilot10,1741632192749.0,34.234375
pilot10,1741632202943.0,34.015625
pilot10,1741632215364.0,33.8125
pilot10,1741632234383.0,33.59375
pilot10,1741632320300.0,33.390625
pilot10,1741632430116.0,33.164062
pilot10,1741632476382.0,32.953125
pilot10,1741632506449.0,32.75
pilot10,1741632521857.0,32.539062
pilot10,1741632578699.0,32.335938
pilot10,1741632729605.0,32.125
pilot10,1741632746179.0,31.914062
pilot10,1741632756680.0,31.710938
pilot10,1741632791857.0,31.507812
pilot10,1741632799965.0,31.296875
pilot10,1741632810964.0,31.085938
pilot10,1741632836184.0,30.882812
pilot10,1741632846364.0,30.679688
pilot10,1741632853124.0,30.453125
pilot10,1741632857984.0,30.242188
pilot10,1741632864924.0,30.039062
pilot10,1741632869786.0,29.8125
pilot10,1741632876724.0,29.609375
pilot10,1741632883483.0,29.40625
pilot10,1741632887981.0,29.203125
pilot10,1741632892217.0,29.0
pilot10,1741632896179.0,28.796875
pilot10,1741632899959.0,28.59375
pilot10,1741632903840.0,28.367188
pilot10,1741632908338.0,28.164062
pilot10,1741632914280.0,27.960938
pilot10,1741632918963.0,27.757812
pilot10,1741632925447.0,27.554688
pilot10,1741632932463.0,27.351562
pilot10,1741632942725.0,27.148438
pilot10,1741632965768.0,26.9375
pilot10,1741632987011.0,26.734375
pilot10,1741633006273.0,26.53125
pilot10,1741633020676.0,26.320312
pilot10,1741633030937.0,26.117188
pilot10,1741633054161.0,25.914062
pilot10,1741633072522.0,25.703125
pilot10,1741633081342.0,25.484375
pilot10,1741633088182.0,25.273438
pilot10,1741633093763.0,25.070312
pilot10,1741633100603.0,24.859375
pilot10,1741633108524.0,24.65625
pilot10,1741633126164.0,24.453125
pilot10,1741586387886.0,32.617188
pilot10,1741586397607.0,32.414062
pilot10,1741586410210.0,32.210938
pilot10,1741586426231.0,32.007812
pilot10,1741586440455.0,31.804688
pilot10,1741586457376.0,31.59375
pilot10,1741586475375.0,31.796875
pilot10,1741586484735.0,32.0
pilot10,1741586502737.0,32.210938
pilot10,1741586519475.0,32.414062
pilot10,1741586579611.0,32.617188
pilot10,1741586592752.0,32.820312
pilot10,1741586666742.0,32.609375
pilot10,1741586681683.0,32.40625
pilot10,1741586694106.0,32.1875
pilot10,1741586711568.0,31.984375
pilot10,1741586741627.0,32.1875
pilot10,1741586765210.0,32.390625
pilot10,1741586799776.0,32.59375
pilot10,1741586834344.0,32.390625
pilot10,1741586883851.0,32.1875
pilot10,1741586894112.0,31.984375
pilot10,1741586922916.0,32.1875
pilot10,1741586936412.0,32.390625
pilot10,1741586971702.0,32.1875
pilot10,1741586982865.0,31.976562
pilot10,1741586995646.0,31.765625
pilot10,1741587010407.0,31.554688
pilot10,1741587035431.0,31.34375
pilot10,1741587051092.0,31.132812
pilot10,1741587075752.0,31.351562
pilot10,1741587090873.0,31.5625
pilot10,1741587209873.0,31.351562
pilot10,1741587225525.0,31.148438
pilot10,1741587241196.0,31.359375
pilot10,1741587251638.0,31.5625
pilot10,1741587261360.0,31.765625
pilot10,1741587353168.0,31.5625
pilot10,1741587366854.0,31.359375
pilot10,1741587381444.0,31.15625
pilot10,1741587425361.0,30.953125
pilot10,1741587491246.0,31.164062
pilot10,1741587516449.0,30.960938
pilot10,1741587530315.0,30.757812
pilot10,1741587579644.0,30.976562
pilot10,1741587588823.0,31.179688
pilot10,1741587621587.0,30.976562
pilot10,1741587637429.0,30.773438
pilot10,1741587654171.0,30.570312
pilot10,1741587674333.0,30.773438
pilot10,1741587722040.0,30.570312
pilot10,1741587740763.0,30.367188
pilot10,1741587780722.0,30.578125
pilot10,1741587797110.0,30.78125
pilot10,1741587814392.0,31.0
pilot10,1741587842475.0,31.203125
pilot10,1741587863718.0,31.40625
pilot10,1741587894142.0,31.609375
pilot10,1741587909805.0,31.8125
pilot10,1741587921326.0,32.015625
pilot10,1741587961466.0,32.21875
pilot10,1741588044278.0,32.421875
pilot10,1741588086226.0,32.625
pilot10,1741588118272.0,32.421875
pilot10,1741588129613.0,32.210938
pilot10,1741588139695.0,32.007812
pilot10,1741588158952.0,31.804688
pilot10,1741588173353.0,31.601562
pilot10,1741588201256.0,31.804688
pilot10,1741588219078.0,32.007812
pilot10,1741588241942.0,32.210938
pilot10,1741588268585.0,32.421875
pilot10,1741588282631.0,32.632812
pilot10,1741588333035.0,32.835938
pilot10,1741588360939.0,32.625
pilot10,1741588370845.0,32.421875
pilot10,1741588381286.0,32.21875
pilot10,1741588409550.0,32.015625
pilot10,1741588429532.0,31.8125
pilot10,1741588445014.0,31.585938
pilot10,1741588461216.0,31.382812
pilot10,1741588487678.0,31.59375
pilot10,1741588552308.0,31.390625
pilot10,1741588592631.0,31.59375
pilot10,1741588603791.0,31.796875
pilot10,1741588659602.0,31.5625
pilot10,1741588675624.0,31.359375
pilot10,1741588689486.0,31.140625
pilot10,1741588705318.0,30.9375
pilot10,1741588755550.0,31.15625
pilot10,1741588790838.0,30.953125
pilot10,1741588803620.0,30.742188
pilot10,1741588821803.0,30.539062
pilot10,1741588850427.0,30.335938
pilot10,1741588871850.0,30.125
pilot10,1741588919736.0,30.335938
pilot10,1741588928917.0,30.546875
pilot10,1741588963842.0,30.34375
pilot10,1741588986519.0,30.546875
pilot10,1741589003258.0,30.75
pilot10,1741589031886.0,30.953125
pilot10,1741589073116.0,30.742188
pilot10,1741589109298.0,30.945312
pilot10,1741589126041.0,31.148438
pilot10,1741589152146.0,30.9375
pilot10,1741589164928.0,30.734375
pilot10,1741589206693.0,30.523438
pilot10,1741589220915.0,30.742188
pilot10,1741589230276.0,30.953125
pilot10,1741589295085.0,30.75
pilot10,1741589308767.0,30.546875
pilot10,1741589325330.0,30.34375
pilot10,1741589352869.0,30.554688
pilot10,1741589366909.0,30.757812
pilot10,1741589382932.0,30.960938
pilot10,1741589398957.0,30.757812
pilot10,1741589411920.0,30.554688
pilot10,1741589446122.0,30.335938
pilot10,1741589498331.0,30.125
pilot10,1741589518315.0,29.921875
pilot10,1741589539377.0,29.710938
pilot10,1741589559179.0,29.914062
pilot10,1741589566380.0,30.117188
pilot10,1741589576281.0,30.320312
pilot10,1741589625242.0,30.523438
pilot10,1741589645587.0,30.734375
pilot10,1741589671507.0,30.945312
pilot10,1741589719760.0,30.734375
pilot10,1741590068820.0,32.8125
pilot10,1741590092942.0,33.015625
pilot10,1741590167832.0,33.21875
pilot10,1741590182420.0,33.429688
pilot10,1741590195923.0,33.640625
pilot10,1741590328060.0,33.84375
pilot10,1741590512403.0,34.046875
pilot10,1741590545527.0,34.25
pilot10,1741590672445.0,34.453125
pilot10,1741590744994.0,34.25
pilot10,1741590753995.0,34.039062
pilot10,1741590764616.0,33.828125
pilot10,1741590774158.0,33.625
pilot10,1741590832305.0,33.414062
pilot10,1741590847607.0,33.210938
pilot10,1741590860209.0,32.992188
pilot10,1741590889372.0,33.195312
pilot10,1741590899813.0,33.398438
pilot10,1741590944995.0,33.601562
pilot10,1741590988024.0,33.382812
pilot10,1741591012141.0,33.164062
pilot10,1741591024211.0,32.960938
pilot10,1741591036812.0,32.75
pilot10,1741591050493.0,32.539062
pilot10,1741591075877.0,32.335938
pilot10,1741591105041.0,32.132812
pilot10,1741591120343.0,31.929688
pilot10,1741591139065.0,31.726562
pilot10,1741591181011.0,31.523438
pilot10,1741591203873.0,31.726562
pilot10,1741591212515.0,31.929688
pilot10,1741591239878.0,31.726562
pilot10,1741591251940.0,31.523438
pilot10,1741591285239.0,31.3125
pilot10,1741591308103.0,31.515625
pilot10,1741591324305.0,31.71875
pilot10,1741591419179.0,31.507812
pilot10,1741591432864.0,31.304688
pilot10,1741591469585.0,31.101562
pilot10,1741591499466.0,31.304688
pilot10,1741591515490.0,31.507812
pilot10,1741591534212.0,31.710938
pilot10,1741591548974.0,31.929688
pilot10,1741591562297.0,32.140625
pilot10,1741591601721.0,32.34375
pilot10,1741591636285.0,32.546875
pilot10,1741591680391.0,32.75
pilot10,1741591721436.0,32.953125
pilot10,1741591746103.0,32.75
pilot10,1741591755465.0,32.546875
pilot10,1741591790030.0,32.335938
pilot10,1741591801011.0,32.125
pilot10,1741591821175.0,31.914062
pilot10,1741591836657.0,31.695312
pilot10,1741591853038.0,31.492188
pilot10,1741591868520.0,31.289062
pilot10,1741591884720.0,31.492188
pilot10,1741591920543.0,31.695312
pilot10,1741591930808.0,31.90625
pilot10,1741591963564.0,32.109375
pilot10,1741592014339.0,31.898438
pilot10,1741592025861.0,31.695312
pilot10,1741592044223.0,31.492188
pilot10,1741592058625.0,31.28125
pilot10,1741592073566.0,31.078125
pilot10,1741592133335.0,30.875
pilot10,1741592148097.0,30.671875
pilot10,1741592186261.0,30.46875
pilot10,1741592202823.0,30.265625
pilot10,1741592243149.0,30.484375
pilot10,1741592251970.0,30.703125
pilot10,1741592263133.0,30.914062
pilot10,1741592283114.0,30.703125
pilot10,1741592307413.0,30.492188
pilot10,1741592321996.0,30.289062
pilot10,1741592339101.0,30.085938
pilot10,1741592361781.0,30.289062
pilot10,1741592376181.0,30.492188
pilot10,1741592394365.0,30.695312
pilot10,1741592419389.0,30.492188
pilot10,1741592433253.0,30.289062
pilot10,1741592449095.0,30.085938
pilot10,1741592469251.0,30.296875
pilot10,1741592507963.0,30.09375
pilot10,1741592547380.0,30.296875
pilot10,1741592562143.0,30.5
pilot10,1741592574748.0,30.703125
pilot10,1741592585733.0,30.914062
pilot10,1741592604453.0,31.117188
pilot10,1741592633975.0,31.320312
pilot10,1741592691227.0,31.109375
pilot10,1741592702209.0,30.898438
pilot10,1741592758016.0,30.6875
pilot10,1741592773678.0,30.484375
pilot10,1741592801756.0,30.6875
pilot10,1741592817598.0,30.890625
pilot10,1741592837762.0,31.101562
pilot10,1741592866745.0,31.304688
pilot10,1741592891948.0,31.507812
pilot10,1741592908153.0,31.710938
pilot10,1741592920758.0,31.914062
pilot10,1741592982866.0,32.117188
pilot10,1741592998887.0,31.914062
pilot10,1741593007529.0,31.695312
pilot10,1741593026610.0,31.484375
pilot10,1741593039212.0,31.28125
pilot10,1741593051634.0,31.070312
pilot10,1741593069081.0,30.867188
pilot10,1741593119143.0,30.65625
pilot10,1741593135885.0,30.453125
pilot10,1741593174231.0,30.25
pilot10,1741593192233.0,30.046875
pilot10,1741593221390.0,30.25
pilot10,1741593229311.0,30.453125
pilot10,1741593266044.0,30.25
pilot10,1741593289985.0,30.039062
pilot10,1741597230513.0,28.445312
pilot10,1741597242036.0,28.648438
pilot10,1741597255537.0,28.851562
pilot10,1741597275517.0,29.0625
pilot10,1741597288841.0,29.265625
pilot10,1741597301443.0,29.46875
pilot10,1741597346993.0,29.265625
pilot10,1741597365535.0,29.0625
pilot10,1741597385337.0,28.859375
pilot10,1741597402618.0,29.0625
pilot10,1741597433764.0,28.859375
pilot10,1741597466165.0,29.0625
pilot10,1741597473003.0,29.265625
pilot10,1741597482366.0,29.46875
pilot10,1741597528271.0,29.671875
pilot10,1741597590564.0,29.46875
pilot10,1741597613068.0,29.265625
pilot10,1741597739084.0,29.0625
pilot10,1741597801729.0,29.273438
pilot10,1741597809831.0,29.484375
pilot10,1741597861855.0,29.6875
pilot10,1741597919467.0,29.484375
pilot10,1741597968248.0,29.695312
pilot10,1741598023881.0,29.492188
pilot10,1741598041523.0,29.289062
pilot10,1741598072843.0,29.492188
pilot10,1741598083463.0,29.695312
pilot10,1741598097866.0,29.898438
pilot10,1741598112809.0,30.101562
pilot10,1741598124509.0,30.304688
pilot10,1741598135491.0,30.507812
pilot10,1741598155833.0,30.710938
pilot10,1741598181761.0,30.5
pilot10,1741598209482.0,30.289062
pilot10,1741598228027.0,30.078125
pilot10,1741598273393.0,29.875
pilot10,1741598339282.0,29.671875
pilot10,1741598361604.0,29.46875
pilot10,1741598387344.0,29.671875
pilot10,1741598407331.0,29.46875
pilot10,1741598447656.0,29.671875
pilot10,1741598455928.0,29.875
pilot10,1741598467998.0,30.078125
pilot10,1741598509764.0,29.875
pilot10,1741598526146.0,29.671875
pilot10,1741598548649.0,29.46875
pilot10,1741598584473.0,29.257812
pilot10,1741598643701.0,29.054688
pilot10,1741598702028.0,28.851562
pilot10,1741598725249.0,29.0625
pilot10,1741598752972.0,29.28125
pilot10,1741598762693.0,29.484375
pilot10,1741598771157.0,29.6875
pilot10,1741598781054.0,29.890625
pilot10,1741598804458.0,30.101562
pilot10,1741598828941.0,30.304688
pilot10,1741598850003.0,30.515625
pilot10,1741598881507.0,30.71875
pilot10,1741598907251.0,30.921875
pilot10,1741598934434.0,31.125
pilot10,1741598966298.0,31.328125
pilot10,1741598998702.0,31.53125
pilot10,1741599035068.0,31.734375
pilot10,1741599052890.0,31.53125
pilot10,1741599061712.0,31.328125
pilot10,1741599074318.0,31.125
pilot10,1741599108698.0,31.328125
pilot10,1741599120223.0,31.53125
pilot10,1741599131745.0,31.734375
pilot10,1741599158028.0,31.507812
pilot10,1741599168830.0,31.296875
pilot10,1741599181251.0,31.085938
pilot10,1741599214010.0,31.289062
pilot10,1741599233093.0,31.5
pilot10,1741599257756.0,31.710938
pilot10,1741599292141.0,31.914062
pilot10,1741599322747.0,32.117188
pilot10,1741599414561.0,31.90625
pilot10,1741599443000.0,32.109375
pilot10,1741599468205.0,32.320312
pilot10,1741599529596.0,32.117188
pilot10,1741599539498.0,31.914062
pilot10,1741599570636.0,31.710938
pilot10,1741599582522.0,31.507812
pilot10,1741599598005.0,31.304688
pilot10,1741599614027.0,31.078125
pilot10,1741599652369.0,31.28125
pilot10,1741599670191.0,31.492188
pilot10,1741599693414.0,31.695312
pilot10,1741599723658.0,31.898438
pilot10,1741599755880.0,32.101562
pilot10,1741599797825.0,32.304688
pilot10,1741599811689.0,32.09375
pilot10,1741599840676.0,32.304688
pilot10,1741599867857.0,32.09375
pilot10,1741599877582.0,31.882812
pilot10,1741599889464.0,31.679688
pilot10,1741599902605.0,31.453125
pilot10,1741599935911.0,31.242188
pilot10,1741599955712.0,31.039062
pilot10,1741599972094.0,30.828125
pilot10,1741599993148.0,31.03125
pilot10,1741600007919.0,31.234375
pilot10,1741600027717.0,31.4375
pilot10,1741600051659.0,31.648438
pilot10,1741600082983.0,31.851562
pilot10,1741600118448.0,32.0625
pilot10,1741600149411.0,32.28125
pilot10,1741600165800.0,32.484375
pilot10,1741600223227.0,32.28125
pilot10,1741600233848.0,32.0625
pilot10,1741600246453.0,31.859375
pilot10,1741600297748.0,31.65625
pilot10,1741600317379.0,31.453125
pilot10,1741600331421.0,31.25
pilot10,1741600351763.0,31.03125
pilot10,1741600414948.0,30.820312
pilot10,1741600474536.0,31.023438
pilot10,1741600488578.0,31.226562
pilot10,1741600500102.0,31.429688
pilot10,1741600511440.0,31.640625
pilot10,1741600540605.0,31.851562
pilot10,1741600569948.0,32.054688
pilot10,1741600602352.0,32.257812
pilot10,1741600633136.0,32.460938
pilot10,1741600667340.0,32.664062
pilot10,1741600707484.0,32.867188
pilot10,1741600741330.0,33.070312
pilot10,1741600765094.0,32.867188
pilot10,1741600777153.0,32.648438
pilot10,1741600789580.0,32.445312
pilot10,1741658463035.0,38.546875
pilot10,1741658473661.0,38.75
pilot10,1741658484467.0,38.960938
pilot10,1741658499766.0,39.195312
pilot10,1741658521727.0,38.992188
pilot10,1741658532711.0,38.789062
pilot10,1741658553953.0,38.578125
pilot10,1741658572498.0,38.375
pilot10,1741658584560.0,38.164062
pilot10,1741658597521.0,38.367188
pilot10,1741658639822.0,38.164062
pilot10,1741658661610.0,37.960938
pilot10,1741658678707.0,37.757812
pilot10,1741658701575.0,37.554688
pilot10,1741658749101.0,37.351562
pilot10,1741658783125.0,37.554688
pilot10,1741658792487.0,37.765625
pilot10,1741658847933.0,37.5625
pilot10,1741658859455.0,37.359375
pilot10,1741658888436.0,37.15625
pilot10,1741658912923.0,36.953125
pilot10,1741658949107.0,36.75
pilot10,1741659085921.0,36.546875
pilot10,1741659101587.0,36.75
pilot10,1741659110588.0,36.953125
pilot10,1741659120308.0,37.15625
pilot10,1741659172695.0,37.359375
pilot10,1741659191959.0,37.5625
pilot10,1741659211040.0,37.765625
pilot10,1741659230479.0,37.976562
pilot10,1741659261263.0,38.179688
pilot10,1741659302486.0,38.390625
pilot10,1741659456954.0,38.59375
pilot10,1741659537780.0,38.390625
pilot10,1741659546602.0,38.179688
pilot10,1741659554343.0,37.960938
pilot10,1741659559926.0,37.757812
pilot10,1741659565328.0,37.546875
pilot10,1741659595027.0,37.75
pilot10,1741659682521.0,37.546875
pilot10,1741659690263.0,37.335938
pilot10,1741659699264.0,37.125
pilot10,1741659709521.0,36.921875
pilot10,1741659717446.0,36.71875
pilot10,1741659724829.0,36.515625
pilot10,1741659788197.0,36.71875
pilot10,1741659861826.0,36.5
pilot10,1741659869563.0,36.289062
pilot10,1741659877126.0,36.085938
pilot10,1741659885589.0,35.882812
pilot10,1741659930051.0,36.085938
pilot10,1741660011600.0,35.882812
pilot10,1741660022766.0,35.664062
pilot10,1741660057149.0,35.453125
pilot10,1741660178308.0,35.25
pilot10,1741660251573.0,35.453125
pilot10,1741660441498.0,35.65625
pilot10,1741660466341.0,35.875
pilot10,1741660708112.0,36.078125
pilot10,1741660854112.0,35.859375
pilot10,1741660865998.0,35.65625
pilot10,1741660947007.0,35.453125
pilot10,1741660954749.0,35.234375
pilot10,1741660972572.0,35.03125
pilot10,1741660986433.0,34.828125
pilot10,1741661133149.0,35.03125
pilot10,1741661152055.0,35.234375
pilot10,1741661163936.0,35.03125
pilot10,1741661203897.0,34.828125
pilot10,1741661216323.0,34.617188
pilot10,1741661262229.0,34.414062
pilot10,1741661291024.0,34.210938
pilot10,1741661298767.0,34.0
pilot10,1741661308675.0,33.796875
pilot10,1741661328658.0,33.59375
pilot10,1741661387346.0,33.390625
pilot10,1741661410569.0,33.1875
pilot10,1741661420830.0,32.976562
pilot10,1741661484917.0,33.179688
pilot10,1741661497875.0,33.390625
pilot10,1741661514440.0,33.1875
pilot10,1741661522904.0,32.976562
pilot10,1741661531004.0,32.773438
pilot10,1741661568088.0,32.570312
pilot10,1741661584471.0,32.367188
pilot10,1741661596533.0,32.164062
pilot10,1741661609675.0,31.9375
pilot10,1741661646400.0,31.734375
pilot10,1741661689244.0,31.53125
pilot10,1741661712108.0,31.328125
pilot10,1741661783397.0,31.125
pilot10,1741661797439.0,30.914062
pilot10,1741579208185.0,36.65625
pilot10,1741579483079.0,36.453125
pilot10,1741579617559.0,36.25
pilot10,1741579705229.0,36.03125
pilot10,1741579714596.0,35.804688
pilot10,1741579756003.0,36.007812
pilot10,1741579769319.0,35.804688
pilot10,1741579778142.0,35.601562
pilot10,1741579786605.0,35.398438
pilot10,1741580026031.0,35.1875
pilot10,1741580033595.0,34.976562
pilot10,1741580041700.0,34.773438
pilot10,1741580073202.0,34.976562
pilot10,1741580093363.0,34.75
pilot10,1741580102008.0,34.546875
pilot10,1741580111008.0,34.34375
pilot10,1741580118930.0,34.140625
pilot10,1741580128472.0,33.9375
pilot10,1741580154750.0,34.140625
pilot10,1741580175637.0,33.9375
pilot10,1741580212537.0,34.140625
pilot10,1741580279861.0,34.34375
pilot10,1741580381402.0,34.546875
pilot10,1741580402287.0,34.757812
pilot10,1741580416148.0,34.539062
pilot10,1741580425510.0,34.335938
pilot10,1741580440631.0,34.132812
pilot10,1741580455389.0,33.921875
pilot10,1741580464572.0,33.71875
pilot10,1741580509936.0,33.921875
pilot10,1741580567545.0,34.125
pilot10,1741580592211.0,33.921875
pilot10,1741580604453.0,33.710938
pilot10,1741580618315.0,33.507812
pilot10,1741580628936.0,33.304688
pilot10,1741580655040.0,33.09375
pilot10,1741580664941.0,32.890625
pilot10,1741580677003.0,32.679688
pilot10,1741580690504.0,32.46875
pilot10,1741580713905.0,32.679688
pilot10,1741580723090.0,32.882812
pilot10,1741580734249.0,33.085938
pilot10,1741580756212.0,32.882812
pilot10,1741580776912.0,32.679688
pilot10,1741580821198.0,32.882812
pilot10,1741580846940.0,33.085938
pilot10,1741580887985.0,33.304688
pilot10,1741580913193.0,33.101562
pilot10,1741580934072.0,32.890625
pilot10,1741580945418.0,32.679688
pilot10,1741580957479.0,32.476562
pilot10,1741580986463.0,32.679688
pilot10,1741581007705.0,32.890625
pilot10,1741581042990.0,33.09375
pilot10,1741581055234.0,33.304688
pilot10,1741581098073.0,33.507812
pilot10,1741581145239.0,33.710938
pilot10,1741581179085.0,33.507812
pilot10,1741581211487.0,33.289062
pilot10,1741581241011.0,33.5
pilot10,1741581272335.0,33.703125
pilot10,1741581336428.0,33.492188
pilot10,1741581371888.0,33.289062
pilot10,1741581381254.0,33.085938
pilot10,1741581392596.0,32.882812
pilot10,1741581427337.0,33.085938
pilot10,1741581474146.0,32.875
pilot10,1741581484228.0,32.664062
pilot10,1741581497370.0,32.460938
pilot10,1741581510512.0,32.257812
pilot10,1741581524372.0,32.046875
pilot10,1741581540395.0,31.84375
pilot10,1741581592602.0,31.640625
pilot10,1741581608984.0,31.421875
pilot10,1741581646609.0,31.195312
pilot10,1741581663891.0,30.984375
pilot10,1741581741661.0,30.78125
pilot10,1741581756783.0,30.992188
pilot10,1741581765065.0,31.195312
pilot10,1741581812047.0,30.992188
pilot10,1741581826811.0,30.789062
pilot10,1741581841574.0,30.585938
pilot10,1741581864069.0,30.382812
pilot10,1741581884060.0,30.179688
pilot10,1741581907096.0,30.382812
pilot10,1741581921140.0,30.59375
pilot10,1741581938243.0,30.390625
pilot10,1741581954630.0,30.179688
pilot10,1741581973351.0,29.976562
pilot10,1741582020513.0,30.179688
pilot10,1741582035815.0,30.390625
pilot10,1741582055257.0,30.59375
pilot10,1741582073265.0,30.796875
pilot10,1741582085866.0,31.0
pilot10,1741582112145.0,30.796875
pilot10,1741582147074.0,30.59375
pilot10,1741582178038.0,30.382812
pilot10,1741582208818.0,30.585938
pilot10,1741582225920.0,30.789062
pilot10,1741582247704.0,31.0
pilot10,1741582273447.0,31.203125
pilot10,1741582321332.0,31.0
pilot10,1741582332499.0,30.796875
pilot10,1741582365802.0,30.585938
pilot10,1741582384701.0,30.382812
pilot10,1741582401089.0,30.585938
pilot10,1741582409908.0,30.789062
pilot10,1741582448434.0,30.578125
pilot10,1741582463015.0,30.375
pilot10,1741582479757.0,30.171875
pilot10,1741582514680.0,30.375
pilot10,1741582531956.0,30.585938
pilot10,1741582551762.0,30.789062
pilot10,1741647504569.0,35.523438
pilot10,1741647688735.0,35.734375
pilot10,1741647725099.0,35.9375
pilot10,1741647769565.0,36.148438
pilot10,1741647864080.0,36.351562
pilot10,1741647903143.0,36.148438
pilot10,1741647925286.0,35.9375
pilot10,1741647931949.0,35.734375
pilot10,1741647939691.0,35.53125
pilot10,1741647946532.0,35.328125
pilot10,1741647959853.0,35.125
pilot10,1741647971556.0,34.914062
pilot10,1741647983256.0,34.710938
pilot10,1741647996038.0,34.507812
pilot10,1741648006659.0,34.296875
pilot10,1741648019981.0,34.078125
pilot10,1741648064263.0,34.28125
pilot10,1741648082446.0,34.484375
pilot10,1741648127632.0,34.6875
pilot10,1741648170119.0,34.476562
pilot10,1741648180200.0,34.265625
pilot10,1741648189024.0,34.054688
pilot10,1741648222322.0,34.265625
pilot10,1741648307475.0,34.46875
pilot10,1741648390645.0,34.671875
pilot10,1741648493620.0,34.875
pilot10,1741648549068.0,35.078125
pilot10,1741648725309.0,34.875
pilot10,1741648735394.0,34.671875
pilot10,1741648746375.0,34.46875
pilot10,1741648784356.0,34.671875
pilot10,1741648792818.0,34.453125
pilot10,1741648795339.0,34.234375
pilot10,1741648802509.0,34.023438
pilot10,1741648807909.0,33.8125
pilot10,1741648848447.0,34.023438
pilot10,1741648858267.0,34.226562
pilot10,1741648879345.0,34.023438
pilot10,1741648887905.0,33.820312
pilot10,1741648899527.0,33.609375
pilot10,1741648904154.0,33.382812
pilot10,1741648915025.0,33.164062
pilot10,1741648970885.0,33.367188
pilot10,1741648980884.0,33.15625
pilot10,1741649064124.0,33.359375
pilot10,1741649081783.0,33.148438
pilot10,1741649199356.0,33.351562
pilot10,1741649235900.0,33.554688
pilot10,1741649332934.0,33.320312
pilot10,1741649338330.0,33.117188
pilot10,1741649469218.0,33.320312
pilot10,1741649539711.0,33.117188
pilot10,1741649596554.0,32.914062
pilot10,1741649613873.0,32.710938
pilot10,1741649773049.0,32.914062
pilot10,1741649787266.0,32.710938
pilot10,1741649807969.0,32.507812
pilot10,1741649820571.0,32.304688
pilot10,1741649843405.0,32.101562
pilot10,1741649947905.0,32.304688
pilot10,1741649995206.0,32.507812
pilot10,1741650039885.0,32.710938
pilot10,1741650090286.0,223.91406
pilot10,1741650090347.0,32.8125
pilot10,1741650205931.0,33.015625
pilot10,1741650280346.0,33.21875
pilot10,1741650339708.0,33.015625
pilot10,1741650360288.0,222.23438
pilot10,1741650360350.0,32.875
pilot10,1741650380288.0,223.91406
pilot10,1741650380350.0,32.96875
pilot10,1741650439888.0,33.179688
pilot10,1741650532151.0,33.382812
pilot10,1741650600707.0,33.585938
pilot10,1741650678986.0,33.796875
pilot10,1741650700290.0,222.25781
pilot10,1741650700351.0,33.84375
pilot10,1741650836467.0,34.046875
pilot10,1741650886650.0,34.257812
pilot10,1741611740439.0,28.085938
pilot10,1741611758180.0,27.882812
pilot10,1741611827816.0,27.671875
pilot10,1741611922422.0,27.882812
pilot10,1741611969980.0,28.085938
pilot10,1741612010205.0,222.4375
pilot10,1741612010266.0,28.234375
pilot10,1741612029979.0,28.4375
pilot10,1741612062060.0,28.648438
pilot10,1741612101517.0,28.851562
pilot10,1741612126378.0,29.054688
pilot10,1741612155477.0,29.257812
pilot10,1741612235477.0,29.460938
pilot10,1741612268002.0,29.664062
pilot10,1741612312783.0,29.875
pilot10,1741612344041.0,30.085938
pilot10,1741612405482.0,30.289062
pilot10,1741612456742.0,30.492188
pilot10,1741612515662.0,30.695312
pilot10,1741612574421.0,30.898438
pilot10,1741612602241.0,31.101562
pilot10,1741612683682.0,31.304688
pilot10,1741612737462.0,31.515625
pilot10,1741612787462.0,31.71875
pilot10,1741612836022.0,31.921875
pilot10,1741612879802.0,32.125
pilot10,1741612925482.0,32.328125
pilot10,1741612979444.0,32.53125
pilot10,1741613037282.0,32.75
pilot10,1741613071519.0,32.953125
pilot10,1741613151159.0,33.179688
pilot10,1741613275120.0,33.382812
pilot10,1741613342959.0,33.585938
pilot10,1741613403142.0,33.796875
pilot10,1741654990894.0,35.8125
pilot10,1741655168995.0,35.609375
pilot10,1741655299721.0,35.8125
pilot10,1741655367916.0,36.015625
pilot10,1741655603596.0,35.804688
pilot10,1741655654901.0,36.007812
pilot10,1741655710295.0,222.23438
pilot10,1741655710355.0,35.90625
pilot10,1741656076841.0,36.109375
pilot10,1741656402374.0,35.90625
pilot10,1741656450299.0,242.98438
pilot10,1741656450360.0,35.828125
pilot10,1741656545220.0,36.03125
pilot10,1741656838639.0,35.828125
pilot10,1741656914039.0,35.617188
pilot10,1741656965398.0,35.414062
pilot10,1741656973238.0,35.210938
pilot10,1741657130994.0,35.007812
pilot10,1741657135622.0,34.796875
pilot10,1741657140899.0,34.59375
pilot10,1741657252520.0,34.390625
pilot10,1741657282880.0,34.1875
pilot10,1741657294679.0,33.976562
pilot10,1741657310899.0,33.773438
pilot10,1741657384680.0,33.570312
pilot10,1741657387021.0,33.367188
pilot10,1741657387921.0,33.164062
pilot10,1741657389182.0,32.921875
pilot10,1741657391161.0,32.664062
pilot10,1741657392242.0,32.429688
pilot10,1741657393682.0,32.210938
pilot10,1741657395301.0,32.007812
pilot10,1741657397282.0,31.804688
pilot10,1741657402322.0,32.007812
pilot10,1741657413124.0,32.210938
pilot10,1741657420505.0,32.414062
pilot10,1741657426085.0,32.632812
pilot10,1741657430766.0,32.835938
pilot10,1741657436346.0,33.070312
pilot10,1741657441027.0,33.273438
pilot10,1741657445889.0,33.484375
pilot10,1741657450748.0,33.6875
pilot10,1741657457049.0,33.898438
pilot10,1741657463171.0,34.109375
pilot10,1741657469832.0,34.320312
pilot10,1741657476312.0,34.53125
pilot10,1741657488733.0,34.734375
pilot10,1741657502776.0,34.9375
pilot10,1741657512317.0,35.148438
pilot10,1741657522577.0,35.351562
pilot10,1741657533019.0,35.554688
pilot10,1741657544901.0,35.757812
pilot10,1741657560202.0,35.960938
pilot10,1741657570644.0,36.179688
pilot10,1741657581985.0,36.390625
pilot10,1741657596388.0,36.59375
pilot10,1741657615289.0,36.796875
pilot10,1741657629869.0,37.007812
pilot10,1741657646793.0,37.210938
pilot10,1741657666415.0,37.429688
pilot10,1741657684238.0,37.632812
pilot10,1741657699180.0,37.835938
pilot10,1741657712681.0,38.039062
pilot10,1741657740225.0,38.242188
pilot10,1741657760747.0,38.453125
pilot10,1741657785771.0,38.65625
pilot10,1741657808814.0,38.859375
pilot10,1741657837618.0,39.0625
pilot10,1741657865881.0,39.273438
pilot10,1741657893785.0,39.484375
pilot10,1741657923850.0,39.6875
pilot10,1741657958593.0,39.890625
pilot10,1741657991537.0,40.09375
pilot10,1741658025382.0,40.296875
pilot10,1741597230513.0,28.445312
pilot10,1741597242036.0,28.648438
pilot10,1741597255537.0,28.851562
pilot10,1741597275517.0,29.0625
pilot10,1741597288841.0,29.265625
pilot10,1741597301443.0,29.46875
pilot10,1741597346993.0,29.265625
pilot10,1741597365535.0,29.0625
pilot10,1741597385337.0,28.859375
pilot10,1741597402618.0,29.0625
pilot10,1741597433764.0,28.859375
pilot10,1741597466165.0,29.0625
pilot10,1741597473003.0,29.265625
pilot10,1741597482366.0,29.46875
pilot10,1741597528271.0,29.671875
pilot10,1741597590564.0,29.46875
pilot10,1741597613068.0,29.265625
pilot10,1741597739084.0,29.0625
pilot10,1741597801729.0,29.273438
pilot10,1741597809831.0,29.484375
pilot10,1741597861855.0,29.6875
pilot10,1741597919467.0,29.484375
pilot10,1741597968248.0,29.695312
pilot10,1741598023881.0,29.492188
pilot10,1741598041523.0,29.289062
pilot10,1741598072843.0,29.492188
pilot10,1741598083463.0,29.695312
pilot10,1741598097866.0,29.898438
pilot10,1741598112809.0,30.101562
pilot10,1741598124509.0,30.304688
pilot10,1741598135491.0,30.507812
pilot10,1741598155833.0,30.710938
pilot10,1741598181761.0,30.5
pilot10,1741598209482.0,30.289062
pilot10,1741598228027.0,30.078125
pilot10,1741598273393.0,29.875
pilot10,1741598339282.0,29.671875
pilot10,1741598361604.0,29.46875
pilot10,1741598387344.0,29.671875
pilot10,1741598407331.0,29.46875
pilot10,1741598447656.0,29.671875
pilot10,1741598455928.0,29.875
pilot10,1741598467998.0,30.078125
pilot10,1741598509764.0,29.875
pilot10,1741598526146.0,29.671875
pilot10,1741598548649.0,29.46875
pilot10,1741598584473.0,29.257812
pilot10,1741598643701.0,29.054688
pilot10,1741598702028.0,28.851562
pilot10,1741598725249.0,29.0625
pilot10,1741598752972.0,29.28125
pilot10,1741598762693.0,29.484375
pilot10,1741598771157.0,29.6875
pilot10,1741598781054.0,29.890625
pilot10,1741598804458.0,30.101562
pilot10,1741598828941.0,30.304688
pilot10,1741598850003.0,30.515625
pilot10,1741598881507.0,30.71875
pilot10,1741598907251.0,30.921875
pilot10,1741598934434.0,31.125
pilot10,1741598966298.0,31.328125
pilot10,1741598998702.0,31.53125
pilot10,1741599035068.0,31.734375
pilot10,1741599052890.0,31.53125
pilot10,1741599061712.0,31.328125
pilot10,1741599074318.0,31.125
pilot10,1741599108698.0,31.328125
pilot10,1741599120223.0,31.53125
pilot10,1741599131745.0,31.734375
pilot10,1741599158028.0,31.507812
pilot10,1741599168830.0,31.296875
pilot10,1741599181251.0,31.085938
pilot10,1741599214010.0,31.289062
pilot10,1741599233093.0,31.5
pilot10,1741599257756.0,31.710938
pilot10,1741599292141.0,31.914062
pilot10,1741599322747.0,32.117188
pilot10,1741599414561.0,31.90625
pilot10,1741599443000.0,32.109375
pilot10,1741599468205.0,32.320312
pilot10,1741599529596.0,32.117188
pilot10,1741599539498.0,31.914062
pilot10,1741599570636.0,31.710938
pilot10,1741599582522.0,31.507812
pilot10,1741599598005.0,31.304688
pilot10,1741599614027.0,31.078125
pilot10,1741599652369.0,31.28125
pilot10,1741599670191.0,31.492188
pilot10,1741599693414.0,31.695312
pilot10,1741599723658.0,31.898438
pilot10,1741599755880.0,32.101562
pilot10,1741599797825.0,32.304688
pilot10,1741599811689.0,32.09375
pilot10,1741599840676.0,32.304688
pilot10,1741599867857.0,32.09375
pilot10,1741599877582.0,31.882812
pilot10,1741599889464.0,31.679688
pilot10,1741599902605.0,31.453125
pilot10,1741599935911.0,31.242188
pilot10,1741599955712.0,31.039062
pilot10,1741599972094.0,30.828125
pilot10,1741599993148.0,31.03125
pilot10,1741600007919.0,31.234375
pilot10,1741600027717.0,31.4375
pilot10,1741600051659.0,31.648438
pilot10,1741600082983.0,31.851562
pilot10,1741600118448.0,32.0625
pilot10,1741600149411.0,32.28125
pilot10,1741600165800.0,32.484375
pilot10,1741600223227.0,32.28125
pilot10,1741600233848.0,32.0625
pilot10,1741600246453.0,31.859375
pilot10,1741600297748.0,31.65625
pilot10,1741600317379.0,31.453125
pilot10,1741600331421.0,31.25
pilot10,1741600351763.0,31.03125
pilot10,1741600414948.0,30.820312
pilot10,1741600474536.0,31.023438
pilot10,1741600488578.0,31.226562
pilot10,1741600500102.0,31.429688
pilot10,1741600511440.0,31.640625
pilot10,1741600540605.0,31.851562
pilot10,1741600569948.0,32.054688
pilot10,1741600602352.0,32.257812
pilot10,1741600633136.0,32.460938
pilot10,1741600667340.0,32.664062
pilot10,1741600707484.0,32.867188
pilot10,1741600741330.0,33.070312
pilot10,1741600765094.0,32.867188
pilot10,1741600777153.0,32.648438
pilot10,1741600789580.0,32.445312
pilot10,1741582982918.0,33.039062
pilot10,1741583043224.0,32.835938
pilot10,1741583052768.0,32.632812
pilot10,1741583064653.0,32.429688
pilot10,1741583138463.0,32.640625
pilot10,1741583189406.0,32.429688
pilot10,1741583198409.0,32.226562
pilot10,1741583209933.0,32.023438
pilot10,1741583222174.0,31.8125
pilot10,1741583241436.0,31.609375
pilot10,1741583265554.0,31.40625
pilot10,1741583292199.0,31.203125
pilot10,1741583312906.0,30.992188
pilot10,1741583361329.0,31.195312
pilot10,1741583382030.0,31.40625
pilot10,1741583402197.0,31.203125
pilot10,1741583414620.0,31.0
pilot10,1741583443603.0,30.796875
pilot10,1741583464486.0,31.007812
pilot10,1741583473666.0,31.21875
pilot10,1741583504988.0,31.015625
pilot10,1741583518853.0,30.8125
pilot10,1741583555577.0,30.609375
pilot10,1741583570339.0,30.398438
pilot10,1741583632807.0,30.195312
pilot10,1741583650990.0,29.992188
pilot10,1741583669712.0,29.789062
pilot10,1741583690595.0,29.578125
pilot10,1741583760803.0,29.367188
pilot10,1741583786908.0,29.570312
pilot10,1741583794647.0,29.78125
pilot10,1741583829033.0,29.578125
pilot10,1741583915445.0,29.367188
pilot10,1741583966205.0,29.570312
pilot10,1741583981147.0,29.773438
pilot10,1741583997529.0,29.976562
pilot10,1741584017513.0,30.179688
pilot10,1741584040015.0,30.382812
pilot10,1741584063238.0,30.59375
pilot10,1741584089882.0,30.796875
pilot10,1741584134173.0,31.0
pilot10,1741584144614.0,31.226562
pilot10,1741584194467.0,31.429688
pilot10,1741584268110.0,31.21875
pilot10,1741584287732.0,31.015625
pilot10,1741584303034.0,30.8125
pilot10,1741584385114.0,31.015625
pilot10,1741584407624.0,31.21875
pilot10,1741584443088.0,31.421875
pilot10,1741584457314.0,31.21875
pilot10,1741584482338.0,31.421875
pilot10,1741584493140.0,31.632812
pilot10,1741584527883.0,31.835938
pilot10,1741584578290.0,31.632812
pilot10,1741584596832.0,31.421875
pilot10,1741584625096.0,31.21875
pilot10,1741584639678.0,31.015625
pilot10,1741584664337.0,31.226562
pilot10,1741584678559.0,31.429688
pilot10,1741584698362.0,31.632812
pilot10,1741584725545.0,31.835938
pilot10,1741584753088.0,32.039062
pilot10,1741584784235.0,32.242188
pilot10,1741584815556.0,32.445312
pilot10,1741584846340.0,32.648438
pilot10,1741584862363.0,32.851562
pilot10,1741584913849.0,33.0625
pilot10,1741584968755.0,33.265625
pilot10,1741585034825.0,33.46875
pilot10,1741585062191.0,33.265625
pilot10,1741585071374.0,33.0625
pilot10,1741585080551.0,32.859375
pilot10,1741585093154.0,32.65625
pilot10,1741585142300.0,32.859375
pilot10,1741585157246.0,33.0625
pilot10,1741585174528.0,33.273438
pilot10,1741585396132.0,33.476562
pilot10,1741585435560.0,33.257812
pilot10,1741585444743.0,33.03125
pilot10,1741585455904.0,32.828125
pilot10,1741585465986.0,32.625
pilot10,1741585478767.0,32.414062
pilot10,1741585511889.0,32.625
pilot10,1741585525030.0,32.828125
pilot10,1741585538892.0,33.03125
pilot10,1741585593619.0,33.242188
pilot10,1741585665088.0,33.445312
pilot10,1741585759779.0,33.648438
pilot10,1741585785885.0,33.4375
pilot10,1741585794529.0,33.234375
pilot10,1741585803890.0,33.03125
pilot10,1741585815051.0,32.820312
pilot10,1741585826033.0,32.617188
pilot10,1741585839175.0,32.40625
pilot10,1741585864736.0,32.617188
pilot10,1741585875179.0,32.835938
pilot10,1741585896059.0,32.632812
pilot10,1741585906141.0,32.421875
pilot10,1741585919465.0,32.21875
pilot10,1741585931167.0,32.015625
pilot10,1741585944129.0,31.804688
pilot10,1741585977609.0,32.007812
pilot10,1741585998856.0,32.210938
pilot10,1741586030000.0,32.414062
pilot10,1741586068164.0,32.617188
pilot10,1741586113891.0,32.820312
pilot10,1741586179419.0,33.023438
pilot10,1741586220105.0,33.234375
pilot10,1741586240807.0,33.4375
pilot10,1741586310653.0,33.226562
pilot10,1741586319477.0,33.023438
pilot10,1741586329199.0,32.820312
pilot10,1741651029709.0,34.460938
pilot10,1741651110346.0,34.664062
pilot10,1741651211248.0,34.867188
pilot10,1741651270899.0,35.070312
pilot10,1741651303229.0,35.273438
pilot10,1741651390528.0,35.070312
pilot10,1741652040288.0,223.92969
pilot10,1741652040349.0,35.171875
pilot10,1741652280351.0,35.375
pilot10,1741652497550.0,35.171875
pilot10,1741652519711.0,34.96875
pilot10,1741652609533.0,34.757812
pilot10,1741652700296.0,222.29688
pilot10,1741652700357.0,34.8125
pilot10,1741653789715.0,34.601562
pilot10,1741653834133.0,34.390625
pilot10,1741653973955.0,34.59375
pilot10,1741654043954.0,34.796875
pilot10,1741654116474.0,35.0
pilot10,1741654163234.0,35.203125
pilot10,1741654221615.0,35.40625
pilot10,1741654283775.0,35.609375
pilot10,1741654402874.0,35.8125
pilot10,1741654543227.0,35.609375
pilot11,1740988812194.0,28.554688
pilot11,1740988927774.0,28.34375
pilot11,1740989936081.0,28.140625
pilot11,1740990149229.0,28.34375
pilot11,1740990259041.0,28.140625
pilot11,1740990482630.0,27.9375
pilot11,1740990495412.0,28.140625
pilot11,1740990604131.0,27.9375
pilot11,1740991438550.0,28.140625
pilot11,1740991845043.0,28.34375
pilot11,1741035850073.0,28.3125
pilot11,1741035908452.0,28.109375
pilot11,1741035940285.0,242.5625
pilot11,1741035940347.0,28.078125
pilot11,1741035976288.0,28.28125
pilot11,1741035980279.0,223.96875
pilot11,1741035980341.0,28.3125
pilot11,1741036010286.0,223.97656
pilot11,1741036010347.0,28.5
pilot11,1741036033051.0,28.710938
pilot11,1741036074310.0,28.914062
pilot11,1741036109892.0,29.117188
pilot11,1741036130532.0,29.335938
pilot11,1741036148433.0,29.539062
pilot11,1741036166654.0,29.75
pilot11,1741036178448.0,29.953125
pilot11,1741036215931.0,29.75
pilot11,1741036220289.0,223.97656
pilot11,1741036220350.0,29.734375
pilot11,1741036230289.0,223.97656
pilot11,1741036230350.0,29.710938
pilot11,1741036257550.0,29.5
pilot11,1741036288632.0,29.296875
pilot11,1741036300288.0,242.64062
pilot11,1741036300350.0,29.164062
pilot11,1741036319531.0,28.960938
pilot11,1741036356650.0,28.75
pilot11,1741036384130.0,28.546875
pilot11,1741036406108.0,28.757812
pilot11,1741036438092.0,28.554688
pilot11,1741036550280.0,223.97656
pilot11,1741036550341.0,28.632812
pilot11,1741036570287.0,223.97656
pilot11,1741036570349.0,28.6875
pilot11,1741036580287.0,222.22656
pilot11,1741036580349.0,28.820312
pilot11,1741036592689.0,29.03125
pilot11,1741036607371.0,29.25
pilot11,1741036625571.0,29.46875
pilot11,1741036634667.0,29.6875
pilot11,1741036642137.0,29.898438
pilot11,1741036650524.0,30.117188
pilot11,1741036667910.0,30.335938
pilot11,1741036677729.0,30.554688
pilot11,1741036689162.0,30.757812
pilot11,1741036707910.0,30.960938
pilot11,1741036721625.0,31.164062
pilot11,1741036756649.0,31.367188
pilot11,1741036821248.0,31.570312
pilot11,1741036864128.0,31.773438
pilot11,1741036870284.0,242.8125
pilot11,1741036870344.0,31.890625
pilot11,1741036920286.0,222.14062
pilot11,1741036920347.0,31.765625
pilot11,1741036971429.0,31.5625
pilot11,1741036990287.0,222.14062
pilot11,1741036990348.0,31.515625
pilot11,1741037170286.0,242.77344
pilot11,1741037170347.0,31.351562
pilot11,1741037201075.0,31.148438
pilot11,1741037214670.0,31.351562
pilot11,1741037333244.0,31.554688
pilot11,1741037383292.0,31.335938
pilot11,1741037439639.0,31.546875
pilot11,1741037455224.0,31.75
pilot11,1741037472148.0,31.953125
pilot11,1741037504127.0,32.164062
pilot11,1741037520283.0,32.375
pilot11,1741037527547.0,32.585938
pilot11,1741037546107.0,32.789062
pilot11,1741037560285.0,242.86719
pilot11,1741037560346.0,32.8125
pilot11,1741037680281.0,242.86719
pilot11,1741037680342.0,32.75
pilot11,1741037712506.0,32.539062
pilot11,1741037723227.0,32.742188
pilot11,1741037758267.0,32.539062
pilot11,1741037798087.0,32.335938
pilot11,1741037847186.0,32.539062
pilot11,1741037891607.0,32.335938
pilot11,1741037960277.0,242.84375
pilot11,1741037960339.0,32.429688
pilot11,1741038010067.0,32.632812
pilot11,1741038076646.0,32.421875
pilot11,1741038097006.0,32.21875
pilot11,1741038194846.0,32.015625
pilot11,1741038250282.0,242.80469
pilot11,1741038250344.0,31.890625
pilot11,1741038270282.0,222.14062
pilot11,1741038270343.0,31.796875
pilot11,1741038410282.0,242.79688
pilot11,1741038410343.0,31.695312
pilot11,1741038448627.0,31.492188
pilot11,1741038470282.0,223.99219
pilot11,1741038470344.0,31.515625
pilot11,1741038481603.0,31.71875
pilot11,1741038500282.0,223.99219
pilot11,1741038500343.0,31.773438
pilot11,1741038540280.0,242.79688
pilot11,1741038540341.0,31.71875
pilot11,1741038596466.0,31.9375
pilot11,1741038610278.0,223.99219
pilot11,1741038610338.0,32.054688
pilot11,1741038640282.0,242.82812
pilot11,1741038640343.0,32.101562
pilot11,1741038668800.0,32.304688
pilot11,1741038694477.0,32.507812
pilot11,1741038786644.0,32.710938
pilot11,1741038830277.0,242.85938
pilot11,1741038830339.0,32.679688
pilot11,1741038840269.0,222.14062
pilot11,1741038840332.0,32.648438
pilot11,1741038928263.0,32.4375
pilot11,1741038960280.0,32.234375
pilot11,1741039021590.0,32.03125
pilot11,1741039110278.0,242.82812
pilot11,1741039110340.0,32.171875
pilot11,1741039150282.0,222.15625
pilot11,1741039150343.0,31.992188
pilot11,1740992501225.0,28.546875
pilot11,1740992850832.0,28.75
pilot11,1740992965479.0,28.546875
pilot11,1740994250147.0,28.757812
pilot11,1740994607312.0,28.960938
pilot11,1740994663299.0,28.757812
pilot11,1740995100928.0,28.96875
pilot11,1740995154581.0,28.765625
pilot11,1740995321644.0,28.96875
pilot11,1740995439378.0,28.765625
pilot11,1741017590341.0,242.96094
pilot11,1741017590402.0,34.28125
pilot11,1741017646882.0,34.484375
pilot11,1741017665625.0,34.28125
pilot11,1741017684006.0,34.078125
pilot11,1741017754358.0,34.28125
pilot11,1741017799405.0,34.078125
pilot11,1741017810342.0,222.22656
pilot11,1741017810403.0,34.03125
pilot11,1741017839406.0,34.242188
pilot11,1741017900343.0,242.96094
pilot11,1741017900403.0,34.15625
pilot11,1741017962564.0,34.359375
pilot11,1741018013104.0,34.15625
pilot11,1741018160341.0,33.953125
pilot11,1741018180342.0,242.9375
pilot11,1741018180403.0,33.875
pilot11,1741018222017.0,34.078125
pilot11,1741018273470.0,34.28125
pilot11,1741018329581.0,34.078125
pilot11,1741018340339.0,242.94531
pilot11,1741018340400.0,34.023438
pilot11,1741018436168.0,33.820312
pilot11,1741018490335.0,222.22656
pilot11,1741018490396.0,33.9375
pilot11,1741018522565.0,33.734375
pilot11,1741018590340.0,222.14062
pilot11,1741018590401.0,33.828125
pilot11,1741018616162.0,34.03125
pilot11,1741018644722.0,33.828125
pilot11,1741018758862.0,33.625
pilot11,1741018800331.0,224.0
pilot11,1741018800392.0,33.546875
pilot11,1741018840339.0,242.90625
pilot11,1741018840401.0,33.367188
pilot11,1741018852282.0,33.15625
pilot11,1741018900398.0,32.953125
pilot11,1741018934721.0,33.15625
pilot11,1741018950338.0,242.89844
pilot11,1741018950400.0,33.25
pilot11,1741018962201.0,33.046875
pilot11,1741019000762.0,32.84375
pilot11,1741019079582.0,32.640625
pilot11,1741019100339.0,242.85938
pilot11,1741019100400.0,32.640625
pilot11,1741019174355.0,32.4375
pilot11,1741019215081.0,32.234375
pilot11,1741019260333.0,242.83594
pilot11,1741019260394.0,32.3125
pilot11,1741019290338.0,242.82812
pilot11,1741019290400.0,32.21875
pilot11,1741019320338.0,242.83594
pilot11,1741019320399.0,32.242188
pilot11,1741019400337.0,242.82031
pilot11,1741019400399.0,32.085938
pilot11,1741019519400.0,31.882812
pilot11,1741019520337.0,223.99219
pilot11,1741019520398.0,31.882812
pilot11,1741019534178.0,32.085938
pilot11,1741019540334.0,242.82812
pilot11,1741019540395.0,32.171875
pilot11,1741019598323.0,32.375
pilot11,1741019635079.0,32.171875
pilot11,1741019670336.0,222.15625
pilot11,1741019670397.0,32.023438
pilot11,1741019690336.0,223.99219
pilot11,1741019690398.0,32.015625
pilot11,1741019710336.0,222.22656
pilot11,1741019710397.0,32.054688
pilot11,1741019835439.0,31.851562
pilot11,1741019930335.0,242.80469
pilot11,1741019930397.0,31.820312
pilot11,1741020098678.0,31.617188
pilot11,1741020139397.0,31.820312
pilot11,1741020420334.0,242.79688
pilot11,1741020420396.0,31.664062
pilot11,1741020470334.0,242.79688
pilot11,1741020470396.0,31.65625
pilot11,1741020480335.0,242.79688
pilot11,1741020480395.0,31.648438
pilot11,1741020519217.0,31.851562
pilot11,1741020600332.0,222.15625
pilot11,1741020600395.0,31.921875
pilot11,1741020645965.0,32.125
pilot11,1741020720335.0,242.82031
pilot11,1741020720397.0,32.023438
pilot11,1741020765616.0,32.234375
pilot11,1741020951294.0,32.445312
pilot11,1741020990329.0,242.85156
pilot11,1741020990391.0,32.5625
pilot11,1741021010332.0,222.14062
pilot11,1741021010393.0,32.492188
pilot11,1741021040333.0,242.85156
pilot11,1741021040394.0,32.53125
pilot11,1741021060333.0,222.14062
pilot11,1741021060393.0,32.4375
pilot11,1741021104190.0,32.234375
pilot11,1741021120332.0,242.82812
pilot11,1741021120393.0,32.21875
pilot11,1741021130332.0,242.82812
pilot11,1741021130393.0,32.15625
pilot11,1741021184174.0,31.953125
pilot11,1741021190332.0,223.99219
pilot11,1741021190395.0,31.929688
pilot11,1741021200332.0,222.22656
pilot11,1741021200394.0,31.992188
pilot11,1740984798593.0,29.984375
pilot11,1740984933248.0,29.78125
pilot11,1740985247569.0,29.578125
pilot11,1740985559728.0,29.375
pilot11,1740985653518.0,29.59375
pilot11,1740985694196.0,29.382812
pilot11,1740985990514.0,29.179688
pilot11,1740986020217.0,29.382812
pilot11,1740986067564.0,29.179688
pilot11,1740986710060.0,28.976562
pilot11,1740986727342.0,29.179688
pilot11,1740986842557.0,28.976562
pilot11,1740986924475.0,29.179688
pilot11,1740986969298.0,28.960938
pilot11,1740987580663.0,28.757812
pilot11,1740987756546.0,28.960938
pilot11,1740987793811.0,28.757812
pilot11,1740988303995.0,28.554688
pilot11,1741014260353.0,242.79688
pilot11,1741014260414.0,31.6875
pilot11,1741014270353.0,223.99219
pilot11,1741014270415.0,31.632812
pilot11,1741014319416.0,31.835938
pilot11,1741014356898.0,32.039062
pilot11,1741014544010.0,31.835938
pilot11,1741014550352.0,242.80469
pilot11,1741014550413.0,31.859375
pilot11,1741014670352.0,242.82031
pilot11,1741014670413.0,32.023438
pilot11,1741014684734.0,32.234375
pilot11,1741014690352.0,242.84375
pilot11,1741014690413.0,32.367188
pilot11,1741014710346.0,242.84375
pilot11,1741014710407.0,32.390625
pilot11,1741014760953.0,32.1875
pilot11,1741014820352.0,242.82812
pilot11,1741014820413.0,32.15625
pilot11,1741014868154.0,32.359375
pilot11,1741014980352.0,242.84375
pilot11,1741014980413.0,32.375
pilot11,1741014988514.0,32.609375
pilot11,1741015002754.0,32.820312
pilot11,1741015020349.0,242.86719
pilot11,1741015020411.0,32.820312
pilot11,1741015030337.0,242.86719
pilot11,1741015030399.0,32.726562
pilot11,1741015143653.0,32.523438
pilot11,1741015200351.0,242.85156
pilot11,1741015200412.0,32.539062
pilot11,1741015230351.0,242.85156
pilot11,1741015230412.0,32.539062
pilot11,1741015280350.0,222.14062
pilot11,1741015280411.0,32.5625
pilot11,1741015291132.0,32.765625
pilot11,1741015299054.0,32.976562
pilot11,1741015310350.0,222.15625
pilot11,1741015310411.0,33.109375
pilot11,1741015330412.0,32.90625
pilot11,1741015570349.0,242.88281
pilot11,1741015570410.0,32.96875
pilot11,1741015614552.0,33.171875
pilot11,1741015628694.0,33.375
pilot11,1741015644012.0,33.585938
pilot11,1741015660591.0,33.789062
pilot11,1741015687432.0,33.585938
pilot11,1741015750349.0,242.91406
pilot11,1741015750410.0,33.53125
pilot11,1741015760349.0,242.91406
pilot11,1741015760410.0,33.453125
pilot11,1741015886712.0,33.25
pilot11,1741015940349.0,242.90625
pilot11,1741015940410.0,33.296875
pilot11,1741015959411.0,33.5
pilot11,1741016050348.0,242.91406
pilot11,1741016050409.0,33.460938
pilot11,1741016100348.0,242.92188
pilot11,1741016100409.0,33.609375
pilot11,1741016240344.0,222.15625
pilot11,1741016240405.0,33.820312
pilot11,1741016301850.0,34.03125
pilot11,1741016420339.0,222.14062
pilot11,1741016420400.0,33.882812
pilot11,1741016620346.0,242.92969
pilot11,1741016620407.0,33.78125
pilot11,1741016660346.0,242.9375
pilot11,1741016660408.0,33.835938
pilot11,1741016680346.0,222.15625
pilot11,1741016680406.0,33.773438
pilot11,1741016710346.0,222.15625
pilot11,1741016710408.0,33.703125
pilot11,1741016750347.0,222.82031
pilot11,1741016750408.0,33.703125
pilot11,1741016790345.0,242.92969
pilot11,1741016790407.0,33.710938
pilot11,1741016916707.0,33.914062
pilot11,1741016920345.0,242.94531
pilot11,1741016920406.0,33.9375
pilot11,1741016951668.0,34.15625
pilot11,1741016962744.0,34.359375
pilot11,1741016990947.0,34.148438
pilot11,1741017090341.0,222.15625
pilot11,1741017090402.0,34.09375
pilot11,1741017207069.0,33.890625
pilot11,1741017291486.0,34.09375
pilot11,1741017300340.0,242.95312
pilot11,1741017300402.0,34.117188
pilot11,1741017427248.0,33.914062
pilot11,1741017548297.0,34.125
pilot11,1741017555619.0,34.335938
pilot11,1741021289754.0,32.195312
pilot11,1741021295612.0,32.40625
pilot11,1741021300328.0,224.0
pilot11,1741021300390.0,32.523438
pilot11,1741021315966.0,32.734375
pilot11,1741021350332.0,242.85938
pilot11,1741021350393.0,32.671875
pilot11,1741021370331.0,222.14062
pilot11,1741021370392.0,32.546875
pilot11,1741021430332.0,242.85156
pilot11,1741021430393.0,32.546875
pilot11,1741021470330.0,242.85156
pilot11,1741021470392.0,32.484375
pilot11,1741021500332.0,242.83594
pilot11,1741021500392.0,32.34375
pilot11,1741021520331.0,242.83594
pilot11,1741021520392.0,32.3125
pilot11,1741021526319.0,32.085938
pilot11,1741021527399.0,31.875
pilot11,1741021528659.0,31.664062
pilot11,1741021530280.0,31.4375
pilot11,1741021532080.0,31.234375
pilot11,1741021534780.0,31.007812
pilot11,1741021539461.0,30.796875
pilot11,1741021544501.0,30.59375
pilot11,1741021548822.0,30.390625
pilot11,1741021553863.0,30.1875
pilot11,1741021560344.0,29.984375
pilot11,1741021562864.0,30.1875
pilot11,1741021572765.0,30.429688
pilot11,1741021584467.0,30.65625
pilot11,1741021593648.0,30.859375
pilot11,1741021625873.0,31.070312
pilot11,1741021654857.0,31.273438
pilot11,1741021661697.0,31.476562
pilot11,1741021718404.0,31.6875
pilot11,1741021728125.0,31.890625
pilot11,1741021990063.0,31.6875
pilot11,1741022003745.0,31.898438
pilot11,1741022103298.0,31.695312
pilot11,1741022139483.0,31.90625
pilot11,1741022160006.0,31.703125
pilot11,1741022206272.0,31.921875
pilot11,1741022215092.0,32.125
pilot11,1741022250737.0,31.921875
pilot11,1741022292313.0,31.71875
pilot11,1741022310677.0,31.515625
pilot11,1741022330480.0,31.3125
pilot11,1741022338761.0,31.515625
pilot11,1741022377106.0,31.304688
pilot11,1741022412211.0,31.507812
pilot11,1741022423192.0,31.710938
pilot11,1741022471978.0,31.507812
pilot11,1741022506903.0,31.304688
pilot11,1741022522206.0,31.09375
pilot11,1741022567931.0,30.875
pilot11,1741022584853.0,30.671875
pilot11,1741022613296.0,30.46875
pilot11,1741022623737.0,30.679688
pilot11,1741022659751.0,30.476562
pilot11,1741022673787.0,30.273438
pilot11,1741022691978.0,30.476562
pilot11,1741022720395.0,30.273438
pilot11,1741022742537.0,30.070312
pilot11,1741022778721.0,29.851562
pilot11,1741022797443.0,29.648438
pilot11,1741022818326.0,29.445312
pilot11,1741022871613.0,29.242188
pilot11,1741022914279.0,29.039062
pilot11,1741022960725.0,29.242188
pilot11,1741022981068.0,29.039062
pilot11,1741023008971.0,28.835938
pilot11,1741023081340.0,29.039062
pilot11,1741023125266.0,28.835938
pilot11,1741023173177.0,28.632812
pilot11,1741023204665.0,28.429688
pilot11,1741023282074.0,28.226562
pilot11,1741023351584.0,28.023438
pilot11,1741023451856.0,27.820312
pilot11,1741023524587.0,27.617188
pilot11,1741023551409.0,27.820312
pilot11,1741023655462.0,27.617188
pilot11,1741023752308.0,27.820312
pilot11,1741023800005.0,27.601562
pilot11,1741023863732.0,27.398438
pilot11,1741024013873.0,27.195312
pilot11,1741024418215.0,26.984375
pilot11,1741024451518.0,27.1875
pilot11,1741024486623.0,26.976562
pilot11,1741024626858.0,26.773438
pilot11,1741006534719.0,30.828125
pilot11,1741006561363.0,31.03125
pilot11,1741006837698.0,31.234375
pilot11,1741006945171.0,31.4375
pilot11,1741006950572.0,31.648438
pilot11,1741006987479.0,31.851562
pilot11,1741007039504.0,31.648438
pilot11,1741007056966.0,31.859375
pilot11,1741007311517.0,31.65625
pilot11,1741007405491.0,31.859375
pilot11,1741039500273.0,222.14062
pilot11,1741039500335.0,31.367188
pilot11,1741039521963.0,31.164062
pilot11,1741039583761.0,30.960938
pilot11,1741039590278.0,222.14062
pilot11,1741039590339.0,30.953125
pilot11,1741039629341.0,30.75
pilot11,1741039777361.0,30.960938
pilot11,1741039790277.0,223.98438
pilot11,1741039790338.0,30.953125
pilot11,1741039813040.0,30.75
pilot11,1741039822860.0,30.953125
pilot11,1741039860278.0,223.98438
pilot11,1741039860340.0,30.96875
pilot11,1741039905741.0,30.765625
pilot11,1741039920277.0,223.98438
pilot11,1741039920339.0,30.75
pilot11,1741039930278.0,242.73438
pilot11,1741039930339.0,30.726562
pilot11,1741040000278.0,223.98438
pilot11,1741040000339.0,30.625
pilot11,1741040036100.0,30.421875
pilot11,1741040060277.0,242.71094
pilot11,1741040060338.0,30.414062
pilot11,1741040140276.0,222.14062
pilot11,1741040140338.0,30.382812
pilot11,1741040173759.0,30.585938
pilot11,1741040180059.0,30.789062
pilot11,1741040230277.0,242.74219
pilot11,1741040230338.0,30.835938
pilot11,1741040267899.0,30.632812
pilot11,1741040307718.0,30.429688
pilot11,1741040338445.0,30.21875
pilot11,1741040390276.0,223.98438
pilot11,1741040390337.0,30.109375
pilot11,1741040405202.0,29.90625
pilot11,1741040449879.0,29.703125
pilot11,1741040460276.0,223.97656
pilot11,1741040460338.0,29.648438
pilot11,1741040491956.0,29.445312
pilot11,1741040513397.0,29.648438
pilot11,1741040550518.0,29.445312
pilot11,1741040589699.0,29.242188
pilot11,1741040590275.0,222.22656
pilot11,1741040590336.0,29.257812
pilot11,1741040607469.0,29.054688
pilot11,1741040695198.0,28.84375
pilot11,1741040735013.0,28.640625
pilot11,1741040748793.0,28.429688
pilot11,1741040776993.0,28.632812
pilot11,1741040780270.0,223.97656
pilot11,1741040780332.0,28.617188
pilot11,1741040800275.0,222.22656
pilot11,1741040800336.0,28.523438
pilot11,1741040822679.0,28.3125
pilot11,1741040839338.0,28.515625
pilot11,1741040875017.0,28.3125
pilot11,1741040930274.0,222.8125
pilot11,1741040930334.0,28.257812
pilot11,1741040950271.0,222.22656
pilot11,1741040950332.0,28.273438
pilot11,1741040960274.0,223.96875
pilot11,1741040960335.0,28.273438
pilot11,1741040990275.0,223.96875
pilot11,1741040990336.0,28.195312
pilot11,1741041080275.0,223.96875
pilot11,1741041080336.0,28.085938
pilot11,1741041160274.0,28.289062
pilot11,1741041210274.0,223.96875
pilot11,1741041210335.0,28.242188
pilot11,1741041234117.0,28.039062
pilot11,1741041280274.0,223.96875
pilot11,1741041280335.0,27.992188
pilot11,1741041290270.0,222.22656
pilot11,1741041290331.0,28.007812
pilot11,1741041310271.0,223.96875
pilot11,1741041310332.0,28.054688
pilot11,1741041360274.0,222.80469
pilot11,1741041360335.0,28.015625
pilot11,1741041438792.0,28.226562
pilot11,1741041452491.0,28.429688
pilot11,1741041524475.0,28.640625
pilot11,1741041533390.0,28.84375
pilot11,1741041576636.0,29.046875
pilot11,1741041692854.0,29.25
pilot11,1741041820272.0,222.22656
pilot11,1741041820332.0,29.34375
pilot11,1741041831770.0,29.5625
pilot11,1741041894294.0,29.765625
pilot11,1741041917519.0,29.976562
pilot11,1741041920261.0,242.6875
pilot11,1741041920322.0,29.96875
pilot11,1741041930272.0,223.98438
pilot11,1741041930335.0,29.96875
pilot11,1741041993213.0,30.171875
pilot11,1741042070271.0,223.98438
pilot11,1741042070332.0,30.265625
pilot11,1741042080272.0,242.70312
pilot11,1741042080332.0,30.242188
pilot11,1741042090271.0,222.14062
pilot11,1741042090332.0,30.234375
pilot11,1741042130271.0,223.98438
pilot11,1741042130332.0,30.320312
pilot11,1741042209870.0,30.53125
pilot11,1741042235709.0,30.734375
pilot11,1741042250269.0,242.74219
pilot11,1741042250332.0,30.882812
pilot11,1741042309694.0,30.679688
pilot11,1741042350270.0,242.73438
pilot11,1741042350331.0,30.726562
pilot11,1741042360271.0,223.98438
pilot11,1741042360332.0,30.796875
pilot11,1741042410270.0,242.74219
pilot11,1741042410332.0,30.796875
pilot11,1741042520270.0,223.98438
pilot11,1741042520331.0,30.671875
pilot11,1741024837830.0,26.976562
pilot11,1741024845404.0,27.179688
pilot11,1741024848289.0,27.390625
pilot11,1741024849548.0,27.601562
pilot11,1741024850319.0,27.820312
pilot11,1741024851822.0,28.03125
pilot11,1741024853442.0,28.25
pilot11,1741024854343.0,28.46875
pilot11,1741024855242.0,28.6875
pilot11,1741024856322.0,28.890625
pilot11,1741024857403.0,29.09375
pilot11,1741024859023.0,29.328125
pilot11,1741024860738.0,29.539062
pilot11,1741024862177.0,29.742188
pilot11,1741024864156.0,29.945312
pilot11,1741024866493.0,30.171875
pilot11,1741024869555.0,30.390625
pilot11,1741024872537.0,30.59375
pilot11,1741024878125.0,30.804688
pilot11,1741024887405.0,31.007812
pilot11,1741024897938.0,31.210938
pilot11,1741024910734.0,31.414062
pilot11,1741024922724.0,31.632812
pilot11,1741024943984.0,31.835938
pilot11,1741024969566.0,32.039062
pilot11,1741024987040.0,32.25
pilot11,1741025040322.0,222.15625
pilot11,1741025040383.0,32.382812
pilot11,1741025060322.0,242.85156
pilot11,1741025060383.0,32.484375
pilot11,1741025104526.0,32.703125
pilot11,1741025136499.0,32.90625
pilot11,1741025228430.0,33.109375
pilot11,1741025335545.0,33.3125
pilot11,1741025355521.0,33.515625
pilot11,1741025509984.0,33.71875
pilot11,1741025570321.0,242.92969
pilot11,1741025570382.0,33.71875
pilot11,1741025600922.0,33.507812
pilot11,1741025654343.0,33.71875
pilot11,1741025680320.0,242.92188
pilot11,1741025680382.0,33.65625
pilot11,1741025777222.0,33.453125
pilot11,1741025803796.0,33.234375
pilot11,1741025814876.0,33.03125
pilot11,1741025829203.0,32.828125
pilot11,1741025843442.0,32.625
pilot11,1741025852361.0,32.414062
pilot11,1741025862005.0,32.203125
pilot11,1741025877223.0,31.976562
pilot11,1741025893261.0,31.773438
pilot11,1741025911462.0,31.570312
pilot11,1741025920320.0,242.78906
pilot11,1741025920381.0,31.617188
pilot11,1741025970103.0,31.414062
pilot11,1741025970320.0,242.78125
pilot11,1741025970381.0,31.414062
pilot11,1741025980282.0,31.210938
pilot11,1741025995945.0,31.0
pilot11,1741026012148.0,30.789062
pilot11,1741026027628.0,30.585938
pilot11,1741026059492.0,30.382812
pilot11,1741026119080.0,30.585938
pilot11,1741026205061.0,30.382812
pilot11,1741026220319.0,223.98438
pilot11,1741026220380.0,30.351562
pilot11,1741026230319.0,223.98438
pilot11,1741026230380.0,30.382812
pilot11,1741026270318.0,223.98438
pilot11,1741026270380.0,30.484375
pilot11,1741026295422.0,30.6875
pilot11,1741026300318.0,222.22656
pilot11,1741026300380.0,30.742188
pilot11,1741026318303.0,30.945312
pilot11,1741026350101.0,31.15625
pilot11,1741026385781.0,31.359375
pilot11,1741026414520.0,31.5625
pilot11,1741026432901.0,31.765625
pilot11,1741026443438.0,31.976562
pilot11,1741026516676.0,32.1875
pilot11,1741026576322.0,32.390625
pilot11,1741026635056.0,32.601562
pilot11,1741026670316.0,242.85938
pilot11,1741026670378.0,32.617188
pilot11,1741026710741.0,32.820312
pilot11,1741026752899.0,33.023438
pilot11,1741026764700.0,33.226562
pilot11,1741026902718.0,33.429688
pilot11,1741026930316.0,242.90625
pilot11,1741026930378.0,33.367188
pilot11,1741026960317.0,222.82031
pilot11,1741026960377.0,33.460938
pilot11,1741027010316.0,242.92188
pilot11,1741027010377.0,33.585938
pilot11,1741027044867.0,33.796875
pilot11,1741027059019.0,34.007812
pilot11,1741027069736.0,34.210938
pilot11,1741027151098.0,34.007812
pilot11,1741027279197.0,33.804688
pilot11,1741027300316.0,242.92969
pilot11,1741027300378.0,33.804688
pilot11,1741027324339.0,33.601562
pilot11,1741027376142.0,33.398438
pilot11,1741027443026.0,33.195312
pilot11,1741027472909.0,32.992188
pilot11,1741027531632.0,32.789062
pilot11,1741027550315.0,32.570312
pilot11,1741027563618.0,32.367188
pilot11,1741027580314.0,222.14062
pilot11,1741027580375.0,32.195312
pilot11,1741027601276.0,31.992188
pilot11,1741027700306.0,223.99219
pilot11,1741027700366.0,31.898438
pilot11,1741027726497.0,31.695312
pilot11,1741027755597.0,31.898438
pilot11,1741027784516.0,31.6875
pilot11,1741027810314.0,242.79688
pilot11,1741027810375.0,31.6875
pilot11,1741027862896.0,31.484375
pilot11,1741027880313.0,222.14062
pilot11,1741027880374.0,31.40625
pilot11,1741027910314.0,242.78125
pilot11,1741027910375.0,31.46875
pilot11,1741028014696.0,31.265625
pilot11,1741028020314.0,222.14062
pilot11,1741028020374.0,31.242188
pilot11,1741028070312.0,223.99219
pilot11,1741028070373.0,31.226562
pilot11,1741028140307.0,222.15625
pilot11,1741028140369.0,31.296875
pilot11,1741028200313.0,242.78125
pilot11,1741028200374.0,31.40625
pilot11,1741028240312.0,222.14062
pilot11,1741028240374.0,31.398438
pilot11,1741028274879.0,31.601562
pilot11,1741028294871.0,31.804688
pilot11,1741028339376.0,31.601562
pilot11,1741053640234.0,242.89062
pilot11,1741053640294.0,33.070312
pilot11,1741053680236.0,242.89062
pilot11,1741053680298.0,33.09375
pilot11,1741053731012.0,33.304688
pilot11,1741053750230.0,242.89844
pilot11,1741053750292.0,33.226562
pilot11,1741053767332.0,33.023438
pilot11,1741053826233.0,32.820312
pilot11,1741053860235.0,242.86719
pilot11,1741053860296.0,32.773438
pilot11,1741053868218.0,32.976562
pilot11,1741053880236.0,242.88281
pilot11,1741053880297.0,33.054688
pilot11,1741053899838.0,32.851562
pilot11,1741053900235.0,242.86719
pilot11,1741053900296.0,32.828125
pilot11,1741053940236.0,32.625
pilot11,1741054010341.0,32.421875
pilot11,1741054050233.0,242.84375
pilot11,1741054050295.0,32.460938
pilot11,1741054180235.0,242.84375
pilot11,1741054180295.0,32.328125
pilot11,1741054219117.0,32.53125
pilot11,1741054242636.0,32.320312
pilot11,1741054300235.0,242.82812
pilot11,1741054300298.0,32.164062
pilot11,1741054389656.0,31.960938
pilot11,1741054450655.0,31.757812
pilot11,1741054485364.0,31.960938
pilot11,1741054519656.0,31.757812
pilot11,1741054537519.0,31.960938
pilot11,1741054576056.0,31.757812
pilot11,1741054590233.0,222.8125
pilot11,1741054590294.0,31.640625
pilot11,1741054624075.0,31.429688
pilot11,1741054630234.0,242.78125
pilot11,1741054630294.0,31.414062
pilot11,1741054640233.0,222.22656
pilot11,1741054640295.0,31.429688
pilot11,1741054675157.0,31.21875
pilot11,1741054695875.0,31.007812
pilot11,1741054720233.0,223.98438
pilot11,1741054720294.0,30.945312
pilot11,1741054754435.0,30.734375
pilot11,1741054790233.0,242.74219
pilot11,1741054790295.0,30.796875
pilot11,1741054820233.0,242.73438
pilot11,1741054820294.0,30.664062
pilot11,1741054856595.0,30.867188
pilot11,1741054980274.0,30.65625
pilot11,1741055010231.0,242.74219
pilot11,1741055010293.0,30.828125
pilot11,1741055040232.0,242.73438
pilot11,1741055040293.0,30.75
pilot11,1741055100232.0,223.98438
pilot11,1741055100293.0,30.765625
pilot11,1741055190231.0,222.22656
pilot11,1741055190292.0,30.710938
pilot11,1741055201549.0,30.914062
pilot11,1741055258395.0,31.117188
pilot11,1741055264250.0,31.320312
pilot11,1741055312813.0,31.117188
pilot11,1741055344976.0,31.328125
pilot11,1741055436230.0,31.53125
pilot11,1741055490227.0,223.99219
pilot11,1741055490289.0,31.65625
pilot11,1741055530469.0,31.875
pilot11,1741055593174.0,31.671875
pilot11,1741055616409.0,31.875
pilot11,1741055660228.0,242.8125
pilot11,1741055660289.0,31.9375
pilot11,1741055670227.0,242.8125
pilot11,1741055670289.0,31.953125
pilot11,1741055720229.0,222.22656
pilot11,1741055720292.0,31.914062
pilot11,1741055770230.0,242.80469
pilot11,1741055770291.0,31.8125
pilot11,1741055800230.0,242.8125
pilot11,1741055800290.0,31.976562
pilot11,1741055839472.0,32.1875
pilot11,1741055900647.0,32.398438
pilot11,1741055969467.0,32.195312
pilot11,1741056017128.0,32.398438
pilot11,1741056078932.0,32.601562
pilot11,1741056098749.0,32.804688
pilot11,1741056168209.0,33.015625
pilot11,1741056182451.0,33.21875
pilot11,1741056208211.0,33.015625
pilot11,1741056246591.0,32.8125
pilot11,1741056250229.0,242.86719
pilot11,1741056250289.0,32.8125
pilot11,1741056300224.0,242.86719
pilot11,1741056300285.0,32.8125
pilot11,1741056310223.0,242.86719
pilot11,1741056310285.0,32.765625
pilot11,1741056330228.0,242.85938
pilot11,1741056330290.0,32.648438
pilot11,1741056390225.0,242.86719
pilot11,1741056390286.0,32.695312
pilot11,1741056505330.0,32.914062
pilot11,1741056529290.0,33.132812
pilot11,1741056536048.0,33.335938
pilot11,1741056593529.0,33.539062
pilot11,1741056600470.0,33.742188
pilot11,1741056607669.0,33.945312
pilot11,1741056718749.0,34.148438
pilot11,1741056780227.0,224.00781
pilot11,1741056780288.0,34.1875
pilot11,1741056811368.0,34.390625
pilot11,1741056853709.0,34.59375
pilot11,1741056931368.0,34.382812
pilot11,1741056981908.0,34.585938
pilot11,1740999461446.0,29.804688
pilot11,1740999600784.0,30.007812
pilot11,1740999741201.0,29.804688
pilot11,1740999834814.0,30.015625
pilot11,1741001162480.0,29.8125
pilot11,1741001183003.0,30.023438
pilot11,1741001301998.0,29.820312
pilot11,1741001841887.0,29.617188
pilot11,1741001857549.0,29.820312
pilot11,1741001984645.0,29.617188
pilot11,1741002002107.0,29.820312
pilot11,1741002198134.0,29.617188
pilot11,1741002224057.0,29.820312
pilot11,1741002336212.0,29.609375
pilot11,1741002550619.0,29.8125
pilot11,1741002665491.0,29.609375
pilot11,1741003156413.0,29.40625
pilot11,1741032069723.0,29.34375
pilot11,1741032075042.0,29.546875
pilot11,1741032080297.0,223.97656
pilot11,1741032080359.0,29.757812
pilot11,1741032139543.0,29.546875
pilot11,1741032157203.0,29.757812
pilot11,1741032210291.0,223.97656
pilot11,1741032210352.0,29.695312
pilot11,1741032230717.0,29.898438
pilot11,1741032240297.0,222.22656
pilot11,1741032240361.0,30.023438
pilot11,1741032260301.0,242.70312
pilot11,1741032260361.0,30.1875
pilot11,1741032310300.0,223.98438
pilot11,1741032310361.0,30.101562
pilot11,1741032320300.0,223.98438
pilot11,1741032320361.0,30.023438
pilot11,1741032380307.0,223.98438
pilot11,1741032380368.0,29.96875
pilot11,1741032477922.0,30.171875
pilot11,1741032526123.0,29.96875
pilot11,1741032530300.0,242.6875
pilot11,1741032530362.0,29.96875
pilot11,1741032580295.0,222.14062
pilot11,1741032580358.0,29.835938
pilot11,1741032606486.0,29.632812
pilot11,1741032643782.0,29.421875
pilot11,1741032650299.0,242.65625
pilot11,1741032650361.0,29.445312
pilot11,1741032660299.0,222.8125
pilot11,1741032660361.0,29.5
pilot11,1741032680076.0,29.703125
pilot11,1741032702522.0,29.90625
pilot11,1741032710083.0,30.109375
pilot11,1741032760291.0,222.14062
pilot11,1741032760353.0,30.132812
pilot11,1741032784860.0,30.335938
pilot11,1741032792157.0,30.546875
pilot11,1741032870298.0,222.8125
pilot11,1741032870360.0,30.398438
pilot11,1741032910296.0,222.15625
pilot11,1741032910356.0,30.359375
pilot11,1741032933600.0,30.15625
pilot11,1741032999000.0,29.953125
pilot11,1741033040297.0,223.98438
pilot11,1741033040358.0,30.140625
pilot11,1741033140286.0,223.98438
pilot11,1741033140347.0,30.015625
pilot11,1741033150293.0,223.98438
pilot11,1741033150354.0,29.976562
pilot11,1741033180299.0,223.98438
pilot11,1741033180362.0,29.828125
pilot11,1741033280297.0,222.22656
pilot11,1741033280358.0,29.90625
pilot11,1741033312373.0,30.109375
pilot11,1741033321982.0,30.3125
pilot11,1741033344137.0,30.515625
pilot11,1741033360296.0,222.14062
pilot11,1741033360357.0,30.414062
pilot11,1741033398095.0,30.210938
pilot11,1741033419720.0,30.007812
pilot11,1741033420297.0,242.6875
pilot11,1741033420360.0,30.007812
pilot11,1741033487199.0,29.804688
pilot11,1741033509360.0,29.601562
pilot11,1741033565396.0,29.8125
pilot11,1741033600296.0,223.98438
pilot11,1741033600357.0,29.851562
pilot11,1741033646842.0,30.054688
pilot11,1741033662338.0,30.257812
pilot11,1741033750296.0,242.70312
pilot11,1741033750359.0,30.210938
pilot11,1741033809719.0,30.414062
pilot11,1741033880298.0,222.15625
pilot11,1741033880358.0,30.335938
pilot11,1741033960295.0,222.22656
pilot11,1741033960356.0,30.328125
pilot11,1741034042518.0,30.53125
pilot11,1741034110295.0,242.71094
pilot11,1741034110356.0,30.359375
pilot11,1741034158455.0,30.570312
pilot11,1741034170277.0,222.15625
pilot11,1741034170338.0,30.664062
pilot11,1741034261255.0,30.875
pilot11,1741034360293.0,223.98438
pilot11,1741034360355.0,30.796875
pilot11,1741034400293.0,223.98438
pilot11,1741034400354.0,30.742188
pilot11,1741034410292.0,223.98438
pilot11,1741034410353.0,30.734375
pilot11,1741034480294.0,223.98438
pilot11,1741034480355.0,30.679688
pilot11,1741034590285.0,223.98438
pilot11,1741034590346.0,30.8125
pilot11,1741034616475.0,30.609375
pilot11,1741034630293.0,222.14062
pilot11,1741034630353.0,30.476562
pilot11,1741034696833.0,30.273438
pilot11,1741034811974.0,30.070312
pilot11,1741034850293.0,242.70312
pilot11,1741034850354.0,30.179688
pilot11,1741034868095.0,29.976562
pilot11,1741034950292.0,223.98438
pilot11,1741034950354.0,29.953125
pilot11,1741034970292.0,223.98438
pilot11,1741034970353.0,29.890625
pilot11,1741035029715.0,29.6875
pilot11,1741035060292.0,223.97656
pilot11,1741035060353.0,29.546875
pilot11,1741035070292.0,223.97656
pilot11,1741035070353.0,29.507812
pilot11,1741035163773.0,29.304688
pilot11,1741035179534.0,29.507812
pilot11,1741035300289.0,29.296875
pilot11,1741035320291.0,223.97656
pilot11,1741035320352.0,29.132812
pilot11,1741035342873.0,28.921875
pilot11,1741035400291.0,223.97656
pilot11,1741035400352.0,28.859375
pilot11,1741035420291.0,222.8125
pilot11,1741035420352.0,28.78125
pilot11,1741035430291.0,222.15625
pilot11,1741035430352.0,28.78125
pilot11,1741035450290.0,223.97656
pilot11,1741035450352.0,28.835938
pilot11,1741035471291.0,28.625
pilot11,1740981693914.0,35.726562
pilot11,1740981696255.0,35.507812
pilot11,1740981697154.0,35.25
pilot11,1740981698055.0,35.015625
pilot11,1740981698955.0,34.804688
pilot11,1740981700035.0,34.578125
pilot11,1740981701295.0,34.359375
pilot11,1740981702556.0,34.15625
pilot11,1740981704537.0,33.921875
pilot11,1740981710476.0,33.703125
pilot11,1740981715518.0,33.5
pilot11,1740981722898.0,33.296875
pilot11,1740981734060.0,33.085938
pilot11,1740981760343.0,33.289062
pilot11,1740981823356.0,33.492188
pilot11,1740981888703.0,33.710938
pilot11,1740981999238.0,33.507812
pilot11,1740982209145.0,33.304688
pilot11,1740982348842.0,33.09375
pilot11,1740982511762.0,33.304688
pilot11,1740982701687.0,33.101562
pilot11,1740983064060.0,32.890625
pilot11,1740983758939.0,33.09375
pilot11,1740983786663.0,33.296875
pilot11,1740983852929.0,33.070312
pilot11,1740983878134.0,32.867188
pilot11,1740983935202.0,32.664062
pilot11,1740983963286.0,32.460938
pilot11,1740984018373.0,32.257812
pilot11,1740984047897.0,32.054688
pilot11,1740984101183.0,31.84375
pilot11,1740984159510.0,31.617188
pilot11,1740984226120.0,31.414062
pilot11,1740984288407.0,31.210938
pilot11,1740984356456.0,31.0
pilot11,1740984425945.0,30.796875
pilot11,1740984508035.0,30.59375
pilot11,1740984579505.0,30.390625
pilot11,1740984713802.0,30.1875
pilot11,1741060934207.0,36.523438
pilot11,1741060962291.0,36.320312
pilot11,1741061015937.0,36.109375
pilot11,1741061094969.0,35.898438
pilot11,1741061150775.0,35.695312
pilot11,1741061177962.0,35.492188
pilot11,1741061235030.0,35.289062
pilot11,1741061302537.0,35.085938
pilot11,1741061378687.0,34.875
pilot11,1741061454660.0,34.671875
pilot11,1741061587874.0,34.46875
pilot11,1741061711728.0,34.257812
pilot11,1741061918391.0,34.046875
pilot11,1741062143235.0,33.84375
pilot11,1741062239200.0,33.632812
pilot11,1741062296440.0,33.429688
pilot11,1741062348460.0,33.226562
pilot11,1741062373123.0,33.015625
pilot11,1741062428030.0,32.8125
pilot11,1741062451073.0,32.609375
pilot11,1741062503101.0,32.40625
pilot11,1741062525603.0,32.1875
pilot11,1741062584291.0,31.976562
pilot11,1741062643518.0,31.773438
pilot11,1741062702745.0,31.539062
pilot11,1741062757113.0,31.335938
pilot11,1741062817613.0,31.125
pilot11,1741062845512.0,30.921875
pilot11,1741062873956.0,31.125
pilot11,1741062896459.0,30.921875
pilot11,1741062919503.0,30.71875
pilot11,1741063040117.0,30.515625
pilot11,1741063114105.0,30.3125
pilot11,1741063147230.0,30.109375
pilot11,1741063163971.0,30.3125
pilot11,1741063195475.0,30.109375
pilot11,1741063267305.0,29.90625
pilot11,1741063386665.0,29.703125
pilot11,1741063462634.0,29.5
pilot11,1741063553185.0,29.289062
pilot11,1741063768853.0,29.492188
pilot11,1741028450334.0,31.8125
pilot11,1741028489728.0,32.015625
pilot11,1741028513974.0,31.804688
pilot11,1741028520311.0,222.14062
pilot11,1741028520372.0,31.773438
pilot11,1741028537934.0,31.570312
pilot11,1741028540310.0,222.14062
pilot11,1741028540372.0,31.539062
pilot11,1741028557391.0,31.335938
pilot11,1741028571450.0,31.117188
pilot11,1741028580311.0,242.75781
pilot11,1741028580373.0,31.078125
pilot11,1741028614690.0,30.875
pilot11,1741028656490.0,30.671875
pilot11,1741028677933.0,30.460938
pilot11,1741028710311.0,222.14062
pilot11,1741028710371.0,30.320312
pilot11,1741028730306.0,222.15625
pilot11,1741028730367.0,30.375
pilot11,1741028779007.0,30.578125
pilot11,1741028839374.0,30.78125
pilot11,1741028840311.0,223.98438
pilot11,1741028840372.0,30.765625
pilot11,1741028860311.0,242.74219
pilot11,1741028860373.0,30.828125
pilot11,1741028870311.0,222.22656
pilot11,1741028870372.0,30.882812
pilot11,1741028883432.0,31.085938
pilot11,1741028910311.0,223.98438
pilot11,1741028910372.0,30.992188
pilot11,1741028920311.0,242.75
pilot11,1741028920372.0,30.953125
pilot11,1741028940310.0,223.98438
pilot11,1741028940371.0,30.960938
pilot11,1741028995044.0,31.164062
pilot11,1741029080310.0,223.98438
pilot11,1741029080371.0,31.054688
pilot11,1741029097208.0,31.265625
pilot11,1741029160309.0,242.77344
pilot11,1741029160370.0,31.320312
pilot11,1741029202713.0,31.117188
pilot11,1741029250309.0,222.14062
pilot11,1741029250369.0,31.0625
pilot11,1741029272712.0,30.859375
pilot11,1741029300309.0,222.14062
pilot11,1741029300370.0,30.726562
pilot11,1741029332712.0,30.515625
pilot11,1741029373252.0,30.3125
pilot11,1741029402535.0,30.101562
pilot11,1741029430307.0,242.69531
pilot11,1741029430368.0,30.070312
pilot11,1741029440309.0,223.98438
pilot11,1741029440369.0,30.148438
pilot11,1741029459372.0,29.945312
pilot11,1741029460309.0,223.98438
pilot11,1741029460370.0,29.9375
pilot11,1741029480309.0,222.22656
pilot11,1741029480371.0,29.84375
pilot11,1741029506680.0,29.640625
pilot11,1741029540309.0,222.8125
pilot11,1741029540370.0,29.726562
pilot11,1741029578831.0,29.523438
pilot11,1741029590551.0,29.320312
pilot11,1741029613253.0,29.101562
pilot11,1741029711990.0,29.320312
pilot11,1741029723430.0,29.523438
pilot11,1741029750309.0,223.97656
pilot11,1741029750370.0,29.640625
pilot11,1741029760308.0,223.97656
pilot11,1741029760369.0,29.65625
pilot11,1741029790369.0,29.875
pilot11,1741029797206.0,30.085938
pilot11,1741029800300.0,222.22656
pilot11,1741029800361.0,30.117188
pilot11,1741029810290.0,223.98438
pilot11,1741029810351.0,30.21875
pilot11,1741029850308.0,223.98438
pilot11,1741029850369.0,30.195312
pilot11,1741029893611.0,30.398438
pilot11,1741029960307.0,242.71875
pilot11,1741029960368.0,30.515625
pilot11,1741029980307.0,223.98438
pilot11,1741029980368.0,30.5
pilot11,1741029990308.0,223.98438
pilot11,1741029990369.0,30.570312
pilot11,1741030027390.0,30.78125
pilot11,1741030080307.0,242.75
pilot11,1741030080368.0,30.9375
pilot11,1741030090306.0,242.75
pilot11,1741030090368.0,30.921875
pilot11,1741030116310.0,31.125
pilot11,1741030133433.0,31.328125
pilot11,1741030170307.0,242.77344
pilot11,1741030170368.0,31.320312
pilot11,1741030180307.0,242.78125
pilot11,1741030180368.0,31.367188
pilot11,1741030190306.0,242.78125
pilot11,1741030190368.0,31.414062
pilot11,1741030247074.0,31.617188
pilot11,1741030290307.0,242.78906
pilot11,1741030290367.0,31.578125
pilot11,1741030380306.0,222.14062
pilot11,1741030380366.0,31.53125
pilot11,1741030459729.0,31.734375
pilot11,1741030475588.0,31.9375
pilot11,1741030487928.0,31.726562
pilot11,1741030495408.0,31.523438
pilot11,1741030500305.0,222.14062
pilot11,1741030500366.0,31.421875
pilot11,1741030523787.0,31.21875
pilot11,1741030566849.0,31.007812
pilot11,1741030589908.0,30.804688
pilot11,1741030600306.0,223.98438
pilot11,1741030600367.0,30.6875
pilot11,1741030620547.0,30.484375
pilot11,1741030640306.0,242.71875
pilot11,1741030640367.0,30.4375
pilot11,1741030650305.0,222.14062
pilot11,1741030650367.0,30.414062
pilot11,1741030662891.0,30.203125
pilot11,1741030692173.0,29.984375
pilot11,1741030720305.0,223.98438
pilot11,1741030720367.0,29.9375
pilot11,1741030750305.0,223.98438
pilot11,1741030750366.0,29.875
pilot11,1741030803427.0,29.671875
pilot11,1741030820301.0,242.67969
pilot11,1741030820363.0,29.828125
pilot11,1741030840305.0,223.98438
pilot11,1741030840366.0,29.84375
pilot11,1741030945767.0,30.046875
pilot11,1741031009907.0,29.84375
pilot11,1741031090366.0,29.640625
pilot11,1741031113775.0,29.84375
pilot11,1741031199010.0,30.0625
pilot11,1741031230303.0,223.98438
pilot11,1741031230365.0,30.085938
pilot11,1741031280300.0,223.98438
pilot11,1741031280361.0,29.96875
pilot11,1741031330303.0,223.98438
pilot11,1741031330365.0,30.03125
pilot11,1741031374325.0,29.828125
pilot11,1741031410895.0,30.03125
pilot11,1741031473244.0,29.828125
pilot11,1741031490302.0,222.22656
pilot11,1741031490364.0,29.84375
pilot11,1741031573605.0,29.640625
pilot11,1741031631444.0,29.4375
pilot11,1741031663424.0,29.234375
pilot11,1741031703604.0,29.03125
pilot11,1741003950854.0,29.609375
pilot11,1741004092351.0,29.40625
pilot11,1741004307480.0,29.609375
pilot11,1741004373897.0,29.398438
pilot11,1741004394240.0,29.601562
pilot11,1741004449867.0,29.390625
pilot11,1741004530517.0,29.59375
pilot11,1741005012447.0,29.804688
pilot11,1741005367813.0,30.015625
pilot11,1741005503730.0,30.21875
pilot11,1741005712016.0,30.421875
pilot11,1741005922282.0,30.625
pilot11,1741006201859.0,30.828125
pilot11,1741006388542.0,31.03125
pilot11,1741010582666.0,29.492188
pilot11,1741010668905.0,29.289062
pilot11,1741010698067.0,29.085938
pilot11,1741010782137.0,29.289062
pilot11,1741010789336.0,29.492188
pilot11,1741010947688.0,29.695312
pilot11,1741010952404.0,29.90625
pilot11,1741010957083.0,30.117188
pilot11,1741010960781.0,30.328125
pilot11,1741010963122.0,30.53125
pilot11,1741010966722.0,30.75
pilot11,1741010971222.0,30.953125
pilot11,1741011007591.0,30.742188
pilot11,1741011021812.0,30.539062
pilot11,1741011038555.0,30.335938
pilot11,1741011324251.0,30.132812
pilot11,1741011655133.0,29.929688
pilot11,1741011707159.0,30.132812
pilot11,1741011799870.0,30.351562
pilot11,1741011807611.0,30.570312
pilot11,1741011862159.0,30.367188
pilot11,1741011930027.0,30.15625
pilot11,1741011960811.0,29.953125
pilot11,1741012081607.0,29.75
pilot11,1741012091865.0,29.953125
pilot11,1741012225445.0,29.734375
pilot11,1741012309155.0,29.53125
pilot11,1741012382399.0,29.734375
pilot11,1741012384919.0,29.9375
pilot11,1741012388158.0,30.15625
pilot11,1741012393837.0,30.367188
pilot11,1741012400355.0,242.72656
pilot11,1741012400417.0,30.515625
pilot11,1741012415824.0,30.726562
pilot11,1741012424561.0,30.945312
pilot11,1741012443842.0,31.148438
pilot11,1741012514201.0,30.945312
pilot11,1741012545284.0,31.148438
pilot11,1741012590358.0,242.75781
pilot11,1741012590419.0,31.125
pilot11,1741012630358.0,242.76562
pilot11,1741012630419.0,31.171875
pilot11,1741012727405.0,31.390625
pilot11,1741012764492.0,31.601562
pilot11,1741012834341.0,31.398438
pilot11,1741012878266.0,31.601562
pilot11,1741013090135.0,31.804688
pilot11,1741013141318.0,31.601562
pilot11,1741013160357.0,242.78906
pilot11,1741013160418.0,31.601562
pilot11,1741013170356.0,222.14062
pilot11,1741013170417.0,31.5625
pilot11,1741013220358.0,242.78906
pilot11,1741013220418.0,31.515625
pilot11,1741013260356.0,242.78906
pilot11,1741013260417.0,31.539062
pilot11,1741013280357.0,242.78906
pilot11,1741013280417.0,31.507812
pilot11,1741013320356.0,222.22656
pilot11,1741013320418.0,31.421875
pilot11,1741013360354.0,222.15625
pilot11,1741013360415.0,31.460938
pilot11,1741013429411.0,31.664062
pilot11,1741013454914.0,31.460938
pilot11,1741013530356.0,242.78125
pilot11,1741013530417.0,31.40625
pilot11,1741013570356.0,223.99219
pilot11,1741013570417.0,31.359375
pilot11,1741013690355.0,242.76562
pilot11,1741013690416.0,31.21875
pilot11,1741013777617.0,31.429688
pilot11,1741013790351.0,223.99219
pilot11,1741013790412.0,31.414062
pilot11,1741013820347.0,242.76562
pilot11,1741013820409.0,31.265625
pilot11,1741013910354.0,242.78125
pilot11,1741013910416.0,31.359375
pilot11,1741042810269.0,223.98438
pilot11,1741042810330.0,30.6875
pilot11,1741042868250.0,30.90625
pilot11,1741042870266.0,242.75
pilot11,1741042870327.0,30.929688
pilot11,1741042876628.0,31.148438
pilot11,1741042882668.0,31.359375
pilot11,1741042914830.0,31.15625
pilot11,1741042928791.0,31.359375
pilot11,1741042930268.0,242.78125
pilot11,1741042930329.0,31.414062
pilot11,1741042945010.0,31.617188
pilot11,1741043000269.0,242.78906
pilot11,1741043000330.0,31.601562
pilot11,1741043010268.0,242.78906
pilot11,1741043010330.0,31.539062
pilot11,1741043040268.0,242.78906
pilot11,1741043040329.0,31.570312
pilot11,1741043070263.0,242.79688
pilot11,1741043070324.0,31.664062
pilot11,1741043220269.0,242.78906
pilot11,1741043220330.0,31.601562
pilot11,1741043243749.0,31.804688
pilot11,1741043250266.0,242.8125
pilot11,1741043250327.0,31.90625
pilot11,1741043367350.0,31.703125
pilot11,1741043395189.0,31.492188
pilot11,1741043474649.0,31.289062
pilot11,1741043550267.0,242.78125
pilot11,1741043550328.0,31.429688
pilot11,1741043570869.0,31.648438
pilot11,1741043610265.0,242.79688
pilot11,1741043610325.0,31.632812
pilot11,1741043700262.0,242.79688
pilot11,1741043700323.0,31.71875
pilot11,1741043760262.0,222.14062
pilot11,1741043760322.0,31.75
pilot11,1741043844289.0,31.953125
pilot11,1741043870266.0,242.8125
pilot11,1741043870327.0,31.914062
pilot11,1741043896088.0,32.117188
pilot11,1741044011047.0,32.320312
pilot11,1741044029143.0,32.53125
pilot11,1741044132498.0,32.328125
pilot11,1741044146000.0,32.101562
pilot11,1741044150141.0,31.898438
pilot11,1741044155901.0,31.695312
pilot11,1741044163102.0,31.492188
pilot11,1741044171563.0,31.289062
pilot11,1741044204287.0,31.085938
pilot11,1741044253751.0,30.882812
pilot11,1741044269689.0,30.679688
pilot11,1741044290258.0,223.98438
pilot11,1741044290319.0,30.71875
pilot11,1741044303739.0,30.515625
pilot11,1741044354468.0,30.3125
pilot11,1741044387348.0,30.109375
pilot11,1741044425186.0,30.3125
pilot11,1741044430264.0,242.71094
pilot11,1741044430325.0,30.382812
pilot11,1741044480263.0,223.98438
pilot11,1741044480326.0,30.460938
pilot11,1741044554646.0,30.664062
pilot11,1741044570506.0,30.867188
pilot11,1741044610258.0,242.74219
pilot11,1741044610320.0,30.789062
pilot11,1741044630263.0,222.14062
pilot11,1741044630324.0,30.804688
pilot11,1741044660263.0,242.74219
pilot11,1741044660325.0,30.921875
pilot11,1741044670263.0,223.98438
pilot11,1741044670324.0,30.960938
pilot11,1741044706270.0,31.164062
pilot11,1741044720235.0,242.75781
pilot11,1741044720295.0,31.09375
pilot11,1741044762991.0,30.882812
pilot11,1741044858401.0,30.679688
pilot11,1741044880726.0,30.476562
pilot11,1741044903768.0,30.6875
pilot11,1741044962798.0,30.484375
pilot11,1741045027084.0,30.6875
pilot11,1741045058577.0,30.898438
pilot11,1741045177762.0,31.101562
pilot11,1741045219888.0,31.304688
pilot11,1741045250132.0,31.515625
pilot11,1741045256073.0,31.726562
pilot11,1741045263455.0,31.929688
pilot11,1741045276594.0,32.132812
pilot11,1741045320700.0,32.335938
pilot11,1741045354904.0,32.539062
pilot11,1741045391401.0,32.742188
pilot11,1741045410263.0,242.86719
pilot11,1741045410325.0,32.789062
pilot11,1741045450261.0,222.14062
pilot11,1741045450322.0,32.789062
pilot11,1741045500261.0,242.85938
pilot11,1741045500322.0,32.742188
pilot11,1741045599497.0,32.945312
pilot11,1741045610258.0,224.0
pilot11,1741045610320.0,32.914062
pilot11,1741045620259.0,222.14062
pilot11,1741045620321.0,32.914062
pilot11,1741045697883.0,33.117188
pilot11,1741045758786.0,33.328125
pilot11,1741045830260.0,242.90625
pilot11,1741045830322.0,33.414062
pilot11,1741045900260.0,224.0
pilot11,1741045900322.0,33.5
pilot11,1741045909684.0,33.703125
pilot11,1741046120261.0,222.14062
pilot11,1741046120323.0,33.734375
pilot11,1741046140252.0,222.15625
pilot11,1741046140314.0,33.65625
pilot11,1741057310225.0,222.15625
pilot11,1741057310285.0,33.96875
pilot11,1741057330646.0,33.757812
pilot11,1741057359468.0,33.554688
pilot11,1741057401902.0,33.351562
pilot11,1741057426046.0,33.148438
pilot11,1741057510466.0,33.351562
pilot11,1741057557307.0,33.148438
pilot11,1741057560227.0,222.22656
pilot11,1741057560292.0,33.171875
pilot11,1741057593170.0,32.96875
pilot11,1741060262190.0,35.09375
pilot11,1741060287934.0,35.296875
pilot11,1740978098243.0,34.078125
pilot11,1740978100439.0,222.22656
pilot11,1740978100500.0,34.09375
pilot11,1740978110442.0,34.328125
pilot11,1740978118786.0,34.53125
pilot11,1740978163931.0,34.320312
pilot11,1740978245189.0,34.109375
pilot11,1740978340684.0,33.898438
pilot11,1740978460424.0,222.22656
pilot11,1740978460485.0,33.867188
pilot11,1740978501226.0,34.070312
pilot11,1740978586268.0,33.867188
pilot11,1740978620688.0,33.664062
pilot11,1740978724105.0,33.460938
pilot11,1740978767706.0,33.257812
pilot11,1740978804827.0,33.046875
pilot11,1740978894468.0,32.828125
pilot11,1740979170227.0,33.03125
pilot11,1740979200440.0,242.89062
pilot11,1740979200501.0,33.09375
pilot11,1740979230445.0,242.88281
pilot11,1740979230505.0,33.023438
pilot11,1740979380445.0,222.22656
pilot11,1740979380506.0,32.984375
pilot11,1740979473746.0,32.78125
pilot11,1740979489328.0,32.984375
pilot11,1740979530443.0,242.875
pilot11,1740979530504.0,32.96875
pilot11,1740979559326.0,32.765625
pilot11,1740979620445.0,32.5625
pilot11,1740979650442.0,222.14062
pilot11,1740979650503.0,32.6875
pilot11,1740979679866.0,32.484375
pilot11,1740979700443.0,242.83594
pilot11,1740979700505.0,32.335938
pilot11,1740979720443.0,222.14062
pilot11,1740979720505.0,32.242188
pilot11,1740979871761.0,32.445312
pilot11,1740979924825.0,32.242188
pilot11,1740980004100.0,32.445312
pilot11,1740980030442.0,222.14062
pilot11,1740980030504.0,32.445312
pilot11,1740980110442.0,242.84375
pilot11,1740980110502.0,32.429688
pilot11,1740980130503.0,32.632812
pilot11,1740980169857.0,32.851562
pilot11,1740980180435.0,222.15625
pilot11,1740980180497.0,32.882812
pilot11,1740980270441.0,242.88281
pilot11,1740980270503.0,32.984375
pilot11,1740980280440.0,222.22656
pilot11,1740980280502.0,33.015625
pilot11,1740980350438.0,222.15625
pilot11,1740980350501.0,33.046875
pilot11,1740980390440.0,242.88281
pilot11,1740980390503.0,32.96875
pilot11,1740980506443.0,32.757812
pilot11,1740980527343.0,32.554688
pilot11,1740980555543.0,32.34375
pilot11,1740980687521.0,32.140625
pilot11,1740980715543.0,31.9375
pilot11,1740980775002.0,31.726562
pilot11,1740980780440.0,242.79688
pilot11,1740980780501.0,31.710938
pilot11,1740980844995.0,31.507812
pilot11,1740980868782.0,31.304688
pilot11,1740980892661.0,31.507812
pilot11,1740980899501.0,31.71875
pilot11,1740980941581.0,31.507812
pilot11,1740980970860.0,31.710938
pilot11,1740981026080.0,31.914062
pilot11,1740981050439.0,223.99219
pilot11,1740981050500.0,32.0625
pilot11,1740981082841.0,32.265625
pilot11,1740981112477.0,32.476562
pilot11,1740981122655.0,32.679688
pilot11,1740981150040.0,32.890625
pilot11,1740981157161.0,33.09375
pilot11,1740981210494.0,33.296875
pilot11,1740981222119.0,33.5
pilot11,1740981230438.0,242.92188
pilot11,1740981230499.0,33.59375
pilot11,1740981288388.0,33.796875
pilot11,1740981322299.0,34.0
pilot11,1740981391039.0,34.203125
pilot11,1740981404797.0,34.40625
pilot11,1740996733021.0,28.5625
pilot11,1740996746700.0,28.773438
pilot11,1740996812410.0,28.570312
pilot11,1740997819998.0,28.773438
pilot11,1740997890027.0,28.976562
pilot11,1740998158243.0,29.179688
pilot11,1740998203429.0,28.976562
pilot11,1740998283359.0,29.179688
pilot11,1740998490223.0,29.382812
pilot11,1740998901028.0,29.59375
pilot11,1741046523200.0,34.523438
pilot11,1741046721218.0,34.320312
pilot11,1741046730257.0,242.96875
pilot11,1741046730321.0,34.359375
pilot11,1741046790256.0,242.96875
pilot11,1741046790317.0,34.40625
pilot11,1741046836080.0,34.609375
pilot11,1741046851036.0,34.8125
pilot11,1741046860858.0,35.015625
pilot11,1741046882295.0,34.8125
pilot11,1741046890256.0,242.99219
pilot11,1741046890317.0,34.765625
pilot11,1741047154819.0,34.96875
pilot11,1741047254818.0,35.171875
pilot11,1741047324277.0,34.96875
pilot11,1741047392302.0,34.757812
pilot11,1741047428778.0,34.960938
pilot11,1741047458058.0,34.757812
pilot11,1741047493735.0,34.96875
pilot11,1741047510226.0,224.00781
pilot11,1741047510287.0,34.976562
pilot11,1741047524784.0,34.773438
pilot11,1741047569138.0,34.570312
pilot11,1741047608418.0,34.367188
pilot11,1741047644817.0,34.15625
pilot11,1741047730254.0,222.22656
pilot11,1741047730315.0,34.007812
pilot11,1741047762116.0,33.804688
pilot11,1741047810247.0,242.9375
pilot11,1741047810308.0,33.867188
pilot11,1741047825887.0,34.078125
pilot11,1741047862655.0,33.875
pilot11,1741047890253.0,222.14062
pilot11,1741047890313.0,33.679688
pilot11,1741047968417.0,33.46875
pilot11,1741047970252.0,222.82031
pilot11,1741047970314.0,33.476562
pilot11,1741047988054.0,33.695312
pilot11,1741048017155.0,33.898438
pilot11,1741048045077.0,33.695312
pilot11,1741048054258.0,33.476562
pilot11,1741048063618.0,33.273438
pilot11,1741048093143.0,33.070312
pilot11,1741048107005.0,32.851562
pilot11,1741048129147.0,32.648438
pilot11,1741048182612.0,32.445312
pilot11,1741048198636.0,32.21875
pilot11,1741048222400.0,32.015625
pilot11,1741048264869.0,31.8125
pilot11,1741048294588.0,31.601562
pilot11,1741048353193.0,31.804688
pilot11,1741048357334.0,32.007812
pilot11,1741048360035.0,32.234375
pilot11,1741048360252.0,242.83594
pilot11,1741048360313.0,32.242188
pilot11,1741048363195.0,32.445312
pilot11,1741048368234.0,32.648438
pilot11,1741048375354.0,32.875
pilot11,1741048380252.0,222.15625
pilot11,1741048380313.0,32.90625
pilot11,1741048462294.0,33.109375
pilot11,1741048479131.0,33.3125
pilot11,1741048487515.0,33.515625
pilot11,1741048497335.0,33.71875
pilot11,1741048530251.0,222.14062
pilot11,1741048530312.0,33.679688
pilot11,1741048620251.0,222.22656
pilot11,1741048620311.0,33.726562
pilot11,1741048682116.0,33.523438
pilot11,1741048750250.0,242.91406
pilot11,1741048750311.0,33.515625
pilot11,1741048759490.0,33.726562
pilot11,1741048810251.0,242.92188
pilot11,1741048810312.0,33.585938
pilot11,1741048820250.0,242.92188
pilot11,1741048820312.0,33.632812
pilot11,1741048828772.0,33.835938
pilot11,1741048966069.0,34.039062
pilot11,1741049174812.0,34.25
pilot11,1741049240248.0,222.15625
pilot11,1741049240309.0,34.304688
pilot11,1741049360242.0,222.15625
pilot11,1741049360302.0,34.234375
pilot11,1741049440244.0,222.22656
pilot11,1741049440305.0,34.28125
pilot11,1741049463547.0,34.078125
pilot11,1741049565349.0,34.28125
pilot11,1741049630247.0,222.22656
pilot11,1741049630308.0,34.367188
pilot11,1741049709491.0,34.578125
pilot11,1741049800248.0,222.14062
pilot11,1741049800309.0,34.484375
pilot11,1741049844449.0,34.703125
pilot11,1741050329308.0,34.773438
pilot11,1741050363724.0,34.5625
pilot11,1741050394628.0,34.359375
pilot11,1741050420929.0,34.15625
pilot11,1741050451175.0,33.9375
pilot11,1741050464857.0,33.734375
pilot11,1741050473858.0,33.53125
pilot11,1741050501564.0,33.734375
pilot11,1741050528565.0,33.53125
pilot11,1741050557507.0,33.742188
pilot11,1741050647148.0,33.945312
pilot11,1741050723369.0,33.742188
pilot11,1741050790245.0,242.92188
pilot11,1741050790306.0,33.71875
pilot11,1741050800244.0,222.14062
pilot11,1741050800305.0,33.664062
pilot11,1741050862103.0,33.867188
pilot11,1741050940243.0,222.15625
pilot11,1741050940305.0,33.945312
pilot11,1741051069306.0,33.742188
pilot11,1741051091688.0,33.539062
pilot11,1741051210242.0,222.22656
pilot11,1741051210303.0,33.53125
pilot11,1741051226787.0,33.734375
pilot11,1741051399289.0,33.53125
pilot11,1741051410234.0,242.91406
pilot11,1741051410296.0,33.484375
pilot11,1741051468225.0,33.28125
pilot11,1741051470242.0,242.89844
pilot11,1741051470304.0,33.328125
pilot11,1741051480242.0,222.14062
pilot11,1741051480302.0,33.265625
pilot11,1741051563545.0,33.46875
pilot11,1741051623724.0,33.265625
pilot11,1741051637146.0,33.0625
pilot11,1741051660242.0,242.875
pilot11,1741051660303.0,32.90625
pilot11,1741051680242.0,242.875
pilot11,1741051680303.0,32.828125
pilot11,1741051696686.0,32.625
pilot11,1741051713784.0,32.421875
pilot11,1741051723325.0,32.21875
pilot11,1741051737912.0,32.0
pilot11,1741051773555.0,31.796875
pilot11,1741051793357.0,31.59375
pilot11,1741051814240.0,31.390625
pilot11,1741051838903.0,31.1875
pilot11,1741051870581.0,31.398438
pilot11,1741051922608.0,31.601562
pilot11,1741052010646.0,31.804688
pilot11,1741052035128.0,31.59375
pilot11,1741052071133.0,31.796875
pilot11,1741052180023.0,32.0
pilot11,1741052190662.0,32.210938
pilot11,1741052220240.0,222.22656
pilot11,1741052220302.0,32.28125
pilot11,1741052248946.0,32.0625
pilot11,1741052278403.0,32.265625
pilot11,1741052340240.0,223.99219
pilot11,1741052340301.0,32.1875
pilot11,1741052395342.0,31.976562
pilot11,1741052420236.0,222.15625
pilot11,1741052420297.0,31.945312
pilot11,1741052454082.0,31.734375
pilot11,1741052480239.0,242.80469
pilot11,1741052480301.0,31.773438
pilot11,1741052533351.0,31.570312
pilot11,1741052603546.0,31.773438
pilot11,1741052609666.0,31.976562
pilot11,1741052619485.0,32.179688
pilot11,1741052643181.0,32.398438
pilot11,1741052649660.0,32.609375
pilot11,1741052657678.0,32.820312
pilot11,1741052692462.0,33.03125
pilot11,1741052730238.0,224.0
pilot11,1741052730300.0,32.898438
pilot11,1741052769478.0,33.101562
pilot11,1741052783182.0,33.304688
pilot11,1741052848761.0,33.101562
pilot11,1741052878401.0,33.304688
pilot11,1741052885881.0,33.507812
pilot11,1741052901739.0,33.71875
pilot11,1741052932461.0,33.515625
pilot11,1741052947681.0,33.71875
pilot11,1741052950238.0,224.0
pilot11,1741052950299.0,33.78125
pilot11,1741052956602.0,33.984375
pilot11,1741052988579.0,33.78125
pilot11,1741053041379.0,33.5625
pilot11,1741053101381.0,33.359375
pilot11,1741053130238.0,242.90625
pilot11,1741053130298.0,33.328125
pilot11,1741053178761.0,33.125
pilot11,1741053191020.0,33.335938
pilot11,1741053199118.0,33.539062
pilot11,1741053230237.0,242.90625
pilot11,1741053230299.0,33.46875
pilot11,1741053286450.0,33.265625
pilot11,1741053358760.0,33.0625
pilot11,1741053360237.0,242.89062
pilot11,1741053360298.0,33.109375
pilot11,1741053400237.0,242.88281
pilot11,1741053400298.0,33.03125
pilot11,1741053410237.0,242.88281
pilot11,1741053410298.0,33.0
pilot11,1741053436600.0,33.210938
pilot11,1741053467859.0,33.007812
pilot11,1741053470237.0,242.88281
pilot11,1741053470297.0,33.007812
pilot11,1741053537320.0,33.210938
pilot11,1741053606598.0,33.007812
