subject_id,timestamp,ambient_noise
pilot2,1739912662000,Ambience Noise:[Speech]
pilot2,1739913013000,"Ambience Noise:[Speech, Animal]"
pilot2,1739913346000,Ambience Noise:[Speech]
pilot2,1739913680000,"Ambience Noise:[Animal, Livestock, farm animals, working animals]"
pilot2,1739914019000,"Ambience Noise:[Plop, Speech]"
pilot2,1739914347000,"Ambience Noise:[Whip, Walk, footsteps]"
pilot2,1739914710000,"Ambience Noise:[Whip, Sound effect]"
pilot2,1739915063000,Ambience Noise:[Speech]
pilot2,1739915680000,Ambience Noise:[Speech]
pilot2,1739916316000,"Ambience Noise:[Cap gun, Speech]"
pilot2,1739916649000,"Ambience Noise:[Animal, Livestock, farm animals, working animals]"
pilot2,1739916952000,"Ambience Noise:[Speech, Hands]"
pilot2,1739917295000,Ambience Noise:[Silence]
pilot2,1739917618000,"Ambience Noise:[Insect, Fart, Mosquito]"
pilot2,1739917969000,"Ambience Noise:[Animal, Inside, small room]"
pilot2,1739918333000,"Ambience Noise:[Duck, Livestock, farm animals, working animals]"
pilot2,1739918641000,"Ambience Noise:[Inside, small room]"
pilot2,1739918988000,Ambience Noise:[Plop]
pilot2,1739919316000,Ambience Noise:[Silence]
pilot2,1739930768000,"Ambience Noise:[Bouncing, Whack, thwack]"
pilot2,1739931457000,Ambience Noise:[Speech]
pilot2,1739932101000,Ambience Noise:[Speech]
pilot2,1739932707000,Ambience Noise:[Speech]
pilot2,1739933042000,"Ambience Noise:[Writing, Inside, small room]"
pilot2,1739933373000,Ambience Noise:[Silence]
pilot2,1739933717000,Ambience Noise:[Speech]
pilot2,1739909064000,"Ambience Noise:[Speech, Crumpling, crinkling]"
pilot2,1739909375000,"Ambience Noise:[Plop, Door, Sound effect]"
pilot2,1739909721000,"Ambience Noise:[Door, Ping, Sound effect]"
pilot2,1739910014000,"Ambience Noise:[Speech, Livestock, farm animals, working animals]"
pilot2,1739910346000,"Ambience Noise:[Fowl, Chicken, rooster]"
pilot2,1739910649000,"Ambience Noise:[Outside, rural or natural]"
pilot2,1739911316000,"Ambience Noise:[Speech, Sneeze]"
pilot2,1739911617000,Ambience Noise:[Speech]
pilot2,1739911978000,Ambience Noise:[Speech]
pilot2,1739912313000,Ambience Noise:[Speech]
pilot2,1739937734000,"Ambience Noise:[Inside, small room]"
pilot2,1739938082000,"Ambience Noise:[Hands, Inside, small room]"
pilot2,1739938393000,"Ambience Noise:[Door, Bouncing]"
pilot2,1739938702000,"Ambience Noise:[Sound effect, Door]"
pilot2,1739939049000,"Ambience Noise:[Hands, Slap, smack]"
pilot2,1739939367000,"Ambience Noise:[Spray, Liquid, Hiss]"
pilot2,1739939670000,"Ambience Noise:[Sound effect, Computer keyboard]"
pilot2,1739940013000,Ambience Noise:[Silence]
pilot2,1739940335000,Ambience Noise:[Hands]
pilot2,1739940639000,Ambience Noise:[Silence]
pilot2,1739940941000,"Ambience Noise:[Inside, small room]"
pilot2,1739906775000,Ambience Noise:[Silence]
pilot2,1739907118000,"Ambience Noise:[Speech, Laughter]"
pilot2,1739907438000,"Ambience Noise:[Animal, Outside, rural or natural]"
pilot2,1739908077000,"Ambience Noise:[Walk, footsteps]"
pilot2,1739908407000,Ambience Noise:[Speech]
pilot2,1739908722000,"Ambience Noise:[Speech, Plop, Outside, rural or natural]"
pilot2,1739919671000,Ambience Noise:[Speech]
pilot2,1739919982000,Ambience Noise:[Silence]
pilot2,1739920336000,Ambience Noise:[Computer keyboard]
pilot2,1739920647000,Ambience Noise:[Silence]
pilot2,1739920951000,"Ambience Noise:[Plop, Speech]"
pilot2,1739921257000,Ambience Noise:[Computer keyboard]
pilot2,1739921585000,Ambience Noise:[Silence]
pilot2,1739921922000,Ambience Noise:[Computer keyboard]
pilot2,1739922226000,"Ambience Noise:[Inside, small room]"
pilot2,1739922569000,"Ambience Noise:[Typing, Computer keyboard]"
pilot2,1739922908000,Ambience Noise:[Silence]
pilot2,1739934052000,"Ambience Noise:[Plop, Speech]"
pilot2,1739934402000,Ambience Noise:[Speech]
pilot2,1739934765000,Ambience Noise:[Silence]
pilot2,1739935067000,Ambience Noise:[Door]
pilot2,1739935372000,Ambience Noise:[Silence]
pilot2,1739935717000,"Ambience Noise:[Walk, footsteps]"
pilot2,1739936037000,Ambience Noise:[Finger snapping]
pilot2,1739936395000,"Ambience Noise:[Tearing, Crumpling, crinkling]"
pilot2,1739936703000,"Ambience Noise:[Whip, Walk, footsteps]"
pilot2,1739937027000,"Ambience Noise:[Inside, small room]"
pilot2,1739937388000,"Ambience Noise:[Speech, Typing]"
pilot2,1739923225000,"Ambience Noise:[Inside, small room]"
pilot2,1739923557000,Ambience Noise:[Silence]
pilot2,1739923911000,Ambience Noise:[Silence]
pilot2,1739924246000,"Ambience Noise:[Speech, Animal]"
pilot2,1739924586000,Ambience Noise:[Speech]
pilot2,1739925192000,Ambience Noise:[Speech]
pilot2,1739925495000,Ambience Noise:[Silence]
pilot2,1739925847000,Ambience Noise:[Silence]
pilot2,1739926143000,Ambience Noise:[Silence]
pilot2,1739926464000,Ambience Noise:[Speech]
pilot2,1739927130000,Ambience Noise:[Silence]
pilot2,1739927433000,Ambience Noise:[Silence]
pilot2,1739927796000,"Ambience Noise:[Inside, small room]"
pilot2,1739928102000,Ambience Noise:[Silence]
pilot2,1739928444000,Ambience Noise:[Silence]
pilot2,1739928733000,Ambience Noise:[Silence]
pilot2,1739929070000,"Ambience Noise:[Animal, Tearing]"
pilot2,1739929429000,"Ambience Noise:[Water, Liquid, Drip]"
pilot2,1739929738000,Ambience Noise:[Speech]
pilot2,1739930082000,"Ambience Noise:[Speech, Babbling]"
pilot2,1739930403000,"Ambience Noise:[Typing, Computer keyboard]"
pilot2,1739952079000,Ambience Noise:[Silence]
pilot2,1739952402000,Ambience Noise:[Silence]
pilot2,1739952702000,Ambience Noise:[Silence]
pilot2,1739953025000,Ambience Noise:[Silence]
pilot2,1739953331000,Ambience Noise:[Silence]
pilot2,1739953644000,Ambience Noise:[Silence]
pilot2,1739953974000,Ambience Noise:[Silence]
pilot2,1739954282000,Ambience Noise:[Silence]
pilot2,1739954593000,Ambience Noise:[Silence]
pilot2,1739954912000,Ambience Noise:[Silence]
pilot2,1739955198000,Ambience Noise:[Silence]
pilot2,1739955510000,Ambience Noise:[Silence]
pilot2,1739988301000,"Ambience Noise:[Speech, Dog, Domestic animals, pets]"
pilot2,1739988645000,Ambience Noise:[Speech]
pilot2,1739988968000,Ambience Noise:[Speech]
pilot2,1739989286000,Ambience Noise:[Speech]
pilot2,1739989615000,"Ambience Noise:[Inside, small room]"
pilot2,1739989935000,"Ambience Noise:[Typing, Computer keyboard]"
pilot2,1739990247000,"Ambience Noise:[Speech, Animal]"
pilot2,1739990594000,"Ambience Noise:[Speech, Inside, small room]"
pilot2,1739990886000,Ambience Noise:[Speech]
pilot2,1739991224000,"Ambience Noise:[Outside, rural or natural]"
pilot2,1739991602000,"Ambience Noise:[Walk, footsteps]"
pilot2,1739999086000,Ambience Noise:[Silence]
pilot2,1739999390000,Ambience Noise:[Silence]
pilot2,1739999691000,Ambience Noise:[Speech]
pilot2,1740000000000,"Ambience Noise:[Inside, small room]"
pilot2,1740000334000,"Ambience Noise:[Inside, small room]"
pilot2,1740000662000,Ambience Noise:[Silence]
pilot2,1740001010000,Ambience Noise:[Speech]
pilot2,1740001328000,"Ambience Noise:[Speech, Inside, small room]"
pilot2,1740001934000,Ambience Noise:[Speech]
pilot2,1740002263000,Ambience Noise:[Speech]
pilot2,1739955829000,Ambience Noise:[Silence]
pilot2,1739956161000,Ambience Noise:[Silence]
pilot2,1739956473000,Ambience Noise:[Silence]
pilot2,1739956776000,Ambience Noise:[Silence]
pilot2,1739957080000,Ambience Noise:[Silence]
pilot2,1739957384000,Ambience Noise:[Silence]
pilot2,1739957718000,Ambience Noise:[Silence]
pilot2,1739958035000,Ambience Noise:[Silence]
pilot2,1739958352000,Ambience Noise:[Silence]
pilot2,1739958656000,Ambience Noise:[Silence]
pilot2,1739958960000,Ambience Noise:[Silence]
pilot2,1739981093000,Ambience Noise:[Computer keyboard]
pilot2,1739981760000,"Ambience Noise:[White noise, Inside, small room]"
pilot2,1739982061000,"Ambience Noise:[White noise, Noise]"
pilot2,1739982383000,"Ambience Noise:[Speech, Animal]"
pilot2,1739982729000,"Ambience Noise:[Inside, small room]"
pilot2,1739983074000,"Ambience Noise:[Inside, small room]"
pilot2,1739983423000,"Ambience Noise:[Writing, Inside, small room]"
pilot2,1739983765000,Ambience Noise:[Silence]
pilot2,1739984081000,"Ambience Noise:[Music, Speech]"
pilot2,1739948631000,Ambience Noise:[Silence]
pilot2,1739948924000,Ambience Noise:[Silence]
pilot2,1739949249000,Ambience Noise:[Silence]
pilot2,1739949556000,Ambience Noise:[Silence]
pilot2,1739949866000,Ambience Noise:[Silence]
pilot2,1739950197000,Ambience Noise:[Silence]
pilot2,1739950522000,Ambience Noise:[Silence]
pilot2,1739950812000,Ambience Noise:[Silence]
pilot2,1739951128000,Ambience Noise:[Silence]
pilot2,1739951451000,Ambience Noise:[Silence]
pilot2,1739951756000,Ambience Noise:[Silence]
pilot2,1739977519000,"Ambience Noise:[Cough, Sneeze]"
pilot2,1739977828000,Ambience Noise:[Speech]
pilot2,1739978193000,"Ambience Noise:[Inside, small room]"
pilot2,1739978850000,Ambience Noise:[Silence]
pilot2,1739979200000,"Ambience Noise:[Walk, footsteps]"
pilot2,1739979518000,Ambience Noise:[Silence]
pilot2,1739979828000,Ambience Noise:[Silence]
pilot2,1739980125000,Ambience Noise:[Silence]
pilot2,1739980475000,"Ambience Noise:[Crack, Squeak]"
pilot2,1739980798000,"Ambience Noise:[Inside, small room]"
pilot2,1739984425000,"Ambience Noise:[Livestock, farm animals, working animals]"
pilot2,1739985083000,"Ambience Noise:[Speech, Animal]"
pilot2,1739985403000,"Ambience Noise:[Animal, Wild animals]"
pilot2,1739985758000,"Ambience Noise:[Speech, Animal]"
pilot2,1739986068000,"Ambience Noise:[Speech, Laughter]"
pilot2,1739986406000,Ambience Noise:[Speech]
pilot2,1739986733000,"Ambience Noise:[Speech, Laughter]"
pilot2,1739987032000,Ambience Noise:[Speech]
pilot2,1739987341000,"Ambience Noise:[Speech, Snicker]"
pilot2,1739987642000,"Ambience Noise:[Animal, Inside, small room]"
pilot2,1739987979000,"Ambience Noise:[Speech, Chicken, rooster]"
pilot2,1739970597000,Ambience Noise:[Silence]
pilot2,1739971299000,Ambience Noise:[Silence]
pilot2,1739971616000,"Ambience Noise:[Speech, Inside, small room]"
pilot2,1739971927000,Ambience Noise:[Speech]
pilot2,1739972246000,"Ambience Noise:[Gunshot, gunfire]"
pilot2,1739972579000,"Ambience Noise:[Speech, Fowl, Chicken, rooster]"
pilot2,1739972897000,"Ambience Noise:[Inside, small room]"
pilot2,1739973211000,"Ambience Noise:[Walk, footsteps]"
pilot2,1739973555000,"Ambience Noise:[Insect, Fly, housefly]"
pilot2,1740002599000,"Ambience Noise:[Animal, Inside, small room]"
pilot2,1740002894000,"Ambience Noise:[Inside, small room]"
pilot2,1740003919000,Ambience Noise:[Silence]
pilot2,1740004188000,Ambience Noise:[Speech]
pilot2,1740004759000,Ambience Noise:[Computer keyboard]
pilot2,1740005422000,Ambience Noise:[Silence]
pilot2,1740005720000,"Ambience Noise:[Inside, small room]"
pilot2,1740005986000,Ambience Noise:[Silence]
pilot2,1739988301000,"Ambience Noise:[Speech, Dog, Domestic animals, pets]"
pilot2,1739988645000,Ambience Noise:[Speech]
pilot2,1739988968000,Ambience Noise:[Speech]
pilot2,1739989286000,Ambience Noise:[Speech]
pilot2,1739989615000,"Ambience Noise:[Inside, small room]"
pilot2,1739989935000,"Ambience Noise:[Typing, Computer keyboard]"
pilot2,1739990247000,"Ambience Noise:[Speech, Animal]"
pilot2,1739990594000,"Ambience Noise:[Speech, Inside, small room]"
pilot2,1739990886000,Ambience Noise:[Speech]
pilot2,1739991224000,"Ambience Noise:[Outside, rural or natural]"
pilot2,1739991602000,"Ambience Noise:[Walk, footsteps]"
pilot2,1740016882000,Ambience Noise:[Computer keyboard]
pilot2,1740017184000,Ambience Noise:[Computer keyboard]
pilot2,1740017487000,"Ambience Noise:[Typing, Computer keyboard]"
pilot2,1740017831000,Ambience Noise:[Silence]
pilot2,1740018150000,Ambience Noise:[Speech]
pilot2,1740018486000,"Ambience Noise:[Music, Speech]"
pilot2,1740018826000,"Ambience Noise:[Speech, Music]"
pilot2,1740019168000,"Ambience Noise:[Speech, Music]"
pilot2,1740019489000,"Ambience Noise:[Speech, Animal]"
pilot2,1740019831000,"Ambience Noise:[Speech, Outside, rural or natural]"
pilot2,1740020158000,"Ambience Noise:[Inside, small room]"
pilot2,1739963021000,Ambience Noise:[Silence]
pilot2,1739963337000,Ambience Noise:[Silence]
pilot2,1739963660000,Ambience Noise:[Silence]
pilot2,1739963991000,Ambience Noise:[Silence]
pilot2,1739964297000,Ambience Noise:[Silence]
pilot2,1739964604000,Ambience Noise:[Silence]
pilot2,1739964919000,Ambience Noise:[Silence]
pilot2,1739965232000,Ambience Noise:[Silence]
pilot2,1739965543000,Ambience Noise:[Silence]
pilot2,1739965870000,Ambience Noise:[Silence]
pilot2,1739966171000,Ambience Noise:[Silence]
pilot2,1739995453000,Ambience Noise:[Silence]
pilot2,1739995800000,Ambience Noise:[Silence]
pilot2,1739996131000,Ambience Noise:[Silence]
pilot2,1739996475000,Ambience Noise:[Silence]
pilot2,1739996785000,"Ambience Noise:[Inside, small room]"
pilot2,1739997114000,Ambience Noise:[Silence]
pilot2,1739997446000,"Ambience Noise:[Inside, small room]"
pilot2,1739997780000,Ambience Noise:[Speech]
pilot2,1739998111000,Ambience Noise:[Speech]
pilot2,1739998424000,Ambience Noise:[Silence]
pilot2,1739998758000,"Ambience Noise:[Ping, Hands, Finger snapping]"
pilot2,1739945120000,Ambience Noise:[Silence]
pilot2,1739945430000,Ambience Noise:[Silence]
pilot2,1739945752000,Ambience Noise:[Silence]
pilot2,1739946070000,Ambience Noise:[Silence]
pilot2,1739946757000,Ambience Noise:[Silence]
pilot2,1739947060000,Ambience Noise:[Silence]
pilot2,1739947393000,Ambience Noise:[Silence]
pilot2,1739947686000,Ambience Noise:[Silence]
pilot2,1739947991000,Ambience Noise:[Silence]
pilot2,1739948295000,Ambience Noise:[Silence]
pilot2,1740024076000,"Ambience Noise:[Spray, Liquid, Steam]"
pilot2,1740024341000,"Ambience Noise:[Inside, small room]"
pilot2,1740024822000,Ambience Noise:[Chopping (food)]
pilot2,1740024886000,"Ambience Noise:[Door, Bouncing]"
pilot2,1740025317000,Ambience Noise:[Silence]
pilot2,1740025677000,Ambience Noise:[Silence]
pilot2,1740025919000,"Ambience Noise:[Typing, Computer keyboard]"
pilot2,1740026450000,"Ambience Noise:[Inside, small room]"
pilot2,1740026557000,"Ambience Noise:[Tearing, Inside, small room]"
pilot2,1740027042000,Ambience Noise:[Computer keyboard]
pilot2,1740027308000,Ambience Noise:[Computer keyboard]
pilot2,1739991917000,"Ambience Noise:[Inside, small room]"
pilot2,1739992242000,"Ambience Noise:[White noise, Noise]"
pilot2,1739992539000,"Ambience Noise:[Inside, small room]"
pilot2,1739992849000,"Ambience Noise:[Animal, Outside, rural or natural]"
pilot2,1739993145000,Ambience Noise:[Silence]
pilot2,1739993450000,"Ambience Noise:[Speech, Inside, small room]"
pilot2,1739993809000,"Ambience Noise:[Hands, Computer keyboard]"
pilot2,1739994149000,Ambience Noise:[Silence]
pilot2,1739994483000,"Ambience Noise:[Walk, footsteps]"
pilot2,1739994841000,"Ambience Noise:[Inside, small room]"
pilot2,1739995143000,Ambience Noise:[Speech]
pilot2,1739966479000,Ambience Noise:[Silence]
pilot2,1739966781000,Ambience Noise:[Silence]
pilot2,1739967118000,Ambience Noise:[Silence]
pilot2,1739967452000,Ambience Noise:[Silence]
pilot2,1739967741000,Ambience Noise:[Silence]
pilot2,1739968054000,Ambience Noise:[Silence]
pilot2,1739968356000,Ambience Noise:[Silence]
pilot2,1739968684000,Ambience Noise:[Silence]
pilot2,1739969015000,Ambience Noise:[Silence]
pilot2,1739969322000,Ambience Noise:[Silence]
pilot2,1739969629000,Ambience Noise:[Silence]
pilot2,1739969937000,Ambience Noise:[Silence]
pilot2,1739974196000,"Ambience Noise:[Outside, rural or natural]"
pilot2,1739974532000,"Ambience Noise:[Hands, Finger snapping]"
pilot2,1739974842000,Ambience Noise:[Chopping (food)]
pilot2,1739975183000,Ambience Noise:[Silence]
pilot2,1739975524000,"Ambience Noise:[Ping, Inside, small room]"
pilot2,1739975819000,Ambience Noise:[Hands]
pilot2,1739976140000,Ambience Noise:[Chopping (food)]
pilot2,1739976508000,Ambience Noise:[Silence]
pilot2,1739976860000,Ambience Noise:[Silence]
pilot2,1739977191000,"Ambience Noise:[Hands, Slap, smack]"
pilot2,1740006624000,Ambience Noise:[Silence]
pilot2,1740007359000,Ambience Noise:[Silence]
pilot2,1740008087000,Ambience Noise:[Silence]
pilot2,1740008234000,"Ambience Noise:[Typing, Computer keyboard]"
pilot2,1740008761000,Ambience Noise:[Silence]
pilot2,1740009083000,"Ambience Noise:[Typing, Computer keyboard]"
pilot2,1740009322000,Ambience Noise:[Silence]
pilot2,1740020465000,"Ambience Noise:[Inside, small room]"
pilot2,1740020766000,"Ambience Noise:[Speech, Ping, Finger snapping]"
pilot2,1740021069000,"Ambience Noise:[Inside, small room]"
pilot2,1740021371000,Ambience Noise:[Silence]
pilot2,1740021710000,"Ambience Noise:[Inside, small room]"
pilot2,1740022037000,Ambience Noise:[Silence]
pilot2,1740022335000,"Ambience Noise:[Inside, small room]"
pilot2,1740022675000,Ambience Noise:[Silence]
pilot2,1740023013000,"Ambience Noise:[Toothbrush, Inside, small room]"
pilot2,1740023313000,Ambience Noise:[Computer keyboard]
pilot2,1740023633000,Ambience Noise:[Silence]
pilot2,1739941259000,Ambience Noise:[Chopping (food)]
pilot2,1739941608000,Ambience Noise:[Computer keyboard]
pilot2,1739941918000,"Ambience Noise:[Animal, Domestic animals, pets]"
pilot2,1739942245000,Ambience Noise:[Silence]
pilot2,1739942559000,Ambience Noise:[Silence]
pilot2,1739942877000,Ambience Noise:[Silence]
pilot2,1739943193000,Ambience Noise:[Silence]
pilot2,1739943509000,Ambience Noise:[Silence]
pilot2,1739943848000,Ambience Noise:[Silence]
pilot2,1739944153000,Ambience Noise:[Silence]
pilot2,1739944466000,Ambience Noise:[Silence]
pilot2,1739944806000,Ambience Noise:[Silence]
pilot2,1739959277000,Ambience Noise:[Silence]
pilot2,1739959608000,Ambience Noise:[Silence]
pilot2,1739959929000,Ambience Noise:[Silence]
pilot2,1739960231000,Ambience Noise:[Silence]
pilot2,1739960537000,Ambience Noise:[Silence]
pilot2,1739960837000,Ambience Noise:[Silence]
pilot2,1739961149000,Ambience Noise:[Silence]
pilot2,1739961453000,Ambience Noise:[Silence]
pilot2,1739961770000,Ambience Noise:[Silence]
pilot2,1739962097000,Ambience Noise:[Silence]
pilot2,1739962395000,Ambience Noise:[Silence]
pilot2,1739962719000,Ambience Noise:[Silence]
pilot2,1740009844000,Ambience Noise:[Silence]
pilot2,1740009991000,Ambience Noise:[Silence]
pilot2,1740010430000,Ambience Noise:[Silence]
pilot2,1740011019000,Ambience Noise:[Patter]
pilot2,1740011294000,Ambience Noise:[Silence]
pilot2,1740011737000,Ambience Noise:[Silence]
pilot2,1740012681000,Ambience Noise:[Silence]
pilot2,1740012924000,Ambience Noise:[Silence]
pilot2,1740013289000,Ambience Noise:[Silence]
pilot2,1740014585000,Ambience Noise:[Silence]
pilot2,1740014964000,Ambience Noise:[Silence]
pilot2,1740015750000,Ambience Noise:[Silence]
pilot2,1740015961000,Ambience Noise:[Silence]
pilot2,1740016281000,Ambience Noise:[Chopping (food)]
pilot2,1740016586000,Ambience Noise:[Computer keyboard]
pilot2,1740060615000,Ambience Noise:[Silence]
pilot2,1740060874000,Ambience Noise:[Silence]
pilot2,1740061539000,Ambience Noise:[Silence]
pilot2,1740062117000,Ambience Noise:[Silence]
pilot2,1740062441000,Ambience Noise:[Silence]
pilot2,1740062887000,Ambience Noise:[Silence]
pilot2,1740063069000,Ambience Noise:[Silence]
pilot2,1740063384000,Ambience Noise:[Silence]
pilot2,1740027645000,"Ambience Noise:[Inside, small room]"
pilot5,1740431571000,Ambience Noise:[Speech]
pilot5,1740431923000,"Ambience Noise:[Hands, Ping, Chopping (food)]"
pilot5,1740432253000,"Ambience Noise:[Domestic animals, pets]"
pilot5,1740432578000,"Ambience Noise:[White noise, Mechanical fan]"
pilot5,1740432910000,"Ambience Noise:[Domestic animals, pets]"
pilot5,1740433223000,"Ambience Noise:[Animal, Inside, small room]"
pilot5,1740433533000,Ambience Noise:[Speech]
pilot5,1740433883000,Ambience Noise:[Finger snapping]
pilot5,1740434207000,"Ambience Noise:[Inside, small room]"
pilot5,1740434547000,"Ambience Noise:[Speech, Chopping (food)]"
pilot5,1740434879000,Ambience Noise:[Silence]
pilot5,1740435204000,Ambience Noise:[Silence]
pilot5,1740435541000,Ambience Noise:[Silence]
pilot5,1740435842000,Ambience Noise:[Silence]
pilot5,1740436149000,Ambience Noise:[Silence]
pilot5,1740436488000,Ambience Noise:[Silence]
pilot5,1740436808000,Ambience Noise:[Silence]
pilot5,1740437140000,Ambience Noise:[Silence]
pilot5,1740437476000,Ambience Noise:[Silence]
pilot5,1740437798000,Ambience Noise:[Silence]
pilot5,1740448825000,"Ambience Noise:[Crack, Sound effect]"
pilot5,1740449181000,"Ambience Noise:[Plop, Inside, small room]"
pilot5,1740449518000,Ambience Noise:[Speech]
pilot5,1740449847000,"Ambience Noise:[Inside, small room]"
pilot5,1740450174000,"Ambience Noise:[Tearing, Chopping (food)]"
pilot5,1740450510000,Ambience Noise:[Silence]
pilot5,1740450836000,Ambience Noise:[Silence]
pilot5,1740451146000,"Ambience Noise:[Inside, small room]"
pilot5,1740451496000,Ambience Noise:[Speech]
pilot5,1740451805000,"Ambience Noise:[Inside, small room]"
pilot5,1740452137000,Ambience Noise:[Silence]
pilot5,1740456192000,"Ambience Noise:[Hands, Speech]"
pilot5,1740456538000,"Ambience Noise:[Inside, small room]"
pilot5,1740457220000,"Ambience Noise:[Speech, Outside, rural or natural]"
pilot5,1740457566000,"Ambience Noise:[Animal, Livestock, farm animals, working animals]"
pilot5,1740457908000,Ambience Noise:[Silence]
pilot5,1740458259000,"Ambience Noise:[Music, Sound effect, Cacophony, Speech, Inside, small room, Patter, Animal, Walk, footsteps, Rodents, rats, mice, Outside, rural or natural, Livestock, farm animals, working animals, Burping, eructation, Hiccup]"
pilot5,1740458592000,"Ambience Noise:[Animal, Livestock, farm animals, working animals, Chicken, rooster, Fowl, Wild animals]"
pilot5,1740458905000,"Ambience Noise:[Animal, Music]"
pilot5,1740459251000,Ambience Noise:[Silence]
pilot5,1740459557000,"Ambience Noise:[Outside, rural or natural]"
pilot5,1740438133000,Ambience Noise:[Silence]
pilot5,1740438480000,"Ambience Noise:[Inside, small room]"
pilot5,1740438824000,"Ambience Noise:[Inside, small room]"
pilot5,1740439143000,Ambience Noise:[Silence]
pilot5,1740439458000,Ambience Noise:[Silence]
pilot5,1740439764000,Ambience Noise:[Silence]
pilot5,1740440094000,Ambience Noise:[Silence]
pilot5,1740440436000,"Ambience Noise:[Breathing, Snoring]"
pilot5,1740440764000,Ambience Noise:[Silence]
pilot5,1740441084000,Ambience Noise:[Silence]
pilot5,1740441427000,Ambience Noise:[Silence]
pilot5,1740452468000,"Ambience Noise:[Inside, small room]"
pilot5,1740452811000,"Ambience Noise:[Walk, footsteps]"
pilot5,1740453170000,Ambience Noise:[Silence]
pilot5,1740453500000,Ambience Noise:[Silence]
pilot5,1740453840000,"Ambience Noise:[Ringtone, Telephone]"
pilot5,1740454543000,Ambience Noise:[Speech]
pilot5,1740455182000,Ambience Noise:[Speech]
pilot5,1740455519000,"Ambience Noise:[Speech, Chopping (food)]"
pilot5,1740455843000,"Ambience Noise:[Speech, Hands]"
pilot5,1740441758000,Ambience Noise:[Silence]
pilot5,1740442093000,"Ambience Noise:[Inside, small room]"
pilot5,1740442421000,Ambience Noise:[Silence]
pilot5,1740442770000,Ambience Noise:[Silence]
pilot5,1740443126000,"Ambience Noise:[Speech, Animal]"
pilot5,1740443489000,Ambience Noise:[Silence]
pilot5,1740444191000,Ambience Noise:[Silence]
pilot5,1740444522000,Ambience Noise:[Silence]
pilot5,1740444852000,Ambience Noise:[Silence]
pilot5,1740445185000,Ambience Noise:[Silence]
pilot5,1740445541000,Ambience Noise:[Silence]
pilot5,1740445900000,Ambience Noise:[Silence]
pilot5,1740446207000,Ambience Noise:[Silence]
pilot5,1740446562000,Ambience Noise:[Silence]
pilot5,1740446863000,"Ambience Noise:[Inside, small room]"
pilot5,1740447205000,"Ambience Noise:[Ping, Hands, Slap, smack]"
pilot5,1740447525000,Ambience Noise:[Coin (dropping)]
pilot5,1740447833000,"Ambience Noise:[Ping, Chopping (food)]"
pilot5,1740448176000,"Ambience Noise:[Inside, small room]"
pilot5,1740448495000,"Ambience Noise:[Glass, Chink, clink]"
pilot5,1740470500000,Ambience Noise:[Silence]
pilot5,1740470814000,"Ambience Noise:[Cacophony, Music, Sound effect, Synthesizer]"
pilot5,1740471118000,Ambience Noise:[Silence]
pilot5,1740471489000,Ambience Noise:[Silence]
pilot5,1740471862000,Ambience Noise:[Silence]
pilot5,1740472234000,Ambience Noise:[Silence]
pilot5,1740472579000,Ambience Noise:[Silence]
pilot5,1740472929000,Ambience Noise:[Silence]
pilot5,1740473237000,Ambience Noise:[Silence]
pilot5,1740473591000,Ambience Noise:[Silence]
pilot5,1740473924000,"Ambience Noise:[Sound effect, Cacophony, Fart, Synthesizer]"
pilot5,1740517232000,"Ambience Noise:[Outside, rural or natural]"
pilot5,1740517565000,"Ambience Noise:[Wild animals, White noise]"
pilot5,1740517913000,"Ambience Noise:[Outside, rural or natural]"
pilot5,1740518252000,"Ambience Noise:[Speech, Inside, small room]"
pilot5,1740518614000,"Ambience Noise:[Speech, White noise]"
pilot5,1740518936000,"Ambience Noise:[Walk, footsteps]"
pilot5,1740519277000,"Ambience Noise:[Outside, rural or natural]"
pilot5,1740519623000,Ambience Noise:[Silence]
pilot5,1740520311000,"Ambience Noise:[Music, Insect, Fly, housefly]"
pilot5,1740520668000,Ambience Noise:[Silence]
pilot5,1740474304000,"Ambience Noise:[Noise, Outside, rural or natural]"
pilot5,1740474641000,"Ambience Noise:[Outside, rural or natural]"
pilot5,1740474979000,Ambience Noise:[Silence]
pilot5,1740475284000,Ambience Noise:[Silence]
pilot5,1740475631000,Ambience Noise:[Silence]
pilot5,1740475988000,"Ambience Noise:[Cat, Purr, Animal, Outside, rural or natural, Snoring, Breathing]"
pilot5,1740476300000,Ambience Noise:[Silence]
pilot5,1740476634000,Ambience Noise:[Silence]
pilot5,1740476945000,Ambience Noise:[Silence]
pilot5,1740477298000,Ambience Noise:[Silence]
pilot5,1740499396000,"Ambience Noise:[Outside, rural or natural]"
pilot5,1740499730000,Ambience Noise:[Mechanical fan]
pilot5,1740500062000,"Ambience Noise:[Animal, Horse]"
pilot5,1740500453000,"Ambience Noise:[Animal, Bird, Wild animals]"
pilot5,1740500782000,"Ambience Noise:[Speech, Animal]"
pilot5,1740501473000,"Ambience Noise:[Outside, rural or natural]"
pilot5,1740501775000,"Ambience Noise:[Animal, Mechanical fan]"
pilot5,1740502104000,"Ambience Noise:[Purr, Cat, Animal]"
pilot5,1740502458000,"Ambience Noise:[Music, Dishes, pots, and pans]"
pilot5,1740506591000,"Ambience Noise:[Outside, rural or natural]"
pilot5,1740506935000,"Ambience Noise:[Outside, rural or natural]"
pilot5,1740507279000,"Ambience Noise:[Water, Outside, rural or natural]"
pilot5,1740507588000,"Ambience Noise:[Animal, Bird, Wild animals]"
pilot5,1740507937000,"Ambience Noise:[White noise, Wild animals]"
pilot5,1740508259000,"Ambience Noise:[White noise, Animal]"
pilot5,1740508599000,"Ambience Noise:[Speech, Telephone dialing, DTMF]"
pilot5,1740508953000,"Ambience Noise:[Outside, rural or natural]"
pilot5,1740509293000,"Ambience Noise:[Inside, small room]"
pilot5,1740509621000,"Ambience Noise:[White noise, Noise]"
pilot5,1740467079000,"Ambience Noise:[Outside, rural or natural]"
pilot5,1740467451000,"Ambience Noise:[Outside, rural or natural]"
pilot5,1740467819000,"Ambience Noise:[Outside, rural or natural]"
pilot5,1740468176000,"Ambience Noise:[Music, Synthesizer, Keyboard (musical), Sampler, Musical instrument]"
pilot5,1740468511000,Ambience Noise:[Silence]
pilot5,1740468838000,"Ambience Noise:[Snake, Clarinet, Hubbub, speech noise, speech babble, Child speech, kid speaking, Rattle, Harp, Children playing, Conversation, Saxophone, Speech, Crowd, Croak, Whale vocalization, Animal, Bell, Narration, monologue, Music, Synthesizer, Keyboard (musical)]"
pilot5,1740469164000,"Ambience Noise:[Sound effect, Cacophony, Fart, Music, Synthesizer, Keyboard (musical), Musical instrument, Sine wave]"
pilot5,1740469511000,Ambience Noise:[Silence]
pilot5,1740469873000,Ambience Noise:[Silence]
pilot5,1740470197000,Ambience Noise:[Silence]
pilot5,1740495752000,"Ambience Noise:[Outside, rural or natural]"
pilot5,1740496444000,"Ambience Noise:[Animal, Outside, rural or natural]"
pilot5,1740497089000,"Ambience Noise:[Walk, footsteps]"
pilot5,1740497733000,"Ambience Noise:[Animal, Outside, rural or natural]"
pilot5,1740498038000,"Ambience Noise:[Horse, Animal]"
pilot5,1740498404000,"Ambience Noise:[Animal, Wild animals]"
pilot5,1740498711000,"Ambience Noise:[Animal, Outside, rural or natural]"
pilot5,1740499061000,"Ambience Noise:[Outside, rural or natural]"
pilot5,1740502825000,"Ambience Noise:[Animal, Livestock, farm animals, working animals]"
pilot5,1740503184000,"Ambience Noise:[Speech, Child speech, kid speaking]"
pilot5,1740503540000,Ambience Noise:[Silence]
pilot5,1740503872000,"Ambience Noise:[Cat, Purr, Domestic animals, pets]"
pilot5,1740504231000,"Ambience Noise:[Speech, Animal]"
pilot5,1740504540000,"Ambience Noise:[Speech, Chicken, rooster]"
pilot5,1740504894000,Ambience Noise:[Speech]
pilot5,1740505195000,Ambience Noise:[Speech]
pilot5,1740505543000,"Ambience Noise:[Inside, small room]"
pilot5,1740505880000,"Ambience Noise:[Inside, small room]"
pilot5,1740488581000,Ambience Noise:[Silence]
pilot5,1740488910000,"Ambience Noise:[Outside, rural or natural]"
pilot5,1740489224000,"Ambience Noise:[Cat, Animal, Outside, rural or natural]"
pilot5,1740489551000,"Ambience Noise:[Animal, Livestock, farm animals, working animals]"
pilot5,1740489909000,Ambience Noise:[Silence]
pilot5,1740490272000,Ambience Noise:[Silence]
pilot5,1740490617000,"Ambience Noise:[Ping, Hands, Slap, smack]"
pilot5,1740490984000,Ambience Noise:[Silence]
pilot5,1740491318000,Ambience Noise:[Silence]
pilot5,1740491626000,"Ambience Noise:[Inside, small room]"
pilot5,1740491952000,"Ambience Noise:[Animal, Livestock, farm animals, working animals]"
pilot5,1740520979000,Ambience Noise:[Speech]
pilot5,1740521309000,"Ambience Noise:[Speech, Clapping]"
pilot5,1740492674000,"Ambience Noise:[Cat, Animal, Purr]"
pilot5,1740493035000,"Ambience Noise:[Purr, Cat, Animal]"
pilot5,1740493392000,"Ambience Noise:[Animal, Livestock, farm animals, working animals]"
pilot5,1740493713000,"Ambience Noise:[Water tap, faucet]"
pilot5,1740494051000,"Ambience Noise:[Speech, Singing]"
pilot5,1740494376000,"Ambience Noise:[Speech, Music]"
pilot5,1740494703000,"Ambience Noise:[Horse, Clip-clop]"
pilot5,1740495048000,"Ambience Noise:[Animal, Wild animals]"
pilot5,1740495381000,"Ambience Noise:[Breathing, Snoring]"
pilot5,1740506591000,"Ambience Noise:[Outside, rural or natural]"
pilot5,1740506935000,"Ambience Noise:[Outside, rural or natural]"
pilot5,1740507279000,"Ambience Noise:[Water, Outside, rural or natural]"
pilot5,1740507588000,"Ambience Noise:[Animal, Bird, Wild animals]"
pilot5,1740507937000,"Ambience Noise:[White noise, Wild animals]"
pilot5,1740508259000,"Ambience Noise:[White noise, Animal]"
pilot5,1740508599000,"Ambience Noise:[Speech, Telephone dialing, DTMF]"
pilot5,1740508953000,"Ambience Noise:[Outside, rural or natural]"
pilot5,1740509293000,"Ambience Noise:[Inside, small room]"
pilot5,1740509621000,"Ambience Noise:[White noise, Noise]"
pilot5,1740535528000,"Ambience Noise:[Speech, Inside, small room]"
pilot5,1740535840000,"Ambience Noise:[Speech, Hands]"
pilot5,1740536190000,"Ambience Noise:[Inside, small room]"
pilot5,1740536491000,"Ambience Noise:[Inside, small room]"
pilot5,1740536853000,"Ambience Noise:[Sound effect, Crack]"
pilot5,1740537162000,"Ambience Noise:[Animal, Inside, small room]"
pilot5,1740537502000,Ambience Noise:[Silence]
pilot5,1740537870000,"Ambience Noise:[Speech, Dishes, pots, and pans]"
pilot5,1740538505000,"Ambience Noise:[Whip, Inside, small room]"
pilot5,1740481358000,Ambience Noise:[Silence]
pilot5,1740481707000,Ambience Noise:[Silence]
pilot5,1740482023000,"Ambience Noise:[Animal, Livestock, farm animals, working animals]"
pilot5,1740482381000,"Ambience Noise:[Animal, Livestock, farm animals, working animals]"
pilot5,1740482740000,"Ambience Noise:[Animal, Outside, rural or natural]"
pilot5,1740483093000,"Ambience Noise:[Animal, Livestock, farm animals, working animals]"
pilot5,1740483453000,"Ambience Noise:[Livestock, farm animals, working animals]"
pilot5,1740483755000,Ambience Noise:[Silence]
pilot5,1740484104000,"Ambience Noise:[Animal, Outside, rural or natural]"
pilot5,1740484451000,Ambience Noise:[Silence]
pilot5,1740484797000,"Ambience Noise:[Inside, small room]"
pilot5,1740513774000,"Ambience Noise:[Inside, small room]"
pilot5,1740514135000,"Ambience Noise:[Inside, small room]"
pilot5,1740514485000,"Ambience Noise:[Speech, Animal]"
pilot5,1740514827000,"Ambience Noise:[Outside, rural or natural]"
pilot5,1740515179000,"Ambience Noise:[Vehicle, Boat, Water vehicle]"
pilot5,1740515539000,Ambience Noise:[Speech]
pilot5,1740515851000,"Ambience Noise:[Speech, Ping, Hands]"
pilot5,1740516192000,"Ambience Noise:[Livestock, farm animals, working animals]"
pilot5,1740516546000,"Ambience Noise:[Chicken, rooster]"
pilot5,1740516863000,"Ambience Noise:[Animal, Livestock, farm animals, working animals]"
pilot5,1740463301000,"Ambience Noise:[Music, Synthesizer, Cat, Purr, Domestic animals, pets, Animal, Stomach rumble, Outside, rural or natural]"
pilot5,1740463652000,"Ambience Noise:[Outside, rural or natural, Roaring cats (lions, tigers)]"
pilot5,1740463960000,"Ambience Noise:[Outside, rural or natural]"
pilot5,1740464313000,"Ambience Noise:[Owl, Sound effect, Bird, Wild animals, Animal, Hoot, Bird vocalization, bird call, bird song, Crow, White noise, Caw, Chirp, tweet, Outside, rural or natural, Cap gun]"
pilot5,1740464676000,Ambience Noise:[Silence]
pilot5,1740465002000,Ambience Noise:[Silence]
pilot5,1740465357000,Ambience Noise:[Silence]
pilot5,1740465700000,Ambience Noise:[Silence]
pilot5,1740466057000,"Ambience Noise:[Noise, Outside, rural or natural]"
pilot5,1740466388000,Ambience Noise:[Silence]
pilot5,1740466721000,"Ambience Noise:[Sound effect, Synthesizer, Cacophony, Fart]"
pilot5,1740542476000,Ambience Noise:[Speech]
pilot5,1740542841000,"Ambience Noise:[Ping, Speech]"
pilot5,1740543173000,Ambience Noise:[Silence]
pilot5,1740543503000,Ambience Noise:[Silence]
pilot5,1740543804000,Ambience Noise:[Music]
pilot5,1740544166000,Ambience Noise:[Cat]
pilot5,1740544473000,Ambience Noise:[Speech]
pilot5,1740544806000,Ambience Noise:[Speech]
pilot5,1740545151000,Ambience Noise:[Finger snapping]
pilot5,1740545482000,"Ambience Noise:[Inside, small room]"
pilot5,1740545798000,Ambience Noise:[Silence]
pilot5,1740510321000,"Ambience Noise:[Outside, rural or natural]"
pilot5,1740510651000,"Ambience Noise:[Outside, rural or natural]"
pilot5,1740511018000,"Ambience Noise:[Slap, smack, Hands]"
pilot5,1740511352000,"Ambience Noise:[Inside, small room]"
pilot5,1740511680000,"Ambience Noise:[Animal, Outside, rural or natural]"
pilot5,1740512041000,"Ambience Noise:[Animal, White noise]"
pilot5,1740512387000,"Ambience Noise:[Speech, Animal]"
pilot5,1740512721000,"Ambience Noise:[Animal, Livestock, farm animals, working animals]"
pilot5,1740513072000,"Ambience Noise:[Outside, rural or natural]"
pilot5,1740513424000,"Ambience Noise:[Inside, small room]"
pilot5,1740485105000,"Ambience Noise:[Inside, small room]"
pilot5,1740485431000,Ambience Noise:[Silence]
pilot5,1740485779000,Ambience Noise:[Silence]
pilot5,1740486113000,Ambience Noise:[Silence]
pilot5,1740486475000,Ambience Noise:[Silence]
pilot5,1740486837000,"Ambience Noise:[Inside, small room]"
pilot5,1740487174000,Ambience Noise:[Silence]
pilot5,1740487501000,Ambience Noise:[Silence]
pilot5,1740488215000,"Ambience Noise:[Outside, rural or natural]"
pilot5,1740492674000,"Ambience Noise:[Cat, Animal, Purr]"
pilot5,1740493035000,"Ambience Noise:[Purr, Cat, Animal]"
pilot5,1740493392000,"Ambience Noise:[Animal, Livestock, farm animals, working animals]"
pilot5,1740493713000,"Ambience Noise:[Water tap, faucet]"
pilot5,1740494051000,"Ambience Noise:[Speech, Singing]"
pilot5,1740494376000,"Ambience Noise:[Speech, Music]"
pilot5,1740494703000,"Ambience Noise:[Horse, Clip-clop]"
pilot5,1740495048000,"Ambience Noise:[Animal, Wild animals]"
pilot5,1740495381000,"Ambience Noise:[Breathing, Snoring]"
pilot5,1740539167000,"Ambience Noise:[Inside, small room]"
pilot5,1740539475000,"Ambience Noise:[Inside, small room]"
pilot5,1740539776000,Ambience Noise:[Ping]
pilot5,1740540449000,"Ambience Noise:[Ringtone, Telephone]"
pilot5,1740541095000,"Ambience Noise:[Speech, Cat, Domestic animals, pets]"
pilot5,1740541789000,"Ambience Noise:[Liquid, Spray, Snake]"
pilot5,1740542118000,"Ambience Noise:[Snake, Spray, Inside, small room]"
pilot5,1740459917000,"Ambience Noise:[Music, Sound effect, Cacophony, Fart, Hum, Mains hum, Pulse, Animal, Livestock, farm animals, working animals, Outside, rural or natural, Fowl]"
pilot5,1740460258000,Ambience Noise:[Silence]
pilot5,1740460609000,"Ambience Noise:[Animal, Livestock, farm animals, working animals]"
pilot5,1740460970000,Ambience Noise:[Silence]
pilot5,1740461296000,Ambience Noise:[Silence]
pilot5,1740461959000,Ambience Noise:[Silence]
pilot5,1740462274000,"Ambience Noise:[Speech, Fowl, Duck]"
pilot5,1740462605000,Ambience Noise:[Silence]
pilot5,1740462943000,"Ambience Noise:[Cat, Speech, Outside, rural or natural]"
pilot5,1740477625000,Ambience Noise:[Silence]
pilot5,1740477986000,Ambience Noise:[Silence]
pilot5,1740478286000,Ambience Noise:[Silence]
pilot5,1740478647000,Ambience Noise:[Animal]
pilot5,1740478992000,Ambience Noise:[Silence]
pilot5,1740479339000,Ambience Noise:[Silence]
pilot5,1740479644000,Ambience Noise:[Silence]
pilot5,1740480011000,Ambience Noise:[Silence]
pilot5,1740480372000,Ambience Noise:[Silence]
pilot5,1740480673000,Ambience Noise:[Silence]
pilot5,1740480980000,Ambience Noise:[Silence]
pilot5,1740529702000,Ambience Noise:[Silence]
pilot5,1740530321000,Ambience Noise:[Silence]
pilot5,1740530640000,Ambience Noise:[Silence]
pilot5,1740530960000,"Ambience Noise:[Speech, Inside, small room]"
pilot5,1740531264000,Ambience Noise:[Speech]
pilot5,1740531592000,Ambience Noise:[Speech]
pilot5,1740532259000,"Ambience Noise:[Speech, Inside, small room]"
pilot5,1740532620000,"Ambience Noise:[Hands, Speech]"
pilot5,1740532937000,Ambience Noise:[Silence]
pilot5,1740533556000,Ambience Noise:[Silence]
pilot5,1740534212000,Ambience Noise:[Silence]
pilot5,1740534565000,Ambience Noise:[Chopping (food)]
pilot5,1740534873000,Ambience Noise:[Silence]
pilot5,1740535174000,Ambience Noise:[Silence]
pilot6,1740517276000,Ambience Noise:[Silence]
pilot6,1740517647000,"Ambience Noise:[Animal, Bird, Wild animals]"
pilot6,1740517994000,"Ambience Noise:[Whip, Outside, rural or natural]"
pilot6,1740518306000,"Ambience Noise:[Animal, Outside, rural or natural]"
pilot6,1740518651000,"Ambience Noise:[Outside, rural or natural]"
pilot6,1740518969000,"Ambience Noise:[Crack, Breaking]"
pilot6,1740519279000,"Ambience Noise:[Speech, Chopping (food)]"
pilot6,1740519627000,Ambience Noise:[Silence]
pilot6,1740519934000,Ambience Noise:[Silence]
pilot6,1740520244000,"Ambience Noise:[Speech, Glass]"
pilot6,1740520545000,"Ambience Noise:[Inside, small room]"
pilot6,1740499491000,Ambience Noise:[Speech]
pilot6,1740500213000,"Ambience Noise:[Speech, Inside, small room]"
pilot6,1740500530000,"Ambience Noise:[Speech, Burping, eructation]"
pilot6,1740500853000,"Ambience Noise:[Inside, small room]"
pilot6,1740501212000,Ambience Noise:[Speech]
pilot6,1740501535000,"Ambience Noise:[Inside, small room]"
pilot6,1740501873000,Ambience Noise:[Speech]
pilot6,1740502199000,Ambience Noise:[Speech]
pilot6,1740502553000,Ambience Noise:[Speech]
pilot6,1740495805000,"Ambience Noise:[Animal, Livestock, farm animals, working animals]"
pilot6,1740496477000,Ambience Noise:[Speech]
pilot6,1740496787000,"Ambience Noise:[Inside, small room]"
pilot6,1740497104000,Ambience Noise:[Silence]
pilot6,1740497459000,"Ambience Noise:[Wind, Rustle, Animal]"
pilot6,1740497779000,Ambience Noise:[Silence]
pilot6,1740498116000,Ambience Noise:[Silence]
pilot6,1740498446000,Ambience Noise:[Silence]
pilot6,1740498807000,"Ambience Noise:[Inside, small room]"
pilot6,1740499184000,Ambience Noise:[Silence]
pilot6,1740502859000,"Ambience Noise:[Speech, Inside, small room]"
pilot6,1740503226000,Ambience Noise:[Silence]
pilot6,1740503561000,Ambience Noise:[Silence]
pilot6,1740503889000,"Ambience Noise:[Mechanisms, Inside, small room]"
pilot6,1740504226000,"Ambience Noise:[Inside, small room]"
pilot6,1740504565000,Ambience Noise:[Silence]
pilot6,1740504879000,Ambience Noise:[Silence]
pilot6,1740505184000,Ambience Noise:[Animal]
pilot6,1740505516000,"Ambience Noise:[Inside, small room]"
pilot6,1740505824000,"Ambience Noise:[Inside, small room]"
pilot6,1740506148000,Ambience Noise:[Silence]
pilot6,1740520900000,Ambience Noise:[Music]
pilot6,1740521248000,"Ambience Noise:[Inside, small room]"
pilot6,1740521609000,"Ambience Noise:[Speech, Inside, small room]"
pilot6,1740521962000,Ambience Noise:[Speech]
pilot6,1740522287000,Ambience Noise:[Silence]
pilot6,1740522598000,Ambience Noise:[Silence]
pilot6,1740522908000,Ambience Noise:[Speech]
pilot6,1740523616000,Ambience Noise:[Silence]
pilot6,1740524318000,"Ambience Noise:[Inside, small room]"
pilot6,1740506477000,"Ambience Noise:[Speech, Singing]"
pilot6,1740507202000,"Ambience Noise:[Inside, small room]"
pilot6,1740507515000,Ambience Noise:[Speech]
pilot6,1740507858000,Ambience Noise:[Silence]
pilot6,1740508195000,Ambience Noise:[Silence]
pilot6,1740508543000,"Ambience Noise:[Typing, Computer keyboard]"
pilot6,1740508928000,Ambience Noise:[Silence]
pilot6,1740509253000,"Ambience Noise:[Tearing, Inside, small room]"
pilot6,1740509577000,"Ambience Noise:[Inside, small room]"
pilot6,1740509895000,"Ambience Noise:[Crushing, Crack]"
pilot6,1740535394000,Ambience Noise:[Silence]
pilot6,1740535696000,Ambience Noise:[Speech]
pilot6,1740536009000,"Ambience Noise:[Inside, small room]"
pilot6,1740536313000,Ambience Noise:[Silence]
pilot6,1740536969000,"Ambience Noise:[Inside, small room]"
pilot6,1740537325000,Ambience Noise:[Silence]
pilot6,1740537679000,Ambience Noise:[Silence]
pilot6,1740538050000,Ambience Noise:[Silence]
pilot6,1740538432000,Ambience Noise:[Computer keyboard]
pilot6,1740538749000,"Ambience Noise:[Speech, Walk, footsteps]"
pilot6,1740513930000,"Ambience Noise:[Animal, Crumpling, crinkling]"
pilot6,1740514311000,"Ambience Noise:[Inside, small room]"
pilot6,1740514640000,"Ambience Noise:[Walk, footsteps]"
pilot6,1740514962000,"Ambience Noise:[Walk, footsteps]"
pilot6,1740515324000,"Ambience Noise:[Animal, Inside, small room]"
pilot6,1740515625000,"Ambience Noise:[Animal, Inside, small room]"
pilot6,1740515933000,"Ambience Noise:[Speech, Inside, small room]"
pilot6,1740516617000,"Ambience Noise:[Inside, small room]"
pilot6,1740542648000,Ambience Noise:[Silence]
pilot6,1740542951000,Ambience Noise:[Silence]
pilot6,1740543291000,"Ambience Noise:[Inside, small room]"
pilot6,1740543587000,Ambience Noise:[Silence]
pilot6,1740543918000,"Ambience Noise:[Typing, Computer keyboard]"
pilot6,1740544208000,Ambience Noise:[Silence]
pilot6,1740544515000,Ambience Noise:[Computer keyboard]
pilot6,1740544849000,"Ambience Noise:[Typing, Computer keyboard]"
pilot6,1740545162000,Ambience Noise:[Silence]
pilot6,1740545471000,Ambience Noise:[Computer keyboard]
pilot6,1740545783000,Ambience Noise:[Silence]
pilot6,1740510224000,"Ambience Noise:[Inside, small room]"
pilot6,1740510549000,Ambience Noise:[Silence]
pilot6,1740510884000,Ambience Noise:[Silence]
pilot6,1740511220000,Ambience Noise:[Silence]
pilot6,1740511539000,"Ambience Noise:[Inside, small room]"
pilot6,1740511885000,Ambience Noise:[Silence]
pilot6,1740512240000,"Ambience Noise:[Inside, small room]"
pilot6,1740512553000,Ambience Noise:[Silence]
pilot6,1740512887000,Ambience Noise:[Silence]
pilot6,1740513221000,"Ambience Noise:[Crunch, Tearing]"
pilot6,1740513563000,Ambience Noise:[Silence]
pilot6,1740495134000,Ambience Noise:[Speech]
pilot6,1740495464000,"Ambience Noise:[Animal, Fowl, Livestock, farm animals, working animals]"
pilot6,1740524650000,Ambience Noise:[Silence]
pilot6,1740524998000,Ambience Noise:[Silence]
pilot6,1740525358000,"Ambience Noise:[Heart sounds, heartbeat]"
pilot6,1740525688000,Ambience Noise:[Silence]
pilot6,1740526049000,Ambience Noise:[Silence]
pilot6,1740526393000,Ambience Noise:[Silence]
pilot6,1740526710000,Ambience Noise:[Silence]
pilot6,1740527373000,Ambience Noise:[Silence]
pilot6,1740527979000,Ambience Noise:[Silence]
pilot6,1740539414000,Ambience Noise:[Silence]
pilot6,1740539758000,"Ambience Noise:[Inside, small room]"
pilot6,1740540072000,Ambience Noise:[Silence]
pilot6,1740540393000,"Ambience Noise:[Hands, Ping]"
pilot6,1740540714000,Ambience Noise:[Silence]
pilot6,1740541035000,Ambience Noise:[Silence]
pilot6,1740541355000,Ambience Noise:[Silence]
pilot6,1740541668000,Ambience Noise:[Silence]
pilot6,1740541996000,"Ambience Noise:[Typing, Computer keyboard]"
pilot6,1740542310000,Ambience Noise:[Silence]
pilot6,1740528641000,Ambience Noise:[Speech]
pilot6,1740528949000,Ambience Noise:[Silence]
pilot6,1740529301000,Ambience Noise:[Silence]
pilot6,1740529645000,"Ambience Noise:[Inside, small room]"
pilot6,1740529977000,Ambience Noise:[Ping]
pilot6,1740530305000,Ambience Noise:[Silence]
pilot6,1740530666000,Ambience Noise:[Silence]
pilot6,1740531019000,"Ambience Noise:[Spray, Liquid, Steam]"
pilot6,1740531335000,"Ambience Noise:[Walk, footsteps]"
pilot6,1740531641000,"Ambience Noise:[Walk, footsteps]"
pilot6,1740532007000,Ambience Noise:[Silence]
pilot6,1740532339000,Ambience Noise:[Silence]
pilot6,1740532701000,Ambience Noise:[Silence]
pilot6,1740533060000,Ambience Noise:[Silence]
pilot6,1740533758000,Ambience Noise:[Silence]
pilot6,1740534140000,Ambience Noise:[Silence]
pilot6,1740534445000,Ambience Noise:[Silence]
pilot6,1740534761000,Ambience Noise:[Silence]
pilot6,1740535085000,Ambience Noise:[Hands]
pilot7,1740557076000,Ambience Noise:[Silence]
pilot7,1740557394000,Ambience Noise:[Silence]
pilot7,1740557713000,Ambience Noise:[Silence]
pilot7,1740558029000,Ambience Noise:[Silence]
pilot7,1740558350000,Ambience Noise:[Silence]
pilot7,1740558668000,Ambience Noise:[Silence]
pilot7,1740558985000,Ambience Noise:[Silence]
pilot7,1740559297000,Ambience Noise:[Silence]
pilot7,1740559618000,Ambience Noise:[Silence]
pilot7,1740559937000,Ambience Noise:[Silence]
pilot7,1740560241000,Ambience Noise:[Silence]
pilot7,1740603623000,"Ambience Noise:[Animal, Wild animals]"
pilot7,1740603927000,"Ambience Noise:[Animal, Speech]"
pilot7,1740604261000,Ambience Noise:[Speech]
pilot7,1740604619000,"Ambience Noise:[Hands, Finger snapping]"
pilot7,1740604944000,Ambience Noise:[Speech]
pilot7,1740605301000,"Ambience Noise:[Inside, small room]"
pilot7,1740605612000,Ambience Noise:[Speech]
pilot7,1740605975000,Ambience Noise:[Speech]
pilot7,1740606306000,Ambience Noise:[Speech]
pilot7,1740606631000,Ambience Noise:[Silence]
pilot7,1740606979000,Ambience Noise:[Speech]
pilot7,1740560570000,Ambience Noise:[Silence]
pilot7,1740560882000,Ambience Noise:[Silence]
pilot7,1740561189000,Ambience Noise:[Silence]
pilot7,1740561515000,Ambience Noise:[Silence]
pilot7,1740561838000,Ambience Noise:[Silence]
pilot7,1740562188000,Ambience Noise:[Silence]
pilot7,1740562506000,"Ambience Noise:[Snoring, Breathing]"
pilot7,1740562825000,Ambience Noise:[Silence]
pilot7,1740563115000,Ambience Noise:[Silence]
pilot7,1740563445000,Ambience Noise:[Silence]
pilot7,1740563748000,Ambience Noise:[Silence]
pilot7,1740585900000,Ambience Noise:[Speech]
pilot7,1740586233000,Ambience Noise:[Speech]
pilot7,1740586575000,Ambience Noise:[Speech]
pilot7,1740586930000,Ambience Noise:[Speech]
pilot7,1740587255000,"Ambience Noise:[Speech, Inside, small room]"
pilot7,1740587900000,"Ambience Noise:[Animal, Inside, small room]"
pilot7,1740588230000,"Ambience Noise:[Writing, Inside, small room]"
pilot7,1740588555000,Ambience Noise:[Writing]
pilot7,1740588895000,"Ambience Noise:[Inside, small room]"
pilot7,1740553285000,Ambience Noise:[Silence]
pilot7,1740553593000,Ambience Noise:[Silence]
pilot7,1740553922000,Ambience Noise:[Silence]
pilot7,1740554255000,Ambience Noise:[Silence]
pilot7,1740554557000,Ambience Noise:[Silence]
pilot7,1740554894000,Ambience Noise:[Silence]
pilot7,1740555190000,Ambience Noise:[Silence]
pilot7,1740555512000,Ambience Noise:[Silence]
pilot7,1740555817000,Ambience Noise:[Silence]
pilot7,1740556123000,Ambience Noise:[Silence]
pilot7,1740556439000,Ambience Noise:[Silence]
pilot7,1740556757000,Ambience Noise:[Silence]
pilot7,1740582261000,"Ambience Noise:[Speech, Narration, monologue]"
pilot7,1740582581000,"Ambience Noise:[Speech, White noise]"
pilot7,1740582904000,"Ambience Noise:[Inside, small room]"
pilot7,1740583244000,"Ambience Noise:[Speech, Hands]"
pilot7,1740583597000,"Ambience Noise:[Animal, Inside, small room]"
pilot7,1740583940000,"Ambience Noise:[Speech, Laughter]"
pilot7,1740584299000,"Ambience Noise:[Speech, Inside, small room]"
pilot7,1740584606000,"Ambience Noise:[Inside, small room]"
pilot7,1740584955000,Ambience Noise:[Chopping (food)]
pilot7,1740585258000,Ambience Noise:[Speech]
pilot7,1740585572000,Ambience Noise:[Speech]
pilot7,1740589218000,"Ambience Noise:[Snoring, Breathing]"
pilot7,1740589577000,Ambience Noise:[Silence]
pilot7,1740589919000,Ambience Noise:[Silence]
pilot7,1740590263000,Ambience Noise:[Silence]
pilot7,1740590602000,Ambience Noise:[Silence]
pilot7,1740590949000,"Ambience Noise:[Typing, Computer keyboard]"
pilot7,1740591256000,Ambience Noise:[Silence]
pilot7,1740591627000,Ambience Noise:[Silence]
pilot7,1740592321000,"Ambience Noise:[Inside, small room]"
pilot7,1740592661000,"Ambience Noise:[Inside, small room]"
pilot7,1740600211000,"Ambience Noise:[Speech, Inside, small room]"
pilot7,1740600568000,"Ambience Noise:[Breathing, Snoring]"
pilot7,1740600915000,"Ambience Noise:[Speech, Music]"
pilot7,1740601266000,"Ambience Noise:[Music, Speech]"
pilot7,1740601631000,"Ambience Noise:[Speech, Roaring cats (lions, tigers)]"
pilot7,1740602294000,Ambience Noise:[Speech]
pilot7,1740602608000,"Ambience Noise:[Speech, Music]"
pilot7,1740602956000,"Ambience Noise:[Speech, Goat, Bleat]"
pilot7,1740603292000,"Ambience Noise:[Music, Breathing]"
pilot7,1740575102000,Ambience Noise:[Silence]
pilot7,1740575401000,Ambience Noise:[Silence]
pilot7,1740575733000,Ambience Noise:[Silence]
pilot7,1740576041000,Ambience Noise:[Silence]
pilot7,1740576353000,Ambience Noise:[Silence]
pilot7,1740576678000,"Ambience Noise:[Hands, Ping, Finger snapping]"
pilot7,1740576997000,Ambience Noise:[Silence]
pilot7,1740577315000,Ambience Noise:[Silence]
pilot7,1740577634000,"Ambience Noise:[Hands, Ping, Inside, small room]"
pilot7,1740577970000,"Ambience Noise:[Hands, Inside, small room]"
pilot7,1740578314000,Ambience Noise:[Silence]
pilot7,1740607333000,"Ambience Noise:[Animal, Bird, Wild animals]"
pilot7,1740608017000,"Ambience Noise:[Inside, small room]"
pilot7,1740608363000,Ambience Noise:[Silence]
pilot7,1740608731000,"Ambience Noise:[Speech, Snoring]"
pilot7,1740609077000,Ambience Noise:[Silence]
pilot7,1740609412000,"Ambience Noise:[Inside, small room]"
pilot7,1740609746000,Ambience Noise:[Speech]
pilot7,1740610053000,Ambience Noise:[Computer keyboard]
pilot7,1740610374000,Ambience Noise:[Speech]
pilot7,1740610700000,"Ambience Noise:[Animal, Chicken, rooster]"
pilot7,1740592991000,Ambience Noise:[Silence]
pilot7,1740593355000,"Ambience Noise:[Speech, Inside, small room]"
pilot7,1740593719000,Ambience Noise:[Silence]
pilot7,1740594057000,"Ambience Noise:[Inside, small room]"
pilot7,1740594419000,Ambience Noise:[Speech]
pilot7,1740594762000,Ambience Noise:[Silence]
pilot7,1740595085000,Ambience Noise:[Animal]
pilot7,1740595423000,"Ambience Noise:[Chicken, rooster]"
pilot7,1740595760000,"Ambience Noise:[Typing, Computer keyboard]"
pilot7,1740596088000,Ambience Noise:[Silence]
pilot7,1740567875000,Ambience Noise:[Silence]
pilot7,1740568192000,Ambience Noise:[Silence]
pilot7,1740568485000,Ambience Noise:[Silence]
pilot7,1740568813000,Ambience Noise:[Silence]
pilot7,1740569110000,Ambience Noise:[Silence]
pilot7,1740569434000,Ambience Noise:[Silence]
pilot7,1740569745000,Ambience Noise:[Silence]
pilot7,1740570064000,Ambience Noise:[Silence]
pilot7,1740570373000,Ambience Noise:[Silence]
pilot7,1740570692000,Ambience Noise:[Silence]
pilot7,1740571000000,Ambience Noise:[Silence]
pilot7,1740600211000,"Ambience Noise:[Speech, Inside, small room]"
pilot7,1740600568000,"Ambience Noise:[Breathing, Snoring]"
pilot7,1740600915000,"Ambience Noise:[Speech, Music]"
pilot7,1740601266000,"Ambience Noise:[Music, Speech]"
pilot7,1740601631000,"Ambience Noise:[Speech, Roaring cats (lions, tigers)]"
pilot7,1740602294000,Ambience Noise:[Speech]
pilot7,1740602608000,"Ambience Noise:[Speech, Music]"
pilot7,1740602956000,"Ambience Noise:[Speech, Goat, Bleat]"
pilot7,1740603292000,"Ambience Noise:[Music, Breathing]"
pilot7,1740549806000,Ambience Noise:[Silence]
pilot7,1740550110000,Ambience Noise:[Silence]
pilot7,1740550430000,Ambience Noise:[Silence]
pilot7,1740550761000,Ambience Noise:[Silence]
pilot7,1740551071000,Ambience Noise:[Silence]
pilot7,1740551389000,Ambience Noise:[Silence]
pilot7,1740551703000,Ambience Noise:[Silence]
pilot7,1740552027000,Ambience Noise:[Silence]
pilot7,1740552361000,Ambience Noise:[Silence]
pilot7,1740552664000,Ambience Noise:[Silence]
pilot7,1740552980000,Ambience Noise:[Silence]
pilot7,1740596444000,Ambience Noise:[Silence]
pilot7,1740596811000,Ambience Noise:[Silence]
pilot7,1740597149000,Ambience Noise:[Silence]
pilot7,1740597503000,"Ambience Noise:[Snoring, Breathing]"
pilot7,1740597826000,"Ambience Noise:[Inside, small room]"
pilot7,1740598175000,Ambience Noise:[Silence]
pilot7,1740598506000,"Ambience Noise:[Snoring, Breathing]"
pilot7,1740599197000,Ambience Noise:[Speech]
pilot7,1740599522000,Ambience Noise:[Silence]
pilot7,1740599875000,"Ambience Noise:[Writing, Inside, small room]"
pilot7,1740571321000,Ambience Noise:[Silence]
pilot7,1740571631000,Ambience Noise:[Silence]
pilot7,1740571952000,Ambience Noise:[Silence]
pilot7,1740572265000,Ambience Noise:[Silence]
pilot7,1740572586000,Ambience Noise:[Silence]
pilot7,1740572890000,Ambience Noise:[Silence]
pilot7,1740573219000,Ambience Noise:[Silence]
pilot7,1740573528000,Ambience Noise:[Silence]
pilot7,1740573853000,Ambience Noise:[Silence]
pilot7,1740574170000,Ambience Noise:[Silence]
pilot7,1740574476000,Ambience Noise:[Silence]
pilot7,1740574784000,Ambience Noise:[Silence]
pilot7,1740578661000,"Ambience Noise:[Inside, small room]"
pilot7,1740579002000,"Ambience Noise:[Speech, Sneeze]"
pilot7,1740579657000,"Ambience Noise:[Speech, Inside, small room]"
pilot7,1740579962000,"Ambience Noise:[Inside, small room]"
pilot7,1740580286000,"Ambience Noise:[Tearing, Shuffling cards]"
pilot7,1740580591000,"Ambience Noise:[Speech, Inside, small room]"
pilot7,1740580942000,"Ambience Noise:[Walk, footsteps]"
pilot7,1740581297000,"Ambience Noise:[Inside, small room]"
pilot7,1740581619000,"Ambience Noise:[Inside, small room]"
pilot7,1740581957000,Ambience Noise:[Speech]
pilot7,1740611030000,"Ambience Noise:[Speech, Inside, small room]"
pilot7,1740611358000,Ambience Noise:[Speech]
pilot7,1740611674000,Ambience Noise:[Speech]
pilot7,1740611981000,Ambience Noise:[Speech]
pilot7,1740612312000,Ambience Noise:[Speech]
pilot7,1740612653000,Ambience Noise:[Silence]
pilot7,1740612960000,Ambience Noise:[Speech]
pilot7,1740613320000,Ambience Noise:[Speech]
pilot7,1740613622000,Ambience Noise:[Speech]
pilot7,1740613930000,Ambience Noise:[Speech]
pilot7,1740614245000,Ambience Noise:[Speech]
pilot7,1740546302000,Ambience Noise:[Silence]
pilot7,1740546631000,Ambience Noise:[Silence]
pilot7,1740546957000,Ambience Noise:[Silence]
pilot7,1740547264000,Ambience Noise:[Silence]
pilot7,1740547575000,Ambience Noise:[Silence]
pilot7,1740547889000,Ambience Noise:[Silence]
pilot7,1740548215000,Ambience Noise:[Silence]
pilot7,1740548538000,Ambience Noise:[Silence]
pilot7,1740548833000,Ambience Noise:[Silence]
pilot7,1740549165000,Ambience Noise:[Silence]
pilot7,1740549478000,Ambience Noise:[Silence]
pilot7,1740564066000,Ambience Noise:[Silence]
pilot7,1740564385000,Ambience Noise:[Silence]
pilot7,1740564710000,Ambience Noise:[Silence]
pilot7,1740565021000,Ambience Noise:[Silence]
pilot7,1740565341000,Ambience Noise:[Silence]
pilot7,1740565671000,Ambience Noise:[Silence]
pilot7,1740565978000,Ambience Noise:[Silence]
pilot7,1740566285000,Ambience Noise:[Silence]
pilot7,1740566610000,Ambience Noise:[Silence]
pilot7,1740566918000,Ambience Noise:[Silence]
pilot7,1740567231000,Ambience Noise:[Silence]
pilot7,1740567555000,Ambience Noise:[Silence]
pilot7,1740614586000,Ambience Noise:[Speech]
pilot7,1740614941000,Ambience Noise:[Finger snapping]
pilot7,1740615277000,Ambience Noise:[Speech]
pilot7,1740615610000,Ambience Noise:[Speech]
pilot7,1740616273000,"Ambience Noise:[Speech, Hands]"
pilot7,1740616585000,Ambience Noise:[Speech]
pilot7,1740616936000,Ambience Noise:[Speech]
pilot7,1740617579000,Ambience Noise:[Speech]
pilot7,1740617921000,Ambience Noise:[Speech]
pilot7,1740618270000,Ambience Noise:[Speech]
pilot7,1740618613000,"Ambience Noise:[Speech, Dishes, pots, and pans]"
pilot7,1740618925000,Ambience Noise:[Speech]
pilot7,1740619255000,"Ambience Noise:[Inside, small room]"
pilot7,1740619559000,Ambience Noise:[Speech]
pilot7,1740619889000,"Ambience Noise:[Speech, Hands]"
pilot7,1740620199000,"Ambience Noise:[Speech, Laughter]"
pilot7,1740620531000,Ambience Noise:[Speech]
pilot7,1740620914000,Ambience Noise:[Speech]
pilot7,1740621206000,Ambience Noise:[Speech]
pilot7,1740621516000,Ambience Noise:[Speech]
pilot7,1740643323000,Ambience Noise:[Silence]
pilot7,1740643626000,Ambience Noise:[Silence]
pilot7,1740643961000,Ambience Noise:[Silence]
pilot7,1740644271000,Ambience Noise:[Silence]
pilot7,1740644579000,Ambience Noise:[Silence]
pilot7,1740644914000,Ambience Noise:[Silence]
pilot7,1740645236000,Ambience Noise:[Silence]
pilot7,1740645539000,Ambience Noise:[Silence]
pilot7,1740645842000,Ambience Noise:[Silence]
pilot7,1740646145000,Ambience Noise:[Silence]
pilot7,1740646479000,Ambience Noise:[Silence]
pilot7,1740646786000,Ambience Noise:[Silence]
pilot7,1740647102000,Ambience Noise:[Silence]
pilot7,1740647405000,Ambience Noise:[Silence]
pilot7,1740647756000,Ambience Noise:[Silence]
pilot7,1740648043000,Ambience Noise:[Silence]
pilot7,1740648379000,Ambience Noise:[Silence]
pilot7,1740648713000,Ambience Noise:[Silence]
pilot7,1740649018000,Ambience Noise:[Silence]
pilot7,1740649337000,Ambience Noise:[Silence]
pilot7,1740649664000,Ambience Noise:[Silence]
pilot7,1740649969000,Ambience Noise:[Silence]
pilot7,1740650279000,Ambience Noise:[Silence]
pilot7,1740672048000,Ambience Noise:[Speech]
pilot7,1740672352000,"Ambience Noise:[Speech, Snoring]"
pilot7,1740672692000,"Ambience Noise:[Speech, Inside, small room]"
pilot7,1740673059000,Ambience Noise:[Speech]
pilot7,1740673410000,"Ambience Noise:[Music, Inside, small room]"
pilot7,1740673778000,Ambience Noise:[Speech]
pilot7,1740674128000,"Ambience Noise:[Outside, rural or natural]"
pilot7,1740674457000,"Ambience Noise:[Speech, Insect]"
pilot7,1740675140000,"Ambience Noise:[Outside, rural or natural]"
pilot7,1740675469000,"Ambience Noise:[Vehicle, Speech]"
pilot7,1740639862000,Ambience Noise:[Silence]
pilot7,1740640167000,Ambience Noise:[Silence]
pilot7,1740640485000,Ambience Noise:[Silence]
pilot7,1740640804000,Ambience Noise:[Silence]
pilot7,1740641116000,Ambience Noise:[Silence]
pilot7,1740641426000,Ambience Noise:[Silence]
pilot7,1740641759000,Ambience Noise:[Silence]
pilot7,1740642062000,Ambience Noise:[Silence]
pilot7,1740642383000,Ambience Noise:[Silence]
pilot7,1740642702000,Ambience Noise:[Silence]
pilot7,1740643005000,Ambience Noise:[Silence]
pilot7,1740668596000,"Ambience Noise:[Animal, Bird, Wild animals]"
pilot7,1740668939000,"Ambience Noise:[Speech, Vehicle]"
pilot7,1740669271000,"Ambience Noise:[Outside, rural or natural]"
pilot7,1740669611000,"Ambience Noise:[Bird, Wild animals]"
pilot7,1740669932000,"Ambience Noise:[Speech, Clip-clop]"
pilot7,1740670292000,"Ambience Noise:[Speech, Inside, small room]"
pilot7,1740670638000,Ambience Noise:[Speech]
pilot7,1740671006000,Ambience Noise:[Speech]
pilot7,1740671341000,Ambience Noise:[Speech]
pilot7,1740671704000,Ambience Noise:[Speech]
pilot7,1740675806000,"Ambience Noise:[Vehicle, Bird, Wild animals]"
pilot7,1740676131000,"Ambience Noise:[Speech, Music]"
pilot7,1740676484000,"Ambience Noise:[Wind, Outside, rural or natural]"
pilot7,1740676799000,"Ambience Noise:[Vehicle, Motor vehicle (road)]"
pilot7,1740677148000,"Ambience Noise:[Horse, Clip-clop]"
pilot7,1740677478000,"Ambience Noise:[Door, Knock, Thunk]"
pilot7,1740677840000,Ambience Noise:[Speech]
pilot7,1740678187000,"Ambience Noise:[Speech, Inside, small room]"
pilot7,1740678530000,"Ambience Noise:[Crackle, Fire, Sound effect]"
pilot7,1740661382000,Ambience Noise:[Silence]
pilot7,1740661697000,Ambience Noise:[Silence]
pilot7,1740662000000,Ambience Noise:[Silence]
pilot7,1740662319000,Ambience Noise:[Silence]
pilot7,1740662622000,Ambience Noise:[Silence]
pilot7,1740662949000,Ambience Noise:[Silence]
pilot7,1740663259000,Ambience Noise:[Silence]
pilot7,1740663563000,Ambience Noise:[Silence]
pilot7,1740663874000,Ambience Noise:[Silence]
pilot7,1740664205000,Ambience Noise:[Silence]
pilot7,1740664527000,"Ambience Noise:[Speech, Inside, small room]"
pilot7,1740679266000,"Ambience Noise:[Sound effect, Camera]"
pilot7,1740679631000,"Ambience Noise:[Speech, Animal]"
pilot7,1740679976000,"Ambience Noise:[Spray, Animal, Outside, rural or natural]"
pilot7,1740680295000,"Ambience Noise:[Spray, Hiss, Liquid]"
pilot7,1740680663000,"Ambience Noise:[Sound effect, Inside, small room]"
pilot7,1740680998000,"Ambience Noise:[Animal, Fowl, Livestock, farm animals, working animals]"
pilot7,1740681350000,Ambience Noise:[Speech]
pilot7,1740681699000,Ambience Noise:[Speech]
pilot7,1740682031000,"Ambience Noise:[Cough, Speech]"
pilot7,1740682377000,Ambience Noise:[Speech]
pilot7,1740682731000,Ambience Noise:[Speech]
pilot7,1740708183000,Ambience Noise:[Silence]
pilot7,1740708487000,Ambience Noise:[Silence]
pilot7,1740708823000,Ambience Noise:[Silence]
pilot7,1740709131000,Ambience Noise:[Silence]
pilot7,1740709450000,Ambience Noise:[Silence]
pilot7,1740709769000,Ambience Noise:[Silence]
pilot7,1740710077000,Ambience Noise:[Silence]
pilot7,1740710391000,Ambience Noise:[Silence]
pilot7,1740710720000,Ambience Noise:[Silence]
pilot7,1740711030000,Ambience Noise:[Silence]
pilot7,1740711342000,Ambience Noise:[Silence]
pilot7,1740654060000,Ambience Noise:[Silence]
pilot7,1740654393000,Ambience Noise:[Silence]
pilot7,1740654703000,Ambience Noise:[Silence]
pilot7,1740655010000,Ambience Noise:[Silence]
pilot7,1740655347000,Ambience Noise:[Silence]
pilot7,1740655671000,Ambience Noise:[Silence]
pilot7,1740655974000,Ambience Noise:[Silence]
pilot7,1740656293000,Ambience Noise:[Silence]
pilot7,1740656603000,Ambience Noise:[Silence]
pilot7,1740656914000,Ambience Noise:[Silence]
pilot7,1740657243000,Ambience Noise:[Silence]
pilot7,1740657552000,Ambience Noise:[Silence]
pilot7,1740686597000,"Ambience Noise:[Music, Synthesizer, Sampler, Keyboard (musical), Squeal, Speech]"
pilot7,1740686947000,"Ambience Noise:[Music, Sound effect, Cacophony, Static, Pulse, White noise]"
pilot7,1740687297000,"Ambience Noise:[Speech, Chopping (food)]"
pilot7,1740687658000,Ambience Noise:[Speech]
pilot7,1740688010000,"Ambience Noise:[Music, Sound effect, Cacophony, Fart, Synthesizer, Keyboard (musical), Musical instrument, Snoring, Breathing]"
pilot7,1740688380000,"Ambience Noise:[Speech, Singing]"
pilot7,1740636068000,Ambience Noise:[Silence]
pilot7,1740636403000,Ambience Noise:[Silence]
pilot7,1740636706000,Ambience Noise:[Silence]
pilot7,1740637009000,Ambience Noise:[Silence]
pilot7,1740637312000,Ambience Noise:[Silence]
pilot7,1740637645000,Ambience Noise:[Silence]
pilot7,1740637954000,Ambience Noise:[Silence]
pilot7,1740638268000,Ambience Noise:[Silence]
pilot7,1740638598000,Ambience Noise:[Silence]
pilot7,1740638906000,Ambience Noise:[Silence]
pilot7,1740639225000,Ambience Noise:[Silence]
pilot7,1740639542000,Ambience Noise:[Silence]
pilot7,1740715493000,Ambience Noise:[Silence]
pilot7,1740715803000,Ambience Noise:[Silence]
pilot7,1740716111000,Ambience Noise:[Silence]
pilot7,1740716441000,Ambience Noise:[Silence]
pilot7,1740716744000,Ambience Noise:[Silence]
pilot7,1740717064000,Ambience Noise:[Silence]
pilot7,1740717391000,Ambience Noise:[Silence]
pilot7,1740717702000,Ambience Noise:[Silence]
pilot7,1740718036000,Ambience Noise:[Speech]
pilot7,1740718337000,Ambience Noise:[Silence]
pilot7,1740718650000,Ambience Noise:[Silence]
pilot7,1740683037000,"Ambience Noise:[Speech, Animal]"
pilot7,1740683376000,"Ambience Noise:[Animal, Chicken, rooster]"
pilot7,1740683743000,"Ambience Noise:[Speech, Inside, small room]"
pilot7,1740684096000,"Ambience Noise:[Speech, Laughter]"
pilot7,1740684453000,Ambience Noise:[Speech]
pilot7,1740684792000,Ambience Noise:[Speech]
pilot7,1740685177000,"Ambience Noise:[Music, Animal]"
pilot7,1740685530000,Ambience Noise:[Speech]
pilot7,1740686267000,"Ambience Noise:[Music, Cacophony, Synthesizer, Squeal, Toothbrush, Creak, Electric toothbrush, Camera, Squeak, Mouse, Buzz, Ratchet, pawl, Owl, Wild animals, Single-lens reflex camera, Animal, Fart, Gears, Rodents, rats, mice, Electric shaver, electric razor, Whir, Mechanisms, Rattle, Shuffling cards, Snake, Buzzer, Cash register, Coin (dropping), Speech]"
pilot7,1740657886000,Ambience Noise:[Silence]
pilot7,1740658193000,Ambience Noise:[Silence]
pilot7,1740658508000,Ambience Noise:[Silence]
pilot7,1740658838000,Ambience Noise:[Silence]
pilot7,1740659161000,Ambience Noise:[Silence]
pilot7,1740659461000,Ambience Noise:[Silence]
pilot7,1740659783000,Ambience Noise:[Silence]
pilot7,1740660102000,Ambience Noise:[Silence]
pilot7,1740660434000,Ambience Noise:[Silence]
pilot7,1740660740000,Ambience Noise:[Silence]
pilot7,1740661059000,Ambience Noise:[Silence]
pilot7,1740664864000,"Ambience Noise:[Outside, rural or natural]"
pilot7,1740665209000,"Ambience Noise:[Outside, rural or natural]"
pilot7,1740665540000,"Ambience Noise:[Outside, rural or natural]"
pilot7,1740665884000,"Ambience Noise:[Ping, Hands, Inside, small room]"
pilot7,1740666224000,"Ambience Noise:[Snoring, Animal]"
pilot7,1740666565000,"Ambience Noise:[Snoring, Breathing]"
pilot7,1740666922000,"Ambience Noise:[Speech, Snoring]"
pilot7,1740667260000,"Ambience Noise:[Outside, rural or natural]"
pilot7,1740667610000,"Ambience Noise:[Walk, footsteps]"
pilot7,1740667939000,"Ambience Noise:[Speech, Wind noise (microphone)]"
pilot7,1740668296000,"Ambience Noise:[Vehicle, Car, Motor vehicle (road)]"
pilot7,1740699934000,Ambience Noise:[Silence]
pilot7,1740700571000,Ambience Noise:[Speech]
pilot7,1740711668000,Ambience Noise:[Silence]
pilot7,1740712035000,Ambience Noise:[Silence]
pilot7,1740712347000,Ambience Noise:[Silence]
pilot7,1740712651000,Ambience Noise:[Silence]
pilot7,1740712961000,Ambience Noise:[Silence]
pilot7,1740713292000,Ambience Noise:[Silence]
pilot7,1740713596000,Ambience Noise:[Silence]
pilot7,1740713907000,Ambience Noise:[Silence]
pilot7,1740714210000,Ambience Noise:[Silence]
pilot7,1740714526000,Ambience Noise:[Silence]
pilot7,1740714851000,Ambience Noise:[Silence]
pilot7,1740715164000,Ambience Noise:[Silence]
pilot7,1740632584000,"Ambience Noise:[Inside, small room]"
pilot7,1740632921000,Ambience Noise:[Silence]
pilot7,1740633228000,Ambience Noise:[Silence]
pilot7,1740633542000,Ambience Noise:[Silence]
pilot7,1740633850000,Ambience Noise:[Silence]
pilot7,1740634153000,Ambience Noise:[Silence]
pilot7,1740634485000,"Ambience Noise:[Speech, Domestic animals, pets]"
pilot7,1740634792000,Ambience Noise:[Silence]
pilot7,1740635127000,Ambience Noise:[Silence]
pilot7,1740635439000,Ambience Noise:[Silence]
pilot7,1740635749000,Ambience Noise:[Silence]
pilot7,1740650598000,Ambience Noise:[Silence]
pilot7,1740650901000,Ambience Noise:[Silence]
pilot7,1740651227000,Ambience Noise:[Silence]
pilot7,1740651539000,Ambience Noise:[Silence]
pilot7,1740651847000,Ambience Noise:[Silence]
pilot7,1740652178000,Ambience Noise:[Silence]
pilot7,1740652489000,Ambience Noise:[Silence]
pilot7,1740652800000,Ambience Noise:[Silence]
pilot7,1740653119000,Ambience Noise:[Silence]
pilot7,1740653438000,Ambience Noise:[Silence]
pilot7,1740653749000,Ambience Noise:[Silence]
pilot7,1740701198000,Ambience Noise:[Silence]
pilot7,1740701838000,Ambience Noise:[Cymbal]
pilot7,1740702491000,Ambience Noise:[Speech]
pilot7,1740702788000,Ambience Noise:[Speech]
pilot7,1740703107000,Ambience Noise:[Speech]
pilot7,1740703420000,Ambience Noise:[Speech]
pilot7,1740703726000,Ambience Noise:[Speech]
pilot7,1740704051000,Ambience Noise:[Speech]
pilot7,1740704361000,Ambience Noise:[Silence]
pilot7,1740704680000,Ambience Noise:[Silence]
pilot7,1740705006000,Ambience Noise:[Speech]
pilot7,1740705319000,Ambience Noise:[Speech]
pilot7,1740705647000,Ambience Noise:[Speech]
pilot7,1740705957000,Ambience Noise:[Speech]
pilot7,1740706291000,Ambience Noise:[Silence]
pilot7,1740706914000,Ambience Noise:[Silence]
pilot7,1740707217000,Ambience Noise:[Silence]
pilot7,1740707544000,Ambience Noise:[Silence]
pilot7,1740707854000,Ambience Noise:[Silence]
pilot8,1740604525000,Ambience Noise:[Speech]
pilot8,1740604868000,"Ambience Noise:[Crack, Breaking]"
pilot8,1740605190000,"Ambience Noise:[Speech, Walk, footsteps]"
pilot8,1740605531000,"Ambience Noise:[Speech, Horse]"
pilot8,1740605842000,"Ambience Noise:[Wind, Outside, rural or natural]"
pilot8,1740606139000,"Ambience Noise:[Speech, Outside, rural or natural]"
pilot8,1740606497000,"Ambience Noise:[Animal, Outside, rural or natural]"
pilot8,1740606822000,"Ambience Noise:[Speech, Clip-clop]"
pilot8,1740607156000,Ambience Noise:[Speech]
pilot8,1740607500000,"Ambience Noise:[Speech, Chatter]"
pilot8,1740607848000,"Ambience Noise:[Speech, Chicken, rooster]"
pilot8,1740608173000,"Ambience Noise:[Speech, Pigeon, dove]"
pilot8,1740608878000,"Ambience Noise:[Speech, Animal]"
pilot8,1740609227000,"Ambience Noise:[Speech, Chatter]"
pilot8,1740609584000,"Ambience Noise:[Speech, Music]"
pilot8,1740609915000,"Ambience Noise:[Speech, Animal]"
pilot8,1740610259000,"Ambience Noise:[Run, Horse, Clip-clop]"
pilot8,1740610617000,"Ambience Noise:[Speech, Pigeon, dove]"
pilot8,1740621673000,"Ambience Noise:[Speech, Rowboat, canoe, kayak]"
pilot8,1740621973000,"Ambience Noise:[Boat, Water vehicle]"
pilot8,1740622321000,"Ambience Noise:[Speech, Inside, small room]"
pilot8,1740622629000,"Ambience Noise:[Snoring, Breathing]"
pilot8,1740622990000,"Ambience Noise:[Wind, Wind noise (microphone)]"
pilot8,1740623330000,"Ambience Noise:[Vehicle, Wind, Speech]"
pilot8,1740623681000,"Ambience Noise:[Outside, rural or natural]"
pilot8,1740624027000,Ambience Noise:[Silence]
pilot8,1740624359000,"Ambience Noise:[Wild animals, Bird, Animal, Crow, Caw, Music, Synthesizer, Keyboard (musical), Sampler, Musical instrument, Drum machine, Sound effect, Crack, Whip, Hands, Sine wave, Wind, Outside, rural or natural, Wind noise (microphone), Boat, Water vehicle, Sailboat, sailing ship, Vehicle, Speech, Rodents, rats, mice, Patter, Stomach rumble, Pig, Oink, Inside, small room, Livestock, farm animals, working animals]"
pilot8,1740624698000,"Ambience Noise:[Vehicle, Animal, Walk, footsteps]"
pilot8,1740625036000,"Ambience Noise:[Vehicle, Speech]"
pilot8,1740607500000,"Ambience Noise:[Speech, Chatter]"
pilot8,1740607848000,"Ambience Noise:[Speech, Chicken, rooster]"
pilot8,1740608173000,"Ambience Noise:[Speech, Pigeon, dove]"
pilot8,1740608878000,"Ambience Noise:[Speech, Animal]"
pilot8,1740609227000,"Ambience Noise:[Speech, Chatter]"
pilot8,1740609584000,"Ambience Noise:[Speech, Music]"
pilot8,1740609915000,"Ambience Noise:[Speech, Animal]"
pilot8,1740610259000,"Ambience Noise:[Run, Horse, Clip-clop]"
pilot8,1740610617000,"Ambience Noise:[Speech, Pigeon, dove]"
pilot8,1740629840000,Ambience Noise:[Speech]
pilot8,1740630142000,Ambience Noise:[Whispering]
pilot8,1740630461000,Ambience Noise:[Speech]
pilot8,1740630766000,"Ambience Noise:[Animal, Snoring]"
pilot8,1740631078000,Ambience Noise:[Speech]
pilot8,1740631399000,Ambience Noise:[Speech]
pilot8,1740631710000,Ambience Noise:[Speech]
pilot8,1740632039000,Ambience Noise:[Silence]
pilot8,1740632348000,Ambience Noise:[Silence]
pilot8,1740610982000,"Ambience Noise:[White noise, Animal]"
pilot8,1740611335000,"Ambience Noise:[Animal, Outside, rural or natural]"
pilot8,1740611683000,"Ambience Noise:[Speech, Narration, monologue]"
pilot8,1740612023000,"Ambience Noise:[Speech, Narration, monologue]"
pilot8,1740612386000,"Ambience Noise:[Speech, Narration, monologue]"
pilot8,1740612740000,"Ambience Noise:[Inside, small room]"
pilot8,1740613089000,"Ambience Noise:[Speech, Narration, monologue]"
pilot8,1740613422000,"Ambience Noise:[Speech, Snoring]"
pilot8,1740613762000,"Ambience Noise:[Speech, Pigeon, dove]"
pilot8,1740614097000,"Ambience Noise:[Speech, White noise]"
pilot8,1740610982000,"Ambience Noise:[White noise, Animal]"
pilot8,1740611335000,"Ambience Noise:[Animal, Outside, rural or natural]"
pilot8,1740611683000,"Ambience Noise:[Speech, Narration, monologue]"
pilot8,1740612023000,"Ambience Noise:[Speech, Narration, monologue]"
pilot8,1740612386000,"Ambience Noise:[Speech, Narration, monologue]"
pilot8,1740612740000,"Ambience Noise:[Inside, small room]"
pilot8,1740613089000,"Ambience Noise:[Speech, Narration, monologue]"
pilot8,1740613422000,"Ambience Noise:[Speech, Snoring]"
pilot8,1740613762000,"Ambience Noise:[Speech, Pigeon, dove]"
pilot8,1740614097000,"Ambience Noise:[Speech, White noise]"
pilot8,1740625423000,"Ambience Noise:[Vehicle, Sound effect, Cacophony, Fart]"
pilot8,1740625681000,"Ambience Noise:[Vehicle, Speech]"
pilot8,1740626031000,"Ambience Noise:[Vehicle, Music, Synthesizer, Keyboard (musical), Speech, Outside, rural or natural, Animal, Wind]"
pilot8,1740626363000,"Ambience Noise:[Vehicle, Animal, Outside, rural or natural, Horse, Clip-clop]"
pilot8,1740614434000,"Ambience Noise:[Typing, Computer keyboard]"
pilot8,1740614768000,"Ambience Noise:[Inside, small room]"
pilot8,1740615100000,"Ambience Noise:[Animal, Wild animals]"
pilot8,1740615443000,"Ambience Noise:[Clip-clop, Horse]"
pilot8,1740615791000,"Ambience Noise:[Speech, Animal]"
pilot8,1740616133000,Ambience Noise:[Speech]
pilot8,1740616498000,"Ambience Noise:[Speech, Chatter]"
pilot8,1740616833000,"Ambience Noise:[Outside, rural or natural]"
pilot8,1740617195000,"Ambience Noise:[Speech, Outside, rural or natural]"
pilot8,1740617536000,"Ambience Noise:[Music, Explosion]"
pilot8,1740618237000,"Ambience Noise:[Speech, Roaring cats (lions, tigers)]"
pilot8,1740618581000,"Ambience Noise:[Speech, Domestic animals, pets]"
pilot8,1740618947000,Ambience Noise:[Speech]
pilot8,1740619294000,"Ambience Noise:[Animal, Speech]"
pilot8,1740619624000,"Ambience Noise:[Speech, Horse]"
pilot8,1740619969000,Ambience Noise:[Speech]
pilot8,1740620300000,"Ambience Noise:[Speech, Animal]"
pilot8,1740620665000,"Ambience Noise:[Speech, Animal]"
pilot8,1740621006000,Ambience Noise:[Speech]
pilot8,1740621339000,Ambience Noise:[Speech]
pilot8,1740643447000,Ambience Noise:[Silence]
pilot8,1740643758000,Ambience Noise:[Silence]
pilot8,1740644092000,Ambience Noise:[Silence]
pilot8,1740644398000,Ambience Noise:[Silence]
pilot8,1740644708000,Ambience Noise:[Silence]
pilot8,1740645027000,Ambience Noise:[Silence]
pilot8,1740645349000,Ambience Noise:[Silence]
pilot8,1740645666000,Ambience Noise:[Silence]
pilot8,1740645975000,Ambience Noise:[Silence]
pilot8,1740646304000,Ambience Noise:[Silence]
pilot8,1740646622000,Ambience Noise:[Silence]
pilot8,1740690285000,"Ambience Noise:[Inside, small room]"
pilot8,1740690628000,"Ambience Noise:[Fly, housefly, Insect]"
pilot8,1740690977000,"Ambience Noise:[Inside, small room]"
pilot8,1740691648000,"Ambience Noise:[Inside, small room]"
pilot8,1740692373000,Ambience Noise:[Speech]
pilot8,1740692681000,Ambience Noise:[Silence]
pilot8,1740693011000,Ambience Noise:[Silence]
pilot8,1740693336000,Ambience Noise:[Silence]
pilot8,1740646949000,Ambience Noise:[Silence]
pilot8,1740647257000,Ambience Noise:[Silence]
pilot8,1740647589000,Ambience Noise:[Silence]
pilot8,1740647898000,Ambience Noise:[Silence]
pilot8,1740648206000,Ambience Noise:[Silence]
pilot8,1740648517000,Ambience Noise:[Silence]
pilot8,1740648847000,Ambience Noise:[Silence]
pilot8,1740649157000,Ambience Noise:[Silence]
pilot8,1740649475000,Ambience Noise:[Silence]
pilot8,1740649798000,Ambience Noise:[Silence]
pilot8,1740650113000,Ambience Noise:[Silence]
pilot8,1740672465000,"Ambience Noise:[Door, Inside, small room]"
pilot8,1740672824000,"Ambience Noise:[Mosquito, Fly, housefly]"
pilot8,1740673169000,"Ambience Noise:[Speech, Animal]"
pilot8,1740673522000,"Ambience Noise:[Speech, Outside, rural or natural]"
pilot8,1740673827000,"Ambience Noise:[Animal, Pigeon, dove]"
pilot8,1740674180000,"Ambience Noise:[Speech, Insect]"
pilot8,1740674534000,"Ambience Noise:[Speech, Inside, small room]"
pilot8,1740674907000,"Ambience Noise:[Speech, Outside, rural or natural]"
pilot8,1740639651000,Ambience Noise:[Silence]
pilot8,1740639947000,Ambience Noise:[Silence]
pilot8,1740640265000,Ambience Noise:[Silence]
pilot8,1740640582000,Ambience Noise:[Silence]
pilot8,1740640901000,Ambience Noise:[Silence]
pilot8,1740641219000,Ambience Noise:[Silence]
pilot8,1740641549000,Ambience Noise:[Silence]
pilot8,1740641856000,Ambience Noise:[Silence]
pilot8,1740642189000,Ambience Noise:[Silence]
pilot8,1740642511000,Ambience Noise:[Silence]
pilot8,1740642834000,Ambience Noise:[Silence]
pilot8,1740643146000,Ambience Noise:[Silence]
pilot8,1740668670000,Ambience Noise:[Mallet percussion]
pilot8,1740668976000,Ambience Noise:[Silence]
pilot8,1740669334000,Ambience Noise:[Silence]
pilot8,1740669685000,"Ambience Noise:[Inside, small room]"
pilot8,1740670064000,Ambience Noise:[Silence]
pilot8,1740670359000,Ambience Noise:[Silence]
pilot8,1740670697000,Ambience Noise:[Silence]
pilot8,1740671056000,Ambience Noise:[Silence]
pilot8,1740671417000,Ambience Noise:[Silence]
pilot8,1740671773000,Ambience Noise:[Silence]
pilot8,1740675654000,Ambience Noise:[Computer keyboard]
pilot8,1740676297000,"Ambience Noise:[Inside, small room]"
pilot8,1740677028000,"Ambience Noise:[Inside, small room]"
pilot8,1740677389000,"Ambience Noise:[Inside, small room]"
pilot8,1740677747000,Ambience Noise:[Computer keyboard]
pilot8,1740678060000,Ambience Noise:[Computer keyboard]
pilot8,1740678430000,Ambience Noise:[Silence]
pilot8,1740678789000,"Ambience Noise:[Chewing, mastication]"
pilot8,1740661267000,Ambience Noise:[Silence]
pilot8,1740661576000,Ambience Noise:[Silence]
pilot8,1740661901000,Ambience Noise:[Silence]
pilot8,1740662223000,Ambience Noise:[Silence]
pilot8,1740662545000,Ambience Noise:[Silence]
pilot8,1740662867000,Ambience Noise:[Silence]
pilot8,1740663170000,Ambience Noise:[Silence]
pilot8,1740663489000,"Ambience Noise:[Inside, small room]"
pilot8,1740664189000,Ambience Noise:[Silence]
pilot8,1740693682000,"Ambience Noise:[Chicken, rooster]"
pilot8,1740694043000,Ambience Noise:[Animal]
pilot8,1740694351000,Ambience Noise:[Silence]
pilot8,1740694718000,Ambience Noise:[Silence]
pilot8,1740695425000,Ambience Noise:[Chopping (food)]
pilot8,1740695800000,"Ambience Noise:[Inside, small room]"
pilot8,1740696159000,"Ambience Noise:[Inside, small room]"
pilot8,1740696517000,"Ambience Noise:[Inside, small room]"
pilot8,1740696881000,"Ambience Noise:[Animal, Wild animals]"
pilot8,1740679502000,"Ambience Noise:[Animal, Livestock, farm animals, working animals]"
pilot8,1740680193000,"Ambience Noise:[Speech, Writing]"
pilot8,1740680521000,"Ambience Noise:[Speech, Inside, small room]"
pilot8,1740680881000,"Ambience Noise:[Bird, Animal, Wild animals]"
pilot8,1740681611000,"Ambience Noise:[White noise, Animal]"
pilot8,1740681935000,"Ambience Noise:[Speech, White noise]"
pilot8,1740682664000,"Ambience Noise:[Goat, Animal, Speech]"
pilot8,1740708208000,"Ambience Noise:[Chirp, tweet, Bird]"
pilot8,1740708559000,"Ambience Noise:[Inside, small room]"
pilot8,1740708922000,"Ambience Noise:[Inside, small room]"
pilot8,1740709280000,"Ambience Noise:[Animal, Speech]"
pilot8,1740710015000,"Ambience Noise:[Speech, Inside, small room]"
pilot8,1740710750000,"Ambience Noise:[Speech, Snoring]"
pilot8,1740711090000,"Ambience Noise:[Inside, small room]"
pilot8,1740711436000,"Ambience Noise:[Speech, Bird, Animal]"
pilot8,1740654262000,Ambience Noise:[Silence]
pilot8,1740654585000,Ambience Noise:[Silence]
pilot8,1740654891000,Ambience Noise:[Silence]
pilot8,1740655196000,Ambience Noise:[Silence]
pilot8,1740655536000,Ambience Noise:[Silence]
pilot8,1740655833000,Ambience Noise:[Silence]
pilot8,1740656148000,Ambience Noise:[Silence]
pilot8,1740656470000,Ambience Noise:[Silence]
pilot8,1740656789000,Ambience Noise:[Silence]
pilot8,1740657128000,Ambience Noise:[Silence]
pilot8,1740657426000,Ambience Noise:[Silence]
pilot8,1740686502000,Ambience Noise:[Silence]
pilot8,1740687196000,"Ambience Noise:[Inside, small room]"
pilot8,1740687529000,Ambience Noise:[Ping]
pilot8,1740687854000,Ambience Noise:[Speech]
pilot8,1740688533000,"Ambience Noise:[Inside, small room]"
pilot8,1740688889000,Ambience Noise:[Silence]
pilot8,1740689246000,Ambience Noise:[Speech]
pilot8,1740689579000,"Ambience Noise:[Animal, Wild animals]"
pilot8,1740636162000,Ambience Noise:[Silence]
pilot8,1740636464000,Ambience Noise:[Silence]
pilot8,1740636786000,Ambience Noise:[Silence]
pilot8,1740637109000,Ambience Noise:[Silence]
pilot8,1740637422000,Ambience Noise:[Silence]
pilot8,1740637739000,Ambience Noise:[Silence]
pilot8,1740638060000,Ambience Noise:[Silence]
pilot8,1740638376000,Ambience Noise:[Silence]
pilot8,1740638689000,Ambience Noise:[Silence]
pilot8,1740638988000,Ambience Noise:[Silence]
pilot8,1740639306000,Ambience Noise:[Silence]
pilot8,1740715349000,"Ambience Noise:[Livestock, farm animals, working animals]"
pilot8,1740715644000,Ambience Noise:[Sink (filling or washing)]
pilot8,1740715962000,"Ambience Noise:[Speech, Child speech, kid speaking]"
pilot8,1740716280000,Ambience Noise:[Speech]
pilot8,1740716692000,"Ambience Noise:[Fart, Speech]"
pilot8,1740717034000,Ambience Noise:[Breathing]
pilot8,1740717342000,Ambience Noise:[Speech]
pilot8,1740717703000,Ambience Noise:[Silence]
pilot8,1740718000000,Ambience Noise:[Silence]
pilot8,1740718474000,"Ambience Noise:[Snoring, Breathing]"
pilot8,1740718717000,Ambience Noise:[Silence]
pilot8,1740643447000,Ambience Noise:[Silence]
pilot8,1740643758000,Ambience Noise:[Silence]
pilot8,1740644092000,Ambience Noise:[Silence]
pilot8,1740644398000,Ambience Noise:[Silence]
pilot8,1740644708000,Ambience Noise:[Silence]
pilot8,1740645027000,Ambience Noise:[Silence]
pilot8,1740645349000,Ambience Noise:[Silence]
pilot8,1740645666000,Ambience Noise:[Silence]
pilot8,1740645975000,Ambience Noise:[Silence]
pilot8,1740646304000,Ambience Noise:[Silence]
pilot8,1740646622000,Ambience Noise:[Silence]
pilot8,1740683026000,Ambience Noise:[Speech]
pilot8,1740683398000,"Ambience Noise:[Speech, Glass]"
pilot8,1740683732000,"Ambience Noise:[Speech, Inside, small room]"
pilot8,1740684072000,Ambience Noise:[Silence]
pilot8,1740684390000,"Ambience Noise:[Animal, Inside, small room]"
pilot8,1740684728000,"Ambience Noise:[Inside, small room]"
pilot8,1740685075000,"Ambience Noise:[Inside, small room]"
pilot8,1740685418000,"Ambience Noise:[Mosquito, Fly, housefly]"
pilot8,1740685766000,"Ambience Noise:[Inside, small room]"
pilot8,1740686144000,Ambience Noise:[Silence]
pilot8,1740657744000,Ambience Noise:[Silence]
pilot8,1740658048000,Ambience Noise:[Silence]
pilot8,1740658371000,Ambience Noise:[Silence]
pilot8,1740658695000,Ambience Noise:[Silence]
pilot8,1740659027000,Ambience Noise:[Silence]
pilot8,1740659337000,Ambience Noise:[Silence]
pilot8,1740659668000,Ambience Noise:[Silence]
pilot8,1740659979000,Ambience Noise:[Silence]
pilot8,1740660290000,Ambience Noise:[Silence]
pilot8,1740660625000,Ambience Noise:[Silence]
pilot8,1740660934000,Ambience Noise:[Silence]
pilot8,1740664917000,Ambience Noise:[Silence]
pilot8,1740665518000,Ambience Noise:[Silence]
pilot8,1740666203000,Ambience Noise:[Silence]
pilot8,1740666551000,Ambience Noise:[Silence]
pilot8,1740666934000,Ambience Noise:[Silence]
pilot8,1740667307000,Ambience Noise:[Silence]
pilot8,1740667965000,Ambience Noise:[Silence]
pilot8,1740668320000,Ambience Noise:[Silence]
pilot8,1740697211000,Ambience Noise:[Speech]
pilot8,1740697557000,"Ambience Noise:[Inside, small room]"
pilot8,1740697862000,Ambience Noise:[Speech]
pilot8,1740698581000,"Ambience Noise:[Inside, small room]"
pilot8,1740699223000,"Ambience Noise:[Inside, small room]"
pilot8,1740699887000,"Ambience Noise:[Breathing, Snoring]"
pilot8,1740700613000,Ambience Noise:[Silence]
pilot8,1740711794000,"Ambience Noise:[Bleat, Sheep, Speech]"
pilot8,1740712169000,Ambience Noise:[Speech]
pilot8,1740712526000,Ambience Noise:[Speech]
pilot8,1740712992000,Ambience Noise:[Speech]
pilot8,1740713230000,Ambience Noise:[Speech]
pilot8,1740713604000,"Ambience Noise:[Speech, Inside, small room]"
pilot8,1740714017000,"Ambience Noise:[Speech, Chewing, mastication]"
pilot8,1740714295000,"Ambience Noise:[Sneeze, Breathing]"
pilot8,1740714661000,"Ambience Noise:[Ping, Telephone]"
pilot8,1740715067000,"Ambience Noise:[Liquid, Water tap, faucet]"
pilot8,1740632655000,Ambience Noise:[Silence]
pilot8,1740632989000,Ambience Noise:[Silence]
pilot8,1740633287000,Ambience Noise:[Silence]
pilot8,1740633602000,Ambience Noise:[Silence]
pilot8,1740633910000,Ambience Noise:[Silence]
pilot8,1740634219000,Ambience Noise:[Silence]
pilot8,1740634540000,Ambience Noise:[Silence]
pilot8,1740634868000,Ambience Noise:[Silence]
pilot8,1740635189000,Ambience Noise:[Silence]
pilot8,1740635512000,Ambience Noise:[Silence]
pilot8,1740635830000,Ambience Noise:[Silence]
pilot8,1740650466000,Ambience Noise:[Silence]
pilot8,1740650749000,Ambience Noise:[Silence]
pilot8,1740651082000,Ambience Noise:[Silence]
pilot8,1740651387000,Ambience Noise:[Silence]
pilot8,1740651716000,Ambience Noise:[Silence]
pilot8,1740652033000,Ambience Noise:[Silence]
pilot8,1740652358000,Ambience Noise:[Silence]
pilot8,1740652663000,Ambience Noise:[Silence]
pilot8,1740652986000,Ambience Noise:[Silence]
pilot8,1740653291000,Ambience Noise:[Silence]
pilot8,1740653626000,Ambience Noise:[Silence]
pilot8,1740653935000,Ambience Noise:[Silence]
pilot8,1740700971000,"Ambience Noise:[Inside, small room]"
pilot8,1740701338000,"Ambience Noise:[Crunch, Inside, small room]"
pilot8,1740701693000,"Ambience Noise:[Walk, footsteps]"
pilot8,1740702002000,"Ambience Noise:[Animal, Rustling leaves]"
pilot8,1740702360000,"Ambience Noise:[Animal, Outside, rural or natural]"
pilot8,1740702985000,"Ambience Noise:[Speech, Animal]"
pilot8,1740703709000,"Ambience Noise:[Inside, small room]"
pilot8,1740704439000,"Ambience Noise:[Speech, Clip-clop]"
pilot8,1740704797000,"Ambience Noise:[Speech, Animal]"
pilot8,1740705122000,"Ambience Noise:[Inside, small room]"
pilot8,1740705482000,"Ambience Noise:[Speech, Snoring]"
pilot8,1740706194000,"Ambience Noise:[Snoring, Breathing]"
pilot8,1740706516000,"Ambience Noise:[Inside, small room]"
pilot8,1740706839000,Ambience Noise:[Silence]
pilot8,1740707166000,Ambience Noise:[Silence]
pilot8,1740707520000,"Ambience Noise:[Music, Water tap, faucet]"
pilot8,1740707865000,"Ambience Noise:[Typing, Typewriter]"
pilot9,1740816319000,Ambience Noise:[Silence]
pilot9,1740816643000,Ambience Noise:[Silence]
pilot9,1740816950000,Ambience Noise:[Silence]
pilot9,1740817289000,Ambience Noise:[Silence]
pilot9,1740817628000,Ambience Noise:[Silence]
pilot9,1740817934000,Ambience Noise:[Silence]
pilot9,1740818253000,Ambience Noise:[Silence]
pilot9,1740818573000,Ambience Noise:[Silence]
pilot9,1740818890000,Ambience Noise:[Silence]
pilot9,1740819212000,Ambience Noise:[Silence]
pilot9,1740819526000,Ambience Noise:[Silence]
pilot9,1740863127000,Ambience Noise:[Silence]
pilot9,1740863507000,Ambience Noise:[Silence]
pilot9,1740864259000,Ambience Noise:[Silence]
pilot9,1740864936000,"Ambience Noise:[Hands, Slap, smack]"
pilot9,1740865283000,Ambience Noise:[Silence]
pilot9,1740865585000,Ambience Noise:[Silence]
pilot9,1740865940000,"Ambience Noise:[Inside, small room]"
pilot9,1740866259000,"Ambience Noise:[Tearing, Inside, small room]"
pilot9,1740819861000,Ambience Noise:[Silence]
pilot9,1740820185000,Ambience Noise:[Silence]
pilot9,1740820491000,Ambience Noise:[Silence]
pilot9,1740820810000,Ambience Noise:[Silence]
pilot9,1740821130000,Ambience Noise:[Silence]
pilot9,1740821453000,Ambience Noise:[Silence]
pilot9,1740821791000,Ambience Noise:[Silence]
pilot9,1740822085000,Ambience Noise:[Silence]
pilot9,1740822408000,Ambience Noise:[Silence]
pilot9,1740822706000,Ambience Noise:[Silence]
pilot9,1740823042000,Ambience Noise:[Silence]
pilot9,1740845053000,Ambience Noise:[Silence]
pilot9,1740845380000,"Ambience Noise:[Inside, small room]"
pilot9,1740845681000,"Ambience Noise:[Inside, small room]"
pilot9,1740845981000,Ambience Noise:[Silence]
pilot9,1740846320000,Ambience Noise:[Silence]
pilot9,1740846623000,Ambience Noise:[Silence]
pilot9,1740846966000,Ambience Noise:[Silence]
pilot9,1740847651000,Ambience Noise:[Silence]
pilot9,1740847957000,"Ambience Noise:[Inside, small room]"
pilot9,1740848266000,Ambience Noise:[Silence]
pilot9,1740812501000,Ambience Noise:[Silence]
pilot9,1740812820000,Ambience Noise:[Silence]
pilot9,1740813147000,Ambience Noise:[Silence]
pilot9,1740813459000,Ambience Noise:[Silence]
pilot9,1740813782000,Ambience Noise:[Silence]
pilot9,1740814098000,Ambience Noise:[Silence]
pilot9,1740814415000,Ambience Noise:[Silence]
pilot9,1740814713000,Ambience Noise:[Silence]
pilot9,1740815042000,Ambience Noise:[Silence]
pilot9,1740815359000,Ambience Noise:[Silence]
pilot9,1740815690000,Ambience Noise:[Silence]
pilot9,1740816000000,Ambience Noise:[Silence]
pilot9,1740841300000,Ambience Noise:[Silence]
pilot9,1740841643000,"Ambience Noise:[Snoring, Breathing]"
pilot9,1740842005000,Ambience Noise:[Silence]
pilot9,1740842680000,Ambience Noise:[Silence]
pilot9,1740842988000,"Ambience Noise:[Snoring, Breathing]"
pilot9,1740843339000,Ambience Noise:[Silence]
pilot9,1740844066000,"Ambience Noise:[Snoring, Breathing]"
pilot9,1740844387000,Ambience Noise:[Silence]
pilot9,1740844717000,Ambience Noise:[Silence]
pilot9,1740848593000,Ambience Noise:[Silence]
pilot9,1740848917000,Ambience Noise:[Speech]
pilot9,1740849253000,Ambience Noise:[Speech]
pilot9,1740849591000,"Ambience Noise:[Inside, small room]"
pilot9,1740849893000,"Ambience Noise:[Speech, Animal]"
pilot9,1740850198000,"Ambience Noise:[Inside, small room]"
pilot9,1740850554000,"Ambience Noise:[Animal, Speech]"
pilot9,1740850856000,Ambience Noise:[Speech]
pilot9,1740851217000,"Ambience Noise:[Inside, small room]"
pilot9,1740851524000,Ambience Noise:[Speech]
pilot9,1740851879000,Ambience Noise:[Speech]
pilot9,1740834340000,Ambience Noise:[Silence]
pilot9,1740834994000,"Ambience Noise:[Hands, Ping, Inside, small room]"
pilot9,1740835303000,"Ambience Noise:[Hands, Slap, smack]"
pilot9,1740835628000,Ambience Noise:[Silence]
pilot9,1740835992000,Ambience Noise:[Silence]
pilot9,1740836327000,Ambience Noise:[Silence]
pilot9,1740836680000,Ambience Noise:[Silence]
pilot9,1740837008000,Ambience Noise:[Silence]
pilot9,1740837351000,Ambience Noise:[Silence]
pilot9,1740866590000,"Ambience Noise:[Tearing, Inside, small room]"
pilot9,1740866908000,"Ambience Noise:[Inside, small room]"
pilot9,1740867243000,Ambience Noise:[Silence]
pilot9,1740867569000,"Ambience Noise:[Inside, small room]"
pilot9,1740867905000,"Ambience Noise:[Inside, small room]"
pilot9,1740868237000,"Ambience Noise:[Speech, Inside, small room]"
pilot9,1740868563000,"Ambience Noise:[Music, Water tap, faucet]"
pilot9,1740868901000,"Ambience Noise:[Spray, Liquid, Sizzle]"
pilot9,1740869208000,Ambience Noise:[Silence]
pilot9,1740869532000,Ambience Noise:[Silence]
pilot9,1740869864000,"Ambience Noise:[Speech, Inside, small room]"
pilot9,1740852208000,"Ambience Noise:[Speech, Cough]"
pilot9,1740852541000,"Ambience Noise:[Speech, Domestic animals, pets]"
pilot9,1740852843000,Ambience Noise:[Speech]
pilot9,1740853163000,Ambience Noise:[Speech]
pilot9,1740853504000,Ambience Noise:[Silence]
pilot9,1740853811000,"Ambience Noise:[Spray, Liquid, Steam]"
pilot9,1740854144000,"Ambience Noise:[Slap, smack]"
pilot9,1740854473000,Ambience Noise:[Speech]
pilot9,1740854806000,"Ambience Noise:[Ping, Hands, Slap, smack]"
pilot9,1740855114000,Ambience Noise:[Chopping (food)]
pilot9,1740855445000,"Ambience Noise:[Inside, small room]"
pilot9,1740880973000,"Ambience Noise:[Insect, Bee, wasp, etc.]"
pilot9,1740881653000,"Ambience Noise:[Speech, Inside, small room]"
pilot9,1740882319000,"Ambience Noise:[Speech, Music]"
pilot9,1740883378000,"Ambience Noise:[Speech, Basketball bounce]"
pilot9,1740884138000,"Ambience Noise:[Speech, Insect]"
pilot9,1740826844000,Ambience Noise:[Silence]
pilot9,1740827154000,Ambience Noise:[Silence]
pilot9,1740827474000,Ambience Noise:[Silence]
pilot9,1740827793000,Ambience Noise:[Silence]
pilot9,1740828117000,Ambience Noise:[Silence]
pilot9,1740828433000,Ambience Noise:[Silence]
pilot9,1740828746000,"Ambience Noise:[Tearing, Inside, small room]"
pilot9,1740829093000,"Ambience Noise:[Speech, Sneeze]"
pilot9,1740829447000,Ambience Noise:[Silence]
pilot9,1740829761000,"Ambience Noise:[Speech, Chewing, mastication]"
pilot9,1740830116000,Ambience Noise:[Speech]
pilot9,1740859461000,Ambience Noise:[Hands]
pilot9,1740859805000,Ambience Noise:[Silence]
pilot9,1740860135000,"Ambience Noise:[Inside, small room]"
pilot9,1740860459000,Ambience Noise:[Silence]
pilot9,1740860772000,"Ambience Noise:[Inside, small room]"
pilot9,1740861079000,Ambience Noise:[Speech]
pilot9,1740861754000,"Ambience Noise:[Inside, small room]"
pilot9,1740862442000,Ambience Noise:[Speech]
pilot9,1740862771000,Ambience Noise:[Speech]
pilot9,1740809004000,Ambience Noise:[Silence]
pilot9,1740809322000,Ambience Noise:[Hands]
pilot9,1740809641000,Ambience Noise:[Silence]
pilot9,1740809961000,Ambience Noise:[Silence]
pilot9,1740810270000,Ambience Noise:[Silence]
pilot9,1740810607000,Ambience Noise:[Silence]
pilot9,1740810912000,"Ambience Noise:[Door, Hands, Slap, smack]"
pilot9,1740811223000,Ambience Noise:[Silence]
pilot9,1740811542000,Ambience Noise:[Breathing]
pilot9,1740811860000,Ambience Noise:[Silence]
pilot9,1740812181000,Ambience Noise:[Silence]
pilot9,1740888022000,"Ambience Noise:[Cough, Speech]"
pilot9,1740888403000,"Ambience Noise:[Speech, Outside, rural or natural]"
pilot9,1740888756000,"Ambience Noise:[Speech, Explosion]"
pilot9,1740889136000,"Ambience Noise:[Speech, Cap gun]"
pilot9,1740889440000,"Ambience Noise:[Speech, Animal]"
pilot9,1740889821000,Ambience Noise:[Speech]
pilot9,1740890130000,Ambience Noise:[Speech]
pilot9,1740890454000,Ambience Noise:[Speech]
pilot9,1740890772000,"Ambience Noise:[Speech, Animal]"
pilot9,1740891131000,"Ambience Noise:[Speech, Inside, small room]"
pilot9,1740891514000,"Ambience Noise:[Speech, Cap gun]"
pilot9,1740830485000,"Ambience Noise:[Ping, Cap gun, Inside, small room]"
pilot9,1740830793000,Ambience Noise:[Silence]
pilot9,1740831123000,Ambience Noise:[Silence]
pilot9,1740831454000,Ambience Noise:[Silence]
pilot9,1740831764000,Ambience Noise:[Silence]
pilot9,1740832124000,Ambience Noise:[Silence]
pilot9,1740832442000,Ambience Noise:[Silence]
pilot9,1740832750000,"Ambience Noise:[White noise, Noise]"
pilot9,1740833076000,Ambience Noise:[Silence]
pilot9,1740833381000,Ambience Noise:[Silence]
pilot9,1740833688000,Ambience Noise:[White noise]
pilot9,1740837667000,Ambience Noise:[Silence]
pilot9,1740837971000,"Ambience Noise:[Hands, Slap, smack]"
pilot9,1740838326000,Ambience Noise:[Silence]
pilot9,1740838662000,Ambience Noise:[Speech]
pilot9,1740838972000,Ambience Noise:[Silence]
pilot9,1740839314000,Ambience Noise:[Chopping (food)]
pilot9,1740839632000,Ambience Noise:[Silence]
pilot9,1740839980000,Ambience Noise:[Chopping (food)]
pilot9,1740840288000,"Ambience Noise:[Chink, clink, Glass]"
pilot9,1740840599000,"Ambience Noise:[Inside, small room]"
pilot9,1740840929000,Ambience Noise:[Silence]
pilot9,1740870173000,"Ambience Noise:[Inside, small room]"
pilot9,1740871345000,Ambience Noise:[Silence]
pilot9,1740871971000,Ambience Noise:[Silence]
pilot9,1740872607000,Ambience Noise:[Silence]
pilot9,1740872927000,Ambience Noise:[Silence]
pilot9,1740873234000,Ambience Noise:[Silence]
pilot9,1740873556000,Ambience Noise:[Speech]
pilot9,1740884802000,"Ambience Noise:[Speech, Animal]"
pilot9,1740885179000,"Ambience Noise:[Speech, Inside, small room]"
pilot9,1740885534000,"Ambience Noise:[Whip, Cap gun]"
pilot9,1740885835000,"Ambience Noise:[Animal, Speech]"
pilot9,1740886217000,"Ambience Noise:[Animal, Inside, small room]"
pilot9,1740886581000,"Ambience Noise:[Inside, small room]"
pilot9,1740886942000,"Ambience Noise:[Walk, footsteps]"
pilot9,1740887296000,"Ambience Noise:[Speech, Animal]"
pilot9,1740887677000,"Ambience Noise:[Music, Speech]"
pilot9,1740805211000,Ambience Noise:[Silence]
pilot9,1740805515000,Ambience Noise:[Silence]
pilot9,1740805821000,Ambience Noise:[Silence]
pilot9,1740806134000,Ambience Noise:[Silence]
pilot9,1740806463000,Ambience Noise:[Silence]
pilot9,1740806769000,Ambience Noise:[Silence]
pilot9,1740807086000,Ambience Noise:[Silence]
pilot9,1740807407000,Ambience Noise:[Silence]
pilot9,1740807740000,Ambience Noise:[Silence]
pilot9,1740808052000,Ambience Noise:[Silence]
pilot9,1740808364000,Ambience Noise:[Hands]
pilot9,1740808683000,Ambience Noise:[Silence]
pilot9,1740823350000,Ambience Noise:[Silence]
pilot9,1740823670000,Ambience Noise:[Silence]
pilot9,1740823990000,Ambience Noise:[Silence]
pilot9,1740824309000,Ambience Noise:[Silence]
pilot9,1740824629000,Ambience Noise:[Silence]
pilot9,1740824949000,Ambience Noise:[Silence]
pilot9,1740825268000,Ambience Noise:[Silence]
pilot9,1740825586000,Ambience Noise:[Silence]
pilot9,1740825891000,Ambience Noise:[Silence]
pilot9,1740826207000,Ambience Noise:[Silence]
pilot9,1740826514000,"Ambience Noise:[Hands, Slap, smack]"
pilot9,1740873861000,Ambience Noise:[Silence]
pilot9,1740874173000,Ambience Noise:[Speech]
pilot9,1740874510000,Ambience Noise:[Speech]
pilot9,1740875174000,Ambience Noise:[Speech]
pilot9,1740875803000,Ambience Noise:[Silence]
pilot9,1740876140000,Ambience Noise:[Silence]
pilot9,1740876443000,Ambience Noise:[Silence]
pilot9,1740876751000,"Ambience Noise:[Speech, Cough]"
pilot9,1740877091000,Ambience Noise:[Silence]
pilot9,1740877428000,Ambience Noise:[Silence]
pilot9,1740877731000,"Ambience Noise:[Hands, Slap, smack]"
pilot9,1740878108000,Ambience Noise:[Speech]
pilot9,1740878424000,"Ambience Noise:[Wind, Rustling leaves]"
pilot9,1740879141000,"Ambience Noise:[Speech, Wind, White noise]"
pilot9,1740880237000,Ambience Noise:[Speech]
pilot9,1740902563000,"Ambience Noise:[Speech, Chant]"
pilot9,1740902915000,"Ambience Noise:[Speech, Music]"
pilot9,1740903251000,"Ambience Noise:[Speech, Music]"
pilot9,1740903573000,Ambience Noise:[Silence]
pilot9,1740903888000,Ambience Noise:[Silence]
pilot9,1740904205000,Ambience Noise:[Silence]
pilot9,1740904518000,Ambience Noise:[Silence]
pilot9,1740904821000,Ambience Noise:[Silence]
pilot9,1740905144000,Ambience Noise:[Silence]
pilot9,1740905465000,Ambience Noise:[Silence]
pilot9,1740905770000,Ambience Noise:[Silence]
pilot9,1740949988000,Ambience Noise:[Speech]
pilot9,1740950313000,"Ambience Noise:[Speech, Bird, Wild animals]"
pilot9,1740950645000,Ambience Noise:[Speech]
pilot9,1740950917000,"Ambience Noise:[Speech, Timpani]"
pilot9,1740951329000,Ambience Noise:[Speech]
pilot9,1740951999000,"Ambience Noise:[Explosion, Artillery fire]"
pilot9,1740952658000,"Ambience Noise:[Speech, Explosion]"
pilot9,1740906101000,Ambience Noise:[Silence]
pilot9,1740906416000,Ambience Noise:[Silence]
pilot9,1740906740000,Ambience Noise:[Silence]
pilot9,1740907050000,Ambience Noise:[Silence]
pilot9,1740907362000,Ambience Noise:[Silence]
pilot9,1740907672000,Ambience Noise:[Silence]
pilot9,1740907989000,Ambience Noise:[Silence]
pilot9,1740908303000,Ambience Noise:[Silence]
pilot9,1740908636000,Ambience Noise:[Silence]
pilot9,1740908946000,Ambience Noise:[Silence]
pilot9,1740909255000,Ambience Noise:[Silence]
pilot9,1740909565000,Ambience Noise:[Silence]
pilot9,1740931536000,"Ambience Noise:[Speech, Inside, small room]"
pilot9,1740932216000,"Ambience Noise:[White noise, Music]"
pilot9,1740932528000,Ambience Noise:[Silence]
pilot9,1740932831000,Ambience Noise:[White noise]
pilot9,1740933148000,"Ambience Noise:[White noise, Noise]"
pilot9,1740933475000,Ambience Noise:[White noise]
pilot9,1740933814000,"Ambience Noise:[Inside, small room]"
pilot9,1740934137000,Ambience Noise:[Silence]
pilot9,1740934765000,"Ambience Noise:[Crack, Crunch, Liquid]"
pilot9,1740899084000,"Ambience Noise:[Speech, Dog, Bark]"
pilot9,1740899417000,"Ambience Noise:[Speech, Ping, Finger snapping]"
pilot9,1740899790000,Ambience Noise:[Speech]
pilot9,1740900139000,Ambience Noise:[Speech]
pilot9,1740900507000,Ambience Noise:[Speech]
pilot9,1740900870000,Ambience Noise:[Speech]
pilot9,1740901234000,"Ambience Noise:[Door, Inside, small room]"
pilot9,1740901558000,"Ambience Noise:[Inside, small room]"
pilot9,1740901886000,"Ambience Noise:[Speech, Music]"
pilot9,1740902224000,Ambience Noise:[Speech]
pilot9,1740927936000,"Ambience Noise:[Music, Ding, Telephone bell ringing]"
pilot9,1740928243000,Ambience Noise:[Silence]
pilot9,1740928566000,Ambience Noise:[White noise]
pilot9,1740929212000,"Ambience Noise:[Inside, small room]"
pilot9,1740929544000,Ambience Noise:[Silence]
pilot9,1740929872000,Ambience Noise:[Silence]
pilot9,1740930191000,Ambience Noise:[Silence]
pilot9,1740930524000,Ambience Noise:[Silence]
pilot9,1740930867000,Ambience Noise:[Silence]
pilot9,1740931202000,Ambience Noise:[Silence]
pilot9,1740935125000,"Ambience Noise:[Spray, Liquid, Inside, small room]"
pilot9,1740935436000,"Ambience Noise:[Animal, Domestic animals, pets]"
pilot9,1740935757000,"Ambience Noise:[Inside, small room]"
pilot9,1740936118000,"Ambience Noise:[Walk, footsteps]"
pilot9,1740936780000,"Ambience Noise:[Speech, Animal]"
pilot9,1740937100000,"Ambience Noise:[Speech, Animal]"
pilot9,1740937440000,"Ambience Noise:[Animal, Speech]"
pilot9,1740937792000,"Ambience Noise:[Outside, rural or natural]"
pilot9,1740920717000,Ambience Noise:[Silence]
pilot9,1740921026000,Ambience Noise:[Silence]
pilot9,1740921349000,"Ambience Noise:[Hands, Bark]"
pilot9,1740921655000,Ambience Noise:[Silence]
pilot9,1740921975000,Ambience Noise:[Silence]
pilot9,1740922302000,Ambience Noise:[Silence]
pilot9,1740922639000,Ambience Noise:[Silence]
pilot9,1740922960000,Ambience Noise:[Silence]
pilot9,1740923292000,Ambience Noise:[Silence]
pilot9,1740923593000,Ambience Noise:[Silence]
pilot9,1740923905000,Ambience Noise:[Silence]
pilot9,1740952941000,"Ambience Noise:[Speech, Explosion]"
pilot9,1740953350000,"Ambience Noise:[Speech, Explosion]"
pilot9,1740953684000,Ambience Noise:[Speech]
pilot9,1740953985000,"Ambience Noise:[Walk, footsteps]"
pilot9,1740954342000,"Ambience Noise:[Speech, Pigeon, dove]"
pilot9,1740954670000,"Ambience Noise:[Speech, Outside, rural or natural]"
pilot9,1740954982000,"Ambience Noise:[Speech, Music]"
pilot9,1740955318000,Ambience Noise:[Speech]
pilot9,1740955670000,Ambience Noise:[Speech]
pilot9,1740955983000,"Ambience Noise:[Speech, Laughter]"
pilot9,1740956330000,"Ambience Noise:[Speech, Fireworks]"
pilot9,1740938484000,"Ambience Noise:[Animal, Outside, rural or natural]"
pilot9,1740939183000,"Ambience Noise:[Animal, Outside, rural or natural]"
pilot9,1740939485000,"Ambience Noise:[Inside, small room]"
pilot9,1740939822000,"Ambience Noise:[Speech, Inside, small room]"
pilot9,1740940149000,"Ambience Noise:[Inside, small room]"
pilot9,1740940504000,"Ambience Noise:[Bee, wasp, etc.]"
pilot9,1740940810000,"Ambience Noise:[Speech, Breathing]"
pilot9,1740941145000,"Ambience Noise:[Walk, footsteps]"
pilot9,1740941774000,"Ambience Noise:[Bird, Wild animals]"
pilot9,1740913398000,Ambience Noise:[Silence]
pilot9,1740913710000,Ambience Noise:[Silence]
pilot9,1740914042000,Ambience Noise:[Silence]
pilot9,1740914348000,Ambience Noise:[Silence]
pilot9,1740914666000,Ambience Noise:[Silence]
pilot9,1740914993000,Ambience Noise:[Silence]
pilot9,1740915305000,Ambience Noise:[Silence]
pilot9,1740915634000,Ambience Noise:[Silence]
pilot9,1740915943000,"Ambience Noise:[Inside, small room]"
pilot9,1740916258000,Ambience Noise:[Silence]
pilot9,1740916581000,Ambience Noise:[Silence]
pilot9,1740945798000,Ambience Noise:[Speech]
pilot9,1740946113000,"Ambience Noise:[Speech, Ping, Gunshot, gunfire]"
pilot9,1740946472000,Ambience Noise:[Speech]
pilot9,1740946882000,Ambience Noise:[Speech]
pilot9,1740947179000,"Ambience Noise:[Speech, Explosion]"
pilot9,1740947489000,Ambience Noise:[Speech]
pilot9,1740947819000,Ambience Noise:[Speech]
pilot9,1740948207000,"Ambience Noise:[Speech, Timpani]"
pilot9,1740948906000,"Ambience Noise:[Music, Speech]"
pilot9,1740895464000,Ambience Noise:[Speech]
pilot9,1740895772000,"Ambience Noise:[Speech, Hands]"
pilot9,1740896102000,"Ambience Noise:[Singing, Speech]"
pilot9,1740896421000,"Ambience Noise:[Speech, Crying, sobbing]"
pilot9,1740896730000,"Ambience Noise:[Music, Television]"
pilot9,1740897039000,"Ambience Noise:[Speech, Chicken, rooster]"
pilot9,1740897369000,Ambience Noise:[Speech]
pilot9,1740897748000,"Ambience Noise:[Speech, Laughter]"
pilot9,1740898088000,"Ambience Noise:[Speech, Laughter]"
pilot9,1740898445000,"Ambience Noise:[Speech, Writing]"
pilot9,1740898783000,Ambience Noise:[Speech]
pilot9,1740942121000,"Ambience Noise:[Outside, rural or natural]"
pilot9,1740942435000,Ambience Noise:[Silence]
pilot9,1740942755000,Ambience Noise:[Silence]
pilot9,1740943092000,"Ambience Noise:[Outside, rural or natural]"
pilot9,1740943731000,Ambience Noise:[Speech]
pilot9,1740944088000,"Ambience Noise:[Speech, Animal]"
pilot9,1740944449000,"Ambience Noise:[Speech, Walk, footsteps]"
pilot9,1740944808000,"Ambience Noise:[Walk, footsteps]"
pilot9,1740945149000,"Ambience Noise:[Walk, footsteps]"
pilot9,1740916897000,Ambience Noise:[Speech]
pilot9,1740917202000,Ambience Noise:[Silence]
pilot9,1740917527000,Ambience Noise:[Silence]
pilot9,1740917856000,Ambience Noise:[Silence]
pilot9,1740918159000,Ambience Noise:[Silence]
pilot9,1740918479000,Ambience Noise:[Silence]
pilot9,1740918797000,Ambience Noise:[Silence]
pilot9,1740919125000,Ambience Noise:[Silence]
pilot9,1740919436000,Ambience Noise:[Silence]
pilot9,1740919769000,Ambience Noise:[Silence]
pilot9,1740920074000,Ambience Noise:[Silence]
pilot9,1740920382000,Ambience Noise:[Silence]
pilot9,1740924243000,Ambience Noise:[Silence]
pilot9,1740924583000,"Ambience Noise:[Inside, small room]"
pilot9,1740924916000,"Ambience Noise:[Inside, small room]"
pilot9,1740925242000,"Ambience Noise:[Inside, small room]"
pilot9,1740925566000,"Ambience Noise:[Spray, Liquid, Outside, rural or natural]"
pilot9,1740925907000,"Ambience Noise:[Drip, Water tap, faucet]"
pilot9,1740926217000,"Ambience Noise:[Inside, small room]"
pilot9,1740926582000,"Ambience Noise:[Inside, small room]"
pilot9,1740927274000,Ambience Noise:[Silence]
pilot9,1740956657000,Ambience Noise:[Speech]
pilot9,1740957009000,Ambience Noise:[Speech]
pilot9,1740957688000,Ambience Noise:[Speech]
pilot9,1740958060000,Ambience Noise:[Speech]
pilot9,1740958376000,Ambience Noise:[Speech]
pilot9,1740958715000,Ambience Noise:[Speech]
pilot9,1740959046000,Ambience Noise:[Speech]
pilot9,1740959375000,Ambience Noise:[Speech]
pilot9,1740959736000,"Ambience Noise:[Speech, Outside, rural or natural]"
pilot9,1740891886000,Ambience Noise:[Speech]
pilot9,1740892243000,"Ambience Noise:[Inside, small room]"
pilot9,1740892602000,"Ambience Noise:[Animal, Walk, footsteps]"
pilot9,1740892922000,"Ambience Noise:[Thunk, Plop, Ping]"
pilot9,1740893251000,"Ambience Noise:[Writing, Inside, small room]"
pilot9,1740893574000,Ambience Noise:[Speech]
pilot9,1740893875000,Ambience Noise:[Silence]
pilot9,1740894182000,"Ambience Noise:[Speech, Animal]"
pilot9,1740894517000,"Ambience Noise:[Music, Speech]"
pilot9,1740894835000,Ambience Noise:[Speech]
pilot9,1740895146000,"Ambience Noise:[Speech, Chopping (food)]"
pilot9,1740909914000,Ambience Noise:[Silence]
pilot9,1740910233000,Ambience Noise:[Silence]
pilot9,1740910541000,Ambience Noise:[Silence]
pilot9,1740910855000,Ambience Noise:[Silence]
pilot9,1740911158000,Ambience Noise:[Silence]
pilot9,1740911493000,Ambience Noise:[Silence]
pilot9,1740911802000,Ambience Noise:[Silence]
pilot9,1740912115000,Ambience Noise:[Silence]
pilot9,1740912446000,Ambience Noise:[Silence]
pilot9,1740912783000,Ambience Noise:[Silence]
pilot9,1740913086000,Ambience Noise:[Silence]
pilot9,1740945798000,Ambience Noise:[Speech]
pilot9,1740946113000,"Ambience Noise:[Speech, Ping, Gunshot, gunfire]"
pilot9,1740946472000,Ambience Noise:[Speech]
pilot9,1740946882000,Ambience Noise:[Speech]
pilot9,1740947179000,"Ambience Noise:[Speech, Explosion]"
pilot9,1740947489000,Ambience Noise:[Speech]
pilot9,1740947819000,Ambience Noise:[Speech]
pilot9,1740948207000,"Ambience Noise:[Speech, Timpani]"
pilot9,1740948906000,"Ambience Noise:[Music, Speech]"
pilot9,1740960071000,Ambience Noise:[Speech]
pilot9,1740960396000,"Ambience Noise:[Speech, Outside, rural or natural]"
pilot9,1740960722000,"Ambience Noise:[Speech, Walk, footsteps]"
pilot9,1740961423000,"Ambience Noise:[Wind, Rustling leaves]"
pilot9,1740962159000,"Ambience Noise:[Speech, Duck, Goose]"
pilot9,1740962490000,"Ambience Noise:[Walk, footsteps]"
pilot9,1740962845000,"Ambience Noise:[Speech, Animal]"
pilot9,1740963150000,"Ambience Noise:[Animal, Speech]"
pilot9,1740963486000,"Ambience Noise:[Animal, Outside, rural or natural]"
pilot9,1740963818000,"Ambience Noise:[Vehicle, Rumble]"
pilot9,1740964130000,"Ambience Noise:[White noise, Rustling leaves]"
pilot9,1740964477000,"Ambience Noise:[Rumble, Speech]"
pilot9,1740964792000,"Ambience Noise:[Heart sounds, heartbeat]"
pilot9,1740965129000,"Ambience Noise:[Inside, small room]"
pilot10,1741608218000,"Ambience Noise:[Outside, rural or natural]"
pilot10,1741608560000,"Ambience Noise:[Speech, Inside, small room]"
pilot10,1741608877000,"Ambience Noise:[Speech, Inside, small room]"
pilot10,1741609230000,Ambience Noise:[Speech]
pilot10,1741609567000,"Ambience Noise:[Speech, Tambourine]"
pilot10,1741610260000,"Ambience Noise:[Inside, small room]"
pilot10,1741610606000,"Ambience Noise:[Speech, Animal]"
pilot10,1741610926000,"Ambience Noise:[Speech, Boat, Water vehicle]"
pilot10,1741611229000,"Ambience Noise:[Speech, Boat, Water vehicle]"
pilot10,1741611553000,"Ambience Noise:[Speech, Horse]"
pilot10,1741640597000,"Ambience Noise:[Hands, Speech]"
pilot10,1741640966000,"Ambience Noise:[Squeak, Sound effect, Fart, Speech]"
pilot10,1741641308000,"Ambience Noise:[Speech, Walk, footsteps]"
pilot10,1741615600000,Ambience Noise:[Silence]
pilot10,1741615947000,Ambience Noise:[Speech]
pilot10,1741616284000,"Ambience Noise:[Speech, Laughter]"
pilot10,1741590191000,Ambience Noise:[Silence]
pilot10,1741590533000,Ambience Noise:[Silence]
pilot10,1741590878000,Ambience Noise:[Silence]
pilot10,1741591198000,Ambience Noise:[Silence]
pilot10,1741591542000,Ambience Noise:[Silence]
pilot10,1741591910000,Ambience Noise:[Silence]
pilot10,1741592239000,Ambience Noise:[Silence]
pilot10,1741592571000,Ambience Noise:[Silence]
pilot10,1741592905000,Ambience Noise:[Silence]
pilot10,1741593216000,Ambience Noise:[Silence]
pilot10,1741593565000,Ambience Noise:[Silence]
pilot10,1741644629000,"Ambience Noise:[Domestic animals, pets]"
pilot10,1741645279000,Ambience Noise:[Speech]
pilot10,1741645588000,Ambience Noise:[Speech]
pilot10,1741645898000,Ambience Noise:[Silence]
pilot10,1741646618000,Ambience Noise:[Silence]
pilot10,1741646858000,"Ambience Noise:[Bark, Dog, Domestic animals, pets]"
pilot10,1741647172000,Ambience Noise:[Silence]
pilot10,1741662173000,Ambience Noise:[Silence]
pilot10,1741662525000,Ambience Noise:[Silence]
pilot10,1741662867000,Ambience Noise:[Silence]
pilot10,1741663191000,Ambience Noise:[Silence]
pilot10,1741663506000,Ambience Noise:[Silence]
pilot10,1741663850000,Ambience Noise:[Silence]
pilot10,1741664156000,Ambience Noise:[Silence]
pilot10,1741664478000,Ambience Noise:[Silence]
pilot10,1741664813000,Ambience Noise:[Silence]
pilot10,1741665118000,Ambience Noise:[Silence]
pilot10,1741665443000,Ambience Noise:[Silence]
pilot10,1741600856000,Ambience Noise:[Silence]
pilot10,1741601196000,Ambience Noise:[Silence]
pilot10,1741601549000,Ambience Noise:[Silence]
pilot10,1741619331000,Ambience Noise:[Speech]
pilot10,1741619977000,Ambience Noise:[Speech]
pilot10,1741600856000,Ambience Noise:[Silence]
pilot10,1741601196000,Ambience Noise:[Silence]
pilot10,1741601549000,Ambience Noise:[Silence]
pilot10,1741604591000,Ambience Noise:[Silence]
pilot10,1741604925000,Ambience Noise:[Silence]
pilot10,1741605230000,"Ambience Noise:[Inside, small room]"
pilot10,1741605561000,Ambience Noise:[Silence]
pilot10,1741605884000,Ambience Noise:[Silence]
pilot10,1741606217000,"Ambience Noise:[Speech, Inside, small room]"
pilot10,1741606541000,"Ambience Noise:[Cough, Throat clearing]"
pilot10,1741606896000,"Ambience Noise:[Music, Synthesizer, Telephone, Ringtone, Sound effect, Telephone bell ringing]"
pilot10,1741607231000,Ambience Noise:[Silence]
pilot10,1741607562000,"Ambience Noise:[Inside, small room]"
pilot10,1741607905000,"Ambience Noise:[Outside, rural or natural]"
pilot10,1741633305000,"Ambience Noise:[Walk, footsteps]"
pilot10,1741633618000,"Ambience Noise:[Wind, Wind noise (microphone)]"
pilot10,1741633959000,"Ambience Noise:[Speech, Outside, rural or natural]"
pilot10,1741634279000,"Ambience Noise:[Speech, Outside, rural or natural]"
pilot10,1741634595000,"Ambience Noise:[Outside, rural or natural]"
pilot10,1741634928000,"Ambience Noise:[Livestock, farm animals, working animals]"
pilot10,1741635266000,"Ambience Noise:[Speech, Outside, rural or natural]"
pilot10,1741635613000,"Ambience Noise:[Outside, rural or natural]"
pilot10,1741635935000,"Ambience Noise:[Outside, rural or natural]"
pilot10,1741636252000,"Ambience Noise:[Outside, rural or natural]"
pilot10,1741593923000,Ambience Noise:[Silence]
pilot10,1741594241000,Ambience Noise:[Silence]
pilot10,1741594557000,Ambience Noise:[Silence]
pilot10,1741594920000,Ambience Noise:[Silence]
pilot10,1741595226000,Ambience Noise:[Silence]
pilot10,1741595551000,Ambience Noise:[Silence]
pilot10,1741595885000,Ambience Noise:[Silence]
pilot10,1741596191000,Ambience Noise:[Silence]
pilot10,1741596513000,Ambience Noise:[Silence]
pilot10,1741596833000,Ambience Noise:[Silence]
pilot10,1741597129000,Ambience Noise:[Silence]
pilot10,1741611902000,"Ambience Noise:[Speech, Inside, small room]"
pilot10,1741612234000,"Ambience Noise:[Speech, Laughter]"
pilot10,1741612589000,"Ambience Noise:[Speech, Heart sounds, heartbeat]"
pilot10,1741612915000,"Ambience Noise:[Speech, Animal]"
pilot10,1741613267000,"Ambience Noise:[Animal, Inside, small room]"
pilot10,1741613609000,"Ambience Noise:[Speech, Animal]"
pilot10,1741593923000,Ambience Noise:[Silence]
pilot10,1741594241000,Ambience Noise:[Silence]
pilot10,1741594557000,Ambience Noise:[Silence]
pilot10,1741594920000,Ambience Noise:[Silence]
pilot10,1741595226000,Ambience Noise:[Silence]
pilot10,1741595551000,Ambience Noise:[Silence]
pilot10,1741595885000,Ambience Noise:[Silence]
pilot10,1741596191000,Ambience Noise:[Silence]
pilot10,1741596513000,Ambience Noise:[Silence]
pilot10,1741596833000,Ambience Noise:[Silence]
pilot10,1741597129000,Ambience Noise:[Silence]
pilot10,1741627560000,Ambience Noise:[Silence]
pilot10,1741627920000,Ambience Noise:[Speech]
pilot10,1741628253000,"Ambience Noise:[Speech, Inside, small room]"
pilot10,1741628593000,Ambience Noise:[Speech]
pilot10,1741628930000,"Ambience Noise:[Bird, Animal, Wild animals]"
pilot10,1741629296000,"Ambience Noise:[Speech, Inside, small room]"
pilot10,1741583122000,Ambience Noise:[Silence]
pilot10,1741583463000,Ambience Noise:[Silence]
pilot10,1741583783000,Ambience Noise:[Silence]
pilot10,1741584133000,Ambience Noise:[Silence]
pilot10,1741584474000,Ambience Noise:[Silence]
pilot10,1741584847000,Ambience Noise:[Silence]
pilot10,1741585150000,Ambience Noise:[Silence]
pilot10,1741585523000,Ambience Noise:[Silence]
pilot10,1741585860000,Ambience Noise:[Silence]
pilot10,1741586218000,Ambience Noise:[Silence]
pilot10,1741586574000,Ambience Noise:[Silence]
pilot10,1741586912000,Ambience Noise:[Silence]
pilot10,1741587245000,Ambience Noise:[Silence]
pilot10,1741587573000,Ambience Noise:[Silence]
pilot10,1741587903000,Ambience Noise:[Silence]
pilot10,1741588268000,Ambience Noise:[Silence]
pilot10,1741588591000,Ambience Noise:[Silence]
pilot10,1741588917000,Ambience Noise:[Silence]
pilot10,1741589217000,Ambience Noise:[Silence]
pilot10,1741589555000,Ambience Noise:[Silence]
pilot10,1741589873000,Ambience Noise:[Silence]
pilot10,1741619331000,Ambience Noise:[Speech]
pilot10,1741619977000,Ambience Noise:[Speech]
pilot10,1741636924000,"Ambience Noise:[Speech, Animal]"
pilot10,1741637579000,"Ambience Noise:[Boat, Water vehicle]"
pilot10,1741637934000,"Ambience Noise:[Music, Speech]"
pilot10,1741638251000,"Ambience Noise:[Speech, Horse]"
pilot10,1741638578000,"Ambience Noise:[Speech, Inside, small room]"
pilot10,1741638918000,"Ambience Noise:[Speech, Sneeze]"
pilot10,1741639266000,"Ambience Noise:[Animal, Outside, rural or natural]"
pilot10,1741639632000,"Ambience Noise:[Speech, Walk, footsteps]"
pilot10,1741639969000,"Ambience Noise:[Telephone, Ringtone]"
pilot10,1741640312000,"Ambience Noise:[Cacophony, Sound effect, Static, Pulse, White noise, Music, Whoosh, swoosh, swish, Synthesizer]"
pilot10,1741615600000,Ambience Noise:[Silence]
pilot10,1741615947000,Ambience Noise:[Speech]
pilot10,1741616284000,"Ambience Noise:[Speech, Laughter]"
pilot10,1741608218000,"Ambience Noise:[Outside, rural or natural]"
pilot10,1741608560000,"Ambience Noise:[Speech, Inside, small room]"
pilot10,1741608877000,"Ambience Noise:[Speech, Inside, small room]"
pilot10,1741609230000,Ambience Noise:[Speech]
pilot10,1741609567000,"Ambience Noise:[Speech, Tambourine]"
pilot10,1741610260000,"Ambience Noise:[Inside, small room]"
pilot10,1741610606000,"Ambience Noise:[Speech, Animal]"
pilot10,1741610926000,"Ambience Noise:[Speech, Boat, Water vehicle]"
pilot10,1741611229000,"Ambience Noise:[Speech, Boat, Water vehicle]"
pilot10,1741611553000,"Ambience Noise:[Speech, Horse]"
pilot10,1741604591000,Ambience Noise:[Silence]
pilot10,1741604925000,Ambience Noise:[Silence]
pilot10,1741605230000,"Ambience Noise:[Inside, small room]"
pilot10,1741605561000,Ambience Noise:[Silence]
pilot10,1741605884000,Ambience Noise:[Silence]
pilot10,1741606217000,"Ambience Noise:[Speech, Inside, small room]"
pilot10,1741606541000,"Ambience Noise:[Cough, Throat clearing]"
pilot10,1741606896000,"Ambience Noise:[Music, Synthesizer, Telephone, Ringtone, Sound effect, Telephone bell ringing]"
pilot10,1741607231000,Ambience Noise:[Silence]
pilot10,1741607562000,"Ambience Noise:[Inside, small room]"
pilot10,1741607905000,"Ambience Noise:[Outside, rural or natural]"
pilot10,1741629626000,Ambience Noise:[Speech]
pilot10,1741629935000,Ambience Noise:[Speech]
pilot10,1741630271000,"Ambience Noise:[Speech, Hands]"
pilot10,1741630581000,Ambience Noise:[Speech]
pilot10,1741630931000,Ambience Noise:[Silence]
pilot10,1741631264000,Ambience Noise:[Speech]
pilot10,1741631617000,Ambience Noise:[Speech]
pilot10,1741631979000,"Ambience Noise:[Speech, Inside, small room]"
pilot10,1741632297000,"Ambience Noise:[Inside, small room]"
pilot10,1741632649000,"Ambience Noise:[Inside, small room]"
pilot10,1741632995000,"Ambience Noise:[Walk, footsteps]"
pilot10,1741586574000,Ambience Noise:[Silence]
pilot10,1741586912000,Ambience Noise:[Silence]
pilot10,1741587245000,Ambience Noise:[Silence]
pilot10,1741587573000,Ambience Noise:[Silence]
pilot10,1741587903000,Ambience Noise:[Silence]
pilot10,1741588268000,Ambience Noise:[Silence]
pilot10,1741588591000,Ambience Noise:[Silence]
pilot10,1741588917000,Ambience Noise:[Silence]
pilot10,1741589217000,Ambience Noise:[Silence]
pilot10,1741589555000,Ambience Noise:[Silence]
pilot10,1741589873000,Ambience Noise:[Silence]
pilot10,1741590191000,Ambience Noise:[Silence]
pilot10,1741590533000,Ambience Noise:[Silence]
pilot10,1741590878000,Ambience Noise:[Silence]
pilot10,1741591198000,Ambience Noise:[Silence]
pilot10,1741591542000,Ambience Noise:[Silence]
pilot10,1741591910000,Ambience Noise:[Silence]
pilot10,1741592239000,Ambience Noise:[Silence]
pilot10,1741592571000,Ambience Noise:[Silence]
pilot10,1741592905000,Ambience Noise:[Silence]
pilot10,1741593216000,Ambience Noise:[Silence]
pilot10,1741593565000,Ambience Noise:[Silence]
pilot10,1741597461000,Ambience Noise:[Silence]
pilot10,1741597795000,Ambience Noise:[Silence]
pilot10,1741598123000,Ambience Noise:[Silence]
pilot10,1741598440000,Ambience Noise:[Silence]
pilot10,1741598762000,Ambience Noise:[Silence]
pilot10,1741599120000,Ambience Noise:[Silence]
pilot10,1741599488000,Ambience Noise:[Silence]
pilot10,1741599829000,Ambience Noise:[Silence]
pilot10,1741600152000,Ambience Noise:[Silence]
pilot10,1741600492000,Ambience Noise:[Silence]
pilot10,1741658475000,Ambience Noise:[Silence]
pilot10,1741658781000,Ambience Noise:[Silence]
pilot10,1741659099000,Ambience Noise:[Silence]
pilot10,1741659450000,Ambience Noise:[Silence]
pilot10,1741659773000,Ambience Noise:[Silence]
pilot10,1741660141000,Ambience Noise:[Silence]
pilot10,1741660450000,Ambience Noise:[Silence]
pilot10,1741660809000,Ambience Noise:[Silence]
pilot10,1741661136000,Ambience Noise:[Silence]
pilot10,1741661478000,Ambience Noise:[Silence]
pilot10,1741661821000,Ambience Noise:[Silence]
pilot10,1741579377000,Ambience Noise:[Silence]
pilot10,1741579737000,Ambience Noise:[Silence]
pilot10,1741580058000,Ambience Noise:[Silence]
pilot10,1741580385000,Ambience Noise:[Silence]
pilot10,1741580712000,Ambience Noise:[Silence]
pilot10,1741581037000,Ambience Noise:[Silence]
pilot10,1741581414000,Ambience Noise:[Silence]
pilot10,1741581752000,Ambience Noise:[Silence]
pilot10,1741582072000,Ambience Noise:[Silence]
pilot10,1741582397000,Ambience Noise:[Silence]
pilot10,1741582768000,Ambience Noise:[Silence]
pilot10,1741647846000,Ambience Noise:[Silence]
pilot10,1741648207000,Ambience Noise:[Silence]
pilot10,1741648541000,Ambience Noise:[Speech]
pilot10,1741648867000,"Ambience Noise:[Speech, Inside, small room]"
pilot10,1741649201000,"Ambience Noise:[Inside, small room]"
pilot10,1741649561000,"Ambience Noise:[Speech, Laughter]"
pilot10,1741649882000,"Ambience Noise:[Speech, Animal]"
pilot10,1741650188000,"Ambience Noise:[Animal, Inside, small room]"
pilot10,1741650531000,"Ambience Noise:[Inside, small room]"
pilot10,1741650883000,"Ambience Noise:[Speech, Outside, rural or natural]"
pilot10,1741611902000,"Ambience Noise:[Speech, Inside, small room]"
pilot10,1741612234000,"Ambience Noise:[Speech, Laughter]"
pilot10,1741612589000,"Ambience Noise:[Speech, Heart sounds, heartbeat]"
pilot10,1741612915000,"Ambience Noise:[Speech, Animal]"
pilot10,1741613267000,"Ambience Noise:[Animal, Inside, small room]"
pilot10,1741613609000,"Ambience Noise:[Speech, Animal]"
pilot10,1741654980000,"Ambience Noise:[Inside, small room]"
pilot10,1741655332000,"Ambience Noise:[Speech, Wild animals]"
pilot10,1741656018000,Ambience Noise:[Silence]
pilot10,1741656335000,Ambience Noise:[Silence]
pilot10,1741656693000,Ambience Noise:[Silence]
pilot10,1741657025000,"Ambience Noise:[Animal, Inside, small room]"
pilot10,1741657353000,"Ambience Noise:[Inside, small room]"
pilot10,1741657692000,"Ambience Noise:[New-age music, Outside, rural or natural, Patter, Electric shaver, electric razor, Dental drill, dentist's drill, Flap, Clip-clop, Pop music, Roaring cats (lions, tigers), Classical music, Chopping (food), Plop, Sine wave, Electronica, Hair dryer, Coo, Music, Busy signal, Throbbing, Independent music, Babbling, Tick-tock, Ukulele, Chuckle, chortle, Exciting music, Keyboard (musical), Angry music, Gears, Crying, sobbing, Synthesizer]"
pilot10,1741658051000,"Ambience Noise:[Music, Cacophony, Sound effect, Static, Pulse, White noise, Synthesizer, Sampler]"
pilot10,1741597461000,Ambience Noise:[Silence]
pilot10,1741597795000,Ambience Noise:[Silence]
pilot10,1741598123000,Ambience Noise:[Silence]
pilot10,1741598440000,Ambience Noise:[Silence]
pilot10,1741598762000,Ambience Noise:[Silence]
pilot10,1741599120000,Ambience Noise:[Silence]
pilot10,1741599488000,Ambience Noise:[Silence]
pilot10,1741599829000,Ambience Noise:[Silence]
pilot10,1741600152000,Ambience Noise:[Silence]
pilot10,1741600492000,Ambience Noise:[Silence]
pilot10,1741583122000,Ambience Noise:[Silence]
pilot10,1741583463000,Ambience Noise:[Silence]
pilot10,1741583783000,Ambience Noise:[Silence]
pilot10,1741584133000,Ambience Noise:[Silence]
pilot10,1741584474000,Ambience Noise:[Silence]
pilot10,1741584847000,Ambience Noise:[Silence]
pilot10,1741585150000,Ambience Noise:[Silence]
pilot10,1741585523000,Ambience Noise:[Silence]
pilot10,1741585860000,Ambience Noise:[Silence]
pilot10,1741586218000,Ambience Noise:[Silence]
pilot10,1741651217000,"Ambience Noise:[Inside, small room]"
pilot10,1741651570000,"Ambience Noise:[Inside, small room]"
pilot10,1741652255000,"Ambience Noise:[Inside, small room]"
pilot10,1741652595000,"Ambience Noise:[Toilet flush, Roaring cats (lions, tigers)]"
pilot10,1741652939000,"Ambience Noise:[Wild animals, Bird]"
pilot10,1741653270000,"Ambience Noise:[Animal, Wild animals]"
pilot10,1741653628000,"Ambience Noise:[Inside, small room]"
pilot10,1741653967000,"Ambience Noise:[Animal, Bird, Wild animals]"
pilot10,1741654285000,"Ambience Noise:[Inside, small room]"
pilot10,1741654626000,"Ambience Noise:[Snake, Clarinet, Music, Synthesizer, Keyboard (musical)]"
pilot11,1740989156000,Ambience Noise:[Silence]
pilot11,1740989489000,Ambience Noise:[Silence]
pilot11,1740989813000,Ambience Noise:[Silence]
pilot11,1740990148000,Ambience Noise:[Silence]
pilot11,1740990494000,Ambience Noise:[Silence]
pilot11,1740990816000,Ambience Noise:[Silence]
pilot11,1740991179000,Ambience Noise:[Silence]
pilot11,1740991511000,Ambience Noise:[Silence]
pilot11,1740991845000,Ambience Noise:[Silence]
pilot11,1740992191000,Ambience Noise:[Silence]
pilot11,1741035866000,Ambience Noise:[Speech]
pilot11,1741036169000,"Ambience Noise:[Music, Speech]"
pilot11,1741036499000,"Ambience Noise:[Speech, Inside, small room]"
pilot11,1741036863000,"Ambience Noise:[Speech, Child speech, kid speaking]"
pilot11,1741037211000,"Ambience Noise:[Animal, Fly, housefly]"
pilot11,1741037524000,"Ambience Noise:[Walk, footsteps]"
pilot11,1741037838000,Ambience Noise:[Speech]
pilot11,1741038145000,"Ambience Noise:[Speech, Chicken, rooster]"
pilot11,1741038480000,Ambience Noise:[Speech]
pilot11,1741038785000,"Ambience Noise:[Tambourine, Music]"
pilot11,1741039094000,"Ambience Noise:[Speech, Music]"
pilot11,1740992499000,Ambience Noise:[Silence]
pilot11,1740992844000,Ambience Noise:[Silence]
pilot11,1740993211000,Ambience Noise:[Silence]
pilot11,1740993552000,Ambience Noise:[Silence]
pilot11,1740993898000,Ambience Noise:[Silence]
pilot11,1740994248000,Ambience Noise:[Silence]
pilot11,1740994603000,Ambience Noise:[Silence]
pilot11,1740994970000,Ambience Noise:[Silence]
pilot11,1740995319000,Ambience Noise:[Silence]
pilot11,1740995696000,Ambience Noise:[Silence]
pilot11,1741017624000,"Ambience Noise:[Inside, small room]"
pilot11,1741017956000,"Ambience Noise:[Inside, small room]"
pilot11,1741018265000,"Ambience Noise:[Spray, Liquid, Inside, small room]"
pilot11,1741018594000,"Ambience Noise:[Inside, small room]"
pilot11,1741018934000,Ambience Noise:[Chopping (food)]
pilot11,1741019250000,"Ambience Noise:[Hands, Slap, smack]"
pilot11,1741019589000,"Ambience Noise:[Inside, small room]"
pilot11,1741019945000,"Ambience Noise:[Telephone, Ringtone]"
pilot11,1741020283000,"Ambience Noise:[Livestock, farm animals, working animals]"
pilot11,1741020627000,"Ambience Noise:[Fire, Crackle, Crumpling, crinkling]"
pilot11,1741020950000,"Ambience Noise:[Speech, Sizzle]"
pilot11,1740985299000,Ambience Noise:[Silence]
pilot11,1740985649000,Ambience Noise:[Silence]
pilot11,1740986015000,Ambience Noise:[Silence]
pilot11,1740986377000,Ambience Noise:[Silence]
pilot11,1740986724000,Ambience Noise:[Silence]
pilot11,1740987060000,Ambience Noise:[Silence]
pilot11,1740987394000,Ambience Noise:[Silence]
pilot11,1740987748000,Ambience Noise:[Silence]
pilot11,1740988100000,Ambience Noise:[Silence]
pilot11,1740988459000,Ambience Noise:[Silence]
pilot11,1740988809000,Ambience Noise:[Silence]
pilot11,1741014019000,"Ambience Noise:[Hands, Slap, smack]"
pilot11,1741014352000,Ambience Noise:[Silence]
pilot11,1741014681000,"Ambience Noise:[Inside, small room]"
pilot11,1741014988000,"Ambience Noise:[Inside, small room]"
pilot11,1741015290000,"Ambience Noise:[Speech, Inside, small room]"
pilot11,1741015644000,Ambience Noise:[Speech]
pilot11,1741015962000,Ambience Noise:[Chopping (food)]
pilot11,1741016301000,Ambience Noise:[Silence]
pilot11,1741016623000,Ambience Noise:[Speech]
pilot11,1741016952000,"Ambience Noise:[Heart sounds, heartbeat]"
pilot11,1741017287000,"Ambience Noise:[Inside, small room]"
pilot11,1741021290000,"Ambience Noise:[Inside, small room]"
pilot11,1741021660000,Ambience Noise:[Silence]
pilot11,1741022342000,Ambience Noise:[Silence]
pilot11,1741022691000,Ambience Noise:[Silence]
pilot11,1741023026000,Ambience Noise:[Chopping (food)]
pilot11,1741023394000,Ambience Noise:[Silence]
pilot11,1741023746000,Ambience Noise:[Silence]
pilot11,1741024113000,Ambience Noise:[Silence]
pilot11,1741024449000,Ambience Noise:[Silence]
pilot11,1741024786000,"Ambience Noise:[Inside, small room]"
pilot11,1741007056000,Ambience Noise:[Silence]
pilot11,1741007401000,Ambience Noise:[Silence]
pilot11,1741007742000,Ambience Noise:[Silence]
pilot11,1741039453000,"Ambience Noise:[Inside, small room]"
pilot11,1741039821000,"Ambience Noise:[Music, Harpsichord]"
pilot11,1741040175000,Ambience Noise:[Speech]
pilot11,1741040511000,"Ambience Noise:[Music, Speech]"
pilot11,1741040835000,"Ambience Noise:[Speech, Chicken, rooster]"
pilot11,1741041162000,"Ambience Noise:[Speech, Cash register]"
pilot11,1741041525000,"Ambience Noise:[Speech, Inside, small room]"
pilot11,1741041892000,Ambience Noise:[Speech]
pilot11,1741042237000,"Ambience Noise:[Speech, Inside, small room]"
pilot11,1741042602000,Ambience Noise:[Speech]
pilot11,1741025103000,Ambience Noise:[Silence]
pilot11,1741025442000,"Ambience Noise:[Inside, small room]"
pilot11,1741025771000,"Ambience Noise:[Outside, rural or natural]"
pilot11,1741026115000,Ambience Noise:[Reversing beeps]
pilot11,1741026445000,Ambience Noise:[Mechanical fan]
pilot11,1741026750000,"Ambience Noise:[Fireworks, Explosion]"
pilot11,1741027060000,"Ambience Noise:[Speech, Insect]"
pilot11,1741027393000,"Ambience Noise:[Writing, Walk, footsteps]"
pilot11,1741027748000,Ambience Noise:[Speech]
pilot11,1741028090000,Ambience Noise:[Speech]
pilot11,1741053861000,Ambience Noise:[Speech]
pilot11,1741054199000,Ambience Noise:[Speech]
pilot11,1741054531000,Ambience Noise:[Speech]
pilot11,1741054843000,Ambience Noise:[Speech]
pilot11,1741055517000,"Ambience Noise:[Inside, small room]"
pilot11,1741055837000,"Ambience Noise:[Speech, Inside, small room]"
pilot11,1741056172000,"Ambience Noise:[Inside, small room]"
pilot11,1741056532000,"Ambience Noise:[Inside, small room]"
pilot11,1741056847000,Ambience Noise:[Chopping (food)]
pilot11,1741057176000,"Ambience Noise:[Speech, Chicken, rooster]"
pilot11,1740999833000,Ambience Noise:[Silence]
pilot11,1741000195000,Ambience Noise:[Silence]
pilot11,1741000535000,Ambience Noise:[Silence]
pilot11,1741000837000,Ambience Noise:[Silence]
pilot11,1741001181000,Ambience Noise:[Silence]
pilot11,1741001510000,Ambience Noise:[Silence]
pilot11,1741001858000,Ambience Noise:[Silence]
pilot11,1741002221000,Ambience Noise:[Silence]
pilot11,1741002546000,Ambience Noise:[Silence]
pilot11,1741002890000,Ambience Noise:[Silence]
pilot11,1741032155000,"Ambience Noise:[Speech, Laughter]"
pilot11,1741032474000,Ambience Noise:[Music]
pilot11,1741032782000,"Ambience Noise:[Speech, Hands]"
pilot11,1741033122000,"Ambience Noise:[Speech, Laughter]"
pilot11,1741033449000,"Ambience Noise:[Inside, small room]"
pilot11,1741033808000,"Ambience Noise:[Speech, Child speech, kid speaking]"
pilot11,1741034161000,"Ambience Noise:[Speech, Inside, small room]"
pilot11,1741034837000,"Ambience Noise:[Speech, Singing]"
pilot11,1741035200000,"Ambience Noise:[Outside, rural or natural]"
pilot11,1741035548000,"Ambience Noise:[Speech, Hands]"
pilot11,1740981830000,Ambience Noise:[Silence]
pilot11,1740982155000,Ambience Noise:[Silence]
pilot11,1740982513000,Ambience Noise:[Silence]
pilot11,1740982852000,Ambience Noise:[Silence]
pilot11,1740983202000,Ambience Noise:[Silence]
pilot11,1740983554000,Ambience Noise:[Silence]
pilot11,1740983907000,Ambience Noise:[Silence]
pilot11,1740984257000,Ambience Noise:[Silence]
pilot11,1740984605000,Ambience Noise:[Silence]
pilot11,1740984963000,Ambience Noise:[Silence]
pilot11,1741060839000,Ambience Noise:[Speech]
pilot11,1741061185000,Ambience Noise:[Silence]
pilot11,1741061534000,Ambience Noise:[Silence]
pilot11,1741061881000,Ambience Noise:[Silence]
pilot11,1741062189000,Ambience Noise:[Silence]
pilot11,1741062542000,Ambience Noise:[Silence]
pilot11,1741062862000,Ambience Noise:[Silence]
pilot11,1741063231000,Ambience Noise:[Silence]
pilot11,1741063576000,Ambience Noise:[Silence]
pilot11,1741063908000,"Ambience Noise:[Inside, small room]"
pilot11,1741064253000,Ambience Noise:[Silence]
pilot11,1741028442000,Ambience Noise:[Speech]
pilot11,1741028773000,Ambience Noise:[Speech]
pilot11,1741029094000,Ambience Noise:[Speech]
pilot11,1741029430000,"Ambience Noise:[Inside, small room]"
pilot11,1741029792000,Ambience Noise:[Speech]
pilot11,1741030460000,"Ambience Noise:[Speech, Hands]"
pilot11,1741031194000,"Ambience Noise:[Speech, Singing]"
pilot11,1741031497000,Ambience Noise:[Speech]
pilot11,1741031799000,Ambience Noise:[Speech]
pilot11,1741003252000,Ambience Noise:[Silence]
pilot11,1741003593000,Ambience Noise:[Silence]
pilot11,1741003950000,Ambience Noise:[Silence]
pilot11,1741004306000,Ambience Noise:[Silence]
pilot11,1741004665000,Ambience Noise:[Silence]
pilot11,1741005015000,Ambience Noise:[Silence]
pilot11,1741005370000,Ambience Noise:[Silence]
pilot11,1741005714000,Ambience Noise:[Silence]
pilot11,1741006059000,Ambience Noise:[Silence]
pilot11,1741006387000,Ambience Noise:[Silence]
pilot11,1741006688000,Ambience Noise:[Silence]
pilot11,1741010782000,Ambience Noise:[Silence]
pilot11,1741011427000,Ambience Noise:[Silence]
pilot11,1741011765000,Ambience Noise:[Silence]
pilot11,1741012088000,"Ambience Noise:[Inside, small room]"
pilot11,1741012421000,"Ambience Noise:[Inside, small room]"
pilot11,1741012762000,"Ambience Noise:[Inside, small room]"
pilot11,1741013412000,"Ambience Noise:[Hands, Inside, small room]"
pilot11,1741042928000,Ambience Noise:[Speech]
pilot11,1741043239000,Ambience Noise:[Silence]
pilot11,1741043569000,Ambience Noise:[Speech]
pilot11,1741043893000,"Ambience Noise:[Animal, Walk, footsteps]"
pilot11,1741044221000,"Ambience Noise:[Inside, small room]"
pilot11,1741044559000,"Ambience Noise:[Walk, footsteps]"
pilot11,1741044897000,"Ambience Noise:[Walk, footsteps]"
pilot11,1741045580000,Ambience Noise:[Silence]
pilot11,1741046210000,Ambience Noise:[Silence]
pilot11,1741057503000,Ambience Noise:[Silence]
pilot11,1741057847000,"Ambience Noise:[Speech, Breathing]"
pilot11,1741060155000,Ambience Noise:[Silence]
pilot11,1741060473000,Ambience Noise:[Silence]
pilot11,1740978177000,"Ambience Noise:[Speech, Animal]"
pilot11,1740978497000,Ambience Noise:[Speech]
pilot11,1740978823000,"Ambience Noise:[Speech, Throbbing]"
pilot11,1740979171000,Ambience Noise:[Speech]
pilot11,1740979488000,"Ambience Noise:[Heart sounds, heartbeat]"
pilot11,1740979854000,"Ambience Noise:[Hands, Slap, smack]"
pilot11,1740980165000,Ambience Noise:[Chopping (food)]
pilot11,1740980470000,"Ambience Noise:[Inside, small room]"
pilot11,1740980811000,Ambience Noise:[Chopping (food)]
pilot11,1740981153000,"Ambience Noise:[Cat, Animal, Purr]"
pilot11,1740981468000,Ambience Noise:[Speech]
pilot11,1740996054000,Ambience Noise:[Silence]
pilot11,1740996393000,Ambience Noise:[Silence]
pilot11,1740996746000,Ambience Noise:[Silence]
pilot11,1740997092000,Ambience Noise:[Silence]
pilot11,1740997451000,Ambience Noise:[Silence]
pilot11,1740997816000,Ambience Noise:[Silence]
pilot11,1740998150000,Ambience Noise:[Silence]
pilot11,1740998486000,Ambience Noise:[Silence]
pilot11,1740998834000,Ambience Noise:[Silence]
pilot11,1740999173000,Ambience Noise:[Silence]
pilot11,1740999530000,Ambience Noise:[Silence]
pilot11,1741046850000,"Ambience Noise:[Speech, Humming]"
pilot11,1741047153000,Ambience Noise:[Speech]
pilot11,1741047489000,Ambience Noise:[Speech]
pilot11,1741047814000,Ambience Noise:[Speech]
pilot11,1741048145000,Ambience Noise:[Speech]
pilot11,1741048486000,Ambience Noise:[Speech]
pilot11,1741048823000,"Ambience Noise:[Speech, Whispering]"
pilot11,1741049173000,Ambience Noise:[Speech]
pilot11,1741049501000,Ambience Noise:[Silence]
pilot11,1741049842000,"Ambience Noise:[Speech, Groan]"
pilot11,1741050191000,Ambience Noise:[Speech]
pilot11,1741050494000,Ambience Noise:[Speech]
pilot11,1741051226000,Ambience Noise:[Speech]
pilot11,1741051562000,Ambience Noise:[Speech]
pilot11,1741051873000,Ambience Noise:[Speech]
pilot11,1741052184000,Ambience Noise:[Speech]
pilot11,1741052556000,Ambience Noise:[Silence]
pilot11,1741052875000,"Ambience Noise:[Speech, Chicken, rooster]"
pilot11,1741053190000,Ambience Noise:[Speech]
pilot11,1741053531000,Ambience Noise:[Speech]
